{"type":"FeatureCollection","source":"Natural Earth 10m admin-0, India point of view (public domain); simplified by backend/scripts/build_geo.py","features":[{"type":"Feature","properties":{"iso":"ID","name":"Indonesia"},"geometry":{"type":"MultiLineString","coordinates":[[[117.704,4.163],[117.907,4.157],[117.935,4.06],[117.839,4.04],[117.704,4.163]],[[124.451,-9.18],[124.604,-9.156],[124.688,-9.07],[124.92,-8.962],[124.908,-9.037],[124.933,-9.074],[125.052,-9.035],[125.087,-8.986],[125.139,-9.025],[125.162,-9.061],[125.151,-9.185],[124.958,-9.212],[124.966,-9.293],[125.023,-9.346],[125.062,-9.486],[125.002,-9.536],[124.971,-9.662],[124.418,-10.164],[124.122,-10.173],[124.034,-10.276],[123.933,-10.295],[123.799,-10.375],[123.617,-10.366],[123.536,-10.332],[123.472,-10.365],[123.515,-10.213],[123.765,-10.075],[123.684,-10.025],[123.606,-10.054],[123.577,-10.034],[123.584,-9.944],[123.66,-9.871],[123.643,-9.783],[123.689,-9.611],[124.01,-9.344],[124.121,-9.427],[124.211,-9.379],[124.258,-9.501],[124.31,-9.489],[124.348,-9.375],[124.428,-9.299],[124.451,-9.18]],[[117.567,4.16],[117.519,4.122],[117.373,4.17],[117.396,4.099],[117.466,4.08],[117.468,4.044],[117.52,4.049],[117.678,3.932],[117.688,3.909],[117.651,3.895],[117.523,3.93],[117.719,3.861],[117.783,3.779],[117.702,3.779],[117.826,3.704],[117.749,3.637],[117.629,3.632],[117.547,3.664],[117.469,3.792],[117.523,3.65],[117.51,3.607],[117.091,3.646],[117.031,3.594],[117.199,3.616],[117.243,3.491],[117.325,3.436],[117.447,3.435],[117.442,3.373],[117.37,3.305],[117.36,3.244],[117.274,3.265],[117.27,3.234],[117.353,3.183],[117.454,3.171],[117.482,3.101],[117.617,3.086],[117.629,3.042],[117.565,2.984],[117.656,2.997],[117.685,2.963],[117.544,2.922],[117.736,2.902],[117.62,2.826],[117.784,2.758],[117.826,2.607],[118.082,2.337],[118.099,2.278],[118.058,2.22],[117.955,2.182],[117.915,2.093],[117.826,2.107],[117.9,2.05],[117.75,2.031],[117.873,1.99],[117.857,1.898],[117.924,1.819],[118.046,1.783],[118.127,1.655],[118.425,1.486],[118.4,1.454],[118.449,1.436],[118.456,1.395],[118.613,1.351],[118.754,1.23],[118.785,1.182],[118.764,1.164],[118.857,1.058],[118.916,1.079],[118.985,1.058],[119.012,0.976],[118.798,0.805],[118.663,0.846],[118.565,0.804],[118.428,0.84],[118.384,0.805],[118.317,0.859],[118.097,0.909],[117.99,1.079],[117.924,1.125],[117.894,1.113],[118.025,0.873],[118.033,0.8],[117.983,0.791],[117.903,0.837],[117.811,0.812],[117.743,0.741],[117.719,0.637],[117.62,0.502],[117.627,0.434],[117.517,0.291],[117.523,0.226],[117.48,0.166],[117.517,0.14],[117.47,0.109],[117.53,-0.032],[117.435,-0.24],[117.497,-0.35],[117.441,-0.525],[117.63,-0.419],[117.632,-0.448],[117.555,-0.503],[117.599,-0.521],[117.578,-0.597],[117.53,-0.607],[117.576,-0.63],[117.551,-0.69],[117.483,-0.7],[117.614,-0.734],[117.627,-0.771],[117.538,-0.813],[117.489,-0.799],[117.447,-0.877],[117.379,-0.839],[117.339,-0.901],[117.328,-0.841],[117.282,-0.809],[117.25,-0.909],[117.039,-1.138],[117.024,-1.203],[116.958,-1.24],[116.82,-1.261],[116.831,-1.195],[116.797,-1.217],[116.746,-1.111],[116.743,-1.025],[116.715,-1.125],[116.757,-1.182],[116.736,-1.221],[116.791,-1.244],[116.762,-1.365],[116.568,-1.447],[116.539,-1.481],[116.564,-1.583],[116.54,-1.623],[116.325,-1.704],[116.222,-1.79],[116.286,-1.807],[116.425,-1.766],[116.448,-1.796],[116.414,-1.847],[116.467,-1.907],[116.458,-2.042],[116.283,-2.169],[116.371,-2.138],[116.411,-2.204],[116.518,-2.166],[116.543,-2.209],[116.599,-2.184],[116.603,-2.224],[116.518,-2.554],[116.482,-2.56],[116.445,-2.498],[116.304,-2.526],[116.324,-2.548],[116.297,-2.608],[116.366,-2.557],[116.393,-2.574],[116.365,-2.861],[116.288,-2.987],[116.229,-3.002],[116.138,-2.823],[116.106,-2.998],[116.161,-3.004],[116.265,-3.137],[116.167,-3.156],[116.168,-3.266],[116.126,-3.28],[116.172,-3.226],[116.111,-3.246],[116.023,-3.412],[115.968,-3.609],[115.858,-3.62],[115.583,-3.781],[115.06,-3.986],[114.664,-4.184],[114.607,-4.132],[114.632,-4.013],[114.611,-3.684],[114.522,-3.519],[114.55,-3.348],[114.5,-3.383],[114.477,-3.501],[114.264,-3.398],[114.365,-3.212],[114.248,-3.36],[114.187,-3.382],[114.108,-3.347],[114.118,-3.19],[114.042,-3.356],[113.815,-3.455],[113.632,-3.457],[113.642,-3.256],[113.612,-3.174],[113.486,-3.175],[113.44,-3.238],[113.366,-3.253],[113.303,-3.163],[113.351,-3.272],[113.23,-3.164],[113.202,-3.093],[113.101,-3.043],[113.035,-2.923],[113.017,-3.037],[112.941,-3.106],[113.021,-3.163],[112.638,-3.417],[112.545,-3.444],[112.349,-3.323],[112.203,-3.33],[111.905,-3.572],[111.809,-3.533],[111.843,-3.384],[111.815,-3.19],[111.833,-3.062],[111.734,-2.803],[111.754,-2.739],[111.711,-2.775],[111.713,-2.848],[111.673,-2.895],[111.703,-2.944],[111.57,-3.016],[111.534,-3.012],[111.486,-2.942],[111.324,-2.926],[110.942,-3.091],[110.754,-3.026],[110.804,-2.959],[110.966,-2.9],[110.956,-2.879],[110.794,-2.944],[110.662,-3.081],[110.631,-3.053],[110.617,-2.91],[110.549,-2.868],[110.263,-3.003],[110.205,-2.896],[110.247,-2.815],[110.212,-2.653],[110.157,-2.621],[110.199,-2.552],[110.265,-2.557],[110.281,-2.518],[110.221,-2.533],[110.16,-2.436],[110.141,-2.29],[110.097,-2.236],[110.129,-2.07],[110.093,-1.95],[109.904,-1.826],[109.911,-1.779],[109.994,-1.73],[110.034,-1.646],[110.061,-1.346],[110.03,-1.286],[109.93,-1.223],[109.935,-1.113],[109.835,-1.086],[109.74,-0.968],[109.764,-0.871],[109.724,-0.889],[109.677,-0.984],[109.605,-0.957],[109.582,-0.894],[109.526,-0.862],[109.428,-0.847],[109.419,-0.904],[109.391,-0.912],[109.273,-0.854],[109.263,-0.667],[109.469,-0.737],[109.507,-0.716],[109.355,-0.648],[109.355,-0.614],[109.424,-0.62],[109.401,-0.597],[109.262,-0.592],[109.139,-0.529],[109.101,-0.37],[109.136,-0.36],[109.101,-0.258],[109.067,-0.271],[109.046,-0.246],[109.119,-0.203],[109.225,-0.237],[109.191,-0.189],[109.157,0.02],[109.3,0.01],[109.167,0.112],[109.102,0.243],[108.921,0.34],[108.944,0.423],[108.91,0.531],[108.931,0.616],[108.855,0.832],[108.941,0.884],[108.981,0.956],[108.924,1.164],[109.143,1.251],[109.266,1.395],[109.24,1.404],[109.137,1.262],[108.986,1.216],[109.054,1.352],[109.073,1.534],[109.272,1.694],[109.348,1.81],[109.287,1.778],[109.335,1.85],[109.341,1.936],[109.579,1.998],[109.645,2.083],[109.528,1.89],[109.556,1.802],[109.642,1.781],[109.658,1.597],[109.843,1.403],[109.92,1.395],[109.964,1.299],[110.052,1.215],[110.17,1.174],[110.263,0.994],[110.364,0.981],[110.46,0.88],[110.554,0.851],[110.613,0.894],[110.661,0.872],[110.777,0.903],[110.88,1.011],[111.198,1.075],[111.374,1.008],[111.472,1.022],[111.503,0.958],[111.623,1.03],[111.763,0.993],[111.823,1.008],[111.91,1.114],[112.093,1.143],[112.187,1.38],[112.162,1.435],[112.47,1.568],[112.802,1.544],[112.855,1.583],[112.973,1.57],[113.024,1.514],[112.958,1.416],[113.089,1.431],[113.324,1.351],[113.398,1.294],[113.524,1.314],[113.625,1.228],[113.808,1.34],[113.91,1.442],[114.094,1.466],[114.173,1.421],[114.375,1.507],[114.546,1.435],[114.563,1.536],[114.669,1.694],[114.68,1.841],[114.832,1.903],[114.841,2.038],[114.781,2.036],[114.753,2.135],[114.779,2.247],[114.913,2.284],[114.922,2.354],[114.973,2.357],[115.206,2.51],[115.152,2.597],[115.056,2.609],[115.057,2.711],[115.105,2.761],[115.069,2.833],[115.242,3.042],[115.31,2.986],[115.464,3.031],[115.517,3.157],[115.483,3.206],[115.518,3.357],[115.557,3.425],[115.601,3.43],[115.544,3.629],[115.589,3.858],[115.539,3.921],[115.61,3.997],[115.647,4.169],[115.733,4.239],[115.771,4.226],[115.844,4.389],[115.977,4.329],[116.021,4.271],[116.126,4.379],[116.229,4.356],[116.311,4.383],[116.411,4.289],[116.494,4.325],[116.522,4.397],[116.59,4.331],[116.712,4.367],[116.804,4.33],[117.165,4.333],[117.203,4.356],[117.436,4.186],[117.567,4.16]],[[140.974,-2.601],[140.977,-6.335],[140.953,-6.432],[140.913,-6.439],[140.95,-6.499],[140.893,-6.565],[140.905,-6.589],[140.85,-6.624],[140.849,-6.703],[140.916,-6.863],[140.977,-6.897],[140.977,-9.106],[140.857,-9.049],[140.363,-8.491],[140.301,-8.467],[139.988,-8.192],[139.98,-8.122],[140.058,-8.082],[140.061,-7.948],[140.129,-7.936],[140.152,-7.885],[140.061,-7.924],[140.042,-8.046],[139.974,-8.097],[139.631,-8.125],[139.395,-8.201],[139.255,-8.146],[139.219,-7.98],[139.288,-7.973],[139.217,-7.951],[139.224,-8.074],[139.09,-8.134],[138.914,-8.292],[138.843,-8.117],[138.925,-8.07],[138.915,-7.903],[138.994,-7.865],[139.007,-7.754],[139.093,-7.56],[138.944,-7.497],[138.865,-7.336],[138.667,-7.198],[138.905,-7.199],[139.004,-7.24],[139.157,-7.243],[139.24,-7.151],[139.159,-7.203],[139.061,-7.212],[138.843,-7.146],[138.762,-7.114],[138.562,-6.919],[138.613,-6.877],[138.74,-6.897],[138.798,-6.856],[138.931,-6.843],[139.073,-6.949],[139.192,-6.973],[138.966,-6.836],[138.838,-6.815],[138.683,-6.715],[138.682,-6.645],[138.829,-6.706],[138.466,-6.402],[138.395,-6.253],[138.365,-6.092],[138.262,-5.915],[138.304,-5.868],[138.404,-5.836],[138.209,-5.825],[138.158,-5.774],[138.363,-5.679],[138.071,-5.729],[138.055,-5.59],[138.11,-5.534],[138.064,-5.511],[138.061,-5.404],[138.027,-5.431],[138.036,-5.475],[137.999,-5.479],[137.915,-5.387],[137.925,-5.329],[137.814,-5.358],[137.78,-5.315],[137.808,-5.253],[137.732,-5.273],[137.691,-5.211],[137.58,-5.182],[137.573,-5.121],[137.519,-5.149],[137.465,-5.096],[137.378,-5.082],[137.369,-5.026],[137.268,-5.014],[137.279,-4.937],[137.219,-5.013],[137.15,-4.945],[137.115,-4.979],[137.09,-4.96],[137.102,-4.889],[137.042,-4.943],[136.947,-4.918],[136.969,-4.87],[136.822,-4.928],[136.799,-4.88],[136.743,-4.882],[136.376,-4.684],[136.267,-4.676],[136.036,-4.586],[135.95,-4.506],[135.656,-4.486],[135.43,-4.43],[135.186,-4.449],[134.907,-4.264],[134.81,-4.254],[134.733,-4.198],[134.724,-4.143],[134.648,-4.119],[134.697,-4.053],[134.688,-3.947],[134.916,-3.979],[134.968,-3.937],[134.676,-3.908],[134.602,-4.001],[134.525,-4.026],[134.43,-3.908],[134.334,-3.869],[134.36,-3.926],[134.306,-3.945],[134.34,-3.996],[134.315,-4.02],[134.191,-3.944],[134.17,-3.888],[134.141,-3.903],[134.193,-3.836],[134.127,-3.745],[134.11,-3.818],[134.039,-3.793],[133.971,-3.85],[133.838,-3.59],[133.795,-3.632],[133.829,-3.722],[133.763,-3.66],[133.703,-3.673],[133.708,-3.61],[133.641,-3.484],[133.702,-3.404],[133.691,-3.216],[133.71,-3.232],[133.722,-3.183],[133.758,-3.19],[133.846,-3.087],[133.929,-3.115],[133.864,-3.042],[133.861,-2.923],[133.818,-2.935],[133.802,-3.018],[133.668,-3.122],[133.663,-3.362],[133.628,-3.416],[133.551,-3.432],[133.514,-3.378],[133.519,-3.431],[133.491,-3.444],[133.569,-3.482],[133.592,-3.545],[133.409,-3.722],[133.409,-3.801],[133.453,-3.865],[133.251,-4.067],[133.052,-4.061],[132.99,-4.114],[132.908,-4.088],[132.796,-3.941],[132.825,-3.916],[132.731,-3.682],[132.756,-3.628],[132.881,-3.643],[132.932,-3.554],[132.821,-3.437],[132.812,-3.282],[132.741,-3.277],[132.733,-3.331],[132.671,-3.329],[132.603,-3.242],[132.627,-3.197],[132.553,-3.107],[132.326,-2.947],[132.188,-2.917],[132.101,-2.96],[132.058,-2.917],[131.976,-2.93],[132.024,-2.855],[131.99,-2.841],[132.044,-2.803],[131.958,-2.788],[132.181,-2.725],[132.111,-2.719],[132.162,-2.683],[132.312,-2.676],[132.428,-2.697],[132.421,-2.745],[132.476,-2.731],[132.485,-2.699],[132.586,-2.717],[132.728,-2.813],[132.853,-2.717],[133.034,-2.479],[133.24,-2.417],[133.312,-2.443],[133.326,-2.505],[133.39,-2.527],[133.381,-2.676],[133.403,-2.675],[133.446,-2.495],[133.45,-2.642],[133.473,-2.522],[133.519,-2.59],[133.634,-2.539],[133.673,-2.575],[133.682,-2.717],[133.713,-2.512],[133.817,-2.649],[133.82,-2.477],[133.767,-2.472],[133.747,-2.438],[133.85,-2.424],[133.908,-2.477],[133.866,-2.411],[134.005,-2.388],[133.899,-2.378],[133.964,-2.326],[133.867,-2.341],[133.95,-2.293],[133.95,-2.204],[133.929,-2.274],[133.902,-2.259],[133.84,-2.3],[133.792,-2.26],[133.95,-2.169],[133.895,-2.163],[133.94,-2.108],[133.858,-2.107],[133.646,-2.236],[133.594,-2.238],[133.594,-2.183],[133.549,-2.245],[133.504,-2.204],[133.515,-2.226],[133.446,-2.238],[133.296,-2.204],[132.944,-2.283],[132.816,-2.245],[132.689,-2.307],[132.56,-2.186],[132.306,-2.266],[132.215,-2.166],[132.048,-2.083],[132.127,-1.998],[132.027,-2.018],[131.942,-1.895],[131.928,-1.806],[132.018,-1.721],[132.024,-1.676],[131.917,-1.707],[131.887,-1.652],[131.897,-1.601],[131.982,-1.539],[131.88,-1.574],[131.871,-1.553],[131.805,-1.608],[131.791,-1.498],[131.75,-1.574],[131.708,-1.556],[131.723,-1.518],[131.647,-1.526],[131.573,-1.48],[131.49,-1.47],[131.437,-1.502],[131.373,-1.395],[131.277,-1.374],[131.337,-1.453],[131.206,-1.524],[131.167,-1.47],[130.977,-1.453],[130.948,-1.412],[131.004,-1.372],[131.03,-1.276],[131.182,-1.217],[131.236,-1.117],[131.264,-0.929],[131.292,-0.915],[131.243,-0.819],[131.503,-0.733],[131.545,-0.737],[131.517,-0.785],[131.876,-0.69],[131.952,-0.589],[132.069,-0.532],[132.151,-0.436],[132.397,-0.353],[132.709,-0.36],[132.905,-0.453],[132.975,-0.445],[133.048,-0.508],[133.155,-0.532],[133.392,-0.723],[133.573,-0.751],[133.605,-0.726],[133.745,-0.751],[133.774,-0.717],[133.83,-0.744],[133.977,-0.723],[134.172,-0.864],[134.074,-0.895],[134.036,-0.958],[134.127,-1.148],[134.204,-1.213],[134.282,-1.35],[134.23,-1.436],[134.216,-1.56],[134.087,-1.683],[134.156,-2.039],[134.121,-2.135],[134.193,-2.379],[134.33,-2.522],[134.464,-2.862],[134.533,-2.834],[134.478,-2.635],[134.484,-2.539],[134.554,-2.491],[134.546,-2.463],[134.638,-2.511],[134.701,-2.959],[134.772,-2.978],[134.851,-2.9],[134.819,-3.136],[134.854,-3.148],[134.899,-3.263],[134.964,-3.238],[134.957,-3.28],[135.002,-3.336],[135.341,-3.39],[135.505,-3.348],[135.602,-3.204],[135.752,-3.128],[135.757,-3.056],[135.91,-2.986],[135.965,-2.776],[136.036,-2.697],[136.266,-2.56],[136.294,-2.434],[136.344,-2.368],[136.342,-2.283],[136.381,-2.234],[136.533,-2.19],[136.533,-2.226],[136.605,-2.252],[136.749,-2.252],[136.938,-2.173],[136.981,-2.127],[137.178,-2.106],[137.234,-2.061],[137.191,-2.005],[137.205,-1.95],[137.102,-1.888],[137.124,-1.797],[137.839,-1.471],[137.925,-1.484],[138.075,-1.61],[138.665,-1.789],[138.843,-1.95],[139.107,-2.013],[139.781,-2.355],[139.865,-2.372],[140.158,-2.321],[140.21,-2.402],[140.332,-2.456],[140.38,-2.441],[140.377,-2.395],[140.608,-2.439],[140.745,-2.499],[140.699,-2.608],[140.724,-2.634],[140.752,-2.601],[140.785,-2.621],[140.974,-2.601]],[[113.395,-8.447],[113.409,-8.487],[113.282,-8.488],[113.289,-8.433],[113.395,-8.447]],[[123.146,-8.426],[123.18,-8.444],[123.164,-8.474],[123.007,-8.508],[122.931,-8.604],[122.883,-8.583],[122.91,-8.515],[123.0,-8.449],[123.146,-8.426]],[[128.231,-8.251],[128.182,-8.285],[128.083,-8.255],[128.104,-8.212],[128.214,-8.199],[128.231,-8.251]],[[129.03,-8.207],[129.006,-8.264],[128.888,-8.245],[128.834,-8.2],[128.889,-8.178],[129.03,-8.207]],[[127.742,-8.159],[127.769,-8.213],[127.669,-8.241],[127.604,-8.207],[127.683,-8.155],[127.742,-8.159]],[[117.664,-8.148],[117.693,-8.184],[117.567,-8.364],[117.534,-8.385],[117.493,-8.361],[117.511,-8.296],[117.487,-8.183],[117.563,-8.145],[117.664,-8.148]],[[127.216,-8.027],[127.225,-8.109],[127.152,-8.097],[127.159,-8.035],[127.216,-8.027]],[[131.105,-7.629],[131.133,-7.623],[131.092,-7.692],[130.971,-7.701],[131.0,-7.657],[131.105,-7.629]],[[130.969,-7.535],[130.979,-7.555],[130.898,-7.554],[130.841,-7.529],[130.859,-7.487],[130.985,-7.518],[130.969,-7.535]],[[131.175,-7.404],[131.08,-7.504],[131.057,-7.508],[131.072,-7.479],[130.989,-7.473],[131.018,-7.415],[131.175,-7.404]],[[131.284,-7.33],[131.277,-7.371],[131.216,-7.357],[131.265,-7.297],[131.284,-7.33]],[[120.96,-7.282],[121.067,-7.303],[120.993,-7.334],[120.792,-7.279],[120.816,-7.258],[120.96,-7.282]],[[120.758,-7.076],[120.781,-7.056],[120.771,-7.131],[120.683,-7.124],[120.67,-7.151],[120.624,-7.094],[120.556,-7.073],[120.614,-7.07],[120.621,-6.998],[120.758,-7.076]],[[138.753,-6.778],[138.787,-6.83],[138.716,-6.865],[138.618,-6.729],[138.753,-6.778]],[[131.597,-6.679],[131.625,-6.71],[131.569,-6.733],[131.591,-6.768],[131.551,-6.802],[131.537,-6.738],[131.597,-6.679]],[[134.707,-6.589],[134.738,-6.631],[134.669,-6.773],[134.621,-6.747],[134.628,-6.709],[134.707,-6.589]],[[134.608,-6.421],[134.542,-6.529],[134.464,-6.425],[134.347,-6.36],[134.446,-6.285],[134.608,-6.421]],[[134.841,-6.288],[134.888,-6.314],[134.826,-6.473],[134.794,-6.402],[134.841,-6.288]],[[134.378,-6.254],[134.423,-6.281],[134.338,-6.332],[134.203,-6.194],[134.162,-6.197],[134.186,-6.134],[134.141,-6.158],[134.126,-6.034],[134.155,-6.007],[134.155,-6.048],[134.218,-6.024],[134.24,-6.074],[134.271,-6.062],[134.234,-6.13],[134.378,-6.254]],[[109.906,-7.838],[109.657,-7.782],[109.426,-7.774],[109.369,-7.713],[109.098,-7.687],[109.014,-7.733],[108.902,-7.69],[108.873,-7.611],[108.761,-7.693],[108.692,-7.672],[108.673,-7.721],[108.639,-7.688],[108.54,-7.692],[108.454,-7.819],[107.865,-7.745],[107.807,-7.687],[107.687,-7.662],[107.591,-7.57],[107.411,-7.496],[106.523,-7.411],[106.434,-7.362],[106.398,-7.378],[106.386,-7.231],[106.467,-7.176],[106.457,-7.145],[106.541,-7.055],[106.511,-6.964],[106.452,-6.955],[106.333,-7.001],[105.979,-6.818],[105.535,-6.872],[105.311,-6.81],[105.275,-6.849],[105.217,-6.772],[105.275,-6.762],[105.364,-6.665],[105.441,-6.794],[105.49,-6.809],[105.529,-6.723],[105.622,-6.632],[105.644,-6.482],[105.678,-6.475],[105.711,-6.535],[105.782,-6.512],[105.824,-6.435],[105.867,-6.11],[105.977,-5.983],[105.997,-5.918],[106.053,-5.881],[106.107,-5.911],[106.112,-5.975],[106.159,-6.01],[106.257,-5.942],[106.299,-5.945],[106.47,-6.034],[106.685,-6.012],[106.738,-6.084],[106.793,-6.104],[107.005,-6.072],[106.999,-6.004],[107.044,-5.914],[107.17,-5.98],[107.281,-5.955],[107.354,-5.976],[107.47,-6.145],[107.621,-6.187],[107.678,-6.238],[107.885,-6.187],[107.896,-6.231],[108.094,-6.327],[108.195,-6.287],[108.187,-6.231],[108.36,-6.246],[108.372,-6.34],[108.455,-6.442],[108.54,-6.487],[108.605,-6.762],[108.749,-6.812],[108.835,-6.788],[108.945,-6.849],[109.021,-6.789],[109.143,-6.856],[109.352,-6.876],[109.438,-6.86],[109.493,-6.802],[109.532,-6.835],[109.941,-6.923],[110.139,-6.897],[110.178,-6.856],[110.213,-6.9],[110.381,-6.976],[110.486,-6.938],[110.572,-6.836],[110.645,-6.688],[110.671,-6.5],[110.842,-6.418],[111.011,-6.421],[111.059,-6.47],[111.144,-6.692],[111.366,-6.712],[111.444,-6.689],[111.493,-6.623],[111.61,-6.665],[111.74,-6.782],[111.882,-6.809],[111.976,-6.785],[112.084,-6.906],[112.435,-6.871],[112.543,-6.918],[112.583,-6.871],[112.604,-6.905],[112.583,-6.99],[112.666,-7.055],[112.614,-7.091],[112.684,-7.175],[112.604,-7.193],[112.701,-7.255],[112.768,-7.199],[112.823,-7.263],[112.816,-7.387],[112.761,-7.449],[112.761,-7.531],[112.845,-7.593],[113.056,-7.663],[113.133,-7.728],[113.323,-7.786],[113.529,-7.7],[113.786,-7.726],[114.046,-7.612],[114.14,-7.701],[114.259,-7.7],[114.389,-7.758],[114.467,-7.831],[114.359,-8.409],[114.377,-8.519],[114.401,-8.517],[114.406,-8.447],[114.445,-8.603],[114.589,-8.664],[114.625,-8.741],[114.555,-8.778],[114.367,-8.741],[114.385,-8.665],[114.303,-8.612],[114.197,-8.646],[114.175,-8.62],[113.98,-8.62],[113.964,-8.562],[113.823,-8.556],[113.806,-8.501],[113.724,-8.528],[113.707,-8.492],[113.527,-8.429],[113.467,-8.378],[113.414,-8.39],[113.323,-8.309],[113.241,-8.281],[113.027,-8.303],[112.903,-8.404],[112.834,-8.376],[112.673,-8.447],[112.377,-8.371],[112.342,-8.333],[112.244,-8.342],[111.971,-8.278],[111.919,-8.303],[111.792,-8.257],[111.77,-8.317],[111.717,-8.293],[111.696,-8.371],[111.631,-8.324],[111.449,-8.313],[111.425,-8.269],[111.276,-8.248],[111.162,-8.282],[111.103,-8.207],[111.067,-8.253],[111.017,-8.255],[110.477,-8.112],[109.906,-7.838]],[[124.065,-5.962],[124.071,-6.011],[124.041,-6.021],[124.03,-5.976],[123.969,-5.935],[123.979,-5.87],[124.065,-5.962]],[[132.797,-5.609],[132.805,-5.685],[132.785,-5.658],[132.764,-5.679],[132.743,-5.63],[132.785,-5.527],[132.785,-5.561],[132.811,-5.556],[132.797,-5.609]],[[132.319,-5.514],[132.381,-5.534],[132.371,-5.554],[132.334,-5.573],[132.319,-5.514]],[[123.777,-5.514],[123.808,-5.545],[123.815,-5.596],[123.793,-5.589],[123.691,-5.473],[123.777,-5.514]],[[123.54,-5.246],[123.624,-5.267],[123.634,-5.367],[123.559,-5.351],[123.523,-5.277],[123.54,-5.246]],[[129.927,-4.53],[129.948,-4.514],[129.933,-4.563],[129.859,-4.555],[129.927,-4.53]],[[127.235,-3.821],[127.241,-3.911],[127.145,-3.885],[127.165,-3.814],[127.235,-3.821]],[[122.321,-3.512],[122.355,-3.557],[122.293,-3.581],[122.321,-3.512]],[[132.703,-3.453],[132.703,-3.519],[132.62,-3.424],[132.667,-3.41],[132.703,-3.453]],[[122.44,-3.419],[122.465,-3.441],[122.434,-3.485],[122.402,-3.421],[122.418,-3.385],[122.44,-3.419]],[[127.615,-3.307],[127.642,-3.34],[127.625,-3.362],[127.48,-3.293],[127.564,-3.256],[127.615,-3.307]],[[127.772,-3.163],[127.796,-3.212],[127.778,-3.244],[127.679,-3.252],[127.643,-3.224],[127.706,-3.156],[127.772,-3.163]],[[127.954,-2.917],[127.994,-2.939],[127.947,-3.018],[127.827,-3.029],[127.954,-2.917]],[[123.877,-2.018],[123.887,-2.074],[123.839,-2.049],[123.877,-2.018]],[[124.349,-1.96],[124.37,-2.039],[124.301,-1.987],[124.349,-1.96]],[[123.738,-1.908],[123.746,-1.936],[123.712,-1.957],[123.713,-1.912],[123.738,-1.908]],[[127.371,-1.367],[127.379,-1.405],[127.284,-1.425],[127.33,-1.354],[127.371,-1.367]],[[109.17,-1.258],[109.144,-1.311],[109.101,-1.301],[109.17,-1.258]],[[109.255,-1.169],[109.26,-1.202],[109.223,-1.227],[109.255,-1.169]],[[104.48,-0.271],[104.493,-0.309],[104.407,-0.312],[104.405,-0.283],[104.48,-0.271]],[[103.08,0.624],[103.071,0.577],[103.037,0.658],[103.08,0.624]],[[103.506,0.702],[103.518,0.668],[103.472,0.623],[103.506,0.702]],[[103.113,0.793],[103.092,0.722],[103.077,0.761],[103.113,0.793]],[[104.565,0.798],[104.622,0.787],[104.614,0.766],[104.511,0.75],[104.523,0.788],[104.565,0.798]],[[103.462,0.919],[103.469,0.87],[103.407,0.911],[103.462,0.919]],[[120.649,1.072],[120.683,1.045],[120.608,1.072],[120.649,1.072]],[[120.378,1.08],[120.407,1.061],[120.378,1.024],[120.378,1.08]],[[119.847,-0.875],[119.854,-0.716],[119.758,-0.47],[119.8,-0.124],[119.675,-0.099],[119.634,0.01],[119.668,-0.004],[119.675,0.03],[119.778,-0.076],[119.833,-0.084],[119.888,0.071],[119.785,0.239],[119.869,0.287],[119.859,0.364],[119.912,0.474],[120.032,0.516],[120.046,0.734],[120.227,0.815],[120.278,0.994],[120.342,0.983],[120.346,0.856],[120.568,0.782],[120.662,0.969],[120.69,0.996],[120.734,0.98],[120.802,1.053],[120.834,1.326],[120.909,1.354],[120.909,1.311],[120.967,1.346],[121.08,1.332],[121.265,1.23],[121.451,1.298],[121.472,1.257],[121.43,1.233],[121.45,1.167],[121.547,1.072],[121.926,1.099],[121.99,1.022],[122.064,1.065],[122.235,1.01],[122.454,1.021],[122.645,0.959],[122.849,0.818],[122.918,0.86],[122.968,0.963],[123.176,0.923],[123.187,0.974],[123.255,0.961],[123.294,0.914],[123.383,0.928],[123.563,0.867],[123.612,0.886],[123.929,0.832],[124.008,0.898],[124.29,1.017],[124.389,1.186],[124.548,1.216],[124.594,1.196],[124.616,1.257],[124.534,1.289],[124.548,1.36],[124.62,1.417],[124.717,1.406],[124.836,1.469],[124.826,1.573],[124.969,1.674],[124.984,1.732],[125.025,1.744],[125.062,1.675],[125.175,1.678],[125.168,1.585],[125.249,1.485],[125.115,1.385],[125.034,1.175],[124.899,0.973],[124.664,0.806],[124.573,0.649],[124.583,0.595],[124.503,0.534],[124.514,0.503],[124.466,0.449],[124.322,0.399],[124.109,0.387],[124.069,0.352],[123.725,0.309],[123.626,0.267],[123.571,0.304],[123.239,0.325],[123.074,0.516],[122.978,0.483],[122.694,0.483],[122.65,0.524],[122.639,0.475],[122.566,0.497],[122.038,0.482],[121.985,0.448],[121.8,0.426],[121.716,0.515],[121.636,0.516],[121.602,0.552],[121.528,0.537],[121.495,0.483],[121.33,0.462],[121.261,0.482],[121.164,0.457],[121.108,0.407],[121.005,0.449],[120.876,0.425],[120.68,0.531],[120.503,0.529],[120.315,0.423],[120.133,0.191],[119.996,-0.209],[120.073,-0.614],[120.256,-0.899],[120.326,-0.939],[120.412,-0.905],[120.447,-0.96],[120.5,-0.975],[120.587,-1.117],[120.565,-1.216],[120.676,-1.395],[120.83,-1.34],[120.844,-1.39],[121.105,-1.406],[121.167,-1.323],[121.207,-1.191],[121.501,-0.859],[121.578,-0.847],[121.62,-0.8],[121.66,-0.813],[121.663,-0.888],[121.714,-0.935],[121.926,-0.955],[122.019,-0.917],[122.105,-0.926],[122.156,-0.799],[122.208,-0.765],[122.622,-0.751],[122.716,-0.792],[122.929,-0.759],[122.96,-0.731],[122.766,-0.683],[122.735,-0.648],[122.823,-0.612],[123.013,-0.604],[123.076,-0.556],[123.24,-0.57],[123.403,-0.643],[123.454,-0.758],[123.383,-1.004],[123.311,-1.051],[123.239,-1.025],[123.15,-0.935],[123.151,-0.873],[123.096,-0.835],[123.009,-0.894],[122.839,-0.899],[122.721,-1.109],[122.662,-1.143],[122.638,-1.206],[122.369,-1.493],[122.184,-1.614],[122.143,-1.594],[121.861,-1.67],[121.799,-1.718],[121.692,-1.908],[121.553,-1.929],[121.457,-1.861],[121.441,-1.814],[121.347,-1.779],[121.296,-1.817],[121.346,-1.856],[121.341,-1.991],[121.402,-1.909],[121.436,-1.98],[121.535,-2.059],[121.575,-2.163],[121.701,-2.18],[121.823,-2.287],[122.009,-2.594],[122.016,-2.694],[122.177,-2.807],[122.193,-2.866],[122.287,-2.889],[122.313,-2.927],[122.28,-3.04],[122.386,-3.132],[122.43,-3.115],[122.473,-3.151],[122.433,-3.243],[122.358,-3.218],[122.296,-3.313],[122.373,-3.372],[122.378,-3.439],[122.325,-3.375],[122.28,-3.356],[122.252,-3.376],[122.291,-3.471],[122.198,-3.572],[122.236,-3.643],[122.335,-3.718],[122.441,-3.731],[122.53,-3.865],[122.663,-3.897],[122.624,-3.952],[122.551,-3.971],[122.656,-4.007],[122.688,-4.138],[122.711,-4.115],[122.842,-4.129],[122.775,-4.048],[122.845,-4.058],[122.873,-4.093],[122.907,-4.196],[122.905,-4.37],[122.842,-4.438],[122.67,-4.315],[122.77,-4.417],[122.758,-4.485],[122.711,-4.452],[122.682,-4.48],[122.67,-4.432],[122.599,-4.397],[122.233,-4.468],[122.108,-4.52],[122.048,-4.626],[122.043,-4.708],[122.129,-4.8],[122.091,-4.837],[121.992,-4.856],[121.823,-4.813],[121.704,-4.835],[121.554,-4.744],[121.478,-4.623],[121.533,-4.238],[121.585,-4.237],[121.628,-4.087],[121.555,-4.021],[121.354,-3.968],[121.296,-3.887],[121.256,-3.903],[121.255,-3.816],[121.16,-3.796],[120.875,-3.499],[120.889,-3.389],[121.067,-3.194],[121.048,-3.066],[121.082,-2.872],[121.033,-2.814],[121.012,-2.848],[120.984,-2.824],[121.08,-2.759],[121.048,-2.699],[121.006,-2.661],[120.776,-2.615],[120.584,-2.682],[120.543,-2.747],[120.203,-2.958],[120.285,-3.122],[120.264,-3.142],[120.426,-3.256],[120.399,-3.501],[120.447,-3.729],[120.36,-3.894],[120.352,-4.1],[120.388,-4.294],[120.367,-4.424],[120.45,-4.647],[120.387,-4.829],[120.309,-4.871],[120.264,-5.15],[120.388,-5.352],[120.458,-5.626],[120.416,-5.617],[120.323,-5.51],[120.1,-5.596],[119.915,-5.569],[119.772,-5.701],[119.677,-5.697],[119.61,-5.609],[119.57,-5.656],[119.518,-5.558],[119.433,-5.588],[119.438,-5.522],[119.353,-5.356],[119.404,-5.124],[119.46,-5.074],[119.52,-4.917],[119.491,-4.754],[119.591,-4.564],[119.627,-4.315],[119.606,-4.105],[119.647,-3.978],[119.607,-3.976],[119.593,-4.026],[119.457,-3.715],[119.514,-3.563],[119.494,-3.488],[119.298,-3.428],[119.23,-3.485],[119.027,-3.51],[119.004,-3.56],[118.97,-3.54],[118.939,-3.574],[118.849,-3.391],[118.817,-3.172],[118.764,-3.091],[118.791,-3.06],[118.848,-3.068],[118.888,-2.883],[118.834,-2.841],[118.772,-2.862],[118.757,-2.776],[118.792,-2.65],[118.823,-2.621],[118.914,-2.648],[119.136,-2.454],[119.134,-2.204],[119.216,-2.01],[119.264,-1.963],[119.347,-1.959],[119.367,-1.833],[119.308,-1.695],[119.333,-1.574],[119.294,-1.399],[119.333,-1.35],[119.328,-1.214],[119.453,-1.096],[119.525,-0.86],[119.682,-0.737],[119.655,-0.706],[119.725,-0.639],[119.847,-0.875]],[[127.786,2.264],[127.816,2.234],[127.781,2.209],[127.748,2.247],[127.786,2.264]],[[128.194,2.367],[128.155,2.286],[128.129,2.358],[128.16,2.405],[128.194,2.367]],[[100.947,1.825],[100.948,1.883],[100.8,2.209],[100.841,2.281],[100.886,2.298],[101.05,2.291],[101.067,2.22],[101.317,2.025],[101.327,1.916],[101.427,1.709],[101.567,1.656],[101.749,1.662],[102.118,1.387],[102.147,1.248],[102.197,1.2],[102.209,1.024],[102.425,0.804],[102.532,0.742],[102.877,0.726],[102.954,0.676],[103.084,0.516],[103.075,0.442],[102.628,0.234],[102.582,0.181],[102.43,0.246],[102.546,0.169],[102.578,0.159],[102.695,0.232],[102.903,0.268],[103.076,0.383],[103.166,0.408],[103.224,0.488],[103.362,0.536],[103.541,0.435],[103.606,0.311],[103.645,0.345],[103.743,0.277],[103.802,-0.007],[103.671,-0.017],[103.629,-0.048],[103.577,-0.014],[103.576,-0.104],[103.494,-0.118],[103.415,-0.217],[103.271,-0.258],[103.489,-0.212],[103.495,-0.254],[103.437,-0.338],[103.346,-0.367],[103.493,-0.375],[103.598,-0.437],[103.547,-0.49],[103.418,-0.518],[103.373,-0.449],[103.416,-0.575],[103.373,-0.648],[103.386,-0.681],[103.346,-0.696],[103.463,-0.758],[103.441,-0.813],[103.527,-0.816],[103.65,-0.943],[103.794,-1.009],[103.829,-1.073],[103.856,-1.014],[103.956,-0.977],[104.212,-1.073],[104.377,-1.032],[104.41,-1.128],[104.401,-1.231],[104.449,-1.316],[104.463,-1.574],[104.538,-1.761],[104.483,-1.881],[104.497,-1.936],[104.537,-1.854],[104.564,-1.858],[104.637,-1.922],[104.589,-2.019],[104.655,-1.97],[104.686,-2.045],[104.773,-1.998],[104.815,-2.008],[104.883,-2.126],[104.757,-2.33],[104.606,-2.402],[104.71,-2.371],[104.713,-2.558],[104.57,-2.656],[104.531,-2.773],[104.6,-2.664],[104.731,-2.591],[104.772,-2.414],[104.883,-2.285],[104.929,-2.375],[104.98,-2.326],[105.117,-2.38],[105.247,-2.343],[105.535,-2.395],[105.549,-2.421],[105.624,-2.402],[105.618,-2.595],[105.673,-2.663],[105.778,-2.69],[105.81,-2.899],[105.879,-2.951],[106.028,-2.983],[106.073,-3.256],[105.9,-3.407],[105.82,-3.673],[105.851,-3.743],[105.952,-3.834],[105.87,-4.004],[105.813,-4.239],[105.853,-4.404],[105.906,-4.469],[105.905,-4.67],[105.867,-4.825],[105.91,-4.943],[105.867,-5.041],[105.83,-5.655],[105.783,-5.829],[105.73,-5.897],[105.713,-5.832],[105.586,-5.791],[105.569,-5.68],[105.484,-5.659],[105.28,-5.444],[105.25,-5.459],[105.239,-5.569],[105.18,-5.58],[105.216,-5.698],[105.155,-5.727],[105.215,-5.759],[105.163,-5.786],[104.791,-5.609],[104.681,-5.507],[104.606,-5.479],[104.613,-5.499],[104.551,-5.508],[104.533,-5.56],[104.689,-5.808],[104.716,-5.921],[104.561,-5.928],[104.542,-5.842],[104.298,-5.643],[104.302,-5.586],[104.127,-5.462],[103.993,-5.313],[103.991,-5.246],[103.901,-5.219],[103.891,-5.104],[103.726,-5.017],[103.736,-4.978],[103.705,-4.955],[103.654,-4.979],[103.617,-4.92],[103.5,-4.864],[103.415,-4.869],[103.386,-4.805],[103.329,-4.794],[103.304,-4.734],[103.173,-4.618],[102.92,-4.493],[102.701,-4.27],[102.313,-3.991],[102.284,-3.931],[102.311,-3.865],[102.222,-3.643],[101.611,-3.225],[101.327,-2.739],[101.105,-2.587],[100.923,-2.333],[100.834,-2.159],[100.887,-2.037],[100.858,-1.892],[100.654,-1.618],[100.633,-1.508],[100.571,-1.443],[100.569,-1.331],[100.458,-1.264],[100.406,-1.264],[100.433,-1.207],[100.366,-1.15],[100.371,-1.073],[100.413,-1.073],[100.416,-1.048],[100.353,-0.977],[100.301,-0.816],[100.035,-0.488],[99.824,-0.313],[99.759,-0.168],[99.747,-0.03],[99.611,0.099],[99.393,0.172],[99.341,0.239],[99.233,0.217],[99.138,0.263],[99.158,0.32],[99.111,0.346],[99.132,0.412],[99.1,0.602],[99.049,0.62],[99.042,0.777],[98.981,0.832],[98.845,1.346],[98.71,1.564],[98.753,1.536],[98.823,1.63],[98.774,1.749],[98.727,1.792],[98.72,1.733],[98.691,1.736],[98.535,1.936],[98.33,2.038],[98.269,2.038],[98.153,2.157],[97.956,2.272],[97.867,2.247],[97.744,2.281],[97.658,2.412],[97.603,2.866],[97.405,2.943],[97.313,3.062],[97.271,3.214],[97.172,3.255],[97.019,3.523],[96.922,3.606],[96.884,3.682],[96.761,3.749],[96.56,3.747],[96.48,3.779],[96.198,4.121],[96.125,4.136],[96.01,4.226],[95.726,4.532],[95.617,4.628],[95.565,4.638],[95.573,4.674],[95.426,4.827],[95.349,5.038],[95.28,5.123],[95.302,5.172],[95.199,5.293],[95.254,5.412],[95.197,5.546],[95.432,5.655],[95.511,5.603],[95.576,5.631],[95.762,5.577],[95.888,5.512],[95.93,5.414],[96.055,5.314],[96.362,5.225],[96.568,5.208],[96.828,5.28],[96.973,5.273],[97.227,5.146],[97.526,5.242],[97.664,5.073],[97.909,4.89],[98.007,4.634],[97.997,4.546],[98.138,4.534],[98.276,4.425],[98.266,4.212],[98.186,4.17],[98.179,4.108],[98.263,4.177],[98.306,4.08],[98.406,4.079],[98.677,3.915],[98.711,3.804],[98.797,3.725],[99.18,3.546],[99.433,3.383],[99.558,3.245],[99.751,3.18],[99.858,3.011],[99.89,3.018],[99.98,2.948],[99.998,2.799],[99.953,2.696],[99.993,2.669],[100.008,2.603],[100.012,2.679],[99.974,2.703],[100.055,2.727],[100.126,2.53],[100.121,2.664],[100.211,2.706],[100.312,2.563],[100.434,2.273],[100.561,2.157],[100.666,2.134],[100.813,2.04],[100.947,1.825]],[[120.792,-9.961],[120.84,-10.051],[120.725,-10.197],[120.547,-10.233],[120.45,-10.31],[120.392,-10.263],[120.156,-10.221],[120.034,-10.112],[119.967,-9.984],[119.697,-9.853],[119.634,-9.769],[119.46,-9.75],[119.406,-9.79],[119.347,-9.755],[119.097,-9.718],[118.935,-9.553],[119.025,-9.438],[119.169,-9.386],[119.529,-9.375],[119.629,-9.342],[119.799,-9.384],[119.959,-9.29],[120.094,-9.461],[120.229,-9.492],[120.271,-9.643],[120.347,-9.671],[120.39,-9.638],[120.478,-9.641],[120.509,-9.697],[120.58,-9.735],[120.67,-9.885],[120.792,-9.961]],[[115.55,-8.666],[115.624,-8.769],[115.589,-8.807],[115.468,-8.732],[115.55,-8.666]],[[119.723,-8.621],[119.792,-8.624],[119.75,-8.686],[119.709,-8.694],[119.723,-8.762],[119.698,-8.802],[119.656,-8.767],[119.615,-8.778],[119.66,-8.685],[119.634,-8.597],[119.695,-8.667],[119.723,-8.621]],[[119.559,-8.518],[119.587,-8.562],[119.57,-8.59],[119.507,-8.566],[119.457,-8.597],[119.491,-8.611],[119.443,-8.679],[119.47,-8.741],[119.381,-8.741],[119.402,-8.668],[119.378,-8.574],[119.422,-8.535],[119.415,-8.443],[119.457,-8.426],[119.469,-8.479],[119.555,-8.485],[119.559,-8.518]],[[123.349,-8.269],[123.321,-8.385],[123.289,-8.404],[123.02,-8.392],[123.036,-8.332],[123.157,-8.244],[123.349,-8.269]],[[116.633,-8.275],[116.706,-8.317],[116.743,-8.392],[116.685,-8.481],[116.681,-8.556],[116.5,-8.803],[116.509,-8.858],[116.541,-8.836],[116.589,-8.863],[116.565,-8.896],[116.447,-8.92],[116.472,-8.839],[116.423,-8.836],[116.398,-8.855],[116.403,-8.954],[116.38,-8.912],[116.351,-8.926],[116.328,-8.899],[116.205,-8.92],[116.167,-8.879],[116.077,-8.895],[116.069,-8.856],[116.019,-8.908],[115.969,-8.849],[115.839,-8.817],[115.849,-8.725],[115.892,-8.755],[116.041,-8.734],[116.066,-8.76],[116.088,-8.737],[116.06,-8.714],[116.073,-8.578],[116.028,-8.445],[116.286,-8.236],[116.394,-8.201],[116.633,-8.275]],[[119.086,-8.132],[119.137,-8.191],[119.1,-8.252],[119.052,-8.261],[119.02,-8.19],[119.086,-8.132]],[[119.204,-8.611],[119.175,-8.645],[119.182,-8.721],[119.152,-8.742],[118.972,-8.751],[118.898,-8.688],[118.702,-8.748],[118.927,-8.797],[118.95,-8.834],[118.908,-8.851],[118.714,-8.8],[118.465,-8.865],[118.414,-8.854],[118.387,-8.796],[118.439,-8.69],[118.415,-8.583],[118.394,-8.675],[118.339,-8.692],[118.295,-8.765],[118.158,-8.868],[118.024,-8.851],[117.89,-8.937],[117.839,-8.906],[117.788,-8.933],[117.725,-8.912],[117.389,-9.054],[117.192,-9.024],[117.127,-9.091],[117.01,-9.107],[116.949,-9.06],[116.763,-9.016],[116.728,-8.963],[116.735,-8.873],[116.824,-8.799],[116.764,-8.738],[116.772,-8.68],[116.749,-8.667],[116.79,-8.584],[116.832,-8.575],[116.838,-8.508],[116.88,-8.528],[116.985,-8.496],[117.126,-8.405],[117.118,-8.383],[117.195,-8.358],[117.434,-8.481],[117.443,-8.411],[117.558,-8.405],[117.592,-8.515],[117.623,-8.438],[117.64,-8.541],[117.744,-8.569],[117.805,-8.72],[117.894,-8.7],[117.969,-8.748],[118.068,-8.656],[118.282,-8.642],[118.283,-8.588],[118.233,-8.549],[118.209,-8.577],[118.134,-8.487],[118.057,-8.451],[117.97,-8.461],[117.712,-8.241],[117.741,-8.148],[117.918,-8.086],[118.15,-8.134],[118.177,-8.233],[118.254,-8.34],[118.312,-8.371],[118.463,-8.249],[118.647,-8.289],[118.696,-8.371],[118.667,-8.547],[118.727,-8.452],[118.717,-8.38],[118.754,-8.326],[118.859,-8.289],[118.973,-8.302],[119.051,-8.47],[119.031,-8.548],[119.052,-8.646],[119.13,-8.633],[119.167,-8.56],[119.204,-8.611]],[[123.026,-8.289],[123.019,-8.334],[122.904,-8.363],[122.897,-8.461],[122.804,-8.438],[122.849,-8.552],[122.807,-8.611],[122.565,-8.669],[122.449,-8.734],[122.115,-8.732],[121.78,-8.888],[121.69,-8.851],[121.646,-8.906],[121.622,-8.837],[121.581,-8.818],[121.396,-8.794],[121.341,-8.918],[121.211,-8.892],[120.995,-8.941],[120.907,-8.914],[120.833,-8.817],[120.748,-8.871],[120.642,-8.844],[120.578,-8.79],[120.279,-8.829],[120.165,-8.769],[119.976,-8.814],[119.907,-8.872],[119.892,-8.807],[119.84,-8.793],[119.806,-8.741],[119.808,-8.57],[119.871,-8.494],[119.867,-8.413],[119.919,-8.461],[119.991,-8.447],[120.025,-8.385],[120.094,-8.399],[120.213,-8.293],[120.378,-8.275],[120.422,-8.227],[120.457,-8.275],[120.522,-8.255],[120.594,-8.282],[120.594,-8.233],[120.745,-8.33],[120.976,-8.337],[121.053,-8.405],[121.279,-8.467],[121.381,-8.572],[121.471,-8.569],[121.502,-8.602],[121.575,-8.566],[121.574,-8.538],[121.608,-8.542],[121.625,-8.467],[121.68,-8.511],[121.835,-8.474],[121.893,-8.493],[122.019,-8.426],[122.04,-8.515],[122.288,-8.634],[122.477,-8.595],[122.515,-8.553],[122.485,-8.484],[122.598,-8.395],[122.758,-8.361],[122.881,-8.286],[122.94,-8.193],[122.74,-8.222],[122.784,-8.124],[122.863,-8.07],[122.98,-8.147],[123.026,-8.289]],[[115.619,-8.289],[115.714,-8.375],[115.701,-8.419],[115.605,-8.501],[115.534,-8.507],[115.323,-8.624],[115.203,-8.747],[115.221,-8.789],[115.232,-8.754],[115.229,-8.83],[115.135,-8.851],[115.094,-8.818],[115.182,-8.746],[115.156,-8.662],[114.927,-8.467],[114.797,-8.405],[114.605,-8.386],[114.468,-8.219],[114.448,-8.122],[114.452,-8.095],[114.505,-8.09],[114.555,-8.134],[114.597,-8.111],[114.858,-8.193],[115.023,-8.173],[115.193,-8.055],[115.502,-8.173],[115.619,-8.289]],[[109.019,-7.758],[109.036,-7.78],[108.815,-7.738],[108.797,-7.702],[108.822,-7.679],[109.019,-7.758]],[[115.571,-6.905],[115.557,-6.94],[115.382,-6.911],[115.348,-6.941],[115.401,-6.973],[115.317,-6.952],[115.293,-7.008],[115.266,-6.983],[115.276,-6.939],[115.214,-6.928],[115.244,-6.846],[115.276,-6.835],[115.461,-6.843],[115.571,-6.905]],[[112.701,-5.726],[112.736,-5.763],[112.731,-5.828],[112.604,-5.847],[112.583,-5.794],[112.645,-5.732],[112.701,-5.726]],[[102.407,-5.404],[102.366,-5.442],[102.39,-5.477],[102.298,-5.473],[102.284,-5.499],[102.099,-5.335],[102.172,-5.28],[102.407,-5.404]],[[115.846,-4.764],[115.807,-4.822],[115.773,-4.815],[115.846,-4.764]],[[116.399,-3.393],[116.434,-3.41],[116.386,-3.64],[116.325,-3.533],[116.399,-3.393]],[[116.304,-3.718],[116.333,-3.75],[116.289,-3.816],[116.306,-3.904],[116.215,-3.944],[116.091,-4.067],[116.05,-4.02],[116.091,-3.934],[116.074,-3.801],[116.019,-3.725],[116.013,-3.65],[116.119,-3.324],[116.268,-3.219],[116.263,-3.406],[116.321,-3.498],[116.274,-3.533],[116.304,-3.718]],[[100.508,-3.122],[100.529,-3.184],[100.494,-3.16],[100.508,-3.122]],[[100.399,-3.184],[100.478,-3.315],[100.461,-3.334],[100.379,-3.272],[100.33,-3.213],[100.36,-3.207],[100.345,-3.127],[100.248,-3.069],[100.189,-2.967],[100.179,-2.803],[100.227,-2.773],[100.468,-3.015],[100.473,-3.114],[100.386,-3.144],[100.399,-3.184]],[[100.207,-2.694],[100.215,-2.753],[100.159,-2.773],[100.139,-2.82],[100.05,-2.807],[100.016,-2.834],[99.987,-2.767],[99.996,-2.639],[99.967,-2.615],[99.975,-2.494],[100.167,-2.628],[100.207,-2.694]],[[99.823,-2.293],[99.846,-2.38],[99.672,-2.271],[99.604,-2.266],[99.616,-2.234],[99.576,-2.224],[99.528,-2.145],[99.564,-2.131],[99.565,-2.031],[99.631,-2.018],[99.694,-2.068],[99.775,-2.259],[99.823,-2.293]],[[108.964,-1.573],[108.948,-1.632],[108.858,-1.664],[108.828,-1.657],[108.827,-1.587],[108.793,-1.58],[108.901,-1.533],[108.964,-1.573]],[[109.76,-1.104],[109.777,-1.141],[109.502,-1.292],[109.417,-1.254],[109.475,-0.977],[109.723,-0.987],[109.76,-1.032],[109.76,-1.104]],[[99.274,-1.635],[99.274,-1.738],[99.254,-1.654],[99.227,-1.614],[99.2,-1.628],[99.255,-1.772],[99.118,-1.802],[98.885,-1.679],[98.594,-1.198],[98.658,-0.963],[98.898,-0.916],[98.946,-0.985],[98.905,-0.991],[98.938,-1.065],[99.165,-1.414],[99.165,-1.456],[99.131,-1.448],[99.274,-1.635]],[[98.502,-0.461],[98.5,-0.566],[98.448,-0.526],[98.422,-0.587],[98.275,-0.525],[98.336,-0.518],[98.364,-0.36],[98.425,-0.299],[98.429,-0.244],[98.507,-0.365],[98.502,-0.461]],[[98.48,-0.158],[98.56,-0.278],[98.542,-0.381],[98.296,-0.007],[98.406,-0.007],[98.48,-0.158]],[[103.294,0.625],[103.281,0.538],[103.171,0.514],[103.14,0.539],[103.179,0.696],[103.247,0.694],[103.294,0.625]],[[103.519,0.818],[103.523,0.778],[103.421,0.873],[103.519,0.818]],[[103.819,0.886],[103.898,0.853],[103.941,0.776],[103.819,0.886]],[[103.489,0.777],[103.51,0.743],[103.48,0.685],[103.416,0.657],[103.346,0.763],[103.357,0.872],[103.401,0.88],[103.489,0.777]],[[103.802,0.853],[103.832,0.765],[103.73,0.848],[103.743,0.894],[103.802,0.853]],[[103.942,0.996],[103.967,0.947],[103.922,0.935],[103.839,1.003],[103.88,1.031],[103.942,0.996]],[[104.799,1.031],[104.844,1.018],[104.833,0.955],[104.799,1.031]],[[107.562,1.037],[107.602,1.01],[107.56,0.97],[107.53,1.018],[107.562,1.037]],[[103.443,1.013],[103.424,0.99],[103.341,1.02],[103.315,1.062],[103.334,1.111],[103.39,1.13],[103.398,1.064],[103.443,1.013]],[[103.049,0.797],[103.044,0.721],[103.007,0.694],[102.895,0.79],[102.516,0.791],[102.407,0.873],[102.501,0.953],[102.468,1.106],[102.489,1.133],[102.556,1.126],[102.616,1.058],[102.605,1.011],[102.764,1.011],[103.022,0.845],[103.049,0.797]],[[103.126,0.928],[103.167,0.859],[103.086,0.841],[102.791,1.031],[102.625,1.022],[102.716,1.154],[102.802,1.163],[103.037,1.045],[103.126,0.928]],[[104.146,1.16],[104.092,0.99],[103.956,1.01],[103.907,1.072],[103.914,1.1],[103.956,1.085],[103.945,1.135],[103.996,1.133],[104.031,1.188],[104.085,1.133],[104.091,1.188],[104.146,1.16]],[[104.655,1.096],[104.659,0.928],[104.616,0.906],[104.6,0.835],[104.567,0.83],[104.483,0.859],[104.449,0.922],[104.487,0.937],[104.421,0.957],[104.485,1.034],[104.439,1.057],[104.271,1.004],[104.232,1.093],[104.4,1.203],[104.508,1.18],[104.576,1.225],[104.588,1.145],[104.655,1.096]],[[102.473,1.242],[102.446,1.076],[102.468,0.973],[102.369,0.935],[102.233,1.1],[102.211,1.398],[102.291,1.405],[102.473,1.242]],[[102.496,1.364],[102.51,1.277],[102.479,1.271],[102.33,1.413],[102.096,1.475],[102.027,1.548],[102.008,1.615],[102.072,1.623],[102.463,1.515],[102.49,1.49],[102.496,1.364]],[[98.555,1.682],[98.581,1.627],[98.432,1.662],[98.463,1.709],[98.521,1.656],[98.555,1.682]],[[97.151,2.058],[97.102,2.016],[97.069,2.087],[97.12,2.113],[97.151,2.058]],[[101.721,2.058],[101.776,1.948],[101.715,1.778],[101.625,1.714],[101.491,1.737],[101.397,1.909],[101.418,2.044],[101.478,2.072],[101.551,2.058],[101.649,2.128],[101.721,2.058]],[[96.644,2.127],[96.672,2.102],[96.623,2.071],[96.613,2.119],[96.644,2.127]],[[97.329,2.148],[97.322,2.031],[97.207,2.176],[97.103,2.213],[97.281,2.229],[97.329,2.148]],[[118.6,2.244],[118.654,2.182],[118.557,2.286],[118.578,2.319],[118.623,2.286],[118.633,2.261],[118.575,2.294],[118.6,2.244]],[[109.109,2.532],[109.027,2.486],[109.023,2.528],[108.968,2.544],[108.996,2.562],[109.109,2.532]],[[106.243,2.76],[106.238,2.733],[106.219,2.758],[106.203,2.819],[106.243,2.76]],[[96.48,2.415],[96.481,2.364],[96.335,2.355],[96.285,2.436],[96.066,2.579],[95.791,2.655],[95.74,2.778],[95.698,2.779],[95.7,2.832],[95.78,2.846],[95.792,2.943],[95.912,2.906],[95.883,2.846],[95.917,2.861],[96.003,2.777],[96.126,2.734],[96.103,2.655],[96.162,2.648],[96.158,2.68],[96.321,2.566],[96.375,2.474],[96.396,2.525],[96.424,2.511],[96.48,2.415]],[[108.842,2.974],[108.856,3.003],[108.899,2.983],[108.89,2.888],[108.842,2.846],[108.775,2.895],[108.842,2.974]],[[107.807,3.015],[107.811,2.987],[107.745,2.984],[107.773,3.025],[107.807,3.015]],[[105.802,2.997],[105.853,2.984],[105.812,2.904],[105.73,2.881],[105.764,2.85],[105.713,2.843],[105.696,2.885],[105.723,2.977],[105.682,3.011],[105.689,3.06],[105.737,3.032],[105.739,2.988],[105.802,2.997]],[[106.285,3.179],[106.279,3.087],[106.211,3.128],[106.206,3.206],[106.239,3.227],[106.285,3.179]],[[117.504,3.334],[117.528,3.291],[117.417,3.289],[117.433,3.336],[117.504,3.334]],[[106.271,3.361],[106.297,3.358],[106.292,3.272],[106.265,3.289],[106.279,3.231],[106.23,3.258],[106.271,3.361]],[[117.625,3.438],[117.684,3.4],[117.648,3.246],[117.556,3.332],[117.531,3.403],[117.567,3.438],[117.625,3.438]],[[117.894,3.498],[117.891,3.456],[117.826,3.494],[117.785,3.582],[117.848,3.575],[117.894,3.498]],[[117.517,3.477],[117.497,3.456],[117.271,3.5],[117.218,3.56],[117.268,3.593],[117.394,3.566],[117.517,3.477]],[[117.846,3.799],[117.73,3.868],[117.807,3.856],[117.846,3.799]],[[117.699,4.111],[117.753,4.052],[117.706,3.987],[117.665,3.983],[117.594,4.064],[117.661,4.149],[117.699,4.111]],[[108.396,3.875],[108.318,3.684],[108.184,3.648],[108.094,3.696],[108.187,3.792],[108.28,3.732],[108.262,3.792],[108.062,3.856],[107.985,4.012],[108.225,4.245],[108.257,4.131],[108.396,3.991],[108.404,3.936],[108.362,3.889],[108.396,3.875]],[[108.005,4.772],[107.993,4.691],[107.937,4.691],[108.005,4.772]],[[95.177,5.628],[95.191,5.608],[95.156,5.595],[95.109,5.622],[95.142,5.664],[95.177,5.628]],[[95.115,5.711],[95.122,5.669],[95.061,5.656],[95.061,5.732],[95.015,5.745],[95.058,5.757],[95.115,5.711]],[[95.342,5.896],[95.383,5.807],[95.355,5.828],[95.338,5.779],[95.273,5.807],[95.214,5.903],[95.248,5.905],[95.284,5.857],[95.342,5.896]],[[123.39,-10.591],[123.42,-10.619],[123.409,-10.679],[123.349,-10.674],[123.243,-10.738],[123.209,-10.813],[122.988,-10.865],[122.972,-10.906],[122.842,-10.921],[122.821,-10.893],[122.813,-10.778],[123.049,-10.711],[123.386,-10.433],[123.394,-10.509],[123.356,-10.581],[123.39,-10.591]],[[121.94,-10.43],[121.996,-10.441],[121.998,-10.509],[121.882,-10.598],[121.732,-10.597],[121.69,-10.564],[121.826,-10.494],[121.88,-10.429],[121.94,-10.43]],[[123.466,-10.15],[123.506,-10.187],[123.447,-10.24],[123.396,-10.228],[123.413,-10.333],[123.367,-10.301],[123.322,-10.339],[123.32,-10.268],[123.389,-10.175],[123.466,-10.15]],[[123.928,-8.227],[123.932,-8.271],[123.79,-8.294],[123.688,-8.436],[123.657,-8.405],[123.572,-8.472],[123.609,-8.535],[123.583,-8.566],[123.543,-8.569],[123.5,-8.522],[123.407,-8.589],[123.324,-8.535],[123.283,-8.556],[123.227,-8.526],[123.358,-8.411],[123.486,-8.351],[123.473,-8.321],[123.37,-8.317],[123.414,-8.267],[123.568,-8.248],[123.518,-8.353],[123.589,-8.374],[123.609,-8.343],[123.582,-8.306],[123.639,-8.294],[123.642,-8.223],[123.701,-8.251],[123.804,-8.179],[123.928,-8.227]],[[124.308,-8.22],[124.3,-8.319],[124.232,-8.381],[124.15,-8.539],[124.059,-8.552],[124.019,-8.43],[123.907,-8.455],[124.023,-8.313],[124.058,-8.306],[124.109,-8.385],[124.258,-8.182],[124.308,-8.22]],[[138.897,-8.337],[138.894,-8.405],[138.7,-8.395],[138.548,-8.347],[138.675,-8.189],[138.785,-8.159],[138.817,-8.162],[138.842,-8.277],[138.897,-8.337]],[[125.134,-8.217],[125.123,-8.352],[124.662,-8.403],[124.545,-8.447],[124.495,-8.43],[124.428,-8.467],[124.357,-8.456],[124.334,-8.413],[124.41,-8.306],[124.548,-8.231],[124.392,-8.265],[124.475,-8.133],[124.569,-8.131],[124.603,-8.207],[124.688,-8.165],[124.952,-8.15],[125.087,-8.159],[125.134,-8.217]],[[128.091,-8.131],[128.127,-8.161],[128.026,-8.261],[127.844,-8.206],[127.762,-8.117],[127.833,-8.099],[128.018,-8.143],[128.091,-8.131]],[[131.109,-8.131],[131.182,-8.125],[131.161,-8.152],[130.894,-8.251],[130.879,-8.309],[130.763,-8.351],[130.913,-8.214],[130.926,-8.133],[130.974,-8.145],[131.038,-8.083],[131.079,-8.149],[131.109,-8.131]],[[129.841,-7.878],[129.859,-7.933],[129.776,-8.055],[129.694,-8.038],[129.585,-7.902],[129.588,-7.836],[129.632,-7.796],[129.819,-7.819],[129.841,-7.878]],[[126.837,-7.726],[126.823,-7.762],[126.713,-7.747],[126.559,-7.82],[126.466,-7.967],[126.422,-7.933],[126.19,-7.924],[126.054,-7.885],[125.925,-7.912],[125.812,-8.008],[125.774,-8.008],[125.814,-7.85],[125.87,-7.815],[125.884,-7.754],[125.969,-7.66],[126.203,-7.713],[126.328,-7.696],[126.485,-7.597],[126.627,-7.56],[126.647,-7.617],[126.722,-7.668],[126.813,-7.669],[126.837,-7.726]],[[127.47,-7.528],[127.482,-7.59],[127.358,-7.656],[127.373,-7.506],[127.47,-7.528]],[[138.939,-7.542],[139.076,-7.576],[138.994,-7.72],[138.977,-7.841],[138.891,-7.898],[138.904,-8.076],[138.837,-8.08],[138.772,-8.143],[138.661,-8.169],[138.603,-8.255],[138.376,-8.41],[137.849,-8.378],[137.638,-8.426],[137.759,-8.073],[137.801,-8.042],[138.007,-7.638],[138.089,-7.56],[138.244,-7.456],[138.395,-7.405],[138.717,-7.36],[138.805,-7.374],[138.939,-7.542]],[[131.699,-7.227],[131.643,-7.255],[131.661,-7.384],[131.709,-7.418],[131.661,-7.487],[131.633,-7.62],[131.39,-7.847],[131.317,-8.018],[131.292,-8.011],[131.311,-7.954],[131.283,-7.936],[131.23,-8.004],[131.116,-8.001],[131.127,-7.929],[131.09,-7.849],[131.161,-7.8],[131.115,-7.707],[131.139,-7.686],[131.25,-7.707],[131.181,-7.65],[131.242,-7.488],[131.315,-7.423],[131.356,-7.435],[131.397,-7.343],[131.453,-7.334],[131.494,-7.23],[131.545,-7.22],[131.529,-7.17],[131.569,-7.131],[131.654,-7.113],[131.655,-7.172],[131.704,-7.132],[131.743,-7.196],[131.699,-7.227]],[[131.982,-7.189],[131.966,-7.255],[131.878,-7.164],[131.732,-7.141],[131.757,-7.11],[131.918,-7.104],[131.982,-7.189]],[[128.67,-7.137],[128.681,-7.172],[128.639,-7.22],[128.529,-7.131],[128.62,-7.063],[128.7,-7.11],[128.67,-7.137]],[[114.046,-6.915],[114.125,-6.982],[113.91,-7.048],[113.873,-7.129],[113.61,-7.129],[113.513,-7.248],[113.472,-7.222],[113.166,-7.22],[113.159,-7.151],[113.122,-7.139],[113.103,-7.179],[113.149,-7.215],[113.128,-7.231],[112.726,-7.159],[112.727,-7.09],[112.693,-7.059],[112.842,-6.909],[112.915,-6.892],[113.526,-6.896],[113.924,-6.865],[114.046,-6.915]],[[105.264,-6.528],[105.256,-6.628],[105.204,-6.673],[105.175,-6.583],[105.12,-6.631],[105.188,-6.548],[105.264,-6.528]],[[134.484,-6.576],[134.521,-6.587],[134.499,-6.638],[134.402,-6.657],[134.437,-6.682],[134.311,-6.859],[134.185,-6.919],[134.146,-6.859],[134.073,-6.827],[134.053,-6.764],[134.104,-6.475],[134.118,-6.452],[134.21,-6.507],[134.189,-6.445],[134.137,-6.45],[134.12,-6.42],[134.103,-6.18],[134.136,-6.177],[134.295,-6.298],[134.288,-6.342],[134.33,-6.389],[134.457,-6.445],[134.484,-6.576]],[[120.546,-5.938],[120.559,-6.066],[120.481,-6.477],[120.471,-6.275],[120.429,-6.186],[120.448,-5.844],[120.489,-5.767],[120.546,-5.938]],[[104.833,-5.76],[104.838,-5.82],[104.77,-5.752],[104.833,-5.76]],[[132.802,-5.787],[132.776,-5.924],[132.742,-5.95],[132.716,-5.897],[132.692,-5.929],[132.661,-5.845],[132.689,-5.76],[132.62,-5.603],[132.661,-5.623],[132.698,-5.597],[132.691,-5.65],[132.74,-5.66],[132.802,-5.787]],[[134.758,-6.158],[134.702,-6.322],[134.608,-6.37],[134.334,-6.221],[134.277,-6.119],[134.292,-6.055],[134.368,-6.034],[134.302,-6.016],[134.319,-5.966],[134.288,-5.924],[134.378,-5.794],[134.331,-5.804],[134.202,-5.712],[134.258,-5.679],[134.352,-5.714],[134.457,-5.534],[134.505,-5.548],[134.508,-5.429],[134.628,-5.445],[134.697,-5.534],[134.669,-5.548],[134.682,-5.575],[134.635,-5.589],[134.71,-5.609],[134.758,-5.671],[134.703,-5.836],[134.765,-5.89],[134.697,-5.918],[134.736,-5.969],[134.654,-5.933],[134.601,-5.952],[134.657,-5.954],[134.772,-6.09],[134.691,-6.188],[134.758,-6.158]],[[133.184,-5.31],[133.113,-5.596],[132.975,-5.729],[132.957,-5.862],[132.842,-5.997],[132.929,-5.777],[132.929,-5.698],[132.964,-5.641],[133.004,-5.647],[133.11,-5.311],[133.138,-5.287],[133.184,-5.31]],[[122.067,-5.215],[122.047,-5.452],[121.968,-5.468],[121.882,-5.39],[121.807,-5.26],[121.841,-5.16],[121.882,-5.144],[121.854,-5.102],[121.916,-5.054],[121.919,-5.095],[121.977,-5.07],[122.067,-5.215]],[[122.78,-4.917],[122.604,-5.16],[122.636,-5.194],[122.598,-5.228],[122.659,-5.296],[122.598,-5.42],[122.543,-5.429],[122.511,-5.287],[122.469,-5.396],[122.407,-5.353],[122.451,-5.315],[122.395,-5.321],[122.364,-5.39],[122.28,-5.37],[122.333,-5.124],[122.403,-5.062],[122.327,-4.842],[122.383,-4.746],[122.499,-4.725],[122.711,-4.615],[122.78,-4.917]],[[131.606,-4.43],[131.633,-4.43],[131.68,-4.524],[131.661,-4.534],[131.606,-4.43]],[[123.15,-5.225],[123.209,-5.265],[123.213,-5.302],[123.145,-5.385],[123.047,-5.424],[122.978,-5.394],[122.876,-5.458],[122.861,-5.508],[122.91,-5.499],[122.918,-5.527],[122.813,-5.688],[122.768,-5.641],[122.747,-5.679],[122.736,-5.627],[122.654,-5.678],[122.567,-5.507],[122.655,-5.425],[122.629,-5.404],[122.721,-5.266],[122.815,-5.211],[122.809,-5.189],[122.758,-5.207],[122.804,-5.044],[122.753,-5.034],[122.834,-4.929],[122.855,-4.61],[122.909,-4.475],[123.041,-4.384],[123.086,-4.389],[123.069,-4.44],[123.2,-4.589],[123.22,-4.817],[123.197,-4.837],[123.15,-4.718],[123.124,-4.71],[123.105,-4.767],[123.052,-4.74],[123.015,-4.929],[122.964,-4.993],[122.985,-5.065],[122.95,-5.19],[123.047,-5.137],[123.15,-5.225]],[[133.558,-4.232],[133.628,-4.3],[133.535,-4.239],[133.46,-4.244],[133.331,-4.165],[133.324,-4.108],[133.456,-4.202],[133.558,-4.232]],[[131.366,-4.122],[131.385,-4.156],[131.305,-4.115],[131.282,-4.07],[131.366,-4.122]],[[131.235,-3.988],[131.24,-4.047],[131.209,-3.979],[131.235,-3.988]],[[123.204,-3.993],[123.253,-4.09],[123.196,-4.188],[123.136,-4.239],[123.045,-4.21],[122.951,-4.047],[123.028,-3.974],[123.102,-4.012],[123.204,-3.993]],[[131.445,-4.037],[131.442,-4.065],[131.401,-4.047],[131.37,-3.962],[131.416,-3.959],[131.445,-4.037]],[[128.796,-3.643],[128.811,-3.676],[128.762,-3.7],[128.746,-3.66],[128.796,-3.643]],[[123.177,-3.574],[123.12,-3.629],[123.061,-3.571],[123.141,-3.539],[123.177,-3.574]],[[128.529,-3.533],[128.564,-3.592],[128.393,-3.643],[128.427,-3.523],[128.529,-3.533]],[[128.331,-3.512],[128.335,-3.627],[128.252,-3.615],[128.278,-3.674],[128.237,-3.722],[128.097,-3.773],[128.221,-3.649],[128.203,-3.639],[127.986,-3.772],[127.933,-3.763],[127.912,-3.703],[127.984,-3.621],[128.048,-3.585],[128.159,-3.585],[128.287,-3.505],[128.331,-3.512]],[[128.721,-3.526],[128.728,-3.615],[128.669,-3.569],[128.636,-3.623],[128.561,-3.494],[128.673,-3.54],[128.693,-3.502],[128.721,-3.526]],[[127.241,-3.471],[127.243,-3.606],[127.206,-3.66],[127.122,-3.653],[126.907,-3.787],[126.697,-3.864],[126.203,-3.631],[126.149,-3.526],[126.053,-3.446],[125.992,-3.248],[126.017,-3.171],[126.091,-3.112],[126.202,-3.182],[126.258,-3.122],[126.421,-3.07],[126.84,-3.074],[126.893,-3.126],[127.094,-3.201],[127.112,-3.272],[127.056,-3.26],[127.055,-3.323],[127.114,-3.369],[127.148,-3.334],[127.26,-3.371],[127.241,-3.471]],[[106.909,-2.93],[106.895,-3.018],[106.861,-3.029],[106.723,-2.966],[106.813,-2.892],[106.909,-2.93]],[[107.099,-2.859],[107.084,-2.91],[107.017,-2.88],[107.065,-2.823],[107.099,-2.859]],[[107.395,-2.869],[107.484,-2.82],[107.505,-2.855],[107.41,-2.948],[107.341,-2.887],[107.395,-2.869]],[[130.873,-3.574],[130.832,-3.694],[130.842,-3.865],[130.818,-3.869],[130.616,-3.786],[130.419,-3.637],[130.002,-3.473],[129.961,-3.382],[129.89,-3.333],[129.51,-3.303],[129.563,-3.44],[129.486,-3.463],[129.084,-3.341],[128.961,-3.356],[128.938,-3.32],[128.982,-3.252],[128.877,-3.203],[128.693,-3.349],[128.678,-3.432],[128.484,-3.462],[128.399,-3.41],[128.272,-3.212],[128.179,-3.194],[128.2,-3.111],[128.166,-3.067],[128.091,-3.132],[128.053,-3.311],[127.981,-3.385],[127.926,-3.553],[127.899,-3.524],[127.93,-3.323],[127.842,-3.173],[128.008,-3.074],[128.104,-3.067],[128.091,-3.022],[128.118,-2.984],[128.07,-2.971],[128.175,-2.857],[128.516,-2.834],[128.865,-2.862],[129.053,-2.804],[129.064,-2.896],[129.105,-2.948],[129.177,-2.958],[129.179,-2.926],[129.219,-2.941],[129.358,-2.856],[129.4,-2.792],[129.541,-2.78],[129.766,-2.869],[129.811,-2.917],[129.862,-2.903],[129.965,-2.974],[130.389,-2.994],[130.489,-3.087],[130.588,-3.129],[130.667,-3.404],[130.817,-3.434],[130.811,-3.485],[130.873,-3.574]],[[108.294,-2.848],[108.204,-3.005],[108.184,-3.105],[108.211,-3.136],[108.091,-3.161],[108.074,-3.226],[107.981,-3.24],[107.966,-3.151],[107.87,-3.052],[107.825,-3.066],[107.842,-3.145],[107.815,-3.167],[107.603,-3.229],[107.643,-3.128],[107.581,-3.011],[107.611,-2.918],[107.547,-2.917],[107.603,-2.871],[107.594,-2.786],[107.643,-2.748],[107.67,-2.561],[107.773,-2.56],[107.834,-2.525],[107.883,-2.564],[108.005,-2.58],[108.032,-2.642],[108.067,-2.594],[108.098,-2.608],[108.267,-2.757],[108.294,-2.848]],[[134.581,-2.416],[134.55,-2.451],[134.521,-2.407],[134.567,-2.293],[134.581,-2.416]],[[134.385,-2.004],[134.426,-2.04],[134.36,-2.153],[134.333,-2.083],[134.385,-2.004]],[[126.069,-2.384],[126.076,-2.463],[126.013,-2.46],[125.966,-2.402],[125.946,-2.272],[125.905,-2.231],[125.864,-2.053],[125.933,-1.965],[125.999,-2.015],[125.977,-2.18],[126.069,-2.384]],[[123.857,-1.95],[123.869,-1.998],[123.794,-1.992],[123.787,-1.874],[123.857,-1.95]],[[126.329,-1.819],[126.272,-1.867],[125.928,-1.931],[125.872,-1.903],[125.432,-1.95],[125.432,-1.881],[125.381,-1.854],[125.356,-1.881],[125.335,-1.851],[125.402,-1.775],[125.703,-1.819],[125.946,-1.786],[126.329,-1.819]],[[123.133,-1.765],[123.153,-1.824],[123.073,-1.902],[123.095,-1.755],[123.133,-1.765]],[[134.236,-1.739],[134.245,-1.796],[134.208,-1.827],[134.224,-1.849],[134.175,-1.943],[134.169,-1.83],[134.236,-1.739]],[[130.386,-1.888],[130.344,-1.928],[130.437,-1.976],[130.374,-2.013],[130.338,-1.95],[130.256,-2.046],[130.126,-2.067],[130.087,-2.026],[129.873,-1.982],[129.715,-1.881],[130.031,-1.744],[130.232,-1.734],[130.343,-1.677],[130.352,-1.741],[130.44,-1.836],[130.386,-1.888]],[[125.315,-1.779],[125.318,-1.883],[125.05,-1.888],[125.014,-1.944],[124.828,-1.895],[124.543,-2.007],[124.406,-2.004],[124.329,-1.871],[124.385,-1.668],[124.518,-1.626],[124.528,-1.655],[124.633,-1.631],[124.956,-1.696],[125.048,-1.765],[125.11,-1.758],[125.12,-1.683],[125.185,-1.704],[125.197,-1.789],[125.269,-1.728],[125.298,-1.741],[125.281,-1.782],[125.315,-1.779]],[[136.848,-1.765],[136.899,-1.795],[136.881,-1.816],[136.73,-1.826],[136.657,-1.874],[136.533,-1.868],[136.536,-1.902],[136.338,-1.861],[136.266,-1.909],[136.185,-1.856],[136.067,-1.84],[135.718,-1.703],[135.498,-1.683],[135.422,-1.611],[135.477,-1.59],[135.897,-1.648],[136.191,-1.654],[136.368,-1.724],[136.705,-1.731],[136.848,-1.765]],[[106.769,-2.56],[106.833,-2.58],[106.722,-2.629],[106.604,-2.91],[106.613,-2.943],[106.738,-3.005],[106.752,-3.074],[106.671,-3.096],[106.601,-3.071],[106.532,-3.106],[106.436,-2.971],[105.987,-2.821],[105.908,-2.675],[105.944,-2.499],[105.929,-2.457],[105.829,-2.395],[105.78,-2.151],[105.607,-2.115],[105.566,-2.067],[105.45,-2.123],[105.306,-2.135],[105.23,-2.07],[105.147,-2.08],[105.136,-1.966],[105.402,-1.783],[105.395,-1.738],[105.335,-1.698],[105.35,-1.649],[105.46,-1.563],[105.566,-1.532],[105.611,-1.54],[105.629,-1.614],[105.703,-1.655],[105.652,-1.707],[105.663,-1.74],[105.813,-1.793],[105.696,-1.532],[105.914,-1.494],[106.042,-1.584],[106.035,-1.678],[106.179,-1.888],[106.163,-2.007],[106.201,-2.178],[106.319,-2.431],[106.396,-2.482],[106.769,-2.56]],[[135.286,-1.477],[135.334,-1.484],[135.275,-1.522],[135.097,-1.509],[135.109,-1.474],[135.286,-1.477]],[[128.145,-1.594],[128.151,-1.67],[128.052,-1.715],[127.913,-1.682],[127.533,-1.731],[127.379,-1.632],[127.428,-1.415],[127.488,-1.45],[127.634,-1.329],[127.741,-1.355],[127.831,-1.432],[127.899,-1.427],[128.145,-1.594]],[[127.69,-1.214],[127.666,-1.272],[127.461,-1.236],[127.547,-1.171],[127.69,-1.214]],[[123.503,-1.264],[123.551,-1.285],[123.529,-1.433],[123.408,-1.517],[123.362,-1.511],[123.327,-1.421],[123.289,-1.422],[123.243,-1.632],[123.227,-1.593],[123.178,-1.622],[123.111,-1.577],[123.185,-1.486],[123.152,-1.301],[122.896,-1.59],[122.812,-1.444],[122.821,-1.314],[122.914,-1.176],[123.146,-1.183],[123.189,-1.145],[123.246,-1.223],[123.199,-1.269],[123.232,-1.395],[123.352,-1.229],[123.407,-1.219],[123.428,-1.258],[123.455,-1.231],[123.503,-1.264]],[[129.954,-1.163],[129.927,-1.21],[129.92,-1.189],[129.859,-1.233],[129.831,-1.237],[129.874,-1.197],[129.744,-1.2],[129.859,-1.142],[129.954,-1.163]],[[134.998,-1.019],[134.991,-1.083],[134.926,-1.136],[134.864,-1.121],[134.8,-1.028],[134.83,-0.961],[134.878,-0.936],[134.955,-0.991],[134.928,-1.072],[134.998,-1.019]],[[131.057,-1.001],[131.073,-1.078],[131.037,-1.226],[130.962,-1.354],[130.921,-1.32],[130.863,-1.337],[130.758,-1.238],[130.688,-1.107],[130.702,-1.045],[130.65,-0.974],[130.892,-0.89],[130.94,-0.932],[131.035,-0.915],[131.075,-0.967],[131.057,-1.001]],[[130.917,-0.778],[130.876,-0.799],[130.89,-0.833],[130.819,-0.87],[130.4,-0.929],[130.479,-0.8],[130.519,-0.84],[130.565,-0.805],[130.586,-0.833],[130.631,-0.806],[130.818,-0.819],[130.804,-0.757],[130.917,-0.778]],[[136.376,-1.094],[136.381,-1.123],[136.294,-1.183],[136.161,-1.221],[135.991,-1.169],[135.885,-1.183],[135.834,-1.129],[135.765,-0.839],[135.719,-0.825],[135.661,-0.887],[135.485,-0.757],[135.492,-0.805],[135.459,-0.793],[135.394,-0.723],[135.37,-0.636],[135.583,-0.667],[135.602,-0.696],[135.677,-0.686],[135.695,-0.73],[135.778,-0.749],[135.828,-0.701],[135.869,-0.704],[136.066,-0.872],[136.196,-1.067],[136.273,-1.047],[136.376,-1.094]],[[127.296,-0.744],[127.32,-0.794],[127.279,-0.806],[127.156,-0.772],[127.201,-0.623],[127.261,-0.62],[127.296,-0.744]],[[130.678,-0.436],[130.683,-0.477],[130.641,-0.528],[130.572,-0.532],[130.597,-0.465],[130.462,-0.525],[130.496,-0.49],[130.455,-0.464],[130.476,-0.477],[130.505,-0.441],[130.535,-0.469],[130.625,-0.41],[130.678,-0.436]],[[121.854,-0.401],[121.916,-0.47],[121.895,-0.508],[121.835,-0.477],[121.831,-0.511],[121.735,-0.48],[121.701,-0.535],[121.642,-0.546],[121.752,-0.401],[121.779,-0.425],[121.854,-0.401]],[[104.549,-0.398],[104.599,-0.464],[104.534,-0.529],[104.511,-0.614],[104.42,-0.575],[104.356,-0.662],[104.336,-0.543],[104.256,-0.476],[104.284,-0.401],[104.339,-0.346],[104.346,-0.428],[104.353,-0.387],[104.383,-0.401],[104.47,-0.332],[104.549,-0.398]],[[122.03,-0.332],[122.054,-0.355],[122.027,-0.407],[121.932,-0.415],[121.861,-0.378],[121.872,-0.333],[121.924,-0.34],[121.927,-0.312],[122.03,-0.332]],[[127.889,-0.765],[127.876,-0.818],[127.755,-0.888],[127.653,-0.827],[127.626,-0.752],[127.458,-0.816],[127.437,-0.729],[127.47,-0.641],[127.399,-0.62],[127.295,-0.494],[127.329,-0.398],[127.317,-0.34],[127.373,-0.329],[127.446,-0.415],[127.517,-0.302],[127.579,-0.325],[127.688,-0.481],[127.604,-0.617],[127.647,-0.644],[127.653,-0.707],[127.79,-0.69],[127.889,-0.765]],[[127.235,-0.49],[127.179,-0.525],[127.109,-0.501],[127.131,-0.483],[127.102,-0.438],[127.11,-0.288],[127.175,-0.256],[127.297,-0.282],[127.251,-0.323],[127.28,-0.403],[127.235,-0.49]],[[103.713,-0.27],[103.756,-0.301],[103.757,-0.346],[103.613,-0.387],[103.462,-0.367],[103.485,-0.287],[103.558,-0.223],[103.713,-0.27]],[[122.218,-0.247],[122.23,-0.274],[122.144,-0.233],[122.177,-0.196],[122.177,-0.23],[122.218,-0.247]],[[122.369,-0.264],[122.376,-0.346],[122.322,-0.258],[122.226,-0.199],[122.369,-0.264]],[[121.575,-0.183],[121.597,-0.125],[121.65,-0.147],[121.625,-0.198],[121.575,-0.183]],[[131.298,-0.237],[131.345,-0.288],[131.253,-0.384],[131.098,-0.323],[130.979,-0.36],[130.879,-0.254],[130.797,-0.239],[130.792,-0.19],[130.716,-0.093],[130.625,-0.085],[130.654,-0.114],[130.629,-0.141],[130.682,-0.17],[130.751,-0.288],[130.811,-0.319],[130.828,-0.291],[130.887,-0.296],[130.948,-0.367],[130.907,-0.413],[130.756,-0.446],[130.706,-0.41],[130.688,-0.291],[130.579,-0.334],[130.547,-0.436],[130.524,-0.258],[130.376,-0.275],[130.217,-0.201],[130.424,-0.199],[130.386,-0.175],[130.406,-0.127],[130.385,-0.157],[130.338,-0.14],[130.345,-0.189],[130.297,-0.165],[130.281,-0.105],[130.338,-0.08],[130.359,-0.127],[130.359,-0.08],[130.428,-0.107],[130.421,-0.08],[130.51,-0.045],[130.544,-0.073],[130.572,-0.045],[130.765,-0.05],[130.761,-0.018],[130.825,-0.004],[131.154,-0.086],[131.212,-0.138],[131.297,-0.159],[131.318,-0.203],[131.298,-0.237]],[[104.929,-0.237],[105.011,-0.282],[104.917,-0.288],[104.935,-0.332],[104.736,-0.214],[104.655,-0.216],[104.541,-0.271],[104.436,-0.192],[104.511,-0.114],[104.525,-0.008],[104.565,0.03],[104.676,-0.054],[104.653,-0.09],[104.706,-0.096],[104.766,-0.188],[104.814,-0.193],[104.849,-0.14],[104.929,-0.237]],[[129.537,-0.134],[129.572,-0.192],[129.517,-0.209],[129.458,-0.114],[129.373,-0.08],[129.372,-0.037],[129.293,0.048],[129.537,-0.134]],[[127.46,-0.004],[127.453,-0.041],[127.413,0.024],[127.399,0.003],[127.409,0.147],[127.452,0.14],[127.46,-0.004]],[[104.497,0.071],[104.47,0.064],[104.477,0.024],[104.411,0.092],[104.414,0.176],[104.497,0.071]],[[104.689,0.071],[104.708,0.044],[104.684,0.036],[104.626,0.102],[104.606,0.092],[104.49,0.243],[104.548,0.224],[104.689,0.071]],[[104.406,0.339],[104.405,0.292],[104.339,0.365],[104.406,0.339]],[[127.399,0.38],[127.417,0.313],[127.358,0.284],[127.337,0.349],[127.399,0.38]],[[104.216,0.708],[104.271,0.675],[104.277,0.626],[104.216,0.708]],[[127.379,0.623],[127.359,0.666],[127.385,0.757],[127.418,0.757],[127.446,0.667],[127.379,0.623]],[[104.284,0.708],[104.206,0.726],[104.196,0.78],[104.273,0.797],[104.284,0.708]],[[127.371,0.784],[127.313,0.757],[127.289,0.837],[127.325,0.863],[127.363,0.841],[127.371,0.784]],[[104.226,0.88],[104.257,0.84],[104.176,0.798],[104.148,0.859],[104.092,0.88],[104.099,0.949],[104.172,0.883],[104.226,0.88]],[[97.928,0.996],[97.874,0.622],[97.819,0.559],[97.774,0.585],[97.704,0.573],[97.614,0.824],[97.479,0.943],[97.395,0.945],[97.372,1.06],[97.247,1.267],[97.064,1.415],[97.107,1.436],[97.236,1.417],[97.321,1.474],[97.335,1.538],[97.417,1.519],[97.442,1.48],[97.486,1.477],[97.694,1.186],[97.792,1.144],[97.928,0.996]],[[125.295,1.552],[125.267,1.414],[125.185,1.391],[125.175,1.415],[125.25,1.449],[125.295,1.552]],[[127.666,-0.209],[127.7,0.048],[127.681,0.162],[127.716,0.313],[127.577,0.416],[127.527,0.561],[127.555,0.74],[127.625,0.832],[127.495,0.905],[127.515,0.959],[127.492,1.055],[127.404,1.043],[127.427,1.128],[127.399,1.209],[127.541,1.476],[127.519,1.532],[127.573,1.664],[127.556,1.693],[127.63,1.835],[127.935,2.188],[128.047,2.204],[128.029,2.11],[127.965,2.054],[127.935,1.963],[127.865,1.929],[127.846,1.851],[128.015,1.719],[127.996,1.627],[128.035,1.538],[127.996,1.371],[128.015,1.305],[127.974,1.298],[127.891,1.152],[127.834,1.144],[127.638,1.001],[127.628,0.937],[127.742,0.818],[127.852,0.812],[127.923,0.87],[127.936,1.007],[127.994,1.083],[128.179,1.154],[128.176,1.233],[128.092,1.257],[128.205,1.39],[128.437,1.539],[128.719,1.571],[128.686,1.445],[128.741,1.405],[128.748,1.344],[128.716,1.287],[128.701,1.071],[128.44,0.932],[128.3,0.894],[128.298,0.823],[128.232,0.826],[128.214,0.774],[128.365,0.644],[128.681,0.555],[128.69,0.347],[128.824,0.311],[128.9,0.208],[128.848,0.25],[128.538,0.327],[128.461,0.395],[128.262,0.391],[128.152,0.456],[127.96,0.483],[127.91,0.438],[127.878,0.325],[127.921,0.146],[127.886,0.024],[127.981,-0.264],[128.096,-0.517],[128.228,-0.71],[128.441,-0.909],[128.251,-0.867],[128.229,-0.84],[128.269,-0.833],[128.25,-0.796],[128.032,-0.699],[127.886,-0.406],[127.708,-0.287],[127.666,-0.209]],[[125.432,2.388],[125.453,2.333],[125.392,2.326],[125.369,2.374],[125.432,2.388]],[[128.686,2.484],[128.642,2.261],[128.567,2.11],[128.49,2.054],[128.345,2.04],[128.269,1.995],[128.289,2.04],[128.246,2.106],[128.241,2.222],[128.197,2.266],[128.321,2.459],[128.457,2.59],[128.515,2.573],[128.566,2.634],[128.686,2.484]],[[125.444,2.793],[125.402,2.7],[125.421,2.634],[125.393,2.629],[125.36,2.753],[125.402,2.81],[125.444,2.793]],[[125.653,3.47],[125.665,3.431],[125.617,3.395],[125.507,3.463],[125.521,3.577],[125.421,3.668],[125.442,3.737],[125.535,3.683],[125.653,3.47]],[[126.744,3.853],[126.812,3.824],[126.856,3.758],[126.812,3.732],[126.765,3.773],[126.744,3.853]],[[126.657,3.981],[126.713,3.921],[126.696,3.812],[126.62,3.991],[126.615,4.044],[126.657,3.981]],[[126.871,4.331],[126.922,4.282],[126.81,4.157],[126.798,4.018],[126.759,3.993],[126.676,4.004],[126.676,4.06],[126.803,4.223],[126.711,4.264],[126.697,4.397],[126.74,4.473],[126.734,4.536],[126.816,4.546],[126.875,4.494],[126.871,4.331]],[[122.361,-8.433],[122.41,-8.444],[122.409,-8.487],[122.352,-8.48],[122.361,-8.433]],[[121.71,-8.289],[121.745,-8.312],[121.709,-8.355],[121.676,-8.309],[121.71,-8.289]],[[121.78,-7.343],[121.818,-7.334],[121.835,-7.388],[121.759,-7.416],[121.78,-7.343]],[[114.594,-7.131],[114.619,-7.167],[114.495,-7.155],[114.541,-7.119],[114.594,-7.131]],[[114.369,-7.09],[114.397,-7.131],[114.378,-7.178],[114.293,-7.143],[114.27,-7.081],[114.322,-7.05],[114.369,-7.09]],[[123.366,-1.673],[123.378,-1.713],[123.28,-1.786],[123.28,-1.748],[123.366,-1.673]],[[122.139,-0.384],[122.071,-0.398],[122.077,-0.269],[122.139,-0.384]],[[130.067,-7.763],[130.08,-7.787],[130.026,-7.773],[130.067,-7.763]],[[130.008,-7.725],[129.997,-7.748],[129.983,-7.705],[130.008,-7.725]],[[129.675,-7.572],[129.659,-7.535],[129.714,-7.558],[129.675,-7.572]],[[129.125,-6.993],[129.145,-6.962],[129.15,-6.991],[129.125,-6.993]],[[129.485,-6.755],[129.486,-6.729],[129.529,-6.723],[129.512,-6.77],[129.485,-6.755]],[[131.987,-5.318],[132.016,-5.331],[131.966,-5.389],[131.987,-5.318]],[[134.31,0.756],[134.347,0.752],[134.323,0.731],[134.31,0.756]],[[126.395,1.339],[126.381,1.283],[126.347,1.323],[126.395,1.339]],[[125.393,2.118],[125.334,2.082],[125.354,2.13],[125.393,2.118]],[[121.614,-10.602],[121.631,-10.615],[121.595,-10.635],[121.527,-10.63],[121.614,-10.602]],[[115.891,-7.107],[115.894,-7.164],[115.838,-7.197],[115.743,-7.15],[115.778,-7.115],[115.808,-7.15],[115.88,-7.158],[115.891,-7.107]],[[134.728,-6.505],[134.73,-6.546],[134.675,-6.563],[134.624,-6.486],[134.684,-6.458],[134.728,-6.505]],[[110.431,-5.837],[110.466,-5.84],[110.438,-5.881],[110.431,-5.837]],[[134.213,-5.759],[134.22,-5.816],[134.181,-5.827],[134.17,-5.768],[134.213,-5.759]],[[133.592,-2.462],[133.606,-2.489],[133.563,-2.513],[133.49,-2.431],[133.592,-2.462]],[[123.601,-1.603],[123.601,-1.703],[123.494,-1.71],[123.477,-1.563],[123.523,-1.483],[123.569,-1.601],[123.601,-1.603]],[[128.367,-0.988],[128.407,-1.026],[128.33,-1.02],[128.306,-0.943],[128.367,-0.988]],[[129.902,-0.408],[129.914,-0.443],[129.864,-0.499],[129.849,-0.432],[129.902,-0.408]],[[98.548,0.159],[98.806,0.161],[98.852,0.11],[98.845,0.085],[98.689,0.071],[98.539,0.09],[98.525,0.145],[98.548,0.159]],[[104.725,0.75],[104.754,0.737],[104.739,0.716],[104.725,0.75]],[[125.172,1.799],[125.145,1.742],[125.129,1.828],[125.172,1.799]]]}},{"type":"Feature","properties":{"iso":"MY","name":"Malaysia"},"geometry":{"type":"MultiLineString","coordinates":[[[117.704,4.163],[117.64,4.227],[117.702,4.268],[117.785,4.247],[117.907,4.157],[117.704,4.163]],[[102.073,6.258],[102.164,6.197],[102.2,6.233],[102.338,6.177],[102.521,5.872],[102.626,5.797],[102.669,5.725],[103.028,5.486],[103.222,5.221],[103.448,4.807],[103.451,4.488],[103.496,4.306],[103.455,4.183],[103.395,4.116],[103.434,3.95],[103.412,3.964],[103.395,3.935],[103.378,3.802],[103.339,3.758],[103.387,3.625],[103.462,3.534],[103.448,3.505],[103.482,3.512],[103.428,3.367],[103.456,3.204],[103.441,2.922],[103.52,2.789],[103.638,2.672],[103.765,2.649],[103.84,2.525],[103.838,2.464],[103.949,2.34],[103.976,2.192],[104.113,1.976],[104.124,1.871],[104.195,1.799],[104.255,1.638],[104.294,1.472],[104.277,1.367],[104.174,1.348],[104.106,1.375],[104.059,1.485],[104.148,1.545],[104.053,1.506],[103.966,1.648],[104.008,1.549],[104.01,1.449],[103.974,1.42],[103.84,1.477],[103.698,1.451],[103.6,1.353],[103.548,1.382],[103.516,1.27],[103.455,1.339],[103.367,1.538],[102.935,1.748],[102.836,1.846],[102.699,1.859],[102.545,2.058],[102.154,2.236],[101.989,2.395],[101.927,2.422],[101.865,2.395],[101.851,2.479],[101.774,2.587],[101.542,2.661],[101.399,2.819],[101.286,2.85],[101.283,2.911],[101.373,3.002],[101.298,3.275],[101.108,3.474],[101.041,3.622],[100.812,3.787],[100.845,3.851],[100.785,3.839],[100.709,3.883],[100.706,3.984],[100.871,4.019],[100.862,4.04],[100.778,4.021],[100.766,4.1],[100.678,4.165],[100.633,4.155],[100.615,4.252],[100.565,4.319],[100.646,4.56],[100.597,4.572],[100.594,4.611],[100.666,4.67],[100.604,4.666],[100.617,4.793],[100.576,4.799],[100.55,4.875],[100.494,4.872],[100.511,4.907],[100.442,4.923],[100.365,5.084],[100.433,5.211],[100.351,5.584],[100.344,5.669],[100.386,5.679],[100.365,5.694],[100.376,5.811],[100.349,6.013],[100.137,6.381],[100.167,6.695],[100.274,6.696],[100.329,6.558],[100.387,6.522],[100.631,6.445],[100.73,6.493],[100.734,6.456],[100.806,6.415],[100.833,6.237],[100.974,6.273],[101.082,6.246],[101.089,6.189],[101.053,6.135],[101.094,6.086],[101.079,5.938],[101.015,5.898],[100.965,5.792],[101.122,5.63],[101.212,5.682],[101.249,5.787],[101.558,5.911],[101.634,5.856],[101.666,5.766],[101.727,5.786],[101.8,5.74],[101.913,5.859],[101.935,5.982],[102.06,6.095],[102.073,6.258]],[[115.146,4.909],[115.211,4.96],[115.358,4.903],[115.557,5.067],[115.605,5.212],[115.524,5.209],[115.4,5.324],[115.365,5.307],[115.393,5.413],[115.55,5.54],[115.605,5.636],[115.584,5.548],[115.605,5.52],[115.619,5.568],[115.674,5.529],[115.762,5.523],[115.849,5.56],[115.931,5.763],[116.051,5.842],[116.142,6.073],[116.106,6.126],[116.223,6.237],[116.292,6.233],[116.293,6.276],[116.236,6.273],[116.32,6.313],[116.348,6.38],[116.503,6.495],[116.521,6.569],[116.639,6.699],[116.669,6.876],[116.719,6.975],[116.777,7.027],[116.838,6.962],[116.852,6.89],[116.823,6.904],[116.811,6.863],[116.859,6.818],[116.784,6.592],[116.845,6.592],[116.974,6.708],[117.058,6.846],[117.031,6.931],[117.083,6.948],[117.078,6.993],[117.15,7.003],[117.257,6.938],[117.23,6.818],[117.296,6.636],[117.365,6.625],[117.459,6.548],[117.534,6.621],[117.558,6.54],[117.641,6.522],[117.727,6.451],[117.723,6.255],[117.656,6.253],[117.6,6.198],[117.661,6.106],[117.633,6.04],[117.669,5.973],[117.469,5.869],[117.569,5.903],[117.774,5.908],[117.772,5.944],[117.884,5.955],[118.017,6.061],[118.125,5.864],[118.059,5.809],[117.921,5.809],[117.96,5.687],[118.055,5.718],[118.134,5.69],[118.176,5.805],[118.365,5.814],[118.594,5.682],[118.565,5.526],[118.603,5.619],[118.651,5.636],[118.819,5.478],[118.832,5.505],[118.919,5.455],[118.948,5.389],[118.984,5.437],[119.086,5.41],[119.205,5.443],[119.274,5.361],[119.267,5.201],[119.156,5.106],[118.702,4.947],[118.572,4.972],[118.499,4.931],[118.376,5.041],[118.291,4.978],[118.217,4.966],[118.135,4.86],[118.334,4.652],[118.428,4.594],[118.477,4.601],[118.469,4.537],[118.497,4.508],[118.6,4.519],[118.646,4.437],[118.592,4.429],[118.557,4.364],[118.353,4.362],[118.005,4.232],[117.892,4.257],[117.808,4.334],[117.708,4.37],[117.671,4.426],[117.606,4.382],[117.654,4.272],[117.599,4.207],[117.627,4.176],[117.567,4.16],[117.436,4.186],[117.203,4.356],[117.165,4.333],[116.804,4.33],[116.712,4.367],[116.59,4.331],[116.522,4.397],[116.494,4.325],[116.411,4.289],[116.311,4.383],[116.229,4.356],[116.126,4.379],[116.021,4.271],[115.977,4.329],[115.844,4.389],[115.771,4.226],[115.733,4.239],[115.647,4.169],[115.61,3.997],[115.539,3.921],[115.589,3.858],[115.544,3.629],[115.601,3.43],[115.557,3.425],[115.518,3.357],[115.483,3.206],[115.517,3.157],[115.464,3.031],[115.31,2.986],[115.242,3.042],[115.069,2.833],[115.105,2.761],[115.057,2.711],[115.056,2.609],[115.152,2.597],[115.206,2.51],[114.973,2.357],[114.922,2.354],[114.913,2.284],[114.779,2.247],[114.753,2.135],[114.781,2.036],[114.841,2.038],[114.832,1.903],[114.68,1.841],[114.669,1.694],[114.563,1.536],[114.546,1.435],[114.375,1.507],[114.173,1.421],[114.094,1.466],[113.91,1.442],[113.808,1.34],[113.625,1.228],[113.524,1.314],[113.398,1.294],[113.324,1.351],[113.089,1.431],[112.958,1.416],[113.024,1.514],[112.973,1.57],[112.855,1.583],[112.802,1.544],[112.47,1.568],[112.162,1.435],[112.187,1.38],[112.093,1.143],[111.91,1.114],[111.823,1.008],[111.763,0.993],[111.623,1.03],[111.503,0.958],[111.472,1.022],[111.374,1.008],[111.198,1.075],[110.88,1.011],[110.777,0.903],[110.661,0.872],[110.613,0.894],[110.554,0.851],[110.46,0.88],[110.364,0.981],[110.263,0.994],[110.17,1.174],[110.052,1.215],[109.964,1.299],[109.92,1.395],[109.843,1.403],[109.658,1.597],[109.642,1.781],[109.556,1.802],[109.528,1.89],[109.645,2.083],[109.655,1.937],[109.693,1.873],[109.887,1.76],[109.928,1.692],[110.212,1.682],[110.254,1.706],[110.291,1.674],[110.329,1.803],[110.39,1.699],[110.508,1.741],[110.466,1.621],[110.506,1.633],[110.536,1.597],[110.589,1.606],[110.727,1.547],[110.733,1.499],[110.678,1.449],[110.763,1.48],[110.793,1.572],[110.925,1.531],[111.142,1.372],[111.233,1.395],[111.341,1.333],[111.384,1.354],[111.326,1.367],[111.305,1.408],[111.177,1.401],[111.065,1.463],[111.006,1.584],[111.038,1.677],[111.095,1.688],[111.179,1.627],[111.267,1.627],[111.173,1.659],[111.096,1.774],[111.13,1.792],[111.113,1.836],[111.206,2.069],[111.268,2.068],[111.242,2.089],[111.254,2.126],[111.336,2.112],[111.378,2.162],[111.329,2.129],[111.185,2.145],[111.185,2.195],[111.24,2.216],[111.185,2.254],[111.221,2.416],[111.246,2.436],[111.365,2.341],[111.448,2.372],[111.493,2.346],[111.405,2.484],[111.521,2.491],[111.417,2.555],[111.458,2.706],[111.67,2.843],[112.014,2.886],[113.008,3.162],[113.082,3.257],[113.069,3.279],[113.278,3.484],[113.434,3.753],[113.737,4.001],[113.947,4.274],[113.992,4.437],[113.976,4.595],[114.119,4.562],[114.246,4.481],[114.29,4.361],[114.283,4.265],[114.42,4.26],[114.477,4.145],[114.587,4.021],[114.628,4.017],[114.767,4.132],[114.817,4.26],[114.782,4.285],[114.846,4.395],[114.848,4.424],[114.788,4.461],[114.742,4.729],[114.856,4.807],[114.948,4.819],[115.016,4.916],[115.027,4.66],[115.092,4.405],[115.346,4.314],[115.358,4.35],[115.272,4.475],[115.273,4.637],[115.207,4.826],[115.146,4.909]],[[118.219,5.856],[118.231,5.832],[118.166,5.828],[118.219,5.856]],[[111.411,2.391],[111.37,2.36],[111.313,2.431],[111.315,2.784],[111.381,2.698],[111.411,2.391]],[[104.223,2.786],[104.211,2.715],[104.157,2.713],[104.131,2.746],[104.171,2.891],[104.223,2.786]],[[118.726,4.492],[118.756,4.457],[118.675,4.437],[118.644,4.495],[118.726,4.492]],[[118.51,4.649],[118.6,4.643],[118.572,4.601],[118.548,4.622],[118.535,4.601],[118.346,4.676],[118.456,4.697],[118.51,4.649]],[[115.249,5.365],[115.259,5.291],[115.159,5.252],[115.189,5.345],[115.242,5.387],[115.249,5.365]],[[100.31,5.451],[100.343,5.418],[100.289,5.263],[100.184,5.269],[100.179,5.458],[100.31,5.451]],[[99.786,6.242],[99.837,6.294],[99.817,6.177],[99.775,6.204],[99.786,6.242]],[[99.901,6.364],[99.916,6.332],[99.866,6.291],[99.825,6.324],[99.729,6.261],[99.719,6.353],[99.659,6.363],[99.645,6.436],[99.771,6.42],[99.842,6.47],[99.913,6.39],[99.901,6.364]],[[117.469,6.767],[117.507,6.673],[117.443,6.636],[117.347,6.655],[117.444,6.699],[117.4,6.739],[117.469,6.767]],[[117.003,7.356],[117.01,7.28],[116.977,7.29],[116.982,7.253],[116.852,7.198],[116.9,7.287],[117.003,7.356]],[[117.171,7.343],[117.246,7.356],[117.282,7.332],[117.262,7.202],[117.14,7.168],[117.072,7.102],[117.068,7.28],[117.171,7.343]],[[101.338,3.052],[101.335,3.009],[101.268,2.965],[101.306,3.064],[101.338,3.052]]]}},{"type":"Feature","properties":{"iso":"IN","name":"India"},"geometry":{"type":"MultiLineString","coordinates":[[[78.918,33.386],[79.098,33.288],[79.42,33.275],[79.456,33.25],[79.373,33.112],[79.399,33.027],[79.334,32.994],[79.414,32.972],[79.621,32.729],[79.443,32.535],[79.407,32.53],[79.379,32.576],[79.32,32.592],[79.287,32.533],[79.113,32.472],[79.075,32.371],[78.943,32.346],[78.771,32.462],[78.737,32.63],[78.63,32.578],[78.385,32.548],[78.452,32.417],[78.458,32.23],[78.513,32.208],[78.745,31.964],[78.671,31.771],[78.724,31.673],[78.819,31.607],[78.7,31.51],[78.763,31.445],[78.745,31.308],[78.921,31.27],[79.07,31.461],[79.131,31.438],[79.238,31.33],[79.253,31.245],[79.367,31.112],[79.402,31.024],[79.476,31.014],[79.578,30.938],[79.739,30.979],[79.85,30.954],[80.063,30.785],[80.157,30.793],[80.225,30.734],[80.207,30.686],[80.167,30.674],[80.203,30.606],[80.18,30.559],[80.253,30.565],[80.508,30.462],[80.596,30.46],[80.723,30.392],[80.782,30.321],[80.976,30.255],[81.003,30.213],[80.921,30.177],[80.868,30.2],[80.83,30.117],[80.716,30.013],[80.571,29.947],[80.476,29.806],[80.369,29.758],[80.354,29.705],[80.385,29.605],[80.214,29.417],[80.28,29.31],[80.258,29.202],[80.219,29.211],[80.221,29.126],[80.133,29.11],[80.099,28.977],[80.034,28.916],[80.036,28.837],[80.233,28.733],[80.33,28.627],[80.408,28.626],[80.488,28.562],[80.488,28.656],[80.556,28.679],[80.564,28.647],[80.636,28.628],[80.782,28.515],[80.872,28.497],[80.905,28.441],[81.17,28.361],[81.296,28.128],[81.396,28.161],[81.473,28.066],[81.856,27.851],[81.976,27.917],[82.027,27.912],[82.402,27.677],[82.68,27.694],[82.752,27.495],[83.133,27.444],[83.282,27.331],[83.363,27.386],[83.356,27.452],[83.387,27.47],[83.59,27.457],[83.855,27.345],[83.878,27.37],[83.834,27.434],[84.008,27.441],[84.117,27.513],[84.289,27.376],[84.607,27.31],[84.658,27.203],[84.621,27.058],[84.64,27.028],[84.817,27.011],[84.924,26.956],[85.019,26.846],[85.162,26.851],[85.195,26.759],[85.287,26.737],[85.609,26.851],[85.702,26.797],[85.713,26.653],[85.829,26.566],[86.011,26.654],[86.196,26.583],[86.284,26.612],[86.714,26.415],[86.738,26.444],[86.822,26.438],[87.041,26.58],[87.106,26.405],[87.219,26.408],[87.3,26.346],[87.416,26.427],[87.587,26.378],[87.87,26.465],[87.929,26.396],[88.007,26.37],[88.074,26.454],[88.169,26.744],[88.151,26.863],[87.969,27.111],[88.035,27.323],[88.023,27.495],[88.16,27.774],[88.165,27.845],[88.118,27.861],[88.1,27.928],[88.379,27.983],[88.502,28.029],[88.594,28.107],[88.803,28.011],[88.855,27.859],[88.806,27.655],[88.742,27.532],[88.774,27.409],[88.892,27.316],[88.861,27.27],[88.776,27.241],[88.73,27.151],[88.828,27.098],[88.852,26.945],[88.907,26.981],[88.932,26.919],[89.022,26.913],[89.097,26.821],[89.213,26.813],[89.342,26.854],[89.443,26.797],[89.586,26.784],[89.61,26.712],[89.814,26.696],[89.835,26.732],[89.89,26.715],[90.127,26.751],[90.177,26.832],[90.349,26.897],[90.588,26.78],[90.717,26.767],[91.062,26.805],[91.297,26.775],[91.42,26.872],[91.475,26.866],[91.521,26.798],[91.702,26.803],[91.825,26.858],[91.879,26.803],[91.893,26.881],[91.975,26.847],[92.073,26.888],[92.067,26.995],[91.988,27.122],[92.089,27.292],[92.024,27.447],[91.975,27.472],[91.727,27.46],[91.604,27.532],[91.573,27.62],[91.636,27.783],[91.566,27.821],[91.564,27.851],[91.827,27.808],[91.865,27.73],[91.952,27.725],[91.989,27.769],[92.065,27.762],[92.24,27.865],[92.304,27.786],[92.329,27.833],[92.368,27.804],[92.393,27.856],[92.428,27.821],[92.575,27.848],[92.684,27.91],[92.736,27.986],[92.689,28.048],[92.639,28.057],[92.679,28.133],[92.779,28.196],[92.835,28.184],[92.975,28.282],[93.208,28.341],[93.218,28.395],[93.186,28.432],[93.287,28.521],[93.317,28.603],[93.446,28.672],[93.863,28.705],[93.928,28.683],[93.992,28.845],[94.174,28.93],[94.25,28.933],[94.347,29.024],[94.271,29.098],[94.288,29.148],[94.336,29.15],[94.396,29.207],[94.515,29.221],[94.6,29.317],[94.704,29.285],[94.777,29.167],[94.989,29.154],[95.2,29.094],[95.225,29.059],[95.367,29.036],[95.488,29.069],[95.515,29.209],[95.564,29.246],[95.717,29.218],[95.745,29.34],[95.796,29.353],[95.863,29.324],[95.954,29.359],[96.142,29.368],[96.176,29.286],[96.235,29.241],[96.35,29.274],[96.367,29.244],[96.327,29.18],[96.175,29.109],[96.195,28.941],[96.249,28.945],[96.367,29.037],[96.458,28.995],[96.577,28.809],[96.598,28.71],[96.501,28.688],[96.502,28.644],[96.302,28.421],[96.37,28.378],[96.562,28.447],[96.717,28.437],[96.966,28.33],[97.116,28.367],[97.323,28.217],[97.293,28.095],[97.362,27.995],[97.334,27.894],[97.223,27.9],[96.862,27.599],[96.881,27.444],[97.101,27.183],[97.135,27.127],[97.119,27.087],[97.038,27.087],[96.865,27.172],[96.854,27.249],[96.705,27.361],[96.649,27.336],[96.587,27.354],[96.511,27.292],[96.143,27.258],[96.013,27.191],[95.916,27.051],[95.778,26.995],[95.699,26.896],[95.624,26.881],[95.575,26.816],[95.49,26.811],[95.411,26.702],[95.261,26.648],[95.205,26.668],[95.123,26.612],[95.041,26.476],[95.066,26.407],[95.042,26.288],[95.094,26.195],[95.088,26.104],[95.151,26.05],[95.001,25.922],[95.009,25.737],[94.961,25.718],[94.86,25.567],[94.659,25.456],[94.608,25.395],[94.553,25.204],[94.689,25.139],[94.709,25.026],[94.582,24.73],[94.516,24.705],[94.295,24.333],[94.132,23.857],[94.1,23.843],[93.912,23.939],[93.804,23.936],[93.711,24.005],[93.612,24.009],[93.571,23.968],[93.457,23.96],[93.368,24.078],[93.31,24.064],[93.303,23.995],[93.356,23.907],[93.375,23.739],[93.43,23.68],[93.375,23.13],[93.273,23.006],[93.177,23.058],[93.14,23.032],[93.176,22.882],[93.08,22.773],[93.071,22.693],[93.111,22.596],[93.099,22.512],[93.166,22.387],[93.174,22.259],[93.124,22.231],[93.142,22.187],[93.025,22.202],[93.025,22.113],[92.967,22.063],[92.979,21.995],[92.906,22.017],[92.877,21.957],[92.836,22.047],[92.684,22.154],[92.651,22.019],[92.576,21.978],[92.537,22.129],[92.577,22.169],[92.496,22.696],[92.442,22.763],[92.426,22.871],[92.36,22.927],[92.328,23.171],[92.349,23.354],[92.253,23.609],[92.259,23.706],[92.222,23.708],[92.194,23.648],[92.151,23.732],[92.019,23.64],[91.923,23.723],[91.941,23.495],[91.818,23.401],[91.744,23.272],[91.796,23.089],[91.707,22.995],[91.586,22.944],[91.524,22.995],[91.464,23.184],[91.394,23.263],[91.356,23.224],[91.371,23.063],[91.314,23.101],[91.266,23.329],[91.287,23.356],[91.136,23.63],[91.175,23.67],[91.132,23.721],[91.195,23.755],[91.225,23.826],[91.216,23.908],[91.274,23.988],[91.339,23.995],[91.363,24.1],[91.582,24.096],[91.629,24.215],[91.704,24.143],[91.733,24.164],[91.733,24.234],[91.807,24.221],[91.844,24.155],[91.877,24.158],[91.9,24.338],[91.972,24.316],[91.95,24.375],[92.063,24.371],[92.108,24.406],[92.111,24.514],[92.164,24.559],[92.234,24.778],[92.223,24.891],[92.29,24.891],[92.381,24.837],[92.478,24.864],[92.484,24.928],[92.304,25.074],[92.034,25.182],[91.73,25.167],[91.639,25.124],[91.566,25.16],[91.432,25.138],[91.236,25.202],[90.822,25.142],[90.623,25.171],[90.365,25.15],[89.908,25.297],[89.819,25.285],[89.795,25.374],[89.834,25.635],[89.783,25.814],[89.834,25.932],[89.792,25.949],[89.829,25.979],[89.756,26.032],[89.718,26.146],[89.656,26.161],[89.653,26.223],[89.613,26.219],[89.614,26.164],[89.563,26.143],[89.604,26.121],[89.567,26.087],[89.611,26.072],[89.542,25.96],[89.486,25.999],[89.335,25.999],[89.119,26.147],[89.069,26.287],[89.103,26.327],[89.044,26.381],[88.941,26.439],[88.891,26.386],[88.982,26.292],[89.008,26.297],[89.04,26.247],[89.019,26.234],[88.975,26.224],[88.876,26.277],[88.825,26.227],[88.748,26.293],[88.663,26.264],[88.646,26.276],[88.712,26.328],[88.656,26.415],[88.411,26.545],[88.394,26.618],[88.373,26.612],[88.315,26.465],[88.336,26.448],[88.354,26.485],[88.461,26.454],[88.498,26.353],[88.432,26.362],[88.337,26.282],[88.326,26.216],[88.164,26.14],[88.151,26.031],[88.074,25.908],[88.088,25.831],[88.128,25.775],[88.26,25.789],[88.419,25.654],[88.424,25.592],[88.53,25.5],[88.666,25.463],[88.742,25.513],[88.772,25.502],[88.815,25.459],[88.8,25.396],[88.842,25.333],[88.985,25.285],[88.929,25.229],[88.924,25.168],[88.817,25.197],[88.784,25.161],[88.441,25.19],[88.426,25.051],[88.323,24.875],[88.243,24.881],[88.202,24.945],[88.115,24.916],[88.141,24.845],[88.053,24.755],[88.022,24.646],[88.082,24.6],[88.11,24.501],[88.475,24.315],[88.635,24.294],[88.66,24.338],[88.738,24.287],[88.746,24.214],[88.678,24.154],[88.674,24.083],[88.725,24.038],[88.714,23.925],[88.653,23.87],[88.578,23.855],[88.54,23.65],[88.719,23.468],[88.77,23.489],[88.686,23.293],[88.697,23.252],[88.96,23.203],[88.851,23.075],[88.839,22.976],[88.945,22.848],[88.908,22.741],[88.956,22.585],[88.928,22.548],[88.971,22.528],[89.009,22.286],[89.078,22.151],[89.044,22.137],[89.037,22.086],[89.061,21.938],[89.01,21.905],[88.945,21.939],[88.929,21.987],[88.905,21.969],[89.016,21.853],[89.083,21.617],[89.034,21.633],[89.0,21.603],[88.892,21.654],[88.859,21.767],[88.838,21.702],[88.859,21.637],[88.806,21.623],[88.811,21.692],[88.777,21.644],[88.791,21.568],[88.708,21.578],[88.695,21.84],[88.763,22.017],[88.709,22.072],[88.763,22.131],[88.695,22.082],[88.731,22.037],[88.69,21.946],[88.631,21.945],[88.639,22.11],[88.683,22.185],[88.66,22.205],[88.567,21.851],[88.565,21.767],[88.624,21.778],[88.633,21.75],[88.613,21.697],[88.592,21.705],[88.572,21.558],[88.536,21.575],[88.544,21.534],[88.513,21.525],[88.488,21.557],[88.53,21.658],[88.505,21.742],[88.533,21.795],[88.496,21.952],[88.456,21.624],[88.393,21.6],[88.393,21.699],[88.356,21.685],[88.331,21.719],[88.349,21.65],[88.31,21.61],[88.298,21.764],[88.262,21.799],[88.306,21.572],[88.254,21.555],[88.182,21.665],[88.21,21.789],[88.147,21.959],[88.222,22.078],[88.198,22.168],[88.077,22.24],[88.009,22.24],[87.94,22.413],[87.907,22.425],[87.965,22.245],[88.008,22.205],[88.133,22.179],[88.164,22.09],[88.043,22.017],[87.984,21.854],[87.834,21.729],[87.704,21.656],[87.201,21.552],[87.064,21.475],[86.918,21.327],[86.837,21.175],[86.844,21.082],[86.966,20.806],[86.954,20.781],[86.879,20.781],[86.987,20.752],[86.999,20.711],[86.94,20.698],[86.995,20.671],[87.043,20.698],[86.751,20.489],[86.72,20.368],[86.789,20.39],[86.796,20.437],[86.81,20.415],[86.694,20.294],[86.755,20.314],[86.495,20.184],[86.467,20.095],[86.391,20.02],[86.426,19.999],[86.397,19.983],[86.275,20.067],[86.209,20.067],[86.153,20.143],[86.168,20.073],[86.372,19.965],[86.269,19.91],[85.48,19.666],[85.427,19.704],[85.577,19.746],[85.57,19.876],[85.44,19.896],[85.268,19.78],[85.14,19.597],[85.151,19.56],[85.103,19.53],[85.124,19.478],[85.233,19.554],[85.193,19.581],[85.248,19.609],[85.248,19.656],[85.309,19.642],[85.391,19.691],[85.405,19.646],[85.378,19.615],[85.288,19.601],[85.331,19.576],[85.577,19.691],[85.18,19.475],[84.791,19.121],[84.739,19.148],[84.74,19.074],[84.78,19.097],[84.741,19.028],[84.424,18.636],[84.333,18.554],[84.247,18.526],[84.271,18.5],[84.35,18.553],[84.144,18.375],[84.113,18.298],[83.775,18.14],[83.614,18.045],[83.473,17.902],[83.452,17.923],[83.453,17.868],[83.341,17.717],[83.299,17.69],[83.247,17.716],[83.299,17.664],[83.213,17.635],[83.239,17.593],[82.897,17.409],[82.719,17.349],[82.475,17.206],[82.37,17.11],[82.253,16.929],[82.268,16.867],[82.314,16.847],[82.362,16.859],[82.349,16.956],[82.367,16.909],[82.338,16.678],[82.313,16.608],[82.281,16.621],[82.307,16.58],[82.069,16.444],[81.763,16.323],[81.585,16.342],[81.557,16.373],[81.417,16.34],[81.411,16.383],[81.26,16.333],[81.15,15.97],[80.999,15.847],[81.013,15.778],[80.91,15.853],[80.896,16.031],[80.875,16.017],[80.89,15.895],[80.807,15.716],[80.776,15.884],[80.67,15.908],[80.393,15.797],[80.28,15.701],[80.211,15.497],[80.091,15.305],[80.053,15.093],[80.108,14.714],[80.178,14.606],[80.142,14.571],[80.197,14.565],[80.175,14.345],[80.128,14.257],[80.047,14.207],[80.136,14.229],[80.15,14.028],[80.249,13.8],[80.221,13.697],[80.314,13.441],[80.142,13.729],[80.136,13.619],[80.094,13.695],[80.053,13.619],[80.119,13.501],[80.266,13.468],[80.307,13.413],[80.327,13.43],[80.333,13.198],[80.18,12.533],[80.096,12.362],[79.944,12.218],[80.005,12.242],[79.862,12.022],[79.786,11.769],[79.752,11.577],[79.819,11.381],[79.75,11.374],[79.676,11.296],[79.759,11.358],[79.833,11.342],[79.857,10.293],[79.795,10.269],[79.757,10.309],[79.633,10.329],[79.614,10.31],[79.759,10.282],[79.76,10.258],[79.557,10.299],[79.604,10.329],[79.587,10.344],[79.46,10.308],[79.398,10.325],[79.286,10.253],[79.236,10.167],[79.279,10.036],[78.981,9.667],[78.913,9.474],[78.96,9.385],[79.075,9.3],[79.252,9.289],[79.341,9.316],[79.354,9.241],[79.454,9.159],[79.293,9.25],[78.989,9.278],[78.676,9.184],[78.635,9.145],[78.412,9.1],[78.24,8.966],[78.183,8.877],[78.162,8.753],[78.21,8.788],[78.215,8.765],[78.169,8.734],[78.143,8.658],[78.115,8.658],[78.142,8.593],[78.128,8.488],[78.056,8.364],[77.768,8.182],[77.595,8.139],[77.565,8.083],[77.511,8.076],[77.309,8.131],[76.996,8.368],[76.544,8.913],[76.621,8.925],[76.574,8.943],[76.603,8.973],[76.658,8.966],[76.634,8.987],[76.668,9.007],[76.583,9.001],[76.559,8.952],[76.565,8.994],[76.528,8.947],[76.46,9.115],[76.483,9.172],[76.462,9.151],[76.415,9.247],[76.443,9.145],[76.363,9.325],[76.236,9.953],[76.285,9.929],[76.286,9.904],[76.257,9.909],[76.281,9.843],[76.309,9.88],[76.339,9.699],[76.346,9.816],[76.32,9.862],[76.359,9.816],[76.394,9.679],[76.357,9.521],[76.459,9.497],[76.503,9.535],[76.407,9.569],[76.394,9.843],[76.359,9.915],[76.278,9.978],[76.245,10.102],[76.215,10.138],[76.208,10.117],[76.243,9.987],[76.182,10.106],[76.178,10.171],[76.24,10.239],[76.195,10.269],[76.202,10.2],[76.153,10.22],[76.052,10.514],[75.922,10.766],[75.942,10.796],[75.895,10.85],[75.736,11.372],[75.665,11.463],[75.609,11.485],[75.506,11.727],[75.325,11.899],[75.308,11.932],[75.4,11.92],[75.393,11.975],[75.349,11.948],[75.302,11.966],[75.281,12.011],[75.33,12.013],[75.304,12.043],[75.264,12.013],[75.277,11.967],[75.194,12.022],[75.14,12.249],[75.105,12.221],[74.828,12.825],[74.941,12.879],[74.818,12.862],[74.783,13.085],[74.689,13.382],[74.681,13.468],[74.708,13.413],[74.667,13.633],[74.736,13.654],[74.688,13.712],[74.66,13.66],[74.615,13.836],[74.495,14.031],[74.429,14.24],[74.433,14.263],[74.509,14.25],[74.415,14.301],[74.354,14.505],[74.389,14.463],[74.428,14.476],[74.359,14.571],[74.339,14.524],[74.301,14.527],[74.295,14.587],[74.339,14.613],[74.276,14.61],[74.253,14.719],[74.22,14.738],[74.194,14.716],[74.096,14.793],[74.119,14.832],[74.16,14.826],[74.235,14.877],[74.208,14.901],[74.112,14.846],[74.036,14.921],[74.031,14.995],[73.913,15.079],[73.962,15.152],[73.891,15.343],[73.783,15.408],[73.9,15.408],[73.968,15.374],[73.928,15.417],[73.796,15.449],[73.818,15.497],[73.872,15.511],[73.866,15.538],[73.766,15.497],[73.737,15.572],[73.76,15.632],[73.838,15.661],[73.718,15.627],[73.701,15.723],[73.646,15.737],[73.605,15.881],[73.491,15.993],[73.516,16.025],[73.447,16.069],[73.488,16.189],[73.453,16.167],[73.447,16.114],[73.435,16.218],[73.358,16.367],[73.385,16.402],[73.341,16.432],[73.303,16.533],[73.307,16.563],[73.379,16.518],[73.315,16.599],[73.371,16.61],[73.312,16.645],[73.304,16.813],[73.269,16.876],[73.289,16.984],[73.251,17.032],[73.276,17.079],[73.187,17.306],[73.249,17.285],[73.171,17.39],[73.181,17.478],[73.126,17.557],[73.201,17.586],[73.121,17.626],[73.123,17.736],[73.005,18.012],[73.043,18.067],[73.009,18.039],[72.987,18.067],[72.967,18.196],[72.927,18.224],[72.94,18.286],[72.973,18.245],[73.051,18.227],[73.057,18.186],[73.072,18.273],[72.995,18.284],[72.913,18.361],[72.89,18.441],[72.907,18.524],[72.947,18.532],[73.015,18.47],[72.96,18.555],[72.91,18.559],[72.855,18.681],[72.857,18.786],[72.927,18.827],[72.995,18.731],[73.016,18.814],[72.981,18.833],[72.982,18.871],[72.946,18.858],[72.897,18.894],[72.937,18.947],[72.977,18.948],[72.954,18.971],[73.057,19.015],[72.988,18.999],[72.967,19.163],[72.934,19.034],[72.891,18.992],[72.885,19.026],[72.869,19.011],[72.821,18.903],[72.803,18.958],[72.77,18.948],[72.824,19.054],[72.823,19.169],[72.782,19.16],[72.83,19.252],[72.775,19.205],[72.785,19.314],[72.973,19.294],[73.027,19.206],[73.05,19.218],[72.988,19.301],[72.899,19.307],[72.837,19.348],[72.802,19.332],[72.763,19.38],[72.754,19.482],[72.879,19.532],[72.796,19.527],[72.742,19.581],[72.756,19.519],[72.723,19.536],[72.687,19.725],[72.726,19.706],[72.733,19.78],[72.678,19.747],[72.649,19.852],[72.756,20.215],[72.748,20.28],[72.886,20.532],[72.899,20.732],[72.947,20.759],[72.919,20.822],[72.886,20.807],[72.9,20.868],[72.837,20.836],[72.865,20.897],[72.837,20.93],[72.888,20.983],[72.833,20.972],[72.772,21.024],[72.85,21.048],[72.81,21.13],[72.742,21.123],[72.7,21.075],[72.714,21.164],[72.676,21.154],[72.671,21.1],[72.615,21.106],[72.735,21.199],[72.646,21.273],[72.618,21.253],[72.587,21.341],[72.646,21.363],[72.565,21.386],[72.747,21.453],[72.738,21.483],[72.584,21.417],[72.62,21.487],[72.823,21.644],[72.89,21.641],[73.132,21.758],[72.927,21.685],[72.55,21.667],[72.528,21.695],[72.567,21.849],[72.618,21.925],[72.69,21.939],[72.735,21.994],[72.543,21.911],[72.502,21.976],[72.536,22.141],[72.575,22.195],[72.634,22.21],[72.748,22.164],[72.812,22.234],[72.916,22.223],[72.917,22.271],[72.757,22.244],[72.574,22.288],[72.466,22.233],[72.464,22.264],[72.392,22.253],[72.397,22.367],[72.328,22.261],[72.275,22.26],[72.24,22.302],[72.149,22.278],[72.191,22.251],[72.24,22.288],[72.239,22.239],[72.306,22.23],[72.308,22.079],[72.258,22.012],[72.173,21.976],[72.097,22.007],[72.128,21.984],[72.077,21.98],[72.102,21.945],[72.029,21.939],[72.157,21.926],[72.169,21.841],[72.058,21.899],[72.105,21.836],[72.004,21.858],[71.996,21.8],[72.022,21.774],[72.166,21.794],[72.299,21.626],[72.22,21.445],[72.105,21.315],[72.105,21.205],[71.763,21.032],[71.584,20.958],[71.55,20.951],[71.551,20.974],[71.462,20.885],[71.141,20.766],[71.008,20.742],[70.982,20.71],[70.74,20.718],[70.337,20.927],[70.054,21.153],[69.809,21.466],[69.427,21.781],[69.391,21.877],[69.336,21.862],[69.198,21.98],[68.945,22.295],[68.983,22.419],[69.074,22.482],[69.048,22.432],[69.072,22.399],[69.202,22.415],[69.17,22.328],[69.212,22.274],[69.48,22.342],[69.526,22.392],[69.516,22.448],[69.548,22.452],[69.555,22.378],[69.616,22.356],[69.699,22.404],[69.733,22.48],[69.795,22.419],[69.973,22.541],[70.178,22.562],[70.375,22.903],[70.505,22.98],[70.528,23.047],[70.503,23.104],[70.467,23.13],[70.399,23.069],[70.392,22.941],[70.303,22.938],[70.233,23.0],[70.222,22.959],[70.163,22.949],[70.131,22.994],[70.11,22.959],[70.135,22.93],[69.833,22.858],[69.716,22.747],[69.586,22.761],[69.202,22.852],[68.866,23.02],[68.654,23.158],[68.6,23.225],[68.623,23.268],[68.552,23.26],[68.561,23.316],[68.607,23.326],[68.521,23.369],[68.536,23.421],[68.475,23.405],[68.466,23.446],[68.424,23.446],[68.486,23.514],[68.437,23.549],[68.447,23.503],[68.412,23.495],[68.409,23.621],[68.491,23.619],[68.469,23.659],[68.534,23.679],[68.671,23.816],[68.822,23.878],[68.633,23.833],[68.599,23.782],[68.428,23.714],[68.327,23.587],[68.143,23.613],[68.2,23.66],[68.276,23.666],[68.28,23.686],[68.209,23.696],[68.198,23.775],[68.164,23.758],[68.184,23.843],[68.26,23.896],[68.264,23.936],[68.3,23.911],[68.343,23.969],[68.354,23.939],[68.432,23.967],[68.724,23.965],[68.747,24.331],[68.799,24.329],[68.839,24.236],[68.904,24.321],[68.963,24.257],[69.068,24.288],[69.167,24.253],[69.281,24.284],[69.563,24.277],[69.715,24.169],[69.972,24.165],[70.052,24.202],[70.098,24.299],[70.416,24.402],[70.563,24.424],[70.568,24.273],[70.755,24.231],[70.851,24.265],[70.841,24.306],[70.918,24.362],[70.997,24.357],[71.083,24.412],[70.977,24.465],[70.955,24.585],[70.977,24.64],[71.064,24.683],[70.915,24.947],[70.849,25.163],[70.735,25.267],[70.654,25.397],[70.654,25.674],[70.592,25.709],[70.36,25.673],[70.249,25.708],[70.065,25.98],[70.078,26.1],[70.147,26.217],[70.158,26.53],[70.056,26.589],[69.816,26.58],[69.504,26.735],[69.465,26.808],[69.534,27.126],[69.994,27.571],[70.102,27.812],[70.342,28.011],[70.456,28.04],[70.535,28.016],[70.633,27.932],[70.641,27.855],[70.71,27.741],[70.832,27.701],[71.226,27.845],[71.561,27.869],[71.874,27.96],[71.908,28.136],[72.15,28.354],[72.256,28.646],[72.355,28.767],[72.93,29.048],[73.233,29.537],[73.37,29.927],[73.558,30.013],[73.74,30.048],[73.944,30.188],[73.935,30.261],[73.852,30.373],[74.058,30.531],[74.067,30.611],[74.164,30.665],[74.319,30.893],[74.401,30.893],[74.659,31.084],[74.617,31.115],[74.537,31.115],[74.506,31.175],[74.532,31.303],[74.617,31.459],[74.489,31.711],[74.55,31.827],[74.698,31.95],[74.784,31.943],[74.829,32.025],[74.956,32.032],[75.041,32.098],[75.174,32.087],[75.196,32.129],[75.295,32.149],[75.359,32.262],[75.23,32.38],[75.024,32.466],[74.907,32.445],[74.838,32.475],[74.689,32.471],[74.63,32.588],[74.689,32.809],[74.672,32.841],[74.574,32.753],[74.501,32.746],[74.439,32.786],[74.346,32.767],[74.317,32.823],[73.983,32.969],[73.943,33.018],[73.806,33.015],[73.623,33.124],[73.655,33.185],[73.615,33.232],[73.581,33.229],[73.603,33.333],[73.574,33.387],[73.628,33.452],[73.635,33.541],[73.573,33.634],[73.6,33.709],[73.567,33.803],[73.58,33.91],[73.519,34.008],[73.474,34.269],[73.4,34.376],[73.437,34.522],[73.464,34.571],[73.593,34.588],[73.623,34.564],[73.651,34.677],[73.74,34.785],[73.884,34.811],[74.018,34.881],[74.1,35.01],[74.068,35.055],[74.124,35.105],[74.102,35.14],[73.81,35.234],[73.722,35.216],[73.69,35.357],[73.784,35.447],[73.772,35.522],[73.41,35.548],[73.383,35.588],[73.307,35.6],[73.126,35.725],[73.155,35.825],[73.088,35.876],[72.872,35.874],[72.792,35.838],[72.516,35.904],[72.589,36.016],[72.529,36.098],[72.586,36.258],[72.692,36.271],[72.877,36.384],[72.896,36.462],[72.985,36.473],[72.98,36.508],[73.055,36.54],[73.094,36.603],[73.078,36.701],[73.416,36.752],[73.679,36.704],[73.721,36.727],[73.879,36.712],[73.887,36.771],[73.72,36.851],[73.712,36.894],[74.035,36.816],[74.094,36.831],[74.13,36.898],[74.236,36.902],[74.436,37.003],[74.537,36.962],[74.542,37.022],[74.662,37.054],[74.825,36.994],[74.872,36.907],[74.925,36.971],[75.1,36.994],[75.351,36.916],[75.432,36.723],[75.493,36.721],[75.571,36.767],[75.729,36.723],[75.875,36.619],[75.981,36.445],[76.149,36.425],[76.239,36.32],[76.389,36.31],[76.469,36.22],[76.719,36.16],[76.779,36.04],[76.779,35.91],[76.839,35.86],[77.009,35.82],[77.09,35.74],[77.209,35.71],[77.349,35.72],[77.421,35.64],[77.469,35.652],[77.52,35.477],[77.661,35.458],[77.76,35.498],[77.89,35.482],[77.955,35.562],[78.102,35.538],[78.162,35.624],[78.276,35.695],[78.545,35.781],[78.665,35.853],[78.971,35.887],[79.133,35.836],[79.194,35.887],[79.184,35.941],[79.29,35.977],[79.4,35.962],[79.461,35.886],[79.738,35.802],[79.876,35.785],[80.005,35.839],[80.111,35.68],[80.292,35.607],[80.327,35.477],[80.284,35.446],[80.261,35.27],[80.188,35.151],[80.163,34.951],[80.078,34.837],[80.05,34.673],[79.996,34.647],[79.867,34.658],[79.813,34.565],[79.702,34.52],[79.737,34.463],[79.713,34.415],[79.523,34.426],[79.552,34.21],[79.488,34.182],[79.495,34.106],[79.406,34.022],[79.132,34.026],[78.903,33.983],[78.898,33.907],[78.991,33.752],[79.013,33.634],[78.896,33.62],[78.918,33.386]],[[80.968,15.795],[80.985,15.762],[80.943,15.741],[80.868,15.812],[80.888,15.847],[80.968,15.795]],[[93.92,7.024],[93.903,6.808],[93.859,6.804],[93.834,6.746],[93.765,6.924],[93.704,7.006],[93.649,7.013],[93.65,7.12],[93.676,7.182],[93.814,7.242],[93.865,7.201],[93.92,7.024]],[[93.731,7.369],[93.729,7.337],[93.618,7.26],[93.594,7.315],[93.697,7.445],[93.731,7.369]],[[93.429,7.955],[93.454,7.869],[93.354,7.883],[93.305,7.95],[93.323,8.002],[93.37,8.017],[93.429,7.955]],[[93.566,7.999],[93.574,7.925],[93.511,7.98],[93.548,8.02],[93.566,7.999]],[[93.532,8.035],[93.484,7.992],[93.481,8.041],[93.517,8.063],[93.466,8.074],[93.447,8.154],[93.505,8.227],[93.532,8.213],[93.505,8.147],[93.532,8.035]],[[73.077,8.315],[73.066,8.27],[73.024,8.255],[73.077,8.315]],[[93.135,8.24],[93.167,8.205],[93.103,8.222],[93.066,8.268],[93.084,8.356],[93.135,8.24]],[[93.608,8.548],[93.628,8.487],[93.601,8.438],[93.608,8.548]],[[92.811,9.231],[92.832,9.145],[92.8,9.11],[92.731,9.131],[92.709,9.202],[92.751,9.261],[92.811,9.231]],[[92.585,10.771],[92.596,10.678],[92.54,10.621],[92.574,10.581],[92.535,10.525],[92.384,10.529],[92.417,10.629],[92.379,10.672],[92.377,10.784],[92.415,10.799],[92.429,10.851],[92.528,10.895],[92.585,10.771]],[[92.677,11.413],[92.7,11.384],[92.673,11.367],[92.594,11.378],[92.637,11.43],[92.636,11.508],[92.696,11.454],[92.677,11.413]],[[92.267,11.59],[92.285,11.544],[92.252,11.529],[92.217,11.598],[92.267,11.59]],[[93.042,11.961],[93.049,11.896],[92.947,11.99],[93.015,12.037],[93.042,11.961]],[[93.103,12.19],[93.094,12.091],[93.059,12.154],[93.073,12.201],[93.103,12.19]],[[92.733,12.972],[92.683,12.797],[92.683,12.962],[92.708,12.989],[92.733,12.972]],[[93.053,13.284],[93.079,13.26],[93.037,13.062],[92.979,13.03],[92.964,13.085],[92.937,13.067],[92.953,12.971],[92.905,12.982],[92.876,12.917],[92.924,12.914],[92.964,12.865],[92.991,12.519],[92.936,12.42],[92.895,12.455],[92.902,12.434],[92.847,12.434],[92.915,12.338],[92.879,12.313],[92.894,12.205],[92.834,12.118],[92.757,12.077],[92.793,12.036],[92.741,11.984],[92.737,11.879],[92.762,11.94],[92.799,11.899],[92.76,11.709],[92.684,11.65],[92.697,11.611],[92.736,11.682],[92.761,11.664],[92.717,11.494],[92.626,11.595],[92.649,11.638],[92.604,11.719],[92.563,11.726],[92.567,11.827],[92.525,11.857],[92.571,11.933],[92.618,11.866],[92.64,12.136],[92.682,12.22],[92.721,12.227],[92.728,12.173],[92.793,12.208],[92.759,12.266],[92.793,12.296],[92.734,12.318],[92.718,12.362],[92.722,12.599],[92.783,12.665],[92.748,12.693],[92.737,12.807],[92.8,12.858],[92.835,13.002],[92.808,13.02],[92.854,13.146],[92.847,13.345],[92.95,13.545],[93.042,13.571],[93.078,13.397],[93.004,13.331],[92.977,13.345],[93.053,13.284]],[[93.039,13.667],[93.053,13.64],[92.991,13.667],[93.039,13.667]],[[88.873,21.596],[88.911,21.567],[88.908,21.531],[88.839,21.532],[88.841,21.614],[88.873,21.596]],[[88.051,21.705],[88.147,21.87],[88.167,21.765],[88.139,21.63],[88.052,21.642],[88.051,21.705]],[[88.636,21.921],[88.671,21.907],[88.646,21.788],[88.585,21.827],[88.636,21.921]],[[88.081,21.849],[88.077,21.905],[88.119,21.945],[88.125,21.889],[88.081,21.849]]]}},{"type":"Feature","properties":{"iso":"ET","name":"Ethiopia"},"geometry":{"type":"MultiLineString","coordinates":[[[34.071,9.455],[34.098,9.68],[34.222,10.026],[34.303,10.114],[34.326,10.224],[34.279,10.566],[34.42,10.781],[34.575,10.884],[34.751,10.744],[34.754,10.684],[34.839,10.729],[34.958,10.903],[34.914,10.953],[34.984,11.186],[34.944,11.253],[35.073,11.549],[35.041,11.727],[35.073,11.819],[35.216,11.897],[35.317,12.024],[35.354,12.146],[35.413,12.199],[35.429,12.267],[35.688,12.659],[36.03,12.717],[36.115,12.702],[36.137,13.032],[36.234,13.362],[36.391,13.599],[36.458,13.82],[36.432,13.97],[36.526,14.264],[36.748,14.332],[36.947,14.305],[36.995,14.264],[37.06,14.277],[37.121,14.421],[37.294,14.457],[37.554,14.105],[37.891,14.88],[38.007,14.724],[38.115,14.681],[38.229,14.68],[38.313,14.519],[38.427,14.417],[38.866,14.494],[38.98,14.567],[39.01,14.651],[39.127,14.602],[39.208,14.44],[39.269,14.486],[39.449,14.505],[39.515,14.568],[39.651,14.497],[39.797,14.495],[39.892,14.427],[40.105,14.466],[40.277,14.405],[40.48,14.244],[40.833,14.106],[41.044,13.872],[41.192,13.616],[41.712,13.248],[41.947,12.876],[42.185,12.733],[42.379,12.466],[41.936,11.827],[41.792,11.704],[41.749,11.538],[41.788,11.26],[41.761,10.996],[41.938,10.93],[42.096,10.99],[42.392,11.006],[42.616,11.09],[42.73,11.065],[42.772,10.996],[42.924,10.999],[42.894,10.92],[42.819,10.873],[42.738,10.76],[42.7,10.659],[42.647,10.632],[42.766,10.452],[42.836,10.208],[42.982,10.092],[43.068,9.923],[43.187,9.883],[43.249,9.652],[43.371,9.544],[43.419,9.413],[43.548,9.336],[43.622,9.337],[43.985,9.008],[46.979,7.997],[47.979,7.997],[46.424,6.497],[44.942,4.911],[43.969,4.954],[43.528,4.842],[43.119,4.648],[42.96,4.517],[42.9,4.361],[42.832,4.302],[42.103,4.192],[41.923,4.071],[41.912,4.008],[41.836,3.949],[41.7,3.997],[41.643,3.969],[41.163,3.943],[40.764,4.285],[40.366,4.095],[40.167,4.035],[39.848,3.867],[39.764,3.686],[39.575,3.498],[39.536,3.405],[39.504,3.403],[39.436,3.462],[39.311,3.466],[39.316,3.495],[39.219,3.469],[39.068,3.527],[38.895,3.514],[38.722,3.56],[38.661,3.622],[38.66,3.594],[38.547,3.61],[38.509,3.651],[38.446,3.602],[38.102,3.613],[37.977,3.726],[37.095,4.285],[37.016,4.371],[36.844,4.432],[36.041,4.444],[35.94,4.508],[35.921,4.619],[35.785,4.764],[35.752,4.854],[35.756,5.063],[35.807,5.145],[35.775,5.247],[35.804,5.318],[35.469,5.431],[35.345,5.352],[35.287,5.374],[35.251,5.435],[35.262,5.512],[35.099,5.622],[34.974,5.863],[34.959,6.062],[34.845,6.249],[34.833,6.354],[34.704,6.685],[34.525,6.753],[34.504,6.89],[34.281,6.98],[34.198,7.064],[34.181,7.167],[34.132,7.163],[34.034,7.25],[34.007,7.41],[33.716,7.657],[33.551,7.691],[33.462,7.75],[33.347,7.719],[33.234,7.783],[33.058,7.798],[32.99,7.917],[33.118,8.104],[33.185,8.141],[33.17,8.205],[33.208,8.254],[33.164,8.293],[33.162,8.362],[33.235,8.456],[33.361,8.434],[33.485,8.474],[33.552,8.447],[33.62,8.461],[33.696,8.373],[33.741,8.367],[33.824,8.419],[33.95,8.433],[34.09,8.557],[34.112,8.627],[34.071,9.455]]]}},{"type":"Feature","properties":{"iso":"SO","name":"Somalia"},"geometry":{"type":"MultiLineString","coordinates":[[[46.467,6.538],[47.979,7.997],[46.979,7.997],[44.024,8.986],[43.622,9.337],[43.548,9.336],[43.419,9.413],[43.371,9.544],[43.249,9.652],[43.187,9.883],[43.068,9.923],[42.982,10.092],[42.836,10.208],[42.766,10.452],[42.647,10.632],[42.712,10.675],[42.819,10.873],[42.894,10.92],[43.241,11.488],[43.288,11.46],[43.283,11.499],[43.376,11.392],[43.46,11.351],[43.489,11.381],[43.488,11.239],[43.563,11.17],[43.659,10.988],[43.83,10.803],[44.348,10.415],[44.586,10.384],[44.751,10.428],[44.962,10.416],[44.988,10.46],[45.321,10.662],[45.487,10.685],[45.769,10.878],[45.856,10.824],[45.884,10.841],[46.102,10.771],[46.238,10.792],[46.335,10.71],[46.448,10.693],[46.66,10.754],[46.886,10.899],[47.008,10.939],[47.181,11.08],[47.406,11.185],[47.523,11.187],[47.71,11.101],[47.767,11.13],[48.13,11.137],[48.343,11.275],[48.522,11.319],[48.655,11.331],[48.889,11.251],[48.977,11.251],[49.24,11.3],[49.303,11.345],[49.419,11.345],[49.522,11.394],[49.577,11.46],[49.805,11.458],[49.942,11.516],[50.073,11.509],[50.437,11.691],[50.513,11.771],[50.576,11.921],[50.798,11.989],[51.049,11.879],[51.293,11.833],[51.248,11.652],[51.121,11.505],[51.081,11.341],[51.086,11.188],[51.19,11.138],[51.115,10.993],[51.161,10.598],[51.107,10.577],[51.092,10.482],[51.01,10.434],[51.22,10.442],[51.176,10.563],[51.293,10.48],[51.395,10.479],[51.417,10.447],[51.376,10.368],[51.273,10.378],[51.241,10.426],[51.09,10.407],[50.927,10.328],[50.884,10.101],[50.902,10.012],[50.806,9.624],[50.83,9.42],[50.647,9.211],[50.634,9.073],[50.44,8.888],[50.327,8.641],[50.303,8.505],[50.156,8.321],[50.091,8.161],[49.929,8.052],[49.824,7.934],[49.803,7.827],[49.825,7.758],[49.744,7.589],[49.247,6.811],[49.075,6.415],[49.086,6.307],[49.036,6.144],[48.647,5.48],[48.202,4.909],[47.948,4.457],[46.834,3.232],[46.352,2.789],[46.048,2.455],[45.232,1.968],[45.001,1.866],[44.55,1.559],[44.158,1.241],[44.138,1.192],[43.933,1.01],[43.659,0.805],[42.58,-0.298],[42.48,-0.422],[42.476,-0.466],[42.413,-0.491],[42.167,-0.803],[42.072,-0.829],[42.081,-0.863],[42.016,-0.968],[41.972,-1.0],[41.953,-0.894],[41.972,-1.024],[41.874,-1.176],[41.885,-1.21],[41.829,-1.169],[41.837,-1.262],[41.652,-1.565],[41.535,-1.696],[41.523,-1.573],[40.98,-0.871],[40.98,2.842],[41.343,3.201],[41.912,4.008],[41.923,4.071],[42.068,4.175],[42.832,4.302],[42.9,4.361],[42.96,4.517],[43.119,4.648],[43.528,4.842],[43.932,4.945],[44.942,4.911],[46.467,6.538]]]}},{"type":"Feature","properties":{"iso":"KE","name":"Kenya"},"geometry":{"type":"MultiLineString","coordinates":[[[35.706,4.619],[35.739,4.681],[35.778,4.678],[35.781,4.62],[35.921,4.619],[35.94,4.508],[36.041,4.444],[36.844,4.432],[37.016,4.371],[37.095,4.285],[37.977,3.726],[38.102,3.613],[38.446,3.602],[38.509,3.651],[38.547,3.61],[38.66,3.594],[38.661,3.622],[38.722,3.56],[38.895,3.514],[39.068,3.527],[39.219,3.469],[39.316,3.495],[39.311,3.466],[39.436,3.462],[39.504,3.403],[39.536,3.405],[39.575,3.498],[39.764,3.686],[39.848,3.867],[40.167,4.035],[40.366,4.095],[40.764,4.285],[41.163,3.943],[41.643,3.969],[41.7,3.997],[41.836,3.949],[41.885,3.977],[41.343,3.201],[40.965,2.814],[40.98,-0.871],[41.523,-1.573],[41.535,-1.696],[41.283,-1.969],[41.219,-1.922],[41.186,-1.99],[41.109,-1.978],[41.013,-2.042],[40.98,-2.005],[41.006,-1.902],[40.971,-1.929],[40.945,-2.073],[40.861,-1.963],[40.912,-2.192],[40.979,-2.242],[40.945,-2.309],[40.923,-2.314],[40.952,-2.286],[40.894,-2.228],[40.863,-2.231],[40.774,-2.279],[40.817,-2.398],[40.651,-2.539],[40.491,-2.528],[40.39,-2.56],[40.232,-2.669],[40.175,-2.763],[40.163,-2.934],[40.191,-2.988],[40.233,-2.982],[40.164,-3.067],[40.119,-3.184],[40.123,-3.267],[39.989,-3.373],[39.992,-3.307],[39.966,-3.321],[39.965,-3.399],[39.866,-3.616],[39.781,-3.567],[39.8,-3.635],[39.86,-3.633],[39.867,-3.695],[39.786,-3.917],[39.732,-3.946],[39.712,-3.897],[39.684,-3.917],[39.745,-3.969],[39.699,-4.048],[39.66,-3.971],[39.606,-3.97],[39.636,-4.017],[39.561,-4.04],[39.567,-4.081],[39.65,-4.07],[39.666,-4.112],[39.54,-4.43],[39.506,-4.438],[39.451,-4.582],[39.444,-4.52],[39.391,-4.571],[39.396,-4.629],[39.3,-4.595],[39.191,-4.678],[37.771,-3.655],[37.708,-3.527],[37.599,-3.513],[37.585,-3.413],[37.7,-3.314],[37.645,-3.046],[34.015,-1.038],[34.0,-1.003],[33.904,-1.003],[33.895,-0.663],[33.954,-0.154],[33.894,0.11],[34.085,0.347],[34.076,0.422],[34.15,0.604],[34.252,0.655],[34.298,0.759],[34.388,0.816],[34.487,1.082],[34.561,1.093],[34.58,1.153],[34.684,1.209],[34.798,1.232],[34.779,1.389],[34.973,1.654],[34.98,1.87],[35.006,1.917],[34.962,1.978],[34.968,2.102],[34.866,2.348],[34.868,2.411],[34.924,2.477],[34.876,2.591],[34.819,2.598],[34.73,2.853],[34.685,2.881],[34.64,2.86],[34.585,2.929],[34.534,3.118],[34.434,3.182],[34.381,3.477],[34.435,3.526],[34.44,3.668],[34.337,3.735],[34.279,3.71],[34.241,3.784],[34.152,3.776],[34.179,3.796],[34.149,3.823],[34.205,3.875],[34.085,3.877],[34.11,3.943],[34.061,4.008],[34.069,4.088],[34.029,4.188],[33.977,4.22],[34.381,4.62],[34.666,4.765],[35.246,4.982],[35.263,4.949],[35.412,5.03],[35.434,5.004],[35.396,4.926],[35.571,4.904],[35.522,4.78],[35.611,4.62],[35.7,4.589],[35.706,4.619]],[[41.054,-2.05],[41.143,-2.06],[41.155,-2.112],[41.123,-2.094],[41.105,-2.134],[40.996,-2.144],[40.994,-2.197],[40.957,-2.174],[40.969,-2.12],[41.054,-2.05]]]}},{"type":"Feature","properties":{"iso":"TZ","name":"Tanzania"},"geometry":{"type":"MultiLineString","coordinates":[[[32.921,-9.408],[32.752,-9.337],[32.713,-9.286],[32.518,-9.258],[32.423,-9.144],[32.231,-9.134],[32.134,-9.064],[32.057,-9.05],[31.938,-9.062],[31.937,-8.933],[31.788,-8.892],[31.673,-8.913],[31.553,-8.809],[31.539,-8.704],[31.386,-8.633],[31.353,-8.587],[31.261,-8.624],[31.207,-8.581],[31.078,-8.616],[30.96,-8.55],[30.828,-8.388],[30.655,-7.927],[30.442,-7.596],[30.37,-7.31],[30.294,-7.149],[30.091,-6.89],[29.707,-6.619],[29.526,-6.273],[29.476,-6.002],[29.603,-5.782],[29.612,-5.704],[29.324,-4.92],[29.321,-4.836],[29.401,-4.587],[29.404,-4.45],[29.733,-4.463],[29.784,-4.374],[29.847,-4.371],[30.003,-4.272],[30.15,-4.087],[30.209,-3.93],[30.312,-3.79],[30.382,-3.788],[30.373,-3.704],[30.432,-3.552],[30.639,-3.419],[30.603,-3.373],[30.641,-3.333],[30.721,-3.281],[30.8,-3.275],[30.832,-3.173],[30.778,-3.047],[30.825,-2.979],[30.638,-2.974],[30.539,-2.899],[30.488,-2.944],[30.416,-2.852],[30.451,-2.742],[30.523,-2.649],[30.412,-2.67],[30.508,-2.463],[30.555,-2.401],[30.638,-2.397],[30.675,-2.352],[30.759,-2.381],[30.834,-2.345],[30.888,-2.083],[30.853,-2.024],[30.817,-2.019],[30.827,-1.934],[30.797,-1.929],[30.838,-1.837],[30.831,-1.594],[30.792,-1.591],[30.739,-1.489],[30.738,-1.407],[30.555,-1.318],[30.511,-1.17],[30.467,-1.155],[30.453,-1.097],[30.481,-1.059],[30.639,-1.073],[30.777,-0.986],[34.0,-1.003],[34.015,-1.038],[37.645,-3.046],[37.7,-3.314],[37.585,-3.413],[37.599,-3.513],[37.708,-3.527],[37.771,-3.655],[39.215,-4.689],[39.216,-4.749],[39.17,-4.78],[39.216,-4.796],[39.214,-4.856],[39.162,-4.939],[39.163,-4.848],[39.109,-4.917],[39.132,-5.01],[39.084,-5.048],[39.129,-5.048],[39.143,-5.096],[39.044,-5.232],[39.081,-5.231],[39.026,-5.379],[38.981,-5.417],[38.985,-5.505],[38.889,-5.637],[38.895,-5.711],[38.833,-5.816],[38.779,-6.055],[38.857,-6.164],[38.852,-6.349],[38.915,-6.437],[38.965,-6.473],[39.037,-6.483],[38.991,-6.452],[39.041,-6.47],[39.213,-6.642],[39.246,-6.731],[39.28,-6.727],[39.28,-6.83],[39.465,-6.858],[39.554,-7.001],[39.548,-7.118],[39.498,-7.177],[39.478,-7.151],[39.436,-7.18],[39.37,-7.307],[39.328,-7.309],[39.354,-7.371],[39.304,-7.448],[39.275,-7.596],[39.302,-7.754],[39.253,-7.823],[39.305,-7.792],[39.328,-7.726],[39.355,-7.753],[39.341,-7.782],[39.396,-7.78],[39.444,-7.833],[39.421,-7.902],[39.454,-8.01],[39.341,-8.207],[39.348,-8.275],[39.328,-8.296],[39.294,-8.269],[39.28,-8.309],[39.303,-8.505],[39.358,-8.588],[39.354,-8.714],[39.439,-8.755],[39.554,-8.922],[39.449,-8.859],[39.389,-8.899],[39.464,-8.899],[39.448,-8.926],[39.492,-8.938],[39.499,-9.124],[39.569,-9.093],[39.644,-9.189],[39.643,-9.369],[39.569,-9.405],[39.567,-9.448],[39.616,-9.425],[39.651,-9.445],[39.741,-9.667],[39.747,-9.706],[39.697,-9.745],[39.752,-9.749],[39.801,-9.824],[39.8,-9.873],[39.752,-9.879],[39.79,-9.923],[39.714,-9.952],[39.724,-10.008],[39.691,-10.043],[39.763,-9.983],[39.827,-9.99],[39.914,-10.034],[39.975,-10.133],[39.985,-10.221],[39.989,-10.131],[40.02,-10.133],[40.133,-10.17],[40.121,-10.271],[40.16,-10.28],[40.174,-10.255],[40.232,-10.297],[40.267,-10.269],[40.198,-10.242],[40.232,-10.2],[40.349,-10.358],[40.422,-10.356],[40.393,-10.312],[40.427,-10.3],[40.449,-10.345],[40.411,-10.392],[40.437,-10.392],[40.437,-10.475],[40.389,-10.535],[40.289,-10.583],[40.008,-10.811],[39.786,-10.933],[39.498,-10.991],[39.238,-11.174],[39.126,-11.14],[38.896,-11.168],[38.76,-11.263],[38.654,-11.276],[38.492,-11.413],[38.348,-11.359],[38.257,-11.277],[38.167,-11.284],[38.109,-11.25],[37.938,-11.284],[37.868,-11.328],[37.817,-11.534],[37.648,-11.636],[37.504,-11.673],[37.47,-11.719],[37.341,-11.681],[37.142,-11.675],[37.032,-11.565],[36.906,-11.593],[36.82,-11.574],[36.738,-11.675],[36.626,-11.721],[36.546,-11.729],[36.495,-11.681],[36.2,-11.702],[36.168,-11.579],[35.97,-11.502],[35.94,-11.434],[35.826,-11.413],[35.696,-11.495],[35.665,-11.572],[35.576,-11.605],[35.424,-11.577],[34.965,-11.574],[34.961,-11.499],[34.887,-11.375],[34.8,-11.332],[34.766,-11.345],[34.714,-11.203],[34.614,-11.102],[34.593,-11.016],[34.675,-10.752],[34.624,-10.583],[34.581,-10.54],[34.586,-10.29],[34.525,-10.095],[34.536,-10.043],[34.318,-9.719],[34.013,-9.477],[33.946,-9.55],[33.955,-9.661],[33.912,-9.718],[33.735,-9.584],[33.439,-9.622],[33.3,-9.492],[33.173,-9.511],[32.975,-9.381],[32.921,-9.408]],[[39.896,-7.638],[39.893,-7.754],[39.823,-7.914],[39.755,-7.915],[39.687,-7.989],[39.63,-7.986],[39.587,-7.945],[39.693,-7.87],[39.704,-7.819],[39.814,-7.789],[39.773,-7.775],[39.845,-7.738],[39.896,-7.638]],[[39.543,-6.321],[39.57,-6.421],[39.508,-6.463],[39.444,-6.422],[39.417,-6.301],[39.394,-6.308],[39.404,-6.374],[39.3,-6.239],[39.282,-6.312],[39.199,-6.221],[39.19,-5.914],[39.28,-5.842],[39.313,-5.718],[39.356,-5.804],[39.373,-5.971],[39.43,-6.055],[39.417,-6.192],[39.501,-6.196],[39.499,-6.124],[39.543,-6.321]],[[39.643,-5.414],[39.651,-5.338],[39.698,-5.342],[39.664,-5.287],[39.717,-5.29],[39.691,-5.26],[39.781,-5.239],[39.65,-5.191],[39.746,-5.205],[39.743,-5.162],[39.691,-5.137],[39.701,-5.079],[39.725,-5.08],[39.677,-5.044],[39.681,-4.987],[39.716,-4.977],[39.677,-4.945],[39.684,-4.89],[39.822,-4.994],[39.856,-4.897],[39.878,-4.988],[39.836,-5.026],[39.828,-5.102],[39.839,-5.137],[39.861,-5.115],[39.856,-5.253],[39.796,-5.407],[39.781,-5.383],[39.729,-5.454],[39.739,-5.431],[39.643,-5.414]],[[39.742,-7.995],[39.801,-8.007],[39.703,-8.091],[39.742,-7.995]],[[39.226,-5.769],[39.238,-5.856],[39.214,-5.858],[39.226,-5.769]],[[39.575,-5.395],[39.66,-5.476],[39.615,-5.464],[39.575,-5.395]]]}},{"type":"Feature","properties":{"iso":"CN","name":"China"},"geometry":{"type":"MultiLineString","coordinates":[[[97.323,28.217],[97.078,28.375],[96.966,28.33],[96.717,28.437],[96.562,28.447],[96.37,28.378],[96.302,28.421],[96.502,28.644],[96.501,28.688],[96.598,28.71],[96.593,28.758],[96.458,28.995],[96.367,29.037],[96.249,28.945],[96.195,28.941],[96.175,29.109],[96.316,29.172],[96.366,29.257],[96.337,29.28],[96.235,29.241],[96.176,29.286],[96.142,29.368],[95.954,29.359],[95.863,29.324],[95.745,29.34],[95.717,29.218],[95.564,29.246],[95.515,29.209],[95.488,29.069],[95.367,29.036],[95.225,29.059],[95.2,29.094],[94.989,29.154],[94.777,29.167],[94.704,29.285],[94.6,29.317],[94.515,29.221],[94.396,29.207],[94.336,29.15],[94.288,29.148],[94.271,29.098],[94.347,29.024],[94.25,28.933],[94.174,28.93],[93.992,28.845],[93.928,28.683],[93.863,28.705],[93.446,28.672],[93.317,28.603],[93.287,28.521],[93.186,28.432],[93.218,28.395],[93.208,28.341],[92.975,28.282],[92.835,28.184],[92.779,28.196],[92.679,28.133],[92.639,28.057],[92.689,28.048],[92.736,27.986],[92.684,27.91],[92.575,27.848],[92.428,27.821],[92.393,27.856],[92.368,27.804],[92.329,27.833],[92.304,27.786],[92.24,27.865],[92.065,27.762],[91.865,27.73],[91.827,27.808],[91.73,27.804],[91.628,27.853],[91.653,27.917],[91.622,27.951],[91.419,27.995],[91.29,28.091],[91.195,28.071],[91.052,27.963],[90.91,28.033],[90.667,28.09],[90.475,28.072],[90.486,28.125],[90.598,28.2],[90.588,28.233],[90.387,28.299],[90.291,28.261],[90.226,28.358],[90.153,28.322],[90.071,28.345],[89.863,28.296],[89.756,28.184],[89.579,28.145],[89.459,28.048],[89.336,27.869],[89.225,27.808],[89.125,27.615],[89.064,27.616],[88.978,27.53],[88.951,27.433],[88.997,27.331],[88.892,27.316],[88.774,27.409],[88.742,27.532],[88.854,27.844],[88.811,27.928],[88.818,27.995],[88.61,28.106],[88.379,27.983],[88.116,27.947],[88.118,27.861],[87.837,27.908],[87.727,27.808],[87.573,27.805],[87.532,27.837],[87.369,27.804],[87.385,27.849],[87.364,27.855],[87.291,27.816],[87.156,27.826],[87.006,27.951],[86.915,27.945],[86.84,28.015],[86.74,28.021],[86.732,28.077],[86.68,28.106],[86.612,28.08],[86.554,28.104],[86.51,27.952],[86.425,27.91],[86.203,28.003],[86.172,28.072],[86.186,28.134],[86.156,28.157],[86.069,28.077],[86.113,27.927],[86.062,27.889],[85.98,27.885],[85.863,28.143],[85.734,28.222],[85.693,28.335],[85.612,28.251],[85.432,28.297],[85.363,28.26],[85.087,28.304],[85.078,28.436],[85.154,28.525],[85.161,28.595],[85.055,28.639],[84.928,28.538],[84.812,28.542],[84.678,28.604],[84.683,28.651],[84.616,28.694],[84.451,28.734],[84.377,28.849],[84.235,28.9],[84.207,28.941],[84.231,29.026],[84.175,29.057],[84.132,29.144],[84.162,29.193],[84.112,29.209],[84.09,29.257],[83.914,29.289],[83.695,29.226],[83.639,29.155],[83.524,29.184],[83.503,29.261],[83.393,29.356],[83.355,29.461],[83.328,29.485],[83.264,29.473],[83.261,29.542],[83.174,29.621],[83.093,29.615],[83.065,29.579],[82.976,29.664],[82.9,29.688],[82.837,29.66],[82.691,29.781],[82.689,29.828],[82.619,29.84],[82.542,29.923],[82.319,30.032],[82.154,30.058],[82.128,30.124],[82.156,30.181],[82.085,30.231],[82.089,30.33],[81.779,30.358],[81.614,30.417],[81.537,30.379],[81.509,30.328],[81.388,30.374],[81.35,30.157],[81.267,30.125],[81.272,30.08],[81.217,30.008],[81.098,30.017],[80.976,30.255],[80.782,30.321],[80.723,30.392],[80.596,30.46],[80.508,30.462],[80.253,30.565],[80.18,30.559],[80.203,30.606],[80.167,30.674],[80.231,30.725],[80.157,30.793],[80.063,30.785],[79.834,30.962],[79.739,30.979],[79.578,30.938],[79.476,31.014],[79.402,31.024],[79.367,31.112],[79.253,31.245],[79.238,31.33],[79.131,31.438],[79.07,31.461],[78.921,31.27],[78.745,31.308],[78.763,31.445],[78.7,31.51],[78.819,31.607],[78.724,31.673],[78.671,31.771],[78.745,31.964],[78.513,32.208],[78.458,32.23],[78.452,32.417],[78.385,32.548],[78.63,32.578],[78.737,32.63],[78.771,32.462],[78.943,32.346],[79.075,32.371],[79.113,32.472],[79.287,32.533],[79.32,32.592],[79.379,32.576],[79.407,32.53],[79.443,32.535],[79.621,32.729],[79.414,32.972],[79.334,32.994],[79.399,33.027],[79.373,33.112],[79.456,33.25],[79.42,33.275],[79.098,33.288],[78.918,33.386],[78.896,33.62],[79.013,33.634],[78.991,33.752],[78.888,33.946],[78.935,34.007],[79.406,34.022],[79.495,34.106],[79.488,34.182],[79.552,34.21],[79.523,34.426],[79.713,34.415],[79.737,34.463],[79.702,34.52],[79.813,34.565],[79.867,34.658],[79.996,34.647],[80.05,34.673],[80.078,34.837],[80.163,34.951],[80.188,35.151],[80.261,35.27],[80.284,35.446],[80.326,35.467],[80.292,35.607],[80.111,35.68],[80.005,35.839],[79.876,35.785],[79.738,35.802],[79.461,35.886],[79.4,35.962],[79.324,35.98],[79.184,35.941],[79.194,35.887],[79.133,35.836],[78.971,35.887],[78.665,35.853],[78.545,35.781],[78.276,35.695],[78.162,35.624],[78.102,35.538],[77.955,35.562],[77.89,35.482],[77.76,35.498],[77.661,35.458],[77.52,35.477],[77.469,35.652],[77.421,35.64],[77.349,35.72],[77.209,35.71],[77.09,35.74],[77.009,35.82],[76.839,35.86],[76.779,35.91],[76.779,36.04],[76.719,36.16],[76.469,36.22],[76.389,36.31],[76.239,36.32],[76.149,36.425],[75.981,36.445],[75.875,36.619],[75.729,36.723],[75.571,36.767],[75.493,36.721],[75.432,36.723],[75.378,36.894],[75.119,36.991],[74.942,36.977],[74.872,36.907],[74.793,37.015],[74.662,37.054],[74.519,37.03],[74.383,37.127],[74.368,37.167],[74.457,37.177],[74.5,37.232],[74.623,37.231],[74.721,37.298],[74.794,37.214],[74.892,37.231],[74.952,37.281],[75.068,37.312],[75.092,37.378],[75.164,37.401],[74.892,37.599],[74.886,37.653],[74.965,37.767],[74.886,37.831],[74.914,37.881],[74.88,38.022],[74.791,38.081],[74.771,38.292],[74.838,38.379],[74.833,38.464],[74.76,38.52],[74.334,38.667],[74.123,38.669],[74.037,38.598],[74.059,38.547],[74.029,38.527],[73.933,38.53],[73.816,38.587],[73.681,38.873],[73.717,38.919],[73.81,38.933],[73.826,38.977],[73.709,39.065],[73.608,39.207],[73.644,39.351],[73.633,39.448],[73.838,39.476],[73.922,39.582],[73.894,39.71],[73.819,39.786],[73.977,40.044],[74.168,40.106],[74.334,40.094],[74.706,40.331],[74.862,40.326],[74.787,40.421],[74.835,40.512],[75.002,40.447],[75.138,40.464],[75.194,40.441],[75.56,40.633],[75.618,40.494],[75.667,40.45],[75.638,40.386],[75.682,40.292],[75.902,40.299],[76.052,40.39],[76.151,40.368],[76.244,40.441],[76.314,40.343],[76.476,40.436],[76.556,40.566],[76.609,40.597],[76.648,40.765],[76.762,40.847],[76.767,40.945],[76.861,41.013],[77.008,41.044],[77.504,40.981],[77.65,40.997],[77.831,41.063],[78.075,41.04],[78.349,41.27],[78.36,41.378],[78.619,41.478],[78.658,41.532],[79.282,41.783],[79.391,41.773],[79.611,41.868],[79.748,41.88],[79.843,42.002],[80.231,42.034],[80.257,42.084],[80.21,42.19],[80.268,42.238],[80.144,42.645],[80.248,42.816],[80.549,42.878],[80.543,42.917],[80.374,42.975],[80.368,43.028],[80.618,43.134],[80.732,43.101],[80.793,43.149],[80.748,43.275],[80.643,43.326],[80.713,43.459],[80.404,44.049],[80.339,44.121],[80.373,44.231],[80.33,44.453],[80.384,44.603],[80.356,44.653],[80.492,44.702],[80.492,44.728],[80.245,44.816],[79.992,44.794],[79.869,44.849],[79.843,44.873],[79.858,44.904],[80.103,45.032],[80.39,45.046],[80.445,45.104],[80.697,45.144],[80.854,45.126],[81.542,45.293],[81.665,45.348],[81.765,45.308],[81.794,45.196],[81.95,45.144],[82.245,45.232],[82.476,45.116],[82.54,45.124],[82.615,45.249],[82.632,45.416],[82.513,45.466],[82.363,45.481],[82.291,45.533],[82.372,45.734],[82.489,45.902],[82.568,46.197],[82.674,46.331],[82.839,46.732],[82.986,46.943],[83.021,47.206],[83.15,47.212],[83.524,47.067],[83.905,46.974],[84.07,46.964],[84.266,47.0],[84.664,46.984],[84.752,46.918],[84.716,46.835],[84.74,46.815],[84.916,46.851],[85.226,47.042],[85.499,47.052],[85.557,47.179],[85.66,47.207],[85.679,47.275],[85.67,47.384],[85.585,47.493],[85.595,47.624],[85.518,47.945],[85.586,48.141],[85.747,48.39],[86.006,48.43],[86.192,48.418],[86.307,48.483],[86.565,48.527],[86.752,48.715],[86.739,48.784],[86.789,48.839],[86.709,48.954],[86.859,49.105],[86.975,49.092],[87.116,49.13],[87.4,49.071],[87.506,49.121],[87.816,49.166],[87.822,49.029],[87.872,49.004],[87.873,48.968],[87.757,48.92],[87.738,48.869],[87.821,48.788],[88.059,48.708],[88.055,48.673],[87.943,48.599],[87.983,48.552],[88.305,48.469],[88.417,48.394],[88.503,48.393],[88.565,48.343],[88.596,48.198],[88.805,48.106],[88.917,48.106],[89.046,47.993],[89.219,47.977],[89.354,48.039],[89.542,48.031],[89.751,47.824],[89.889,47.824],[89.947,47.883],[90.045,47.88],[90.083,47.756],[90.345,47.659],[90.327,47.623],[90.441,47.493],[90.448,47.404],[90.487,47.378],[90.469,47.309],[90.712,47.015],[90.885,46.945],[90.936,46.864],[90.925,46.813],[91.005,46.74],[90.996,46.595],[91.047,46.566],[90.896,46.302],[90.996,46.114],[91.002,46.022],[90.711,45.752],[90.651,45.493],[90.753,45.421],[90.797,45.293],[90.867,45.254],[90.873,45.186],[91.057,45.218],[91.249,45.13],[91.367,45.114],[91.438,45.146],[91.534,45.071],[92.043,45.075],[92.219,45.01],[92.475,44.997],[92.848,45.039],[92.945,45.006],[93.166,45.008],[93.525,44.951],[93.714,44.875],[93.927,44.673],[94.182,44.661],[94.338,44.512],[94.588,44.436],[94.698,44.343],[95.037,44.255],[95.398,44.281],[95.323,44.158],[95.319,44.017],[95.535,43.958],[95.833,43.409],[95.874,43.247],[96.319,42.91],[96.358,42.724],[97.193,42.787],[99.474,42.564],[100.017,42.677],[101.219,42.53],[101.525,42.537],[101.735,42.461],[101.886,42.278],[102.034,42.185],[103.073,42.005],[103.691,41.759],[104.501,41.871],[104.505,41.657],[104.892,41.645],[104.974,41.586],[105.201,41.743],[106.768,42.287],[108.177,42.454],[108.797,42.398],[108.961,42.448],[109.253,42.426],[109.485,42.449],[109.667,42.549],[109.913,42.629],[110.06,42.638],[110.407,42.769],[110.973,43.316],[111.401,43.476],[111.568,43.503],[111.754,43.663],[111.933,43.697],[111.944,43.786],[111.839,43.939],[111.544,44.157],[111.491,44.283],[111.411,44.326],[111.397,44.387],[111.538,44.583],[111.551,44.693],[111.739,44.966],[111.958,45.085],[112.413,45.066],[112.586,44.924],[112.748,44.865],[113.605,44.74],[113.889,44.908],[114.089,44.962],[114.419,45.201],[114.534,45.386],[114.703,45.427],[114.939,45.374],[115.337,45.395],[115.667,45.454],[116.002,45.676],[116.17,45.709],[116.252,45.803],[116.213,45.908],[116.357,46.106],[116.568,46.291],[116.722,46.329],[116.815,46.387],[117.337,46.357],[117.413,46.525],[117.394,46.571],[117.568,46.604],[117.673,46.516],[117.798,46.52],[117.901,46.608],[118.269,46.723],[118.72,46.677],[118.847,46.765],[118.891,46.714],[118.967,46.74],[119.037,46.669],[119.317,46.612],[119.501,46.628],[119.68,46.592],[119.782,46.656],[119.854,46.66],[119.907,46.718],[119.883,46.753],[119.896,46.899],[119.77,46.993],[119.754,47.094],[119.7,47.16],[119.282,47.415],[119.31,47.476],[119.134,47.528],[119.083,47.662],[118.767,47.756],[118.542,47.966],[118.182,48.028],[117.767,47.993],[117.361,47.651],[117.07,47.81],[116.822,47.876],[116.5,47.836],[116.244,47.863],[116.084,47.807],[115.915,47.684],[115.576,47.91],[115.514,48.132],[115.8,48.242],[115.8,48.53],[116.028,48.767],[116.038,48.87],[116.684,49.823],[117.058,49.673],[117.253,49.622],[117.473,49.614],[117.837,49.509],[118.188,49.681],[118.394,49.82],[118.477,49.836],[118.521,49.894],[118.644,49.955],[119.092,49.987],[119.209,50.015],[119.316,50.093],[119.357,50.341],[119.175,50.356],[119.138,50.393],[119.244,50.446],[119.294,50.599],[119.497,50.737],[119.518,50.905],[119.741,51.072],[119.785,51.172],[119.762,51.215],[119.815,51.216],[119.82,51.275],[119.916,51.331],[119.895,51.384],[119.953,51.398],[119.977,51.487],[120.053,51.552],[120.1,51.66],[120.166,51.669],[120.493,51.876],[120.648,51.911],[120.711,51.988],[120.697,52.049],[120.779,52.118],[120.758,52.237],[120.626,52.347],[120.724,52.542],[120.454,52.639],[120.079,52.59],[120.034,52.625],[120.033,52.761],[120.28,52.866],[120.874,53.28],[121.203,53.277],[121.341,53.324],[121.512,53.33],[121.641,53.385],[121.889,53.431],[122.082,53.43],[122.317,53.496],[122.402,53.451],[122.86,53.474],[123.154,53.513],[123.253,53.568],[123.482,53.518],[123.514,53.562],[123.542,53.514],[123.614,53.563],[123.702,53.51],[123.971,53.455],[124.122,53.353],[124.253,53.376],[124.384,53.246],[124.652,53.209],[124.72,53.149],[124.801,53.155],[124.87,53.108],[124.896,53.118],[124.898,53.186],[125.074,53.212],[125.477,53.084],[125.521,53.042],[125.621,53.062],[125.734,52.982],[125.646,52.885],[125.837,52.907],[125.977,52.765],[126.088,52.775],[126.104,52.754],[126.035,52.727],[126.069,52.68],[125.983,52.653],[125.991,52.586],[126.028,52.566],[126.083,52.593],[126.212,52.533],[126.2,52.467],[126.276,52.463],[126.351,52.377],[126.316,52.316],[126.439,52.275],[126.312,52.228],[126.317,52.2],[126.556,52.131],[126.514,52.043],[126.439,51.998],[126.648,51.741],[126.726,51.709],[126.724,51.636],[126.677,51.577],[126.807,51.534],[126.83,51.508],[126.793,51.459],[126.8,51.419],[126.909,51.391],[126.827,51.339],[126.809,51.289],[126.87,51.252],[126.899,51.317],[126.972,51.324],[126.905,51.208],[126.932,51.064],[127.287,50.751],[127.289,50.675],[127.367,50.578],[127.289,50.466],[127.359,50.415],[127.331,50.328],[127.591,50.209],[127.57,50.13],[127.487,50.026],[127.534,49.922],[127.507,49.844],[127.539,49.79],[127.644,49.767],[127.704,49.661],[127.855,49.585],[127.968,49.603],[128.067,49.547],[128.198,49.539],[128.345,49.548],[128.384,49.579],[128.629,49.575],[128.672,49.611],[128.802,49.565],[128.76,49.471],[128.879,49.48],[128.998,49.441],[129.115,49.349],[129.218,49.391],[129.341,49.341],[129.379,49.425],[129.481,49.421],[129.528,49.385],[129.552,49.29],[129.711,49.274],[129.742,49.196],[129.842,49.167],[129.842,49.109],[129.921,49.082],[129.926,49.026],[130.202,48.883],[130.249,48.865],[130.44,48.896],[130.541,48.853],[130.674,48.871],[130.53,48.616],[130.62,48.56],[130.626,48.482],[130.759,48.486],[130.743,48.412],[130.825,48.318],[130.753,48.19],[130.675,48.136],[130.675,48.064],[130.907,47.884],[130.942,47.821],[130.942,47.718],[131.023,47.682],[131.418,47.743],[131.603,47.662],[131.703,47.696],[131.914,47.668],[132.025,47.698],[132.162,47.69],[132.332,47.737],[132.525,47.708],[132.668,47.881],[132.675,47.951],[132.806,47.936],[133.092,48.107],[133.224,48.126],[133.524,48.095],[133.738,48.251],[134.386,48.381],[134.471,48.34],[134.543,48.357],[134.611,48.285],[134.719,48.263],[134.683,48.136],[134.559,48.01],[134.588,47.926],[134.658,47.887],[134.773,47.711],[134.557,47.471],[134.485,47.43],[134.313,47.42],[134.184,47.328],[134.154,47.258],[134.227,47.118],[134.124,47.071],[134.069,46.981],[134.017,46.819],[134.045,46.772],[134.015,46.665],[133.902,46.574],[133.846,46.471],[133.934,46.391],[133.863,46.339],[133.916,46.313],[133.902,46.259],[133.687,46.142],[133.72,46.064],[133.658,45.935],[133.618,45.936],[133.586,45.876],[133.514,45.879],[133.477,45.82],[133.511,45.779],[133.443,45.71],[133.488,45.687],[133.457,45.649],[133.477,45.628],[133.428,45.615],[133.413,45.573],[133.18,45.494],[133.102,45.287],[133.127,45.155],[133.099,45.108],[132.921,45.028],[131.969,45.234],[131.853,45.338],[131.785,45.305],[131.723,45.215],[131.628,45.198],[131.609,45.09],[131.434,44.961],[131.329,44.968],[131.177,44.903],[131.052,44.909],[131.025,44.862],[130.933,44.842],[131.066,44.682],[131.264,44.054],[131.207,43.975],[131.217,43.908],[131.17,43.781],[131.192,43.589],[131.161,43.533],[131.274,43.451],[131.281,43.38],[131.238,43.266],[131.169,43.202],[131.184,43.121],[131.078,43.032],[131.103,42.91],[131.024,42.896],[130.992,42.849],[130.77,42.866],[130.735,42.824],[130.586,42.817],[130.407,42.735],[130.38,42.697],[130.404,42.678],[130.504,42.678],[130.572,42.622],[130.585,42.569],[130.531,42.53],[130.501,42.611],[130.455,42.585],[130.453,42.549],[130.428,42.599],[130.263,42.709],[130.239,42.902],[130.099,42.922],[130.121,42.982],[130.008,42.961],[129.934,43.008],[129.88,42.996],[129.907,42.976],[129.852,42.962],[129.757,42.735],[129.788,42.677],[129.742,42.629],[129.763,42.606],[129.703,42.442],[129.592,42.448],[129.535,42.37],[129.434,42.441],[129.34,42.445],[129.352,42.421],[129.236,42.374],[129.236,42.324],[129.194,42.318],[129.228,42.298],[129.181,42.243],[129.211,42.22],[128.964,42.089],[128.94,42.035],[128.721,42.048],[128.502,41.996],[128.262,42.033],[128.035,41.994],[128.048,41.864],[128.091,41.842],[128.159,41.712],[128.251,41.66],[128.303,41.583],[128.146,41.376],[128.015,41.413],[128.001,41.471],[127.881,41.461],[127.849,41.431],[127.638,41.43],[127.543,41.491],[127.305,41.495],[127.269,41.505],[127.281,41.531],[127.207,41.546],[127.135,41.522],[127.105,41.537],[127.18,41.585],[127.059,41.643],[127.049,41.678],[127.077,41.681],[127.043,41.733],[126.946,41.766],[126.93,41.801],[126.789,41.696],[126.679,41.736],[126.728,41.701],[126.618,41.666],[126.567,41.614],[126.577,41.562],[126.501,41.434],[126.522,41.352],[126.441,41.348],[126.275,41.153],[126.124,41.076],[126.104,41.009],[125.981,40.914],[126.008,40.899],[125.761,40.886],[125.645,40.811],[125.683,40.769],[125.572,40.785],[125.546,40.726],[125.469,40.713],[125.413,40.632],[125.293,40.649],[125.025,40.534],[125.041,40.461],[124.935,40.456],[124.896,40.484],[124.741,40.37],[124.712,40.31],[124.571,40.252],[124.358,40.089],[124.361,40.011],[124.294,39.934],[124.137,39.842],[123.986,39.81],[123.942,39.841],[123.773,39.818],[123.643,39.879],[123.657,39.92],[123.591,39.784],[123.563,39.769],[123.513,39.798],[123.428,39.727],[123.417,39.825],[123.314,39.776],[123.252,39.817],[123.265,39.754],[123.204,39.745],[123.269,39.708],[123.223,39.68],[123.009,39.68],[122.964,39.612],[122.849,39.618],[122.688,39.519],[122.648,39.532],[122.588,39.467],[122.562,39.487],[122.555,39.456],[122.29,39.351],[122.115,39.201],[122.105,39.159],[122.163,39.146],[122.048,39.099],[122.042,39.06],[121.904,39.049],[121.923,39.009],[121.827,39.036],[121.895,38.981],[121.871,38.951],[121.725,39.03],[121.739,39.002],[121.636,38.995],[121.653,38.963],[121.587,38.94],[121.694,38.91],[121.696,38.863],[121.553,38.858],[121.485,38.81],[121.237,38.798],[121.218,38.776],[121.245,38.776],[121.18,38.721],[121.115,38.768],[121.139,38.789],[121.115,38.858],[121.152,38.886],[121.086,38.906],[121.118,38.943],[121.334,38.969],[121.334,39.027],[121.375,39.044],[121.467,39.015],[121.674,39.088],[121.681,39.136],[121.593,39.192],[121.633,39.236],[121.59,39.264],[121.68,39.275],[121.78,39.371],[121.943,39.399],[121.526,39.365],[121.436,39.509],[121.223,39.529],[121.306,39.598],[121.45,39.615],[121.464,39.646],[121.533,39.622],[121.55,39.679],[121.457,39.748],[121.485,39.764],[121.471,39.81],[121.685,39.923],[121.774,39.921],[121.874,39.991],[121.875,40.016],[121.827,40.023],[121.996,40.124],[121.991,40.187],[122.092,40.227],[122.106,40.31],[122.211,40.381],[122.204,40.427],[122.25,40.431],[122.302,40.502],[122.225,40.579],[122.15,40.604],[122.159,40.702],[122.122,40.68],[122.049,40.746],[121.851,40.832],[121.826,40.948],[121.868,40.996],[121.778,40.935],[121.74,40.849],[121.575,40.841],[121.361,40.94],[121.299,40.9],[121.176,40.922],[121.08,40.863],[121.05,40.797],[120.982,40.827],[120.94,40.741],[121.021,40.719],[120.825,40.674],[120.798,40.6],[120.546,40.402],[120.591,40.367],[120.502,40.327],[120.505,40.249],[120.472,40.214],[119.95,40.057],[119.912,39.998],[119.774,39.951],[119.536,39.891],[119.531,39.815],[119.429,39.795],[119.35,39.732],[119.285,39.595],[119.209,39.57],[119.243,39.571],[119.229,39.536],[119.281,39.575],[119.256,39.493],[119.305,39.433],[119.279,39.384],[119.185,39.355],[118.926,39.131],[118.894,39.132],[118.97,39.193],[118.881,39.173],[118.874,39.214],[118.796,39.152],[118.527,39.149],[118.529,39.125],[118.326,39.031],[118.235,39.053],[118.141,39.173],[118.028,39.22],[117.886,39.201],[117.715,39.111],[117.775,38.981],[117.702,38.995],[117.584,38.812],[117.544,38.621],[117.716,38.379],[117.837,38.271],[118.054,38.173],[118.065,38.143],[118.216,38.145],[118.543,38.068],[118.655,38.146],[118.76,38.155],[118.84,38.153],[118.95,38.097],[118.925,38.058],[118.997,37.963],[119.092,37.913],[119.117,37.853],[119.243,37.769],[119.26,37.716],[119.256,37.672],[119.218,37.675],[119.069,37.741],[118.97,37.593],[118.961,37.296],[119.146,37.179],[119.441,37.121],[119.771,37.152],[119.897,37.249],[119.859,37.36],[120.06,37.44],[120.298,37.598],[120.323,37.632],[120.306,37.665],[120.216,37.684],[120.368,37.695],[120.738,37.834],[120.926,37.819],[120.941,37.774],[121.033,37.71],[121.138,37.701],[121.134,37.611],[121.172,37.577],[121.308,37.581],[121.375,37.611],[121.354,37.638],[121.394,37.622],[121.43,37.597],[121.382,37.566],[121.477,37.468],[121.57,37.429],[121.676,37.439],[121.587,37.454],[121.635,37.481],[121.938,37.464],[121.95,37.426],[121.988,37.426],[121.978,37.472],[122.026,37.528],[122.122,37.563],[122.152,37.533],[122.13,37.483],[122.183,37.418],[122.245,37.46],[122.296,37.418],[122.688,37.41],[122.679,37.375],[122.571,37.345],[122.595,37.295],[122.55,37.32],[122.629,37.193],[122.574,37.185],[122.574,37.144],[122.51,37.155],[122.471,37.11],[122.454,37.154],[122.457,37.066],[122.402,37.021],[122.54,37.028],[122.507,36.898],[122.499,36.939],[122.406,36.922],[122.436,36.871],[122.32,36.823],[122.185,36.85],[122.197,36.898],[122.266,36.898],[122.163,36.946],[122.166,37.014],[122.143,36.946],[122.094,36.951],[122.033,36.898],[122.049,36.98],[121.926,36.994],[121.95,36.939],[121.786,36.891],[121.728,36.836],[121.637,36.831],[121.625,36.74],[121.496,36.774],[121.607,36.845],[121.512,36.809],[121.459,36.829],[121.453,36.757],[121.378,36.732],[121.402,36.712],[121.158,36.669],[121.08,36.61],[121.032,36.624],[121.024,36.584],[120.929,36.596],[120.933,36.62],[120.851,36.651],[120.751,36.617],[120.75,36.541],[120.85,36.605],[120.928,36.533],[120.964,36.548],[120.95,36.459],[120.906,36.452],[120.867,36.377],[120.807,36.464],[120.714,36.429],[120.687,36.387],[120.722,36.331],[120.644,36.322],[120.705,36.156],[120.628,36.117],[120.354,36.041],[120.292,36.062],[120.362,36.192],[120.306,36.274],[120.274,36.234],[120.285,36.176],[120.216,36.199],[120.219,36.222],[120.097,36.226],[120.09,36.112],[120.168,36.062],[120.175,35.994],[120.23,36.0],[120.243,35.974],[120.285,36.011],[120.299,35.973],[120.175,35.89],[120.189,35.945],[120.097,35.901],[120.039,35.843],[120.003,35.728],[119.938,35.761],[119.908,35.745],[119.936,35.705],[119.905,35.625],[119.86,35.606],[119.84,35.658],[119.744,35.576],[119.733,35.621],[119.648,35.584],[119.552,35.38],[119.508,35.332],[119.424,35.313],[119.358,35.097],[119.221,35.064],[119.193,35.0],[119.192,34.718],[119.229,34.76],[119.347,34.781],[119.442,34.746],[119.474,34.715],[119.457,34.685],[119.648,34.534],[119.94,34.458],[120.257,34.312],[120.371,34.036],[120.4,33.869],[120.505,33.736],[120.512,33.657],[120.484,33.65],[120.634,33.467],[120.667,33.325],[120.75,33.27],[120.73,33.205],[120.807,33.138],[120.826,33.03],[120.896,33.014],[120.905,32.813],[120.852,32.756],[120.86,32.69],[120.84,32.725],[120.83,32.698],[121.086,32.536],[121.101,32.498],[121.389,32.385],[121.419,32.25],[121.361,32.232],[121.443,32.114],[121.655,32.063],[121.822,31.952],[121.93,31.727],[121.872,31.691],[121.676,31.724],[121.286,31.891],[121.115,31.796],[120.978,31.814],[120.941,31.845],[120.941,31.893],[120.811,32.023],[120.634,32.077],[120.491,32.082],[120.267,31.949],[120.131,31.943],[119.992,32.016],[119.912,32.124],[119.922,32.217],[119.9,32.198],[119.842,32.299],[119.613,32.355],[119.685,32.292],[119.606,32.197],[119.69,32.235],[119.789,32.199],[119.772,32.127],[120.006,31.95],[120.23,31.909],[120.456,31.983],[120.469,32.025],[120.75,31.978],[120.825,31.829],[120.751,31.825],[120.717,31.861],[120.731,31.814],[121.144,31.685],[121.32,31.505],[121.725,31.282],[121.877,31.099],[121.977,30.915],[121.96,30.874],[121.907,30.857],[121.543,30.816],[121.203,30.665],[121.121,30.593],[121.02,30.571],[120.949,30.507],[120.94,30.422],[120.895,30.401],[120.915,30.375],[120.811,30.297],[120.698,30.394],[120.479,30.404],[120.43,30.39],[120.379,30.274],[120.258,30.298],[120.147,30.199],[120.274,30.278],[120.385,30.25],[120.45,30.369],[120.622,30.373],[120.734,30.232],[120.632,30.122],[120.792,30.066],[120.646,30.127],[120.751,30.226],[120.893,30.17],[121.15,30.326],[121.254,30.348],[121.43,30.293],[121.722,29.961],[121.767,29.973],[121.936,29.887],[122.106,29.907],[122.136,29.885],[121.873,29.754],[121.862,29.708],[121.687,29.563],[121.574,29.552],[121.531,29.51],[121.511,29.549],[121.443,29.524],[121.443,29.415],[121.505,29.484],[121.485,29.391],[121.57,29.475],[121.711,29.539],[121.764,29.531],[121.778,29.469],[121.812,29.49],[121.845,29.536],[121.745,29.545],[121.796,29.601],[121.916,29.641],[121.971,29.593],[121.95,29.538],[121.91,29.525],[121.971,29.449],[121.957,29.408],[121.923,29.418],[121.931,29.324],[121.9,29.299],[121.991,29.257],[121.953,29.25],[121.943,29.196],[121.785,29.168],[121.8,29.305],[121.841,29.319],[121.788,29.329],[121.787,29.374],[121.759,29.36],[121.774,29.254],[121.724,29.182],[121.652,29.183],[121.64,29.307],[121.629,29.188],[121.574,29.305],[121.574,29.278],[121.526,29.278],[121.504,29.179],[121.48,29.197],[121.456,29.161],[121.409,29.161],[121.456,29.134],[121.402,29.107],[121.621,29.113],[121.615,29.058],[121.537,29.061],[121.532,29.02],[121.557,29.049],[121.642,29.051],[121.69,29.017],[121.654,28.989],[121.718,28.949],[121.684,28.915],[121.587,28.963],[121.571,28.93],[121.517,28.956],[121.492,28.928],[121.611,28.891],[121.624,28.842],[121.67,28.825],[121.636,28.805],[121.663,28.791],[121.621,28.736],[121.503,28.7],[121.351,28.712],[121.142,28.846],[121.299,28.723],[121.258,28.675],[121.414,28.697],[121.51,28.657],[121.582,28.505],[121.512,28.489],[121.608,28.477],[121.584,28.443],[121.656,28.339],[121.621,28.285],[121.586,28.257],[121.581,28.301],[121.5,28.333],[121.409,28.305],[121.416,28.256],[121.365,28.226],[121.374,28.173],[121.33,28.148],[121.225,28.239],[121.249,28.27],[121.203,28.332],[121.265,28.366],[121.169,28.385],[121.13,28.306],[121.025,28.305],[121.122,28.284],[121.125,28.236],[121.009,28.103],[120.965,27.987],[120.606,28.042],[120.56,28.113],[120.589,28.027],[120.835,27.956],[120.868,27.883],[120.723,27.716],[120.635,27.763],[120.676,27.66],[120.597,27.57],[120.618,27.516],[120.682,27.482],[120.635,27.38],[120.546,27.403],[120.505,27.345],[120.549,27.321],[120.518,27.202],[120.468,27.182],[120.46,27.22],[120.422,27.222],[120.429,27.174],[120.376,27.236],[120.303,27.242],[120.312,27.318],[120.224,27.311],[120.226,27.269],[120.196,27.298],[120.182,27.217],[120.257,27.257],[120.306,27.215],[120.347,27.243],[120.347,27.18],[120.422,27.147],[120.374,27.147],[120.408,27.14],[120.367,27.125],[120.378,27.099],[120.244,27.133],[120.278,27.064],[120.216,27.037],[120.255,26.997],[120.149,26.982],[120.236,26.966],[120.219,26.915],[120.032,26.9],[120.055,26.889],[120.025,26.838],[120.128,26.797],[120.098,26.758],[120.149,26.721],[120.102,26.689],[120.134,26.646],[119.96,26.611],[119.936,26.56],[119.847,26.524],[119.854,26.598],[119.984,26.654],[120.08,26.797],[119.925,26.792],[119.936,26.759],[119.88,26.655],[119.829,26.715],[119.792,26.688],[119.802,26.767],[119.84,26.79],[119.792,26.79],[119.797,26.816],[119.846,26.852],[119.782,26.829],[119.756,26.738],[119.686,26.812],[119.678,26.763],[119.725,26.698],[119.627,26.749],[119.606,26.797],[119.552,26.749],[119.559,26.708],[119.606,26.695],[119.6,26.646],[119.541,26.656],[119.6,26.57],[119.675,26.619],[119.785,26.578],[119.766,26.534],[119.819,26.453],[119.792,26.413],[119.762,26.407],[119.654,26.498],[119.566,26.455],[119.648,26.437],[119.682,26.317],[119.747,26.328],[119.754,26.372],[119.826,26.427],[119.84,26.379],[119.95,26.365],[119.877,26.313],[119.801,26.318],[119.793,26.284],[119.654,26.272],[119.634,26.255],[119.668,26.222],[119.6,26.176],[119.459,25.982],[119.094,26.146],[119.195,26.088],[119.247,25.967],[119.33,25.944],[119.441,25.964],[119.519,26.045],[119.695,26.003],[119.675,25.926],[119.616,25.893],[119.6,25.844],[119.566,25.872],[119.621,25.76],[119.59,25.687],[119.449,25.687],[119.492,25.565],[119.579,25.585],[119.593,25.529],[119.566,25.516],[119.6,25.508],[119.573,25.488],[119.628,25.461],[119.646,25.393],[119.62,25.365],[119.655,25.358],[119.579,25.344],[119.6,25.371],[119.576,25.467],[119.539,25.461],[119.544,25.377],[119.483,25.371],[119.507,25.474],[119.466,25.475],[119.447,25.439],[119.449,25.505],[119.357,25.527],[119.381,25.591],[119.305,25.605],[119.321,25.587],[119.278,25.57],[119.238,25.482],[119.103,25.42],[119.173,25.325],[119.203,25.358],[119.223,25.317],[119.181,25.289],[119.201,25.26],[119.243,25.33],[119.278,25.33],[119.344,25.242],[119.281,25.241],[119.289,25.189],[119.256,25.176],[119.176,25.176],[119.116,25.214],[119.104,25.183],[119.153,25.14],[119.093,25.136],[119.099,25.111],[119.065,25.125],[119.065,25.163],[119.044,25.125],[119.029,25.141],[119.069,25.217],[118.969,25.226],[119.027,25.278],[118.876,25.244],[118.915,25.179],[118.975,25.183],[118.943,25.109],[118.849,25.074],[118.954,25.003],[119.004,25.05],[118.983,24.995],[119.018,24.96],[118.977,24.934],[118.912,24.953],[118.91,24.907],[118.973,24.894],[118.952,24.871],[118.792,24.891],[118.716,24.844],[118.698,24.86],[118.73,24.901],[118.696,24.94],[118.689,24.896],[118.668,24.953],[118.64,24.916],[118.671,24.875],[118.572,24.885],[118.613,24.856],[118.638,24.772],[118.702,24.81],[118.72,24.769],[118.763,24.763],[118.685,24.666],[118.642,24.679],[118.661,24.59],[118.62,24.545],[118.554,24.518],[118.578,24.56],[118.428,24.631],[118.431,24.7],[118.401,24.672],[118.405,24.607],[118.352,24.582],[118.284,24.598],[118.219,24.541],[118.181,24.576],[118.215,24.615],[118.174,24.624],[118.16,24.693],[118.11,24.584],[118.044,24.618],[118.037,24.561],[118.009,24.581],[117.975,24.553],[118.058,24.516],[118.0,24.471],[118.022,24.446],[117.868,24.49],[117.826,24.48],[117.901,24.453],[117.791,24.467],[117.907,24.385],[118.043,24.407],[118.016,24.327],[118.091,24.341],[118.126,24.262],[118.072,24.255],[117.979,24.162],[117.944,24.213],[117.907,24.186],[117.938,24.162],[117.894,24.028],[117.839,24.024],[117.748,23.908],[117.738,23.951],[117.798,24.022],[117.762,24.015],[117.763,24.07],[117.724,24.034],[117.667,24.063],[117.709,24.035],[117.695,23.954],[117.649,23.909],[117.639,23.794],[117.592,23.737],[117.598,23.852],[117.571,23.903],[117.417,23.947],[117.41,23.913],[117.469,23.912],[117.5,23.874],[117.49,23.833],[117.434,23.776],[117.277,23.782],[117.257,23.616],[117.239,23.605],[117.23,23.693],[117.219,23.63],[117.084,23.551],[117.068,23.651],[117.023,23.659],[116.951,23.611],[116.917,23.663],[116.872,23.607],[116.867,23.45],[116.773,23.349],[116.658,23.354],[116.523,23.419],[116.573,23.324],[116.749,23.326],[116.777,23.24],[116.805,23.236],[116.784,23.212],[116.667,23.281],[116.715,23.244],[116.647,23.163],[116.615,23.178],[116.612,23.239],[116.509,23.234],[116.527,23.201],[116.605,23.21],[116.534,23.109],[116.563,23.019],[116.495,22.939],[116.38,22.929],[116.214,22.983],[116.281,22.958],[116.145,22.848],[116.096,22.826],[116.091,22.868],[116.124,22.895],[116.042,22.933],[116.076,22.868],[115.81,22.746],[115.805,22.815],[115.684,22.878],[115.73,22.934],[115.561,22.849],[115.533,22.862],[115.548,22.895],[115.406,22.925],[115.483,22.902],[115.494,22.861],[115.468,22.849],[115.559,22.836],[115.612,22.864],[115.527,22.767],[115.556,22.714],[115.567,22.747],[115.59,22.737],[115.563,22.706],[115.575,22.668],[115.374,22.694],[115.338,22.733],[115.424,22.762],[115.411,22.788],[115.364,22.764],[115.233,22.788],[115.32,22.851],[115.304,22.903],[115.246,22.835],[115.173,22.821],[115.18,22.785],[115.133,22.811],[115.065,22.796],[115.018,22.737],[115.029,22.708],[114.985,22.689],[114.942,22.754],[114.863,22.763],[114.881,22.721],[114.967,22.676],[114.896,22.548],[114.866,22.602],[114.744,22.609],[114.742,22.733],[114.821,22.791],[114.775,22.816],[114.755,22.782],[114.695,22.793],[114.563,22.733],[114.571,22.702],[114.522,22.706],[114.507,22.647],[114.59,22.644],[114.495,22.562],[114.543,22.569],[114.618,22.514],[114.516,22.453],[114.485,22.468],[114.48,22.546],[114.396,22.614],[114.055,22.507],[113.964,22.538],[113.89,22.453],[113.866,22.511],[113.894,22.521],[113.822,22.587],[113.758,22.753],[113.672,22.747],[113.617,22.89],[113.606,22.847],[113.61,22.905],[113.592,22.889],[113.638,23.035],[113.597,22.918],[113.617,23.035],[113.576,22.939],[113.583,23.021],[113.554,22.988],[113.529,23.011],[113.536,23.063],[113.582,23.098],[113.72,23.138],[113.83,23.117],[113.703,23.158],[113.509,23.062],[113.417,23.097],[113.399,23.083],[113.502,23.02],[113.484,22.924],[113.213,22.905],[113.35,22.89],[113.494,22.775],[113.44,22.739],[113.378,22.767],[113.599,22.575],[113.546,22.438],[113.558,22.381],[113.61,22.37],[113.574,22.301],[113.588,22.238],[113.523,22.213],[113.484,22.155],[113.426,22.186],[113.276,22.372],[113.165,22.576],[113.16,22.488],[113.402,22.18],[113.303,22.183],[113.251,22.116],[113.247,22.054],[113.157,22.025],[113.111,22.099],[113.111,22.219],[113.085,22.208],[113.058,22.121],[113.021,22.126],[113.026,21.949],[112.912,21.856],[112.826,21.966],[112.645,21.849],[112.608,21.775],[112.551,21.773],[112.426,21.845],[112.411,21.901],[112.494,21.966],[112.391,21.956],[112.397,22.069],[112.357,21.98],[112.402,21.801],[112.363,21.733],[112.286,21.709],[112.182,21.753],[112.193,21.843],[112.173,21.814],[112.028,21.797],[112.007,21.819],[112.041,21.884],[111.969,21.824],[111.89,21.925],[111.904,21.815],[112.0,21.774],[111.868,21.677],[111.839,21.678],[111.877,21.699],[111.836,21.717],[111.835,21.767],[111.807,21.743],[111.678,21.781],[111.761,21.726],[111.78,21.675],[111.747,21.644],[111.788,21.616],[111.713,21.623],[111.63,21.53],[111.582,21.582],[111.596,21.534],[111.476,21.514],[111.432,21.603],[111.411,21.568],[111.438,21.534],[111.363,21.541],[111.404,21.527],[111.267,21.439],[111.301,21.499],[111.192,21.531],[111.158,21.52],[111.172,21.499],[111.226,21.499],[111.088,21.473],[111.124,21.507],[111.088,21.493],[111.028,21.541],[110.986,21.514],[111.014,21.486],[110.98,21.445],[111.069,21.473],[110.993,21.425],[110.87,21.383],[110.768,21.398],[110.651,21.26],[110.678,21.349],[110.643,21.322],[110.636,21.37],[110.755,21.413],[110.76,21.445],[110.636,21.381],[110.616,21.301],[110.636,21.23],[110.575,21.247],[110.589,21.226],[110.431,21.191],[110.424,21.288],[110.479,21.273],[110.486,21.301],[110.445,21.308],[110.486,21.336],[110.465,21.349],[110.434,21.309],[110.437,21.398],[110.401,21.387],[110.369,21.425],[110.389,21.452],[110.358,21.436],[110.389,21.329],[110.328,21.336],[110.408,21.238],[110.399,21.177],[110.219,21.028],[110.196,21.071],[110.143,20.992],[110.177,20.862],[110.157,20.877],[110.157,20.849],[110.369,20.849],[110.409,20.751],[110.384,20.713],[110.356,20.732],[110.342,20.822],[110.301,20.657],[110.328,20.678],[110.314,20.637],[110.363,20.643],[110.409,20.586],[110.479,20.568],[110.534,20.478],[110.407,20.305],[110.28,20.253],[110.237,20.275],[110.128,20.248],[110.038,20.302],[109.917,20.239],[109.929,20.326],[109.863,20.406],[109.904,20.431],[109.982,20.352],[110.01,20.434],[109.965,20.478],[109.944,20.461],[109.931,20.506],[109.917,20.445],[109.896,20.493],[109.822,20.517],[109.848,20.596],[109.821,20.555],[109.802,20.616],[109.746,20.63],[109.752,20.674],[109.841,20.684],[109.86,20.715],[109.787,20.691],[109.756,20.75],[109.76,20.855],[109.732,20.855],[109.739,20.808],[109.704,20.842],[109.718,20.808],[109.661,20.928],[109.712,21.034],[109.67,21.123],[109.704,21.178],[109.752,21.164],[109.773,21.215],[109.766,21.356],[109.787,21.329],[109.807,21.356],[109.924,21.363],[109.905,21.391],[109.944,21.493],[109.859,21.483],[109.841,21.507],[109.814,21.458],[109.773,21.582],[109.748,21.545],[109.773,21.486],[109.65,21.52],[109.677,21.623],[109.636,21.568],[109.608,21.575],[109.615,21.65],[109.585,21.631],[109.561,21.671],[109.594,21.746],[109.568,21.76],[109.493,21.699],[109.521,21.666],[109.465,21.664],[109.573,21.582],[109.531,21.492],[109.472,21.466],[109.472,21.499],[109.424,21.452],[109.321,21.48],[109.245,21.432],[109.239,21.486],[109.215,21.417],[109.149,21.439],[109.139,21.402],[109.04,21.45],[109.143,21.51],[109.136,21.603],[109.046,21.603],[109.067,21.644],[108.928,21.615],[108.855,21.685],[108.865,21.74],[108.924,21.767],[108.869,21.754],[108.861,21.815],[108.801,21.818],[108.78,21.815],[108.821,21.801],[108.844,21.745],[108.817,21.716],[108.806,21.758],[108.78,21.726],[108.834,21.686],[108.821,21.644],[108.861,21.644],[108.787,21.641],[108.745,21.603],[108.711,21.65],[108.752,21.65],[108.752,21.692],[108.713,21.688],[108.725,21.746],[108.683,21.705],[108.649,21.733],[108.683,21.74],[108.646,21.751],[108.677,21.815],[108.656,21.795],[108.642,21.822],[108.636,21.774],[108.615,21.788],[108.629,21.746],[108.594,21.74],[108.608,21.788],[108.581,21.781],[108.571,21.813],[108.636,21.89],[108.594,21.918],[108.56,21.895],[108.573,21.952],[108.505,21.911],[108.491,21.856],[108.463,21.863],[108.478,21.945],[108.458,21.918],[108.449,21.866],[108.505,21.788],[108.491,21.74],[108.463,21.74],[108.505,21.719],[108.478,21.699],[108.505,21.671],[108.533,21.719],[108.519,21.671],[108.553,21.699],[108.565,21.679],[108.512,21.644],[108.519,21.596],[108.481,21.582],[108.491,21.623],[108.463,21.596],[108.471,21.562],[108.39,21.575],[108.407,21.6],[108.432,21.583],[108.444,21.623],[108.416,21.63],[108.471,21.671],[108.41,21.664],[108.424,21.699],[108.386,21.673],[108.338,21.697],[108.341,21.726],[108.284,21.545],[108.211,21.501],[108.253,21.589],[108.238,21.644],[108.206,21.643],[108.176,21.576],[108.066,21.562],[108.071,21.537],[107.991,21.548],[108.04,21.52],[108.022,21.486],[108.081,21.486],[107.971,21.432],[107.991,21.486],[107.812,21.648],[107.745,21.658],[107.501,21.582],[107.426,21.652],[107.348,21.599],[107.273,21.718],[107.172,21.715],[107.003,21.811],[107.009,21.927],[106.92,21.917],[106.865,21.968],[106.729,22.008],[106.653,21.969],[106.672,22.093],[106.64,22.191],[106.663,22.223],[106.634,22.309],[106.542,22.345],[106.527,22.438],[106.577,22.595],[106.68,22.579],[106.79,22.797],[106.73,22.798],[106.667,22.868],[106.61,22.853],[106.582,22.895],[106.488,22.925],[106.458,22.889],[106.255,22.855],[106.202,22.947],[106.132,22.975],[105.999,22.975],[105.961,22.932],[105.854,22.905],[105.69,23.044],[105.552,23.06],[105.528,23.156],[105.426,23.273],[105.344,23.304],[105.312,23.366],[105.246,23.33],[105.201,23.254],[105.061,23.232],[104.935,23.154],[104.87,23.164],[104.861,23.12],[104.798,23.086],[104.824,22.924],[104.701,22.818],[104.588,22.807],[104.554,22.836],[104.34,22.686],[104.237,22.742],[104.241,22.824],[104.087,22.792],[104.024,22.719],[103.96,22.507],[103.647,22.799],[103.59,22.768],[103.504,22.581],[103.448,22.618],[103.402,22.738],[103.31,22.788],[103.245,22.669],[103.142,22.607],[103.142,22.538],[103.044,22.486],[103.029,22.43],[102.903,22.477],[102.832,22.6],[102.587,22.716],[102.536,22.696],[102.468,22.769],[102.356,22.67],[102.384,22.629],[102.253,22.495],[102.218,22.411],[102.165,22.426],[102.107,22.398],[102.086,22.429],[101.995,22.447],[101.892,22.43],[101.868,22.379],[101.755,22.496],[101.689,22.479],[101.601,22.277],[101.516,22.245],[101.562,22.176],[101.555,22.09],[101.607,21.968],[101.674,21.931],[101.751,21.816],[101.729,21.718],[101.756,21.649],[101.804,21.626],[101.794,21.588],[101.736,21.571],[101.715,21.321],[101.824,21.234],[101.76,21.196],[101.756,21.143],[101.704,21.135],[101.655,21.189],[101.582,21.176],[101.584,21.224],[101.518,21.243],[101.293,21.176],[101.244,21.193],[101.209,21.246],[101.233,21.372],[101.171,21.403],[101.169,21.638],[101.119,21.76],[101.083,21.767],[100.835,21.658],[100.622,21.469],[100.457,21.455],[100.399,21.519],[100.342,21.53],[100.187,21.428],[100.09,21.529],[100.095,21.599],[100.143,21.655],[99.95,21.721],[99.918,21.829],[99.966,21.963],[99.942,22.046],[99.848,22.055],[99.821,22.018],[99.724,22.071],[99.684,22.039],[99.634,22.085],[99.539,22.107],[99.253,22.103],[99.144,22.154],[99.175,22.169],[99.243,22.393],[99.358,22.495],[99.308,22.745],[99.414,22.857],[99.413,22.931],[99.538,22.926],[99.493,23.057],[99.403,23.068],[99.334,23.13],[99.217,23.057],[99.194,23.096],[99.055,23.11],[99.026,23.16],[98.859,23.179],[98.911,23.298],[98.853,23.325],[98.89,23.407],[98.781,23.533],[98.856,23.61],[98.793,23.758],[98.664,23.797],[98.659,23.961],[98.856,24.084],[98.866,24.146],[98.585,24.076],[98.435,24.13],[98.331,24.099],[98.105,24.102],[97.89,24.023],[97.625,23.847],[97.516,23.943],[97.72,24.147],[97.718,24.278],[97.645,24.302],[97.638,24.328],[97.69,24.346],[97.647,24.432],[97.513,24.439],[97.533,24.723],[97.664,24.83],[97.765,24.835],[97.708,24.927],[97.7,25.065],[97.754,25.114],[97.801,25.238],[97.824,25.262],[97.91,25.208],[98.045,25.312],[98.112,25.396],[98.1,25.5],[98.134,25.535],[98.14,25.611],[98.312,25.557],[98.498,25.831],[98.61,25.801],[98.685,25.853],[98.69,25.892],[98.582,25.982],[98.546,26.106],[98.619,26.146],[98.644,26.098],[98.706,26.175],[98.642,26.255],[98.713,26.389],[98.756,26.625],[98.732,26.714],[98.75,26.792],[98.715,26.862],[98.738,27.049],[98.691,27.092],[98.673,27.176],[98.708,27.337],[98.674,27.387],[98.666,27.597],[98.578,27.592],[98.522,27.656],[98.41,27.684],[98.383,27.556],[98.329,27.523],[98.295,27.537],[98.204,27.727],[98.197,27.823],[98.14,27.879],[98.177,27.913],[98.107,27.973],[98.119,28.141],[97.991,28.214],[97.993,28.269],[97.898,28.355],[97.765,28.352],[97.67,28.511],[97.614,28.482],[97.528,28.53],[97.445,28.383],[97.448,28.298],[97.384,28.285],[97.323,28.217]],[[111.011,19.684],[111.035,19.642],[110.966,19.636],[110.876,19.54],[110.822,19.568],[110.848,19.622],[110.794,19.601],[110.822,19.554],[110.796,19.485],[110.67,19.382],[110.678,19.334],[110.641,19.312],[110.58,19.155],[110.479,19.169],[110.507,19.132],[110.546,19.14],[110.555,19.087],[110.582,19.15],[110.513,18.906],[110.431,18.821],[110.493,18.793],[110.503,18.882],[110.534,18.786],[110.469,18.777],[110.403,18.663],[110.335,18.673],[110.403,18.704],[110.271,18.668],[110.088,18.504],[110.034,18.512],[110.083,18.478],[110.04,18.382],[109.969,18.39],[110.014,18.409],[110.021,18.451],[109.835,18.382],[109.746,18.396],[109.732,18.273],[109.67,18.273],[109.739,18.259],[109.709,18.207],[109.677,18.245],[109.606,18.209],[109.616,18.176],[109.561,18.169],[109.561,18.259],[109.534,18.21],[109.479,18.193],[109.507,18.253],[109.44,18.289],[109.163,18.288],[109.136,18.361],[108.991,18.369],[108.796,18.487],[108.685,18.515],[108.694,18.72],[108.624,18.849],[108.656,18.944],[108.615,19.102],[108.683,19.156],[108.664,19.21],[108.622,19.218],[108.627,19.275],[108.687,19.378],[108.763,19.389],[108.924,19.506],[108.945,19.492],[109.008,19.597],[109.157,19.65],[109.211,19.725],[109.307,19.711],[109.275,19.757],[109.307,19.787],[109.273,19.794],[109.163,19.725],[109.167,19.805],[109.255,19.898],[109.311,19.92],[109.321,19.892],[109.444,19.873],[109.465,19.834],[109.582,19.856],[109.52,19.882],[109.557,19.917],[109.527,19.951],[109.719,20.011],[109.718,19.958],[109.738,19.978],[109.808,19.951],[109.816,19.991],[109.835,19.931],[109.883,19.985],[109.943,19.991],[109.976,19.932],[109.952,19.931],[109.99,19.906],[110.014,19.958],[110.123,19.974],[110.15,20.007],[110.068,19.985],[110.13,20.013],[110.157,20.067],[110.261,20.033],[110.345,20.058],[110.418,19.923],[110.383,20.081],[110.575,19.999],[110.606,19.923],[110.623,19.972],[110.566,20.07],[110.678,20.164],[110.711,20.075],[110.788,20.01],[110.935,19.995],[111.011,19.684]],[[111.963,21.658],[112.0,21.654],[112.0,21.621],[111.809,21.565],[111.835,21.644],[111.963,21.658]],[[112.645,21.713],[112.65,21.64],[112.525,21.599],[112.556,21.678],[112.645,21.713]],[[112.844,21.774],[112.863,21.746],[112.798,21.706],[112.811,21.589],[112.765,21.582],[112.734,21.629],[112.774,21.692],[112.716,21.68],[112.712,21.703],[112.778,21.773],[112.844,21.774]],[[113.391,22.028],[113.406,22.007],[113.309,22.024],[113.383,22.09],[113.413,22.076],[113.391,22.028]],[[113.365,22.158],[113.314,22.076],[113.279,22.075],[113.272,22.12],[113.365,22.158]],[[113.594,22.785],[113.595,22.756],[113.558,22.758],[113.396,22.898],[113.476,22.901],[113.594,22.785]],[[117.072,23.473],[117.126,23.483],[117.129,23.399],[116.943,23.43],[117.072,23.473]],[[117.469,23.753],[117.527,23.74],[117.484,23.711],[117.48,23.663],[117.421,23.646],[117.432,23.583],[117.32,23.574],[117.394,23.679],[117.341,23.689],[117.373,23.767],[117.469,23.753]],[[119.305,26.036],[119.405,25.978],[119.258,26.001],[119.209,26.099],[119.305,26.036]],[[121.256,28.14],[121.279,28.085],[121.238,28.093],[121.231,28.065],[121.152,28.041],[121.12,28.136],[121.231,28.22],[121.269,28.194],[121.256,28.14]],[[122.239,30.313],[122.204,30.291],[122.232,30.278],[122.202,30.242],[122.074,30.291],[122.211,30.347],[122.239,30.313]],[[122.399,30.456],[122.423,30.415],[122.273,30.436],[122.28,30.483],[122.399,30.456]],[[121.838,31.375],[121.882,31.337],[121.835,31.293],[121.794,31.369],[121.838,31.375]],[[119.881,32.125],[119.902,32.073],[119.792,32.122],[119.819,32.204],[119.716,32.273],[119.814,32.276],[119.881,32.125]],[[122.321,39.166],[122.403,39.214],[122.403,39.159],[122.321,39.166]],[[122.636,39.234],[122.742,39.236],[122.691,39.193],[122.698,39.221],[122.636,39.234]],[[122.684,39.262],[122.586,39.258],[122.505,39.297],[122.684,39.262]],[[121.423,39.475],[121.45,39.45],[121.416,39.44],[121.422,39.374],[121.337,39.377],[121.38,39.425],[121.364,39.445],[121.259,39.392],[121.266,39.434],[121.341,39.481],[121.423,39.475]],[[122.964,39.515],[122.99,39.55],[123.04,39.53],[123.006,39.497],[122.964,39.515]],[[110.596,20.959],[110.632,20.937],[110.589,20.883],[110.548,20.918],[110.596,20.959]],[[110.548,21.037],[110.517,20.938],[110.441,21.006],[110.246,20.986],[110.246,21.028],[110.287,21.034],[110.273,21.061],[110.335,21.069],[110.287,21.074],[110.39,21.096],[110.418,21.041],[110.526,21.082],[110.548,21.037]],[[110.617,21.191],[110.543,21.105],[110.418,21.178],[110.543,21.204],[110.569,21.191],[110.555,21.157],[110.594,21.203],[110.617,21.191]],[[118.093,24.556],[118.181,24.535],[118.189,24.494],[118.136,24.429],[118.07,24.46],[118.103,24.48],[118.072,24.498],[118.093,24.556]],[[119.847,25.536],[119.799,25.516],[119.847,25.461],[119.772,25.451],[119.757,25.405],[119.693,25.438],[119.71,25.488],[119.668,25.488],[119.778,25.522],[119.726,25.525],[119.727,25.591],[119.693,25.594],[119.764,25.659],[119.817,25.58],[119.875,25.557],[119.847,25.536]],[[121.958,29.12],[121.935,29.063],[121.889,29.072],[121.868,29.147],[121.927,29.167],[121.958,29.12]],[[122.143,29.733],[122.187,29.673],[122.163,29.655],[122.093,29.726],[122.033,29.731],[122.107,29.79],[122.143,29.733]],[[122.395,29.884],[122.395,29.833],[122.365,29.85],[122.325,29.954],[122.407,29.953],[122.395,29.884]],[[121.882,30.076],[121.91,30.024],[121.86,29.978],[121.829,29.998],[121.835,30.045],[121.853,30.087],[121.882,30.076]],[[122.327,30.024],[122.294,29.934],[122.099,30.014],[122.019,29.997],[121.973,30.06],[121.963,30.142],[122.103,30.144],[122.29,30.067],[122.327,30.024]],[[121.844,31.608],[121.98,31.54],[121.987,31.504],[121.978,31.478],[121.817,31.447],[121.314,31.656],[121.176,31.784],[121.219,31.829],[121.323,31.829],[121.663,31.652],[121.844,31.608]],[[120.748,37.939],[120.755,37.897],[120.722,37.919],[120.748,37.939]],[[123.181,39.092],[123.196,39.052],[123.161,39.029],[123.144,39.081],[123.181,39.092]],[[110.471,20.647],[110.457,20.587],[110.418,20.655],[110.471,20.647]],[[113.278,21.925],[113.258,21.88],[113.226,21.901],[113.248,21.943],[113.278,21.925]],[[113.772,22.0],[113.748,21.973],[113.736,21.997],[113.772,22.0]],[[113.473,22.099],[113.519,22.127],[113.548,22.093],[113.485,22.071],[113.473,22.099]],[[113.623,22.44],[113.658,22.424],[113.621,22.391],[113.623,22.44]],[[113.547,22.742],[113.636,22.656],[113.642,22.602],[113.477,22.72],[113.547,22.742]],[[113.529,22.96],[113.545,22.88],[113.51,22.921],[113.529,22.96]],[[116.996,23.564],[116.988,23.524],[116.937,23.526],[116.996,23.564]],[[119.551,25.209],[119.529,25.165],[119.445,25.229],[119.47,25.252],[119.551,25.209]],[[119.347,25.567],[119.335,25.438],[119.297,25.423],[119.282,25.483],[119.347,25.567]],[[119.627,26.108],[119.644,26.078],[119.62,26.064],[119.554,26.096],[119.599,26.128],[119.627,26.108]],[[120.327,26.94],[120.345,26.972],[120.386,26.935],[120.327,26.94]],[[121.074,27.479],[121.103,27.452],[121.067,27.437],[121.046,27.465],[121.074,27.479]],[[121.182,27.865],[121.171,27.819],[121.098,27.818],[121.182,27.865]],[[121.049,27.951],[121.07,27.983],[121.14,27.966],[121.049,27.951]],[[121.862,29.13],[121.842,29.095],[121.783,29.125],[121.79,29.15],[121.862,29.13]],[[122.305,29.817],[122.296,29.779],[122.232,29.836],[122.271,29.847],[122.305,29.817]],[[121.972,29.945],[121.992,29.908],[121.946,29.904],[121.941,29.938],[121.972,29.945]],[[122.346,30.242],[122.278,30.236],[122.332,30.274],[122.408,30.266],[122.409,30.244],[122.381,30.264],[122.346,30.242]],[[122.529,30.721],[122.427,30.704],[122.43,30.743],[122.529,30.721]],[[121.762,31.374],[121.766,31.321],[121.584,31.441],[121.762,31.374]],[[118.633,39.075],[118.649,39.045],[118.594,38.972],[118.514,38.919],[118.48,38.935],[118.478,39.043],[118.526,39.047],[118.56,39.003],[118.633,39.075]]]}},{"type":"Feature","properties":{"iso":"SY","name":"Syria"},"geometry":{"type":"MultiLineString","coordinates":[[[35.758,32.744],[35.636,32.679],[35.595,32.707],[35.641,32.772],[35.641,32.865],[35.602,32.909],[35.62,32.984],[35.588,33.018],[35.634,33.052],[35.672,33.15],[35.666,33.247],[35.605,33.244],[35.919,33.462],[35.933,33.528],[36.035,33.568],[36.03,33.598],[35.922,33.64],[36.05,33.816],[36.138,33.851],[36.358,33.824],[36.368,33.858],[36.269,33.907],[36.289,33.947],[36.391,34.045],[36.475,34.054],[36.604,34.199],[36.563,34.263],[36.582,34.3],[36.519,34.354],[36.525,34.423],[36.433,34.494],[36.32,34.514],[36.384,34.554],[36.389,34.596],[36.436,34.598],[36.44,34.629],[36.368,34.629],[36.309,34.688],[36.262,34.627],[35.97,34.65],[35.867,34.924],[35.901,35.022],[35.888,35.109],[35.962,35.198],[35.915,35.288],[35.919,35.418],[35.818,35.509],[35.771,35.504],[35.778,35.541],[35.723,35.582],[35.778,35.613],[35.771,35.668],[35.84,35.747],[35.799,35.85],[35.871,35.852],[35.911,35.918],[35.98,35.927],[36.004,35.869],[36.158,35.823],[36.197,35.952],[36.269,35.959],[36.297,36.001],[36.358,35.994],[36.373,36.228],[36.451,36.2],[36.48,36.226],[36.664,36.229],[36.649,36.306],[36.578,36.333],[36.593,36.373],[36.531,36.479],[36.64,36.828],[36.965,36.754],[37.053,36.62],[37.104,36.651],[37.242,36.659],[37.446,36.634],[37.654,36.732],[37.82,36.761],[38.224,36.908],[38.48,36.856],[38.725,36.694],[39.032,36.701],[39.24,36.661],[39.765,36.742],[40.709,37.1],[40.896,37.123],[41.201,37.065],[41.48,37.076],[42.009,37.176],[42.211,37.325],[42.223,37.288],[42.292,37.285],[42.347,37.24],[42.335,37.171],[42.377,37.062],[41.844,36.618],[41.385,36.516],[41.277,36.355],[41.237,36.06],[41.355,35.826],[41.364,35.655],[41.261,35.494],[41.201,35.243],[41.204,34.793],[40.965,34.402],[40.69,34.331],[38.775,33.372],[36.819,32.317],[36.388,32.379],[36.177,32.527],[36.066,32.517],[36.004,32.655],[35.955,32.657],[35.944,32.691],[35.758,32.744]]]}},{"type":"Feature","properties":{"iso":"FR","name":"France"},"geometry":{"type":"MultiLineString","coordinates":[[[-54.112,2.114],[-54.194,2.163],[-54.314,2.155],[-54.477,2.214],[-54.546,2.269],[-54.544,2.3],[-54.615,2.326],[-54.532,2.34],[-54.493,2.417],[-54.376,2.484],[-54.17,2.853],[-54.191,2.877],[-54.163,2.956],[-54.177,3.117],[-54.211,3.127],[-54.003,3.455],[-53.995,3.624],[-54.05,3.635],[-54.126,3.789],[-54.241,3.876],[-54.354,4.042],[-54.339,4.152],[-54.407,4.192],[-54.394,4.27],[-54.451,4.484],[-54.423,4.604],[-54.435,4.709],[-54.479,4.755],[-54.487,4.903],[-54.451,4.937],[-54.449,5.024],[-54.311,5.226],[-54.061,5.437],[-53.992,5.661],[-53.934,5.745],[-53.81,5.731],[-53.517,5.581],[-53.277,5.538],[-53.23,5.495],[-53.208,5.514],[-53.271,5.56],[-52.897,5.406],[-52.527,5.054],[-52.402,4.974],[-52.389,4.896],[-52.324,4.951],[-52.279,4.931],[-52.259,4.892],[-52.34,4.725],[-52.232,4.875],[-52.025,4.694],[-51.951,4.454],[-52.046,4.334],[-51.937,4.392],[-51.909,4.656],[-51.865,4.665],[-51.802,4.613],[-51.731,4.457],[-51.738,4.413],[-51.69,4.385],[-51.715,4.316],[-51.649,4.152],[-51.683,4.039],[-51.783,3.981],[-51.835,3.868],[-51.988,3.705],[-52.228,3.26],[-52.279,3.242],[-52.355,3.152],[-52.352,3.066],[-52.422,2.927],[-52.409,2.897],[-52.455,2.865],[-52.543,2.652],[-52.576,2.634],[-52.553,2.573],[-52.691,2.373],[-52.981,2.173],[-53.113,2.219],[-53.269,2.196],[-53.234,2.251],[-53.344,2.35],[-53.462,2.259],[-53.532,2.247],[-53.742,2.309],[-53.765,2.369],[-53.901,2.265],[-53.933,2.27],[-53.964,2.209],[-54.077,2.184],[-54.112,2.114]],[[2.522,51.088],[2.608,50.961],[2.577,50.912],[2.587,50.845],[2.692,50.809],[2.787,50.723],[2.887,50.697],[2.971,50.758],[3.129,50.779],[3.232,50.696],[3.271,50.527],[3.361,50.49],[3.477,50.52],[3.499,50.487],[3.608,50.477],[3.644,50.446],[3.662,50.319],[3.697,50.298],[3.755,50.346],[4.003,50.344],[4.125,50.257],[4.198,50.258],[4.126,50.128],[4.181,50.127],[4.21,50.06],[4.137,50.025],[4.132,49.975],[4.435,49.932],[4.646,49.984],[4.682,50.084],[4.816,50.161],[4.872,50.14],[4.784,49.958],[4.86,49.913],[4.849,49.794],[4.971,49.797],[5.169,49.687],[5.259,49.691],[5.299,49.662],[5.298,49.613],[5.402,49.602],[5.456,49.499],[5.746,49.549],[5.928,49.482],[5.961,49.441],[6.194,49.499],[6.325,49.457],[6.403,49.465],[6.512,49.425],[6.578,49.356],[6.556,49.326],[6.703,49.214],[6.714,49.159],[6.822,49.148],[6.833,49.209],[6.914,49.207],[7.009,49.182],[7.043,49.108],[7.08,49.142],[7.274,49.105],[7.41,49.169],[7.635,49.038],[7.932,49.035],[8.2,48.959],[8.09,48.808],[7.97,48.757],[7.81,48.615],[7.813,48.519],[7.738,48.407],[7.751,48.341],[7.586,48.13],[7.576,48.054],[7.621,47.971],[7.559,47.883],[7.512,47.707],[7.586,47.585],[7.483,47.542],[7.505,47.533],[7.484,47.493],[7.414,47.49],[7.426,47.456],[7.379,47.431],[7.238,47.417],[7.168,47.444],[7.181,47.488],[6.973,47.489],[6.991,47.452],[6.867,47.354],[7.004,47.368],[7.037,47.33],[6.959,47.291],[6.956,47.245],[6.69,47.078],[6.665,47.021],[6.443,46.944],[6.429,46.761],[6.118,46.583],[6.146,46.552],[6.064,46.471],[6.054,46.419],[6.135,46.37],[6.094,46.253],[5.955,46.2],[5.983,46.171],[5.959,46.13],[6.14,46.15],[6.281,46.24],[6.214,46.315],[6.269,46.375],[6.483,46.449],[6.614,46.456],[6.787,46.414],[6.75,46.346],[6.828,46.269],[6.766,46.152],[6.869,46.112],[6.851,46.05],[6.915,46.049],[7.022,45.925],[6.949,45.858],[6.801,45.826],[6.796,45.718],[6.963,45.641],[6.983,45.511],[7.161,45.411],[7.093,45.324],[7.108,45.259],[7.055,45.214],[6.959,45.21],[6.844,45.13],[6.736,45.157],[6.603,45.103],[6.652,45.036],[6.723,45.013],[6.745,44.908],[7.007,44.822],[7.055,44.685],[6.96,44.683],[6.946,44.625],[6.836,44.534],[6.918,44.436],[6.866,44.372],[6.983,44.242],[7.331,44.125],[7.656,44.176],[7.642,44.144],[7.69,44.067],[7.478,43.866],[7.502,43.792],[7.476,43.765],[7.388,43.758],[7.331,43.686],[7.152,43.655],[7.139,43.554],[6.962,43.54],[6.894,43.428],[6.731,43.408],[6.718,43.351],[6.591,43.269],[6.693,43.273],[6.68,43.202],[6.402,43.147],[6.366,43.119],[6.375,43.091],[6.193,43.109],[6.153,43.072],[6.18,43.036],[6.089,43.035],[6.129,43.071],[6.027,43.078],[5.934,43.114],[5.941,43.134],[5.879,43.12],[5.951,43.08],[5.857,43.045],[5.782,43.079],[5.811,43.107],[5.674,43.18],[5.612,43.16],[5.525,43.213],[5.347,43.216],[5.369,43.27],[5.294,43.355],[5.238,43.328],[5.034,43.335],[5.006,43.382],[5.026,43.409],[5.174,43.428],[5.226,43.48],[5.223,43.504],[5.14,43.486],[5.106,43.533],[5.029,43.559],[5.009,43.518],[5.051,43.429],[4.868,43.421],[4.868,43.365],[4.901,43.367],[4.856,43.342],[4.758,43.422],[4.742,43.524],[4.695,43.579],[4.743,43.423],[4.82,43.346],[4.592,43.36],[4.566,43.371],[4.58,43.43],[4.513,43.456],[4.182,43.464],[4.133,43.487],[4.105,43.552],[3.953,43.54],[3.622,43.375],[3.513,43.281],[3.318,43.263],[3.114,43.106],[3.039,42.943],[3.042,42.629],[3.052,42.555],[3.137,42.525],[3.181,42.431],[2.934,42.47],[2.69,42.406],[2.64,42.373],[2.662,42.339],[2.548,42.352],[2.515,42.326],[2.277,42.429],[2.137,42.416],[2.052,42.352],[1.996,42.349],[1.927,42.437],[1.712,42.494],[1.722,42.549],[1.765,42.563],[1.713,42.59],[1.722,42.61],[1.543,42.649],[1.467,42.641],[1.429,42.595],[1.343,42.709],[1.151,42.707],[1.089,42.771],[0.921,42.784],[0.813,42.832],[0.656,42.838],[0.633,42.745],[0.665,42.699],[0.644,42.684],[0.409,42.682],[0.354,42.717],[0.275,42.669],[0.169,42.726],[-0.039,42.685],[-0.119,42.717],[-0.161,42.795],[-0.235,42.786],[-0.323,42.843],[-0.424,42.791],[-0.534,42.808],[-0.569,42.773],[-0.648,42.85],[-0.74,42.885],[-0.76,42.947],[-0.943,42.948],[-1.15,43.006],[-1.294,43.055],[-1.315,43.083],[-1.286,43.109],[-1.348,43.093],[-1.366,43.033],[-1.457,43.045],[-1.488,43.082],[-1.426,43.135],[-1.404,43.243],[-1.559,43.284],[-1.622,43.247],[-1.655,43.298],[-1.747,43.291],[-1.796,43.374],[-1.661,43.4],[-1.477,43.58],[-1.282,44.302],[-1.257,44.556],[-1.187,44.665],[-1.045,44.669],[-1.065,44.717],[-1.172,44.778],[-1.26,44.627],[-1.134,45.505],[-1.059,45.57],[-1.04,45.507],[-0.794,45.355],[-0.716,45.135],[-0.569,44.998],[-0.548,44.902],[-0.539,44.977],[-0.596,45.025],[-0.494,44.998],[-0.656,45.099],[-0.72,45.361],[-0.795,45.477],[-1.084,45.66],[-1.247,45.71],[-1.23,45.792],[-1.164,45.807],[-0.987,45.717],[-1.125,45.808],[-1.152,45.868],[-1.073,45.904],[-1.069,45.964],[-1.111,46.018],[-1.073,46.007],[-1.049,46.039],[-1.117,46.128],[-1.211,46.175],[-1.18,46.229],[-1.111,46.259],[-1.111,46.303],[-1.177,46.326],[-1.24,46.284],[-1.37,46.354],[-1.449,46.343],[-1.481,46.408],[-1.626,46.431],[-1.789,46.533],[-1.795,46.495],[-1.823,46.594],[-1.91,46.692],[-2.119,46.82],[-2.129,46.893],[-1.991,47.035],[-2.03,47.092],[-2.241,47.142],[-2.165,47.168],[-2.161,47.271],[-2.015,47.3],[-1.727,47.211],[-2.01,47.32],[-2.148,47.313],[-2.278,47.246],[-2.371,47.286],[-2.448,47.267],[-2.542,47.3],[-2.436,47.307],[-2.481,47.348],[-2.502,47.321],[-2.556,47.383],[-2.392,47.424],[-2.448,47.431],[-2.495,47.491],[-2.364,47.506],[-2.622,47.513],[-2.577,47.554],[-2.681,47.504],[-2.83,47.504],[-2.909,47.558],[-2.741,47.551],[-2.689,47.604],[-2.707,47.643],[-2.709,47.602],[-2.789,47.643],[-2.919,47.596],[-2.975,47.664],[-2.94,47.561],[-3.012,47.607],[-3.016,47.581],[-3.074,47.576],[-3.123,47.599],[-3.123,47.519],[-3.085,47.478],[-3.132,47.478],[-3.141,47.598],[-3.201,47.64],[-3.186,47.681],[-3.111,47.704],[-3.118,47.732],[-3.193,47.746],[-3.159,47.711],[-3.207,47.697],[-3.224,47.656],[-3.358,47.697],[-3.283,47.691],[-3.358,47.711],[-3.283,47.787],[-3.383,47.737],[-3.364,47.718],[-3.446,47.705],[-3.528,47.78],[-3.723,47.813],[-3.852,47.801],[-3.962,47.9],[-4.037,47.855],[-4.107,47.88],[-4.132,47.924],[-4.111,47.869],[-4.186,47.874],[-4.153,47.842],[-4.185,47.813],[-4.372,47.807],[-4.347,47.863],[-4.435,47.976],[-4.533,48.026],[-4.572,48.006],[-4.728,48.041],[-4.701,48.075],[-4.285,48.115],[-4.302,48.196],[-4.379,48.232],[-4.485,48.243],[-4.557,48.177],[-4.547,48.253],[-4.626,48.287],[-4.575,48.29],[-4.547,48.347],[-4.516,48.296],[-4.187,48.308],[-4.325,48.322],[-4.269,48.363],[-4.454,48.335],[-4.29,48.432],[-4.599,48.35],[-4.768,48.345],[-4.765,48.52],[-4.722,48.568],[-4.577,48.568],[-4.608,48.603],[-4.53,48.602],[-4.564,48.63],[-4.407,48.643],[-4.427,48.658],[-4.343,48.679],[-4.299,48.664],[-4.307,48.642],[-4.194,48.65],[-4.213,48.661],[-4.174,48.691],[-4.064,48.685],[-4.057,48.712],[-3.974,48.733],[-3.955,48.658],[-3.892,48.678],[-3.852,48.63],[-3.858,48.685],[-3.837,48.671],[-3.81,48.733],[-3.585,48.683],[-3.58,48.733],[-3.528,48.739],[-3.582,48.791],[-3.515,48.842],[-3.398,48.807],[-3.23,48.872],[-3.207,48.855],[-3.221,48.794],[-3.145,48.862],[-3.091,48.871],[-3.077,48.828],[-3.125,48.76],[-3.066,48.824],[-3.008,48.821],[-3.042,48.788],[-2.933,48.767],[-2.947,48.733],[-2.682,48.509],[-2.676,48.54],[-2.474,48.626],[-2.46,48.643],[-2.487,48.65],[-2.386,48.65],[-2.316,48.699],[-2.282,48.671],[-2.33,48.63],[-2.251,48.65],[-2.214,48.582],[-2.193,48.616],[-2.174,48.583],[-2.161,48.613],[-2.124,48.609],[-2.145,48.636],[-2.052,48.65],[-1.98,48.514],[-1.939,48.534],[-1.98,48.589],[-1.953,48.575],[-2.029,48.643],[-1.946,48.699],[-1.844,48.712],[-1.861,48.641],[-1.796,48.616],[-1.357,48.643],[-1.443,48.663],[-1.554,48.747],[-1.567,48.822],[-1.603,48.849],[-1.543,48.935],[-1.546,49.03],[-1.508,49.034],[-1.594,49.029],[-1.608,49.103],[-1.569,49.144],[-1.61,49.216],[-1.548,49.225],[-1.625,49.219],[-1.699,49.314],[-1.699,49.356],[-1.715,49.339],[-1.816,49.384],[-1.819,49.452],[-1.885,49.531],[-1.84,49.62],[-1.869,49.662],[-1.946,49.678],[-1.935,49.724],[-1.607,49.65],[-1.409,49.712],[-1.263,49.696],[-1.228,49.624],[-1.306,49.558],[-1.176,49.415],[-1.182,49.356],[-1.123,49.345],[-1.072,49.397],[-0.94,49.392],[-0.411,49.343],[-0.219,49.28],[0.013,49.335],[0.162,49.415],[0.411,49.452],[0.493,49.494],[0.34,49.457],[0.079,49.516],[0.186,49.703],[0.597,49.857],[1.221,49.979],[1.456,50.124],[1.521,50.215],[1.673,50.193],[1.542,50.278],[1.552,50.349],[1.61,50.371],[1.555,50.405],[1.579,50.533],[1.61,50.548],[1.563,50.678],[1.606,50.79],[1.581,50.869],[1.921,50.997],[2.522,51.088]],[[1.983,42.441],[1.957,42.482],[1.948,42.451],[1.983,42.441]],[[-60.81,14.462],[-60.871,14.408],[-60.869,14.476],[-61.07,14.467],[-61.106,14.517],[-60.996,14.565],[-61.016,14.613],[-61.092,14.606],[-61.16,14.667],[-61.219,14.847],[-61.136,14.877],[-61.002,14.811],[-60.961,14.75],[-60.879,14.777],[-60.914,14.736],[-60.934,14.75],[-60.935,14.709],[-60.907,14.703],[-60.937,14.666],[-60.887,14.661],[-60.901,14.639],[-60.832,14.579],[-60.81,14.462]],[[-61.194,15.932],[-61.275,15.874],[-61.332,15.932],[-61.268,16.009],[-61.194,15.932]],[[-61.552,16.286],[-61.548,16.238],[-61.579,16.222],[-61.566,16.034],[-61.695,15.949],[-61.769,16.088],[-61.797,16.312],[-61.738,16.365],[-61.585,16.271],[-61.552,16.286]],[[-61.544,16.285],[-61.496,16.365],[-61.534,16.449],[-61.463,16.513],[-61.409,16.472],[-61.366,16.349],[-61.164,16.253],[-61.462,16.202],[-61.534,16.233],[-61.544,16.285]],[[55.788,-21.103],[55.855,-21.157],[55.812,-21.343],[55.575,-21.368],[55.35,-21.271],[55.225,-21.03],[55.288,-20.965],[55.287,-20.912],[55.408,-20.863],[55.578,-20.875],[55.695,-20.935],[55.788,-21.103]],[[45.262,-12.763],[45.283,-12.743],[45.283,-12.805],[45.262,-12.763]],[[45.201,-12.723],[45.225,-12.76],[45.188,-12.817],[45.213,-12.852],[45.168,-12.944],[45.186,-12.969],[45.097,-12.982],[45.063,-12.899],[45.136,-12.904],[45.084,-12.839],[45.105,-12.833],[45.087,-12.76],[45.042,-12.698],[45.091,-12.647],[45.139,-12.715],[45.201,-12.723]],[[8.566,42.209],[8.549,42.242],[8.688,42.273],[8.605,42.31],[8.635,42.339],[8.613,42.352],[8.552,42.339],[8.549,42.377],[8.66,42.43],[8.667,42.51],[8.717,42.531],[8.709,42.579],[8.787,42.562],[8.805,42.606],[9.05,42.662],[9.118,42.732],[9.237,42.723],[9.292,42.675],[9.343,42.749],[9.306,42.839],[9.36,42.929],[9.347,43.004],[9.422,43.017],[9.464,42.99],[9.483,42.802],[9.443,42.641],[9.477,42.579],[9.512,42.565],[9.49,42.613],[9.528,42.564],[9.56,42.147],[9.403,41.953],[9.402,41.706],[9.347,41.62],[9.292,41.626],[9.279,41.598],[9.345,41.604],[9.351,41.581],[9.265,41.531],[9.271,41.469],[9.211,41.448],[9.211,41.407],[9.25,41.428],[9.223,41.373],[9.096,41.404],[9.121,41.435],[9.067,41.462],[9.08,41.482],[9.039,41.462],[8.936,41.489],[8.792,41.561],[8.802,41.639],[8.923,41.695],[8.655,41.75],[8.718,41.772],[8.709,41.805],[8.785,41.824],[8.751,41.846],[8.792,41.859],[8.805,41.907],[8.764,41.934],[8.614,41.901],[8.586,41.969],[8.655,41.979],[8.665,42.014],[8.745,42.057],[8.699,42.109],[8.56,42.154],[8.594,42.167],[8.566,42.209]],[[-1.219,45.944],[-1.176,45.899],[-1.195,45.83],[-1.227,45.82],[-1.378,45.976],[-1.405,46.053],[-1.248,46.002],[-1.219,45.944]],[[-1.281,46.156],[-1.504,46.208],[-1.556,46.252],[-1.48,46.259],[-1.474,46.238],[-1.508,46.246],[-1.491,46.224],[-1.411,46.238],[-1.308,46.207],[-1.254,46.162],[-1.281,46.156]],[[-2.337,46.732],[-2.269,46.697],[-2.371,46.704],[-2.375,46.732],[-2.337,46.732]],[[-2.2,46.985],[-2.145,46.957],[-2.159,46.916],[-2.195,46.962],[-2.247,46.964],[-2.296,47.033],[-2.2,47.024],[-2.2,46.985]],[[-3.115,47.331],[-3.063,47.321],[-3.094,47.297],[-3.223,47.312],[-3.262,47.383],[-3.115,47.331]],[[-5.05,48.479],[-5.088,48.447],[-5.133,48.458],[-5.05,48.479]],[[6.235,43.022],[6.252,43.003],[6.216,42.99],[6.166,43.0],[6.235,43.022]]]}},{"type":"Feature","properties":{"iso":"BT","name":"Bhutan"},"geometry":{"type":"MultiLineString","coordinates":[[[90.475,28.072],[90.667,28.09],[90.91,28.033],[91.052,27.963],[91.195,28.071],[91.29,28.091],[91.419,27.995],[91.638,27.94],[91.628,27.853],[91.564,27.851],[91.566,27.821],[91.636,27.783],[91.573,27.62],[91.595,27.546],[91.657,27.479],[91.727,27.46],[91.975,27.472],[92.024,27.447],[92.089,27.292],[91.988,27.104],[92.067,26.995],[92.073,26.888],[91.975,26.847],[91.893,26.881],[91.879,26.803],[91.825,26.858],[91.702,26.803],[91.521,26.798],[91.475,26.866],[91.42,26.872],[91.297,26.775],[91.062,26.805],[90.717,26.767],[90.588,26.78],[90.349,26.897],[90.177,26.832],[90.127,26.751],[89.89,26.715],[89.835,26.732],[89.814,26.696],[89.61,26.712],[89.586,26.784],[89.443,26.797],[89.342,26.854],[89.213,26.813],[89.097,26.821],[89.022,26.913],[88.932,26.919],[88.907,26.981],[88.852,26.945],[88.828,27.098],[88.73,27.151],[88.754,27.213],[88.915,27.331],[88.997,27.331],[88.951,27.433],[88.978,27.53],[89.064,27.616],[89.125,27.615],[89.225,27.808],[89.336,27.869],[89.445,28.031],[89.561,28.135],[89.756,28.184],[89.916,28.316],[90.071,28.345],[90.153,28.322],[90.226,28.358],[90.291,28.261],[90.387,28.299],[90.588,28.233],[90.598,28.2],[90.486,28.125],[90.475,28.072]]]}},{"type":"Feature","properties":{"iso":"UA","name":"Ukraine"},"geometry":{"type":"MultiLineString","coordinates":[[[31.764,52.101],[31.859,52.1],[31.91,52.029],[32.233,52.081],[32.278,52.103],[32.367,52.247],[32.354,52.322],[32.394,52.327],[32.909,52.241],[33.183,52.367],[33.419,52.338],[33.481,52.358],[33.51,52.288],[33.688,52.356],[33.804,52.355],[34.065,52.159],[34.096,51.952],[34.295,51.874],[34.413,51.778],[34.414,51.736],[34.376,51.709],[34.089,51.667],[34.08,51.643],[34.14,51.621],[34.224,51.515],[34.217,51.417],[34.186,51.394],[34.3,51.368],[34.309,51.335],[34.186,51.249],[34.608,51.234],[34.675,51.168],[35.079,51.208],[35.144,51.058],[35.355,51.026],[35.278,50.993],[35.285,50.944],[35.342,50.916],[35.379,50.797],[35.438,50.762],[35.469,50.669],[35.378,50.622],[35.425,50.5],[35.541,50.45],[35.611,50.352],[35.697,50.345],[35.837,50.423],[36.106,50.421],[36.269,50.281],[36.41,50.305],[36.536,50.268],[36.535,50.22],[36.594,50.204],[36.849,50.324],[37.197,50.362],[37.285,50.415],[37.415,50.432],[37.48,50.34],[37.599,50.291],[37.597,50.197],[37.728,50.079],[37.916,50.003],[38.0,49.9],[38.166,49.941],[38.174,50.06],[38.3,50.061],[38.356,49.981],[38.498,49.948],[38.665,49.965],[38.687,49.914],[38.852,49.866],[38.937,49.803],[39.049,49.811],[39.156,49.874],[39.261,49.745],[39.558,49.724],[39.623,49.613],[39.802,49.542],[39.998,49.608],[40.131,49.58],[40.035,49.487],[40.16,49.334],[40.142,49.246],[39.952,49.125],[39.919,49.048],[39.681,49.02],[39.674,48.97],[39.759,48.895],[39.95,48.853],[40.009,48.888],[40.054,48.869],[39.975,48.79],[39.779,48.808],[39.703,48.747],[39.632,48.587],[39.835,48.573],[39.87,48.51],[39.845,48.484],[39.924,48.376],[39.816,48.308],[39.993,48.273],[39.843,48.12],[39.843,48.036],[39.76,48.015],[39.796,47.961],[39.776,47.858],[39.734,47.816],[38.831,47.848],[38.735,47.677],[38.353,47.607],[38.293,47.563],[38.258,47.393],[38.189,47.301],[38.292,47.287],[38.298,47.256],[38.203,47.192],[38.217,47.103],[38.142,47.038],[38.108,47.026],[38.13,47.075],[38.072,47.1],[37.546,47.082],[37.335,46.882],[37.227,46.937],[36.854,46.8],[36.769,46.637],[36.744,46.65],[36.772,46.643],[36.803,46.725],[36.696,46.78],[36.4,46.724],[36.303,46.659],[36.278,46.607],[36.189,46.669],[35.902,46.653],[35.491,46.448],[35.38,46.368],[35.185,46.145],[35.0,46.074],[35.044,46.142],[35.2,46.183],[35.342,46.336],[35.346,46.361],[35.268,46.351],[35.285,46.437],[35.215,46.463],[35.188,46.512],[35.167,46.493],[35.209,46.396],[35.108,46.298],[35.031,46.252],[34.894,46.252],[34.818,46.186],[34.874,45.926],[35.044,45.67],[35.332,45.371],[35.481,45.298],[35.716,45.341],[35.833,45.471],[35.858,45.469],[35.854,45.414],[35.986,45.363],[36.118,45.457],[36.284,45.477],[36.299,45.443],[36.599,45.421],[36.631,45.341],[36.502,45.347],[36.491,45.292],[36.426,45.252],[36.409,45.149],[36.455,45.092],[36.44,45.067],[36.268,45.044],[36.225,45.008],[36.048,45.049],[35.993,44.998],[35.848,44.992],[35.706,45.095],[35.506,45.114],[35.408,45.062],[35.401,45.025],[35.435,45.005],[35.374,44.998],[35.367,44.943],[35.256,44.959],[35.154,44.901],[35.081,44.794],[34.952,44.842],[34.757,44.821],[34.469,44.73],[34.331,44.545],[34.271,44.545],[34.103,44.425],[33.938,44.381],[33.645,44.425],[33.578,44.497],[33.518,44.491],[33.372,44.576],[33.572,44.621],[33.516,44.634],[33.548,44.699],[33.516,44.785],[33.609,44.872],[33.62,44.931],[33.537,45.117],[33.396,45.19],[33.26,45.156],[32.899,45.354],[32.729,45.361],[32.663,45.32],[32.591,45.32],[32.513,45.341],[32.482,45.409],[32.644,45.522],[32.828,45.562],[32.868,45.63],[33.176,45.743],[33.169,45.784],[33.265,45.754],[33.482,45.854],[33.53,45.842],[33.62,45.882],[33.692,45.861],[33.694,45.914],[33.777,45.93],[33.62,45.951],[33.647,45.98],[33.628,46.068],[33.648,46.09],[33.597,46.156],[33.532,46.122],[33.558,46.087],[33.506,46.08],[33.516,46.046],[33.424,46.053],[33.358,46.104],[33.29,46.095],[33.316,46.131],[33.215,46.128],[33.235,46.224],[33.123,46.136],[33.023,46.17],[33.018,46.128],[32.766,46.136],[32.503,46.076],[32.262,46.128],[32.242,46.177],[32.269,46.205],[32.129,46.21],[31.886,46.32],[31.882,46.279],[31.786,46.292],[31.767,46.318],[31.8,46.342],[31.968,46.351],[32.054,46.406],[32.008,46.449],[31.749,46.5],[31.69,46.479],[31.687,46.43],[31.508,46.588],[31.582,46.545],[31.756,46.554],[32.318,46.464],[32.4,46.478],[32.436,46.543],[32.646,46.65],[32.336,46.562],[32.248,46.607],[32.146,46.56],[32.118,46.607],[32.023,46.629],[31.94,46.759],[31.936,46.8],[32.007,46.915],[31.936,46.955],[31.977,47.009],[31.865,47.026],[31.897,47.093],[31.742,47.259],[31.727,47.221],[31.806,47.193],[31.816,47.123],[31.874,47.094],[31.837,47.008],[31.947,46.999],[31.899,46.944],[31.968,46.937],[31.945,46.86],[31.865,46.807],[31.907,46.738],[31.899,46.65],[31.815,46.623],[31.674,46.653],[31.579,46.617],[31.493,46.629],[31.491,46.663],[31.618,46.813],[31.508,46.745],[31.441,46.8],[31.506,46.72],[31.416,46.629],[31.338,46.601],[31.16,46.629],[30.791,46.553],[30.755,46.516],[30.798,46.446],[30.772,46.396],[30.715,46.348],[30.652,46.345],[30.682,46.3],[30.494,46.08],[30.138,45.82],[30.127,45.891],[30.095,45.815],[29.991,45.847],[29.953,45.772],[29.926,45.814],[29.932,45.724],[29.888,45.765],[29.802,45.737],[29.803,45.704],[29.86,45.669],[29.734,45.614],[29.683,45.697],[29.694,45.781],[29.638,45.826],[29.638,45.71],[29.603,45.691],[29.59,45.559],[29.648,45.545],[29.707,45.573],[29.606,45.478],[29.641,45.442],[29.672,45.477],[29.675,45.45],[29.713,45.436],[29.732,45.476],[29.755,45.447],[29.728,45.416],[29.755,45.313],[29.709,45.223],[29.659,45.216],[29.65,45.346],[29.57,45.395],[29.322,45.444],[28.974,45.324],[28.93,45.279],[28.79,45.321],[28.76,45.274],[28.803,45.244],[28.779,45.231],[28.577,45.248],[28.33,45.323],[28.286,45.422],[28.202,45.469],[28.271,45.522],[28.502,45.509],[28.498,45.559],[28.537,45.58],[28.474,45.658],[28.561,45.717],[28.577,45.762],[28.67,45.777],[28.67,45.812],[28.738,45.838],[28.74,45.953],[28.957,46.001],[28.939,46.089],[29.015,46.183],[28.934,46.259],[28.919,46.405],[28.946,46.455],[29.184,46.538],[29.201,46.357],[29.283,46.397],[29.307,46.472],[29.375,46.416],[29.458,46.485],[29.486,46.476],[29.481,46.425],[29.616,46.362],[29.654,46.423],[29.703,46.428],[29.714,46.471],[29.828,46.339],[29.919,46.374],[30.081,46.374],[30.132,46.423],[30.077,46.423],[30.003,46.494],[29.902,46.531],[29.95,46.579],[29.928,46.81],[29.559,46.946],[29.602,47.061],[29.57,47.091],[29.52,47.06],[29.478,47.112],[29.545,47.136],[29.544,47.234],[29.58,47.26],[29.557,47.324],[29.481,47.338],[29.459,47.293],[29.41,47.28],[29.233,47.446],[29.156,47.45],[29.117,47.533],[29.239,47.756],[29.178,47.79],[29.236,47.871],[29.173,47.891],[29.124,47.976],[28.95,47.935],[28.833,48.025],[28.799,48.112],[28.574,48.155],[28.519,48.149],[28.48,48.065],[28.412,48.171],[28.317,48.135],[28.363,48.191],[28.358,48.239],[28.217,48.208],[28.179,48.259],[28.093,48.237],[28.076,48.315],[27.926,48.339],[27.785,48.442],[27.627,48.451],[27.583,48.486],[27.403,48.411],[27.342,48.436],[27.209,48.361],[27.037,48.4],[27.033,48.36],[26.943,48.351],[26.832,48.391],[26.778,48.366],[26.774,48.287],[26.68,48.33],[26.587,48.249],[26.303,48.212],[26.271,48.094],[26.173,47.993],[25.262,47.899],[25.08,47.743],[24.897,47.71],[24.808,47.796],[24.679,47.84],[24.634,47.908],[24.542,47.944],[24.409,47.952],[24.231,47.897],[24.009,47.961],[23.855,47.934],[23.78,47.988],[23.563,48.006],[23.461,47.971],[23.139,48.098],[23.063,48.007],[23.004,47.983],[22.924,48.005],[22.916,47.959],[22.878,47.947],[22.832,47.979],[22.855,48.047],[22.801,48.091],[22.746,48.116],[22.605,48.097],[22.481,48.243],[22.357,48.243],[22.299,48.349],[22.257,48.357],[22.272,48.403],[22.133,48.405],[22.139,48.57],[22.31,48.682],[22.369,48.856],[22.449,48.971],[22.521,48.993],[22.54,49.072],[22.867,49.01],[22.841,49.095],[22.682,49.161],[22.738,49.275],[22.72,49.383],[22.641,49.529],[22.666,49.567],[23.101,49.957],[23.644,50.313],[23.682,50.368],[23.981,50.405],[24.011,50.493],[24.108,50.541],[24.081,50.713],[24.027,50.728],[24.026,50.767],[23.958,50.808],[24.143,50.856],[23.979,50.938],[23.912,51.007],[23.864,51.148],[23.635,51.305],[23.698,51.404],[23.649,51.454],[23.663,51.48],[23.608,51.511],[23.629,51.531],[23.593,51.597],[23.617,51.625],[23.75,51.644],[23.981,51.586],[24.244,51.718],[24.312,51.828],[24.391,51.88],[24.722,51.882],[25.138,51.949],[25.352,51.921],[25.768,51.929],[26.081,51.901],[26.175,51.857],[26.408,51.851],[26.446,51.806],[26.666,51.801],[26.855,51.749],[27.151,51.757],[27.178,51.747],[27.189,51.664],[27.277,51.651],[27.267,51.587],[27.477,51.624],[27.693,51.589],[27.664,51.493],[27.714,51.464],[27.793,51.517],[27.831,51.613],[27.955,51.561],[28.071,51.558],[28.21,51.652],[28.334,51.528],[28.461,51.572],[28.604,51.554],[28.637,51.45],[28.704,51.443],[28.729,51.401],[28.8,51.533],[28.981,51.569],[29.063,51.631],[29.16,51.603],[29.227,51.519],[29.228,51.456],[29.32,51.366],[29.466,51.385],[29.505,51.437],[29.638,51.491],[29.829,51.43],[29.886,51.465],[30.149,51.484],[30.32,51.402],[30.317,51.341],[30.355,51.305],[30.54,51.235],[30.646,51.367],[30.588,51.427],[30.618,51.467],[30.563,51.522],[30.584,51.542],[30.523,51.563],[30.543,51.583],[30.515,51.604],[30.557,51.624],[30.57,51.7],[30.625,51.706],[30.646,51.755],[30.618,51.761],[30.742,51.898],[30.788,51.901],[30.897,51.998],[30.941,51.994],[30.919,52.059],[31.096,52.08],[31.229,52.038],[31.383,52.117],[31.764,52.101]],[[32.989,46.043],[33.045,46.038],[33.04,46.012],[32.619,46.06],[32.989,46.043]],[[31.94,46.205],[31.58,46.263],[31.504,46.373],[31.618,46.259],[31.94,46.205]]]}},{"type":"Feature","properties":{"iso":"OM","name":"Oman"},"geometry":{"type":"MultiLineString","coordinates":[[[56.261,25.331],[56.349,25.294],[56.344,25.267],[56.22,25.215],[56.208,25.255],[56.261,25.331]],[[56.263,25.249],[56.288,25.272],[56.265,25.281],[56.263,25.249]],[[56.077,26.061],[56.208,26.263],[56.212,26.208],[56.404,26.215],[56.368,26.244],[56.308,26.222],[56.316,26.29],[56.364,26.28],[56.322,26.31],[56.364,26.386],[56.462,26.332],[56.501,26.359],[56.509,26.324],[56.453,26.318],[56.399,26.269],[56.487,26.235],[56.46,26.202],[56.432,26.222],[56.48,26.146],[56.377,26.174],[56.391,26.201],[56.329,26.173],[56.336,26.112],[56.364,26.146],[56.364,26.105],[56.473,26.099],[56.38,26.038],[56.423,26.023],[56.4,25.99],[56.453,25.947],[56.384,25.926],[56.364,25.807],[56.274,25.709],[56.279,25.627],[56.206,25.618],[56.145,25.671],[56.141,25.733],[56.172,25.765],[56.14,25.823],[56.183,26.015],[56.163,26.074],[56.077,26.061]],[[56.383,24.978],[56.611,24.496],[56.939,24.116],[57.152,23.954],[57.645,23.79],[57.796,23.782],[57.888,23.721],[58.132,23.713],[58.317,23.621],[58.584,23.647],[58.659,23.562],[58.728,23.528],[58.762,23.542],[58.808,23.421],[58.929,23.318],[59.088,23.048],[59.232,22.943],[59.298,22.793],[59.535,22.583],[59.516,22.562],[59.627,22.58],[59.721,22.541],[59.74,22.498],[59.763,22.499],[59.746,22.538],[59.825,22.509],[59.845,22.445],[59.812,22.237],[59.688,22.083],[59.645,21.926],[59.498,21.756],[59.344,21.445],[59.054,21.277],[58.854,21.066],[58.739,20.862],[58.68,20.828],[58.668,20.772],[58.728,20.767],[58.667,20.746],[58.592,20.644],[58.519,20.417],[58.446,20.359],[58.276,20.368],[58.203,20.405],[58.213,20.465],[58.235,20.424],[58.264,20.588],[58.206,20.613],[58.091,20.567],[58.076,20.48],[57.956,20.4],[57.967,20.33],[57.856,20.261],[57.824,20.201],[57.848,20.112],[57.814,19.977],[57.689,19.728],[57.72,19.653],[57.704,19.549],[57.774,19.41],[57.751,19.268],[57.84,19.03],[57.816,18.992],[57.71,18.944],[57.501,18.954],[57.208,18.91],[56.808,18.746],[56.641,18.559],[56.644,18.468],[56.549,18.19],[56.561,18.149],[56.463,18.084],[56.356,17.94],[56.031,17.943],[55.445,17.841],[55.369,17.696],[55.228,17.539],[55.23,17.489],[55.301,17.417],[55.251,17.29],[55.26,17.234],[55.027,17.011],[54.792,16.951],[54.698,16.97],[54.674,17.02],[54.592,17.038],[54.085,17.011],[54.013,16.978],[53.981,16.909],[53.753,16.868],[53.615,16.758],[53.339,16.735],[53.09,16.642],[52.802,17.267],[52.721,17.298],[51.979,18.996],[54.978,19.995],[55.638,21.979],[55.187,22.704],[55.191,22.995],[55.226,23.121],[55.538,23.77],[55.531,23.875],[55.457,23.963],[55.647,24.025],[55.807,24.007],[55.998,24.081],[55.933,24.221],[55.756,24.23],[55.807,24.341],[55.76,24.559],[55.818,24.643],[55.789,24.855],[55.829,24.921],[55.935,24.978],[56.006,24.956],[56.029,24.861],[55.958,24.869],[56.032,24.754],[56.099,24.731],[56.171,24.824],[56.308,24.895],[56.329,24.973],[56.383,24.978]],[[55.836,17.491],[55.863,17.519],[55.891,17.505],[55.836,17.491]],[[56.055,17.56],[56.096,17.519],[55.973,17.498],[55.964,17.52],[56.055,17.56]],[[58.906,20.626],[58.95,20.509],[58.844,20.437],[58.785,20.28],[58.652,20.17],[58.648,20.369],[58.781,20.467],[58.891,20.694],[58.918,20.681],[58.906,20.626]]]}},{"type":"Feature","properties":{"iso":"UZ","name":"Uzbekistan"},"geometry":{"type":"MultiLineString","coordinates":[[[71.786,39.99],[71.757,39.903],[71.666,39.94],[71.786,39.99]],[[70.959,40.238],[70.622,40.2],[70.582,40.222],[70.524,40.344],[70.371,40.365],[70.37,40.476],[70.478,40.505],[70.732,40.675],[70.767,40.738],[70.637,40.771],[70.629,40.816],[70.705,40.807],[70.446,41.026],[70.364,41.032],[70.336,40.927],[70.28,40.878],[70.01,40.758],[69.803,40.706],[69.691,40.63],[69.509,40.775],[69.418,40.804],[69.355,40.78],[69.314,40.729],[69.309,40.596],[69.198,40.567],[69.313,40.343],[69.305,40.294],[69.208,40.298],[69.285,40.195],[69.198,40.183],[69.019,40.232],[68.581,40.164],[68.687,40.11],[68.931,40.147],[68.987,40.092],[68.977,40.065],[68.882,40.071],[68.813,40.039],[68.775,40.08],[68.789,39.994],[68.881,39.878],[68.838,39.865],[68.759,39.981],[68.787,39.882],[68.742,39.82],[68.685,39.868],[68.626,39.85],[68.6,39.643],[68.507,39.568],[68.517,39.548],[68.338,39.528],[67.718,39.623],[67.507,39.553],[67.491,39.49],[67.427,39.477],[67.387,39.294],[67.346,39.281],[67.35,39.22],[67.668,39.132],[67.691,38.99],[68.101,38.979],[68.173,38.845],[68.067,38.788],[68.076,38.727],[68.038,38.692],[68.055,38.536],[68.184,38.335],[68.356,38.213],[68.344,38.115],[68.249,37.949],[68.122,37.908],[68.05,37.76],[67.829,37.528],[67.797,37.424],[67.821,37.303],[67.781,37.189],[67.747,37.229],[67.633,37.254],[67.561,37.22],[67.503,37.282],[67.259,37.185],[67.123,37.282],[67.097,37.341],[67.006,37.384],[66.694,37.343],[66.52,37.364],[66.497,37.398],[66.547,37.451],[66.493,37.522],[66.519,37.783],[66.646,37.946],[66.624,37.994],[66.307,38.08],[66.231,38.149],[65.877,38.273],[65.74,38.224],[65.604,38.237],[65.205,38.45],[64.978,38.612],[64.635,38.744],[64.337,38.971],[64.151,38.949],[63.709,39.191],[63.478,39.403],[62.593,39.89],[62.453,40.009],[62.422,40.115],[62.436,40.194],[62.353,40.43],[62.192,40.499],[62.134,40.578],[62.037,40.736],[61.983,40.886],[61.979,40.999],[61.878,41.125],[61.654,41.249],[61.433,41.3],[61.281,41.157],[61.1,41.224],[61.01,41.237],[60.978,41.203],[60.86,41.253],[60.478,41.212],[60.094,41.39],[60.059,41.434],[60.072,41.514],[60.165,41.585],[60.049,41.753],[60.102,41.795],[60.253,41.78],[60.089,41.919],[59.906,41.967],[59.997,42.011],[59.974,42.099],[59.984,42.146],[60.037,42.17],[60.028,42.2],[59.866,42.304],[59.426,42.287],[59.258,42.348],[59.224,42.461],[59.146,42.527],[58.894,42.548],[58.588,42.791],[58.535,42.655],[58.258,42.69],[58.121,42.624],[58.306,42.529],[58.491,42.298],[58.398,42.288],[58.385,42.388],[58.325,42.432],[58.016,42.5],[57.909,42.43],[57.937,42.354],[57.888,42.262],[57.827,42.227],[57.85,42.191],[57.62,42.148],[57.382,42.164],[57.208,42.071],[57.116,41.952],[56.978,41.895],[56.95,41.866],[56.96,41.647],[57.012,41.558],[57.02,41.466],[57.074,41.395],[57.161,41.368],[57.03,41.263],[55.978,41.322],[55.976,44.994],[58.555,45.557],[61.036,44.383],[61.162,44.168],[62.026,43.481],[63.208,43.627],[64.427,43.547],[64.923,43.719],[65.271,43.417],[65.517,43.297],[65.795,42.877],[66.101,42.99],[66.053,42.441],[66.014,42.403],[66.009,42.003],[66.504,41.993],[66.603,41.494],[66.688,41.199],[66.733,41.158],[67.748,41.184],[67.835,41.157],[67.937,41.2],[68.034,41.043],[68.117,41.067],[68.131,41.03],[68.1,41.014],[68.121,40.965],[68.081,40.873],[67.991,40.811],[68.462,40.585],[68.515,40.619],[68.614,40.609],[68.609,40.716],[68.56,40.751],[68.571,40.914],[68.689,40.965],[68.774,41.087],[69.031,41.209],[69.055,41.315],[69.036,41.374],[69.128,41.395],[69.217,41.46],[69.402,41.475],[69.394,41.545],[69.625,41.668],[69.912,41.713],[70.111,41.826],[70.358,42.062],[70.47,42.092],[70.579,42.016],[70.734,42.197],[70.842,42.193],[71.014,42.288],[71.078,42.281],[71.253,42.198],[71.238,42.16],[70.977,42.044],[70.845,42.03],[70.814,41.92],[70.649,41.887],[70.454,41.712],[70.169,41.578],[70.167,41.52],[70.344,41.494],[70.453,41.405],[70.668,41.471],[70.769,41.352],[70.77,41.239],[70.829,41.249],[70.914,41.193],[71.025,41.19],[71.18,41.108],[71.206,41.189],[71.276,41.113],[71.325,41.157],[71.394,41.113],[71.416,41.127],[71.419,41.347],[71.524,41.297],[71.586,41.324],[71.637,41.431],[71.595,41.494],[71.627,41.543],[71.671,41.547],[71.672,41.425],[71.745,41.453],[71.847,41.342],[71.872,41.194],[71.977,41.195],[72.034,41.157],[72.108,41.196],[72.158,41.188],[72.186,41.061],[72.165,40.999],[72.29,41.024],[72.332,41.073],[72.395,41.022],[72.482,41.009],[72.483,40.971],[72.658,40.867],[72.869,40.864],[72.87,40.818],[73.003,40.87],[73.149,40.814],[72.784,40.67],[72.748,40.575],[72.664,40.578],[72.625,40.51],[72.352,40.602],[72.363,40.512],[72.426,40.459],[72.394,40.389],[72.212,40.426],[72.254,40.458],[72.166,40.454],[71.957,40.316],[72.019,40.24],[71.836,40.249],[71.707,40.144],[71.673,40.148],[71.628,40.259],[71.593,40.198],[71.521,40.204],[71.254,40.324],[71.201,40.264],[71.053,40.274],[70.959,40.238]],[[71.177,40.042],[71.244,40.047],[71.175,39.994],[71.221,39.932],[71.208,39.889],[71.099,39.876],[71.061,39.904],[71.022,39.881],[71.008,39.911],[71.046,39.992],[70.983,40.021],[70.954,40.096],[71.009,40.158],[71.079,40.079],[71.177,40.042]]]}},{"type":"Feature","properties":{"iso":"KZ","name":"Kazakhstan"},"geometry":{"type":"MultiLineString","coordinates":[[[87.324,49.085],[87.116,49.13],[86.975,49.092],[86.859,49.105],[86.709,48.954],[86.789,48.839],[86.739,48.784],[86.752,48.715],[86.565,48.527],[86.307,48.483],[86.192,48.418],[85.784,48.408],[85.719,48.359],[85.586,48.141],[85.515,47.92],[85.595,47.624],[85.585,47.493],[85.67,47.384],[85.679,47.275],[85.66,47.207],[85.557,47.179],[85.499,47.052],[85.226,47.042],[84.916,46.851],[84.74,46.815],[84.716,46.835],[84.752,46.918],[84.664,46.984],[84.266,47.0],[84.07,46.964],[83.905,46.974],[83.524,47.067],[83.15,47.212],[83.021,47.206],[82.986,46.943],[82.839,46.732],[82.674,46.331],[82.568,46.197],[82.489,45.902],[82.372,45.734],[82.291,45.533],[82.363,45.481],[82.513,45.466],[82.632,45.416],[82.615,45.249],[82.54,45.124],[82.476,45.116],[82.245,45.232],[81.95,45.144],[81.794,45.196],[81.765,45.308],[81.665,45.348],[81.542,45.293],[80.854,45.126],[80.697,45.144],[80.445,45.104],[80.39,45.046],[80.103,45.032],[79.858,44.904],[79.843,44.873],[79.869,44.849],[79.992,44.794],[80.245,44.816],[80.492,44.728],[80.492,44.702],[80.356,44.653],[80.384,44.603],[80.33,44.453],[80.373,44.231],[80.339,44.121],[80.404,44.049],[80.713,43.459],[80.643,43.326],[80.748,43.275],[80.793,43.149],[80.732,43.101],[80.618,43.134],[80.368,43.028],[80.374,42.975],[80.543,42.917],[80.549,42.878],[80.265,42.824],[80.227,42.791],[80.14,42.623],[80.211,42.491],[80.196,42.435],[80.268,42.238],[80.249,42.205],[80.167,42.209],[79.918,42.424],[79.426,42.47],[79.353,42.577],[79.206,42.656],[79.181,42.776],[79.148,42.791],[78.993,42.757],[78.43,42.881],[78.311,42.851],[78.031,42.855],[77.714,42.908],[77.558,42.888],[77.419,42.922],[77.328,42.898],[77.179,42.913],[77.124,42.959],[76.957,42.989],[76.708,42.914],[76.585,42.895],[76.481,42.917],[76.414,42.885],[76.254,42.921],[75.797,42.936],[75.704,42.83],[75.62,42.805],[75.179,42.85],[74.863,42.976],[74.714,43.0],[74.558,43.115],[74.179,43.262],[74.217,43.217],[74.197,43.196],[74.04,43.182],[73.965,43.217],[73.902,43.131],[73.571,43.032],[73.493,42.895],[73.504,42.794],[73.413,42.627],[73.418,42.556],[73.505,42.403],[73.326,42.429],[73.317,42.494],[73.278,42.513],[73.115,42.551],[72.875,42.544],[72.726,42.653],[72.477,42.683],[72.292,42.761],[72.105,42.75],[71.848,42.834],[71.694,42.812],[71.584,42.76],[71.405,42.795],[71.33,42.737],[71.245,42.747],[71.149,42.678],[71.143,42.603],[71.003,42.564],[71.064,42.47],[70.962,42.468],[70.933,42.376],[70.853,42.306],[70.948,42.248],[70.842,42.193],[70.734,42.197],[70.61,42.027],[70.534,42.025],[70.455,42.094],[70.358,42.062],[70.111,41.826],[69.912,41.713],[69.625,41.668],[69.394,41.545],[69.402,41.475],[69.217,41.46],[69.128,41.395],[69.036,41.374],[69.055,41.315],[69.031,41.209],[68.774,41.087],[68.689,40.965],[68.571,40.914],[68.56,40.751],[68.609,40.716],[68.614,40.609],[68.515,40.619],[68.462,40.585],[67.991,40.811],[68.081,40.873],[68.121,40.965],[68.1,41.014],[68.131,41.03],[68.117,41.067],[68.034,41.043],[67.937,41.2],[67.835,41.157],[67.748,41.184],[66.733,41.158],[66.688,41.199],[66.603,41.494],[66.504,41.993],[66.009,42.003],[66.014,42.403],[66.053,42.441],[66.101,42.99],[65.795,42.877],[65.517,43.297],[65.271,43.417],[64.923,43.719],[64.427,43.547],[63.208,43.627],[62.026,43.481],[61.162,44.168],[61.036,44.383],[58.555,45.557],[55.976,44.995],[55.978,41.322],[55.635,41.264],[55.45,41.279],[55.373,41.376],[55.228,41.473],[54.951,41.796],[54.907,41.932],[54.738,42.048],[54.123,42.338],[53.412,42.258],[52.979,42.127],[52.438,41.749],[52.491,41.902],[52.402,42.093],[52.436,42.18],[52.594,42.335],[52.676,42.538],[52.663,42.613],[52.564,42.742],[52.663,42.668],[52.71,42.585],[52.736,42.701],[52.471,42.826],[52.357,42.832],[52.273,42.799],[52.169,42.887],[51.912,42.842],[51.772,43.031],[51.676,43.1],[51.651,43.191],[51.509,43.154],[51.276,43.154],[51.315,43.462],[51.207,43.624],[51.115,43.661],[50.991,43.908],[50.861,44.025],[50.847,44.189],[50.696,44.264],[50.278,44.336],[50.23,44.391],[50.225,44.568],[50.268,44.571],[50.311,44.662],[50.757,44.605],[50.784,44.633],[50.873,44.629],[51.005,44.566],[51.007,44.529],[51.143,44.485],[51.366,44.56],[51.374,44.528],[51.56,44.511],[51.554,44.55],[51.439,44.61],[51.319,44.596],[51.234,44.719],[50.962,44.864],[50.994,44.936],[50.954,44.952],[50.959,44.979],[51.197,45.066],[51.273,45.025],[51.244,45.162],[51.416,45.39],[51.457,45.347],[51.544,45.335],[51.7,45.392],[51.758,45.457],[51.792,45.405],[51.94,45.367],[52.009,45.395],[52.519,45.409],[52.91,45.313],[53.108,45.3],[53.261,45.343],[53.248,45.37],[52.755,45.517],[52.732,45.554],[52.746,45.639],[53.04,45.936],[53.118,46.114],[53.157,46.342],[53.033,46.471],[53.102,46.444],[53.082,46.512],[53.018,46.479],[52.997,46.505],[53.04,46.574],[53.054,46.546],[53.088,46.553],[53.108,46.622],[53.118,46.602],[53.201,46.643],[53.208,46.695],[53.106,46.737],[53.06,46.892],[52.992,46.895],[52.92,46.957],[52.615,46.95],[52.456,47.001],[52.357,46.894],[52.189,46.884],[52.245,46.81],[52.113,46.813],[52.0,46.891],[52.019,46.937],[51.941,46.88],[51.854,46.895],[51.896,46.931],[51.744,46.927],[51.676,46.979],[51.68,47.057],[51.636,47.049],[51.592,46.987],[51.527,47.053],[51.213,47.121],[50.905,47.019],[50.847,47.037],[50.741,46.906],[50.752,46.975],[50.616,46.936],[50.569,46.829],[50.578,46.878],[50.503,46.864],[50.43,46.897],[50.384,46.818],[50.361,46.847],[50.231,46.726],[50.213,46.766],[50.169,46.749],[50.034,46.635],[49.84,46.581],[49.817,46.54],[49.703,46.56],[49.703,46.519],[49.623,46.583],[49.627,46.519],[49.579,46.499],[49.469,46.594],[49.493,46.5],[49.429,46.555],[49.389,46.544],[49.305,46.588],[49.394,46.478],[49.278,46.519],[49.371,46.399],[49.223,46.471],[49.292,46.396],[49.168,46.409],[49.216,46.38],[49.227,46.328],[48.897,46.482],[48.82,46.479],[48.705,46.55],[48.539,46.568],[48.563,46.591],[48.53,46.638],[48.455,46.661],[48.557,46.762],[48.677,46.758],[48.764,46.683],[48.917,46.703],[49.006,46.769],[48.697,47.101],[48.525,47.41],[48.411,47.446],[48.174,47.713],[48.044,47.77],[47.65,47.766],[47.412,47.836],[47.36,47.683],[47.124,47.808],[47.159,47.872],[47.044,47.986],[47.192,48.072],[47.104,48.101],[47.116,48.154],[47.075,48.205],[47.112,48.242],[47.099,48.265],[46.478,48.411],[46.754,48.914],[46.93,49.004],[47.021,49.097],[47.029,49.201],[46.775,49.333],[46.923,49.861],[47.177,49.947],[47.329,50.073],[47.265,50.186],[47.322,50.237],[47.306,50.295],[47.392,50.323],[47.511,50.437],[47.599,50.453],[47.993,50.182],[48.239,49.865],[48.43,49.81],[48.785,49.933],[48.886,50.02],[48.874,50.07],[48.783,50.111],[48.789,50.173],[48.701,50.335],[48.673,50.58],[48.568,50.637],[48.83,50.596],[49.144,50.782],[49.369,50.827],[49.424,50.882],[49.347,50.964],[49.437,51.112],[49.779,51.102],[49.987,51.23],[50.325,51.303],[50.338,51.372],[50.376,51.397],[50.36,51.413],[50.527,51.47],[50.525,51.566],[50.576,51.588],[50.582,51.635],[50.694,51.611],[50.671,51.568],[50.791,51.597],[50.747,51.709],[50.767,51.759],[50.839,51.746],[50.925,51.68],[51.234,51.685],[51.372,51.63],[51.359,51.561],[51.237,51.536],[51.304,51.472],[51.462,51.475],[51.584,51.535],[51.647,51.451],[51.693,51.454],[51.782,51.493],[51.765,51.593],[51.869,51.673],[52.092,51.659],[52.148,51.716],[52.258,51.724],[52.308,51.775],[52.479,51.505],[52.546,51.46],[52.669,51.455],[52.78,51.508],[52.944,51.453],[53.037,51.49],[53.157,51.487],[53.166,51.515],[53.407,51.484],[53.61,51.388],[53.574,51.353],[53.594,51.289],[53.674,51.22],[53.936,51.186],[54.018,51.119],[54.112,51.096],[54.145,50.993],[54.276,50.904],[54.479,50.853],[54.38,50.619],[54.436,50.548],[54.499,50.523],[54.591,50.542],[54.676,50.603],[54.639,50.707],[54.638,50.886],[54.503,50.928],[54.546,50.953],[54.534,51.003],[54.638,51.028],[54.812,50.972],[54.894,50.912],[55.048,50.884],[55.084,50.797],[55.305,50.665],[55.468,50.657],[55.66,50.53],[56.079,50.725],[56.158,50.906],[56.315,50.884],[56.35,50.948],[56.432,50.976],[56.421,51.034],[56.478,51.073],[56.597,50.984],[56.688,50.969],[56.71,50.982],[56.68,51.05],[56.716,51.072],[56.865,51.052],[57.154,51.1],[57.197,51.017],[57.273,50.997],[57.334,50.897],[57.468,50.858],[57.556,50.919],[57.722,50.909],[57.734,51.074],[57.769,51.12],[57.96,51.077],[58.077,51.098],[58.168,51.055],[58.224,51.123],[58.308,51.15],[58.378,51.071],[58.52,51.062],[58.595,51.023],[58.596,50.962],[58.55,50.893],[58.571,50.864],[58.641,50.863],[58.664,50.79],[58.748,50.795],[58.812,50.725],[58.926,50.678],[59.197,50.663],[59.273,50.616],[59.438,50.631],[59.563,50.58],[59.56,50.554],[59.452,50.537],[59.523,50.475],[59.816,50.563],[59.915,50.674],[59.915,50.746],[59.962,50.83],[60.021,50.854],[60.136,50.844],[60.177,50.742],[60.3,50.685],[60.718,50.653],[61.372,50.782],[61.427,50.833],[61.534,51.206],[61.664,51.258],[61.563,51.296],[61.474,51.426],[61.029,51.483],[60.945,51.544],[60.937,51.611],[60.515,51.618],[60.485,51.651],[60.376,51.663],[60.356,51.692],[60.476,51.776],[60.452,51.805],[60.138,51.889],[60.061,51.859],[59.986,51.952],[60.003,51.993],[60.203,51.993],[60.426,52.13],[60.672,52.144],[61.04,52.335],[60.961,52.402],[60.936,52.489],[60.815,52.522],[60.803,52.628],[60.724,52.626],[60.673,52.672],[60.696,52.735],[60.829,52.772],[61.058,52.922],[60.975,52.971],[61.19,53.013],[61.349,52.985],[61.448,53.021],[61.606,52.948],[61.82,52.978],[61.959,52.935],[62.094,52.992],[62.116,53.065],[62.051,53.125],[61.764,53.169],[61.643,53.243],[61.514,53.209],[61.163,53.299],[61.137,53.373],[61.235,53.503],[61.412,53.436],[61.555,53.506],[61.503,53.589],[61.361,53.583],[61.281,53.542],[60.88,53.633],[60.905,53.657],[61.008,53.636],[61.052,53.703],[61.107,53.712],[61.199,53.797],[61.202,53.82],[61.085,53.875],[60.978,53.883],[60.996,53.941],[61.145,53.95],[61.211,53.908],[61.231,53.943],[61.194,54.018],[61.338,54.063],[61.553,53.993],[61.582,53.948],[61.62,53.993],[61.791,54.001],[61.856,53.943],[62.004,53.932],[62.003,54.017],[62.413,54.027],[62.444,53.992],[62.39,53.942],[62.525,53.872],[62.532,53.93],[62.587,53.97],[62.551,54.027],[62.581,54.054],[62.812,54.095],[63.085,54.086],[63.127,54.11],[63.11,54.158],[63.157,54.18],[63.368,54.163],[63.709,54.25],[63.897,54.194],[64.008,54.229],[64.025,54.255],[63.979,54.296],[64.004,54.32],[64.06,54.304],[64.579,54.386],[64.72,54.334],[64.911,54.403],[65.085,54.309],[65.184,54.31],[65.213,54.343],[65.181,54.449],[65.198,54.516],[65.342,54.561],[65.449,54.557],[65.45,54.627],[65.744,54.601],[65.827,54.673],[65.933,54.703],[65.977,54.612],[66.447,54.711],[66.7,54.719],[66.782,54.758],[67.213,54.797],[67.311,54.86],[67.698,54.868],[67.882,54.97],[68.01,54.943],[68.166,54.956],[68.235,55.039],[68.308,55.073],[68.191,55.125],[68.207,55.154],[68.177,55.171],[68.605,55.196],[68.614,55.243],[68.676,55.273],[68.701,55.36],[68.971,55.279],[68.977,55.347],[68.918,55.371],[68.902,55.412],[68.943,55.435],[69.123,55.398],[69.186,55.326],[69.335,55.385],[69.674,55.334],[69.802,55.292],[69.94,55.2],[70.214,55.132],[70.382,55.206],[70.441,55.283],[70.561,55.27],[70.721,55.313],[70.82,55.294],[70.793,55.233],[70.977,55.078],[70.946,54.888],[70.99,54.849],[71.006,54.774],[71.201,54.724],[71.265,54.662],[71.252,54.625],[71.148,54.591],[71.141,54.564],[71.166,54.417],[71.198,54.4],[71.191,54.318],[71.003,54.333],[70.971,54.305],[70.977,54.27],[71.052,54.263],[71.044,54.186],[71.161,54.102],[71.321,54.201],[71.453,54.181],[71.477,54.11],[71.574,54.129],[71.647,54.109],[71.709,54.132],[71.715,54.211],[71.762,54.248],[71.984,54.232],[72.1,54.132],[72.155,54.128],[72.187,54.179],[72.067,54.222],[72.103,54.312],[72.027,54.355],[72.043,54.378],[72.185,54.357],[72.324,54.253],[72.299,54.178],[72.483,54.136],[72.358,54.093],[72.419,54.016],[72.373,53.936],[72.392,53.908],[72.477,53.913],[72.557,53.977],[72.7,53.958],[72.656,54.043],[72.503,54.051],[72.527,54.1],[72.624,54.135],[72.942,54.122],[72.977,54.048],[73.063,53.979],[73.36,53.938],[73.393,53.974],[73.518,53.956],[73.528,54.011],[73.587,54.019],[73.602,54.071],[73.741,54.058],[73.683,53.874],[73.432,53.865],[73.391,53.828],[73.438,53.808],[73.347,53.788],[73.307,53.686],[73.23,53.662],[73.259,53.606],[73.231,53.572],[73.391,53.52],[73.347,53.459],[73.411,53.43],[73.583,53.559],[73.641,53.563],[73.653,53.609],[73.788,53.595],[73.904,53.639],[74.058,53.625],[74.077,53.566],[74.223,53.595],[74.27,53.515],[74.388,53.462],[74.457,53.57],[74.421,53.603],[74.438,53.673],[74.616,53.681],[74.654,53.748],[74.735,53.765],[74.772,53.831],[75.028,53.808],[75.434,53.987],[75.361,54.06],[75.429,54.09],[75.64,54.099],[76.184,54.252],[76.177,54.307],[76.234,54.347],[76.476,54.323],[76.623,54.356],[76.673,54.436],[76.896,54.464],[76.904,54.433],[76.753,54.377],[76.834,54.346],[76.838,54.297],[76.665,54.134],[76.377,54.154],[76.495,53.992],[77.613,53.443],[77.867,53.272],[79.043,51.993],[79.47,51.493],[80.021,50.767],[80.086,50.752],[80.015,50.839],[80.143,50.817],[80.181,50.876],[80.439,50.958],[80.464,51.044],[80.411,51.105],[80.422,51.188],[80.599,51.209],[80.632,51.278],[80.683,51.302],[80.843,51.258],[80.906,51.284],[80.924,51.216],[81.022,51.177],[81.152,51.187],[81.052,50.956],[81.401,50.959],[81.466,50.834],[81.419,50.762],[81.46,50.73],[81.674,50.736],[81.744,50.785],[81.945,50.769],[82.147,50.702],[82.328,50.752],[82.476,50.714],[82.673,50.79],[82.726,50.901],[82.976,50.882],[83.058,50.917],[83.108,50.993],[83.434,50.993],[83.498,50.945],[83.82,50.868],[83.951,50.78],[83.976,50.686],[84.102,50.629],[84.196,50.511],[84.177,50.439],[84.239,50.345],[84.25,50.26],[84.331,50.213],[84.441,50.245],[84.536,50.191],[84.791,50.133],[84.839,50.081],[84.91,50.095],[84.987,50.067],[85.025,50.004],[84.955,49.99],[84.955,49.907],[85.056,49.873],[85.082,49.8],[85.185,49.705],[85.224,49.596],[85.384,49.616],[85.476,49.583],[85.615,49.617],[85.673,49.56],[85.747,49.573],[85.809,49.537],[85.941,49.56],[85.946,49.481],[86.07,49.526],[86.177,49.463],[86.272,49.584],[86.475,49.671],[86.473,49.708],[86.565,49.743],[86.61,49.796],[86.748,49.783],[86.741,49.723],[86.776,49.695],[86.647,49.654],[86.599,49.574],[86.824,49.509],[86.829,49.433],[86.933,49.39],[86.913,49.339],[87.037,49.243],[87.272,49.205],[87.324,49.085]],[[50.26,45.01],[50.277,45.072],[50.348,45.085],[50.325,44.973],[50.264,44.964],[50.26,45.01]],[[50.17,44.83],[50.079,44.833],[49.986,44.947],[50.052,45.066],[50.112,45.062],[50.054,45.039],[50.021,44.944],[50.058,44.929],[50.073,44.862],[50.141,44.84],[50.189,44.861],[50.17,44.83]],[[50.744,44.886],[50.761,44.865],[50.698,44.858],[50.628,44.967],[50.678,44.936],[50.714,44.954],[50.744,44.886]],[[52.693,45.46],[52.702,45.405],[52.677,45.397],[52.552,45.478],[52.636,45.526],[52.693,45.46]],[[49.822,46.314],[49.841,46.263],[49.805,46.211],[49.72,46.357],[49.822,46.314]]]}},{"type":"Feature","properties":{"iso":"TJ","name":"Tajikistan"},"geometry":{"type":"MultiLineString","coordinates":[[[70.959,40.238],[70.98,40.214],[70.929,40.171],[70.792,40.161],[70.666,40.104],[70.614,39.976],[70.501,39.941],[70.477,39.901],[70.451,39.937],[70.521,39.994],[70.525,40.034],[70.324,40.078],[70.242,40.133],[70.147,40.137],[70.005,40.209],[69.575,40.104],[69.518,40.125],[69.463,40.025],[69.502,39.922],[69.405,39.896],[69.314,39.987],[69.241,39.829],[69.226,39.751],[69.288,39.678],[69.3,39.516],[69.362,39.553],[69.412,39.525],[69.669,39.578],[69.83,39.536],[69.979,39.534],[70.04,39.574],[70.132,39.55],[70.201,39.619],[70.223,39.519],[70.477,39.601],[70.622,39.564],[70.7,39.472],[70.713,39.398],[70.77,39.382],[70.903,39.421],[70.977,39.395],[71.096,39.512],[71.249,39.514],[71.46,39.612],[71.531,39.553],[71.492,39.494],[71.513,39.459],[71.74,39.448],[71.748,39.38],[71.711,39.321],[71.751,39.274],[72.05,39.369],[72.095,39.275],[72.203,39.241],[72.229,39.189],[72.316,39.329],[72.519,39.376],[72.576,39.359],[72.634,39.394],[72.835,39.356],[73.168,39.355],[73.326,39.391],[73.368,39.444],[73.604,39.46],[73.633,39.448],[73.644,39.351],[73.608,39.207],[73.709,39.065],[73.826,38.977],[73.81,38.933],[73.717,38.919],[73.681,38.873],[73.816,38.587],[73.933,38.53],[74.029,38.527],[74.059,38.547],[74.037,38.598],[74.123,38.669],[74.334,38.667],[74.76,38.52],[74.833,38.464],[74.838,38.379],[74.771,38.292],[74.791,38.081],[74.88,38.022],[74.914,37.881],[74.886,37.831],[74.965,37.767],[74.886,37.653],[74.892,37.599],[75.164,37.401],[75.092,37.378],[75.068,37.312],[74.952,37.281],[74.892,37.231],[74.789,37.331],[74.66,37.394],[74.521,37.376],[74.316,37.427],[74.304,37.4],[74.224,37.403],[74.188,37.338],[73.709,37.217],[73.597,37.262],[73.739,37.338],[73.753,37.428],[73.485,37.481],[73.296,37.465],[73.132,37.384],[73.068,37.315],[72.791,37.22],[72.658,37.029],[72.26,36.967],[71.837,36.699],[71.653,36.687],[71.553,36.77],[71.431,37.067],[71.494,37.308],[71.53,37.761],[71.59,37.816],[71.598,37.898],[71.537,37.944],[71.341,37.893],[71.258,37.926],[71.359,38.184],[71.358,38.251],[70.951,38.473],[70.936,38.433],[70.777,38.446],[70.665,38.405],[70.685,38.387],[70.6,38.347],[70.583,38.275],[70.547,38.263],[70.47,38.121],[70.254,37.973],[70.262,37.939],[70.172,37.946],[70.165,37.89],[70.247,37.819],[70.283,37.705],[70.248,37.623],[70.158,37.541],[70.008,37.549],[69.919,37.617],[69.802,37.582],[69.529,37.586],[69.384,37.453],[69.41,37.246],[69.445,37.236],[69.324,37.121],[69.246,37.104],[69.124,37.169],[68.985,37.32],[68.888,37.338],[68.916,37.279],[68.836,37.329],[68.81,37.312],[68.82,37.251],[68.669,37.278],[68.627,37.206],[68.404,37.152],[68.392,37.105],[68.288,37.103],[68.278,37.01],[68.186,37.018],[68.011,36.931],[67.878,37.064],[67.773,37.11],[67.821,37.303],[67.801,37.466],[67.872,37.587],[68.05,37.76],[68.122,37.908],[68.249,37.949],[68.344,38.115],[68.356,38.213],[68.184,38.335],[68.055,38.536],[68.038,38.692],[68.076,38.727],[68.067,38.788],[68.173,38.845],[68.101,38.979],[67.691,38.99],[67.668,39.132],[67.35,39.22],[67.346,39.281],[67.387,39.294],[67.427,39.477],[67.491,39.49],[67.507,39.553],[67.718,39.623],[68.338,39.528],[68.517,39.548],[68.507,39.568],[68.6,39.643],[68.626,39.85],[68.685,39.868],[68.742,39.82],[68.787,39.882],[68.759,39.981],[68.838,39.865],[68.881,39.878],[68.789,39.994],[68.775,40.08],[68.813,40.039],[68.882,40.071],[68.977,40.065],[68.987,40.092],[68.931,40.147],[68.687,40.11],[68.581,40.164],[69.019,40.232],[69.198,40.183],[69.285,40.195],[69.208,40.298],[69.305,40.294],[69.313,40.343],[69.198,40.567],[69.309,40.596],[69.314,40.729],[69.355,40.78],[69.418,40.804],[69.509,40.775],[69.66,40.639],[69.718,40.636],[69.803,40.706],[70.01,40.758],[70.28,40.878],[70.336,40.927],[70.364,41.032],[70.446,41.026],[70.697,40.816],[70.703,40.789],[70.629,40.816],[70.637,40.771],[70.767,40.738],[70.732,40.675],[70.478,40.505],[70.37,40.476],[70.371,40.365],[70.524,40.344],[70.582,40.222],[70.622,40.2],[70.959,40.238]],[[70.499,39.882],[70.699,39.858],[70.705,39.822],[70.582,39.767],[70.49,39.85],[70.499,39.882]]]}},{"type":"Feature","properties":{"iso":"MN","name":"Mongolia"},"geometry":{"type":"MultiLineString","coordinates":[[[116.684,49.823],[116.038,48.87],[116.028,48.767],[115.8,48.53],[115.8,48.242],[115.514,48.132],[115.576,47.91],[115.915,47.684],[116.084,47.807],[116.244,47.863],[116.5,47.836],[116.822,47.876],[117.07,47.81],[117.361,47.651],[117.767,47.993],[118.182,48.028],[118.473,47.989],[118.542,47.966],[118.767,47.756],[119.083,47.662],[119.134,47.528],[119.31,47.476],[119.282,47.415],[119.7,47.16],[119.754,47.094],[119.77,46.993],[119.896,46.899],[119.883,46.753],[119.907,46.718],[119.854,46.66],[119.782,46.656],[119.68,46.592],[119.501,46.628],[119.317,46.612],[119.037,46.669],[118.967,46.74],[118.891,46.714],[118.847,46.765],[118.72,46.677],[118.269,46.723],[117.901,46.608],[117.798,46.52],[117.673,46.516],[117.568,46.604],[117.394,46.571],[117.413,46.525],[117.337,46.357],[116.815,46.387],[116.722,46.329],[116.568,46.291],[116.357,46.106],[116.213,45.908],[116.252,45.803],[116.17,45.709],[116.002,45.676],[115.667,45.454],[115.337,45.395],[114.939,45.374],[114.703,45.427],[114.534,45.386],[114.419,45.201],[114.089,44.962],[113.889,44.908],[113.605,44.74],[112.748,44.865],[112.586,44.924],[112.413,45.066],[111.958,45.085],[111.739,44.966],[111.551,44.693],[111.538,44.583],[111.397,44.387],[111.411,44.326],[111.491,44.283],[111.544,44.157],[111.839,43.939],[111.944,43.786],[111.933,43.697],[111.754,43.663],[111.568,43.503],[111.401,43.476],[110.973,43.316],[110.407,42.769],[110.06,42.638],[109.913,42.629],[109.667,42.549],[109.485,42.449],[109.253,42.426],[108.961,42.448],[108.797,42.398],[108.177,42.454],[106.768,42.287],[105.201,41.743],[104.974,41.586],[104.892,41.645],[104.505,41.657],[104.501,41.871],[103.691,41.759],[103.073,42.005],[102.034,42.185],[101.886,42.278],[101.735,42.461],[101.525,42.537],[101.219,42.53],[100.017,42.677],[99.474,42.564],[97.193,42.787],[96.358,42.724],[96.319,42.91],[95.874,43.247],[95.833,43.409],[95.535,43.958],[95.319,44.017],[95.323,44.158],[95.398,44.281],[95.037,44.255],[94.698,44.343],[94.588,44.436],[94.338,44.512],[94.182,44.661],[93.927,44.673],[93.714,44.875],[93.525,44.951],[93.166,45.008],[92.945,45.006],[92.848,45.039],[92.475,44.997],[92.219,45.01],[92.043,45.075],[91.534,45.071],[91.438,45.146],[91.367,45.114],[91.249,45.13],[91.057,45.218],[90.873,45.186],[90.867,45.254],[90.797,45.293],[90.753,45.421],[90.651,45.493],[90.711,45.752],[91.002,46.022],[90.996,46.114],[90.896,46.302],[91.047,46.566],[90.996,46.595],[91.005,46.74],[90.925,46.813],[90.936,46.864],[90.885,46.945],[90.712,47.015],[90.469,47.309],[90.487,47.378],[90.448,47.404],[90.441,47.493],[90.327,47.623],[90.345,47.659],[90.083,47.756],[90.045,47.88],[89.947,47.883],[89.889,47.824],[89.751,47.824],[89.542,48.031],[89.354,48.039],[89.244,47.98],[89.075,47.984],[88.917,48.106],[88.805,48.106],[88.636,48.176],[88.581,48.212],[88.573,48.325],[88.503,48.393],[88.417,48.394],[88.305,48.469],[87.952,48.575],[87.943,48.599],[88.055,48.673],[88.059,48.708],[87.821,48.788],[87.736,48.887],[87.873,48.968],[87.872,49.004],[87.822,49.029],[87.816,49.166],[87.957,49.169],[88.144,49.271],[88.116,49.357],[88.175,49.444],[88.616,49.493],[88.696,49.447],[88.871,49.436],[88.859,49.527],[88.889,49.542],[88.975,49.456],[89.161,49.503],[89.216,49.545],[89.178,49.598],[89.216,49.634],[89.372,49.582],[89.442,49.644],[89.702,49.72],[89.702,49.753],[89.626,49.788],[89.644,49.819],[89.615,49.842],[89.624,49.903],[89.668,49.927],[89.969,49.967],[90.021,50.071],[90.475,50.215],[90.684,50.216],[90.727,50.292],[90.84,50.321],[91.012,50.425],[91.416,50.461],[91.475,50.536],[91.576,50.562],[91.75,50.684],[91.9,50.707],[92.159,50.689],[92.243,50.72],[92.302,50.843],[92.361,50.868],[92.443,50.786],[92.65,50.674],[92.735,50.705],[92.796,50.788],[92.962,50.778],[93.011,50.623],[93.105,50.599],[93.422,50.609],[94.259,50.558],[94.328,50.404],[94.354,50.224],[94.492,50.152],[94.603,50.02],[94.922,50.046],[95.076,49.946],[95.355,49.948],[95.501,49.887],[95.828,50.02],[95.946,49.939],[96.056,49.999],[96.346,49.889],[96.503,49.922],[96.585,49.858],[96.702,49.914],[96.969,49.887],[97.153,49.75],[97.343,49.734],[97.574,49.848],[97.567,49.917],[97.756,49.961],[97.83,49.923],[98.048,50.023],[98.262,50.284],[98.293,50.519],[98.038,50.623],[97.944,50.774],[97.985,50.847],[97.836,50.941],[97.806,51.001],[97.929,51.215],[97.923,51.318],[98.04,51.457],[98.111,51.485],[98.22,51.475],[98.228,51.583],[98.332,51.718],[98.683,51.819],[98.886,52.129],[98.962,52.113],[98.995,52.058],[99.233,51.994],[99.324,51.934],[99.71,51.881],[99.918,51.749],[100.511,51.727],[101.117,51.528],[101.242,51.515],[101.35,51.45],[101.526,51.476],[102.075,51.375],[102.193,51.307],[102.135,51.24],[102.147,51.098],[102.23,50.979],[102.217,50.799],[102.329,50.719],[102.276,50.65],[102.303,50.564],[102.513,50.504],[102.618,50.399],[102.927,50.303],[103.202,50.297],[103.277,50.198],[103.439,50.193],[103.601,50.134],[103.668,50.131],[103.785,50.186],[104.122,50.148],[104.406,50.301],[104.61,50.314],[104.902,50.39],[105.106,50.39],[105.329,50.476],[105.985,50.4],[106.056,50.334],[106.222,50.292],[106.657,50.327],[106.974,50.196],[107.057,50.074],[107.192,50.006],[107.947,49.933],[107.93,49.851],[107.956,49.746],[107.927,49.67],[108.016,49.656],[108.016,49.602],[108.106,49.554],[108.236,49.532],[108.335,49.436],[108.538,49.327],[109.287,49.339],[109.451,49.306],[109.516,49.256],[109.729,49.266],[110.181,49.162],[110.371,49.242],[110.604,49.145],[110.731,49.138],[111.338,49.365],[111.479,49.343],[111.661,49.396],[112.03,49.412],[112.473,49.534],[112.777,49.501],[113.061,49.596],[113.087,49.687],[113.183,49.802],[113.58,50.02],[113.85,50.081],[113.973,50.161],[114.286,50.277],[114.473,50.234],[114.754,50.236],[114.997,50.144],[115.21,49.972],[115.388,49.891],[115.716,49.878],[116.054,49.998],[116.218,50.014],[116.575,49.922],[116.684,49.823]]]}},{"type":"Feature","properties":{"iso":"RU","name":"Russia"},"geometry":{"type":"MultiLineString","coordinates":[[[87.816,49.166],[87.506,49.121],[87.4,49.071],[87.324,49.085],[87.272,49.205],[87.025,49.249],[86.913,49.339],[86.933,49.39],[86.814,49.45],[86.824,49.509],[86.733,49.551],[86.643,49.547],[86.592,49.587],[86.647,49.654],[86.776,49.695],[86.741,49.723],[86.748,49.783],[86.61,49.796],[86.565,49.743],[86.473,49.708],[86.475,49.671],[86.272,49.584],[86.177,49.463],[86.07,49.526],[85.946,49.481],[85.941,49.56],[85.809,49.537],[85.747,49.573],[85.673,49.56],[85.615,49.617],[85.476,49.583],[85.384,49.616],[85.224,49.596],[85.185,49.705],[85.082,49.8],[85.056,49.873],[84.955,49.907],[84.955,49.99],[85.025,50.004],[84.987,50.067],[84.91,50.095],[84.839,50.081],[84.791,50.133],[84.536,50.191],[84.441,50.245],[84.331,50.213],[84.25,50.26],[84.239,50.345],[84.177,50.439],[84.196,50.511],[84.102,50.629],[83.976,50.686],[83.951,50.78],[83.82,50.868],[83.498,50.945],[83.434,50.993],[83.108,50.993],[83.058,50.917],[82.976,50.882],[82.726,50.901],[82.673,50.79],[82.476,50.714],[82.328,50.752],[82.147,50.702],[81.945,50.769],[81.744,50.785],[81.674,50.736],[81.46,50.73],[81.419,50.762],[81.466,50.834],[81.401,50.959],[81.052,50.956],[81.152,51.187],[81.022,51.177],[80.924,51.216],[80.906,51.284],[80.843,51.258],[80.683,51.302],[80.632,51.278],[80.599,51.209],[80.422,51.188],[80.411,51.105],[80.464,51.044],[80.439,50.958],[80.181,50.876],[80.143,50.817],[80.015,50.839],[80.086,50.752],[80.021,50.767],[79.47,51.493],[79.043,51.993],[77.867,53.272],[77.613,53.443],[76.495,53.992],[76.377,54.154],[76.665,54.134],[76.838,54.297],[76.834,54.346],[76.753,54.377],[76.904,54.433],[76.896,54.464],[76.673,54.436],[76.623,54.356],[76.476,54.323],[76.234,54.347],[76.177,54.307],[76.184,54.252],[75.64,54.099],[75.429,54.09],[75.361,54.06],[75.434,53.987],[75.028,53.808],[74.772,53.831],[74.735,53.765],[74.654,53.748],[74.616,53.681],[74.438,53.673],[74.421,53.603],[74.457,53.57],[74.388,53.462],[74.27,53.515],[74.223,53.595],[74.077,53.566],[74.058,53.625],[73.904,53.639],[73.788,53.595],[73.653,53.609],[73.641,53.563],[73.583,53.559],[73.411,53.43],[73.347,53.459],[73.391,53.52],[73.231,53.572],[73.259,53.606],[73.23,53.662],[73.307,53.686],[73.347,53.788],[73.438,53.808],[73.391,53.828],[73.432,53.865],[73.683,53.874],[73.741,54.058],[73.602,54.071],[73.587,54.019],[73.528,54.011],[73.518,53.956],[73.393,53.974],[73.36,53.938],[73.063,53.979],[72.977,54.048],[72.942,54.122],[72.624,54.135],[72.527,54.1],[72.503,54.051],[72.656,54.043],[72.7,53.958],[72.557,53.977],[72.477,53.913],[72.392,53.908],[72.373,53.936],[72.419,54.016],[72.358,54.093],[72.483,54.136],[72.299,54.178],[72.324,54.253],[72.185,54.357],[72.043,54.378],[72.027,54.355],[72.103,54.312],[72.067,54.222],[72.187,54.179],[72.155,54.128],[72.1,54.132],[71.984,54.232],[71.762,54.248],[71.715,54.211],[71.709,54.132],[71.647,54.109],[71.574,54.129],[71.477,54.11],[71.453,54.181],[71.321,54.201],[71.161,54.102],[71.044,54.186],[71.052,54.263],[70.977,54.27],[70.971,54.305],[71.003,54.333],[71.191,54.318],[71.198,54.4],[71.166,54.417],[71.141,54.564],[71.148,54.591],[71.252,54.625],[71.265,54.662],[71.201,54.724],[71.006,54.774],[70.99,54.849],[70.946,54.888],[70.977,55.078],[70.793,55.233],[70.82,55.294],[70.721,55.313],[70.561,55.27],[70.441,55.283],[70.382,55.206],[70.214,55.132],[69.94,55.2],[69.802,55.292],[69.674,55.334],[69.335,55.385],[69.186,55.326],[69.123,55.398],[68.927,55.434],[68.902,55.412],[68.918,55.371],[68.977,55.347],[68.971,55.279],[68.701,55.36],[68.676,55.273],[68.614,55.243],[68.605,55.196],[68.177,55.171],[68.207,55.154],[68.191,55.125],[68.308,55.073],[68.235,55.039],[68.166,54.956],[68.01,54.943],[67.882,54.97],[67.698,54.868],[67.311,54.86],[67.213,54.797],[66.782,54.758],[66.7,54.719],[66.447,54.711],[65.977,54.612],[65.933,54.703],[65.827,54.673],[65.744,54.601],[65.45,54.627],[65.449,54.557],[65.342,54.561],[65.198,54.516],[65.181,54.449],[65.213,54.343],[65.184,54.31],[65.085,54.309],[64.911,54.403],[64.72,54.334],[64.579,54.386],[64.06,54.304],[64.004,54.32],[63.979,54.296],[64.025,54.255],[64.008,54.229],[63.897,54.194],[63.709,54.25],[63.368,54.163],[63.157,54.18],[63.11,54.158],[63.127,54.11],[63.085,54.086],[62.812,54.095],[62.581,54.054],[62.551,54.027],[62.587,53.97],[62.532,53.93],[62.525,53.872],[62.39,53.942],[62.444,53.992],[62.413,54.027],[62.003,54.017],[62.004,53.932],[61.856,53.943],[61.791,54.001],[61.62,53.993],[61.582,53.948],[61.553,53.993],[61.338,54.063],[61.194,54.018],[61.231,53.943],[61.211,53.908],[61.145,53.95],[60.996,53.941],[60.978,53.883],[61.085,53.875],[61.202,53.82],[61.199,53.797],[61.107,53.712],[61.052,53.703],[61.008,53.636],[60.905,53.657],[60.88,53.633],[61.281,53.542],[61.361,53.583],[61.503,53.589],[61.555,53.506],[61.412,53.436],[61.235,53.503],[61.137,53.373],[61.163,53.299],[61.514,53.209],[61.643,53.243],[61.764,53.169],[62.051,53.125],[62.116,53.065],[62.094,52.992],[61.959,52.935],[61.82,52.978],[61.606,52.948],[61.448,53.021],[61.349,52.985],[61.19,53.013],[60.975,52.971],[61.058,52.922],[60.829,52.772],[60.696,52.735],[60.673,52.672],[60.724,52.626],[60.803,52.628],[60.815,52.522],[60.936,52.489],[60.961,52.402],[61.04,52.335],[60.672,52.144],[60.426,52.13],[60.203,51.993],[60.003,51.993],[59.986,51.952],[60.061,51.859],[60.138,51.889],[60.452,51.805],[60.476,51.776],[60.356,51.692],[60.376,51.663],[60.485,51.651],[60.515,51.618],[60.937,51.611],[60.945,51.544],[61.029,51.483],[61.474,51.426],[61.563,51.296],[61.664,51.258],[61.534,51.206],[61.427,50.833],[61.372,50.782],[60.718,50.653],[60.3,50.685],[60.177,50.742],[60.136,50.844],[60.021,50.854],[59.962,50.83],[59.915,50.746],[59.915,50.674],[59.816,50.563],[59.523,50.475],[59.452,50.537],[59.56,50.554],[59.563,50.58],[59.438,50.631],[59.273,50.616],[59.197,50.663],[58.926,50.678],[58.812,50.725],[58.748,50.795],[58.664,50.79],[58.641,50.863],[58.571,50.864],[58.55,50.893],[58.596,50.962],[58.595,51.023],[58.52,51.062],[58.378,51.071],[58.308,51.15],[58.224,51.123],[58.168,51.055],[58.077,51.098],[57.96,51.077],[57.769,51.12],[57.734,51.074],[57.722,50.909],[57.556,50.919],[57.468,50.858],[57.334,50.897],[57.273,50.997],[57.197,51.017],[57.154,51.1],[56.865,51.052],[56.716,51.072],[56.68,51.05],[56.71,50.982],[56.688,50.969],[56.597,50.984],[56.478,51.073],[56.421,51.034],[56.432,50.976],[56.35,50.948],[56.315,50.884],[56.158,50.906],[56.079,50.725],[55.66,50.53],[55.468,50.657],[55.305,50.665],[55.084,50.797],[55.048,50.884],[54.894,50.912],[54.812,50.972],[54.638,51.028],[54.534,51.003],[54.546,50.953],[54.503,50.928],[54.638,50.886],[54.639,50.707],[54.676,50.603],[54.591,50.542],[54.499,50.523],[54.436,50.548],[54.38,50.619],[54.479,50.853],[54.276,50.904],[54.145,50.993],[54.112,51.096],[54.018,51.119],[53.936,51.186],[53.674,51.22],[53.594,51.289],[53.574,51.353],[53.61,51.388],[53.407,51.484],[53.166,51.515],[53.157,51.487],[53.037,51.49],[52.944,51.453],[52.78,51.508],[52.669,51.455],[52.546,51.46],[52.479,51.505],[52.308,51.775],[52.258,51.724],[52.148,51.716],[52.092,51.659],[51.869,51.673],[51.765,51.593],[51.782,51.493],[51.693,51.454],[51.647,51.451],[51.584,51.535],[51.462,51.475],[51.304,51.472],[51.237,51.536],[51.359,51.561],[51.372,51.63],[51.234,51.685],[50.925,51.68],[50.839,51.746],[50.767,51.759],[50.747,51.709],[50.791,51.597],[50.671,51.568],[50.694,51.611],[50.582,51.635],[50.576,51.588],[50.525,51.566],[50.527,51.47],[50.36,51.413],[50.376,51.397],[50.338,51.372],[50.325,51.303],[49.987,51.23],[49.779,51.102],[49.437,51.112],[49.347,50.964],[49.424,50.882],[49.369,50.827],[49.144,50.782],[48.83,50.596],[48.568,50.637],[48.673,50.58],[48.701,50.335],[48.789,50.173],[48.783,50.111],[48.874,50.07],[48.886,50.02],[48.785,49.933],[48.43,49.81],[48.239,49.865],[48.142,49.964],[48.075,50.105],[47.808,50.32],[47.599,50.453],[47.47,50.412],[47.392,50.323],[47.295,50.275],[47.322,50.237],[47.265,50.186],[47.328,50.109],[47.309,50.045],[47.177,49.947],[46.959,49.884],[46.9,49.82],[46.775,49.333],[46.979,49.244],[47.04,49.15],[46.93,49.004],[46.754,48.914],[46.478,48.411],[47.099,48.265],[47.112,48.242],[47.075,48.205],[47.116,48.154],[47.104,48.101],[47.192,48.072],[47.044,47.986],[47.159,47.872],[47.124,47.808],[47.36,47.683],[47.412,47.836],[47.65,47.766],[48.044,47.77],[48.174,47.713],[48.411,47.446],[48.525,47.41],[48.697,47.101],[49.006,46.769],[48.917,46.703],[48.764,46.683],[48.677,46.758],[48.557,46.762],[48.455,46.661],[48.53,46.638],[48.563,46.591],[48.539,46.568],[48.705,46.55],[48.82,46.479],[48.918,46.474],[49.306,46.263],[49.16,46.292],[49.15,46.336],[49.059,46.252],[49.105,46.241],[49.115,46.151],[49.042,46.196],[48.935,46.142],[48.955,46.108],[48.932,46.085],[48.899,46.148],[48.88,46.156],[48.887,46.108],[48.839,46.149],[48.874,46.078],[48.791,46.128],[48.828,46.088],[48.818,46.056],[48.714,46.13],[48.627,46.087],[48.729,46.02],[48.655,45.957],[48.752,45.966],[48.742,45.914],[48.791,45.841],[48.721,45.838],[48.716,45.814],[48.687,45.849],[48.71,45.882],[48.555,45.967],[48.365,45.876],[48.399,45.835],[48.289,45.837],[48.277,45.786],[48.221,45.765],[48.243,45.71],[48.079,45.752],[48.007,45.701],[47.969,45.732],[47.897,45.694],[47.859,45.724],[47.852,45.642],[47.818,45.608],[47.752,45.691],[47.56,45.772],[47.555,45.744],[47.626,45.709],[47.609,45.639],[47.661,45.622],[47.654,45.559],[47.541,45.666],[47.433,45.694],[47.503,45.717],[47.385,45.75],[47.428,45.676],[47.551,45.628],[47.572,45.567],[47.542,45.537],[47.494,45.585],[47.538,45.506],[47.497,45.43],[47.381,45.411],[47.46,45.391],[47.384,45.299],[47.37,45.186],[47.297,45.187],[47.201,44.97],[47.146,44.929],[47.099,44.956],[47.112,44.87],[47.078,44.785],[46.989,44.915],[47.01,44.83],[46.962,44.765],[46.924,44.772],[46.722,44.655],[46.723,44.549],[46.68,44.528],[46.701,44.446],[46.759,44.401],[47.026,44.36],[47.122,44.223],[47.246,44.212],[47.29,44.093],[47.462,43.86],[47.441,43.819],[47.483,43.825],[47.503,43.781],[47.445,43.738],[47.455,43.689],[47.394,43.606],[47.366,43.621],[47.404,43.511],[47.465,43.552],[47.544,43.865],[47.596,43.901],[47.702,43.874],[47.602,43.766],[47.491,43.463],[47.493,43.296],[47.57,43.334],[47.586,43.3],[47.486,43.213],[47.462,43.021],[47.698,42.867],[47.727,42.663],[47.868,42.585],[47.993,42.42],[48.096,42.35],[48.304,42.103],[48.387,41.937],[48.579,41.845],[48.37,41.58],[48.202,41.493],[48.054,41.461],[48.002,41.362],[47.953,41.356],[47.892,41.283],[47.899,41.229],[47.871,41.208],[47.744,41.193],[47.622,41.229],[47.547,41.206],[47.501,41.246],[47.268,41.303],[47.239,41.416],[47.141,41.552],[47.027,41.557],[46.902,41.713],[46.769,41.776],[46.741,41.851],[46.568,41.787],[46.526,41.882],[46.294,41.939],[46.224,41.993],[46.099,41.985],[46.058,42.02],[45.934,42.028],[45.881,42.102],[45.631,42.201],[45.736,42.448],[45.699,42.508],[45.537,42.541],[45.323,42.53],[45.123,42.702],[45.03,42.689],[44.859,42.76],[44.773,42.61],[44.679,42.724],[44.508,42.75],[44.272,42.702],[44.197,42.629],[44.055,42.615],[43.94,42.552],[43.723,42.625],[43.812,42.717],[43.801,42.746],[43.663,42.78],[43.517,42.86],[43.156,42.942],[42.999,43.042],[43.0,43.099],[42.83,43.169],[42.674,43.166],[42.615,43.137],[42.355,43.236],[42.043,43.181],[41.578,43.215],[41.413,43.291],[41.381,43.335],[41.012,43.375],[40.652,43.539],[40.52,43.505],[40.233,43.576],[40.073,43.551],[39.986,43.389],[39.963,43.393],[39.868,43.496],[39.718,43.568],[39.329,43.896],[39.116,44.024],[38.978,44.148],[38.856,44.185],[38.758,44.274],[38.595,44.332],[38.217,44.387],[38.056,44.559],[37.985,44.564],[37.875,44.689],[37.778,44.73],[37.822,44.668],[37.8,44.635],[37.499,44.668],[37.371,44.748],[37.292,44.868],[37.306,44.91],[37.192,44.991],[36.84,45.109],[36.702,45.104],[36.577,45.194],[36.73,45.206],[36.962,45.283],[36.947,45.32],[36.789,45.292],[36.758,45.354],[36.803,45.313],[36.848,45.367],[36.782,45.388],[36.668,45.326],[36.705,45.391],[36.833,45.443],[37.139,45.336],[37.107,45.272],[37.066,45.261],[37.078,45.239],[37.319,45.272],[37.159,45.326],[37.381,45.306],[37.519,45.369],[37.505,45.334],[37.601,45.331],[37.567,45.3],[37.591,45.289],[37.635,45.334],[37.729,45.302],[37.7,45.339],[37.758,45.402],[37.717,45.389],[37.703,45.457],[37.744,45.45],[37.686,45.484],[37.7,45.563],[37.623,45.601],[37.662,45.567],[37.635,45.553],[37.655,45.508],[37.619,45.418],[37.586,45.432],[37.595,45.635],[37.626,45.668],[37.615,45.642],[37.703,45.622],[37.667,45.669],[37.829,45.753],[37.94,46.02],[38.098,46.058],[38.032,46.025],[38.074,46.025],[38.042,45.961],[38.08,45.946],[38.001,45.833],[38.04,45.816],[38.167,46.121],[38.249,46.142],[38.427,46.038],[38.56,46.033],[38.571,46.105],[38.3,46.219],[38.271,46.274],[38.123,46.378],[37.991,46.402],[37.978,46.382],[38.019,46.368],[37.995,46.354],[37.905,46.411],[37.827,46.477],[37.731,46.67],[37.852,46.623],[37.982,46.617],[38.272,46.732],[38.314,46.676],[38.575,46.654],[38.586,46.696],[38.513,46.732],[38.428,46.745],[38.378,46.708],[38.368,46.755],[38.435,46.847],[38.804,46.894],[39.075,47.033],[39.28,47.013],[39.304,47.085],[39.389,47.115],[39.329,47.128],[39.28,47.088],[39.249,47.148],[39.282,47.205],[39.264,47.261],[39.088,47.286],[38.945,47.253],[38.932,47.185],[38.517,47.119],[38.478,47.142],[38.56,47.218],[38.776,47.246],[38.81,47.288],[38.783,47.259],[38.553,47.23],[38.428,47.134],[38.217,47.103],[38.203,47.192],[38.301,47.276],[38.201,47.291],[38.191,47.317],[38.258,47.393],[38.26,47.493],[38.319,47.591],[38.562,47.627],[38.662,47.683],[38.735,47.677],[38.831,47.848],[39.701,47.812],[39.759,47.833],[39.796,47.961],[39.76,48.015],[39.843,48.036],[39.843,48.12],[39.993,48.273],[39.816,48.308],[39.924,48.376],[39.845,48.484],[39.87,48.51],[39.835,48.573],[39.632,48.587],[39.703,48.747],[39.779,48.808],[39.975,48.79],[40.054,48.869],[40.009,48.888],[39.95,48.853],[39.759,48.895],[39.674,48.97],[39.681,49.02],[39.919,49.048],[39.952,49.125],[40.142,49.246],[40.16,49.334],[40.035,49.487],[40.131,49.58],[39.998,49.608],[39.802,49.542],[39.623,49.613],[39.558,49.724],[39.261,49.745],[39.156,49.874],[39.049,49.811],[38.937,49.803],[38.852,49.866],[38.687,49.914],[38.665,49.965],[38.498,49.948],[38.356,49.981],[38.3,50.061],[38.174,50.06],[38.166,49.941],[38.0,49.9],[37.916,50.003],[37.728,50.079],[37.597,50.197],[37.599,50.291],[37.48,50.34],[37.415,50.432],[37.285,50.415],[37.197,50.362],[36.849,50.324],[36.594,50.204],[36.535,50.22],[36.536,50.268],[36.41,50.305],[36.269,50.281],[36.106,50.421],[35.837,50.423],[35.697,50.345],[35.611,50.352],[35.541,50.45],[35.425,50.5],[35.378,50.622],[35.469,50.669],[35.438,50.762],[35.379,50.797],[35.342,50.916],[35.285,50.944],[35.278,50.993],[35.355,51.026],[35.144,51.058],[35.079,51.208],[34.675,51.168],[34.608,51.234],[34.186,51.249],[34.309,51.335],[34.3,51.368],[34.186,51.394],[34.217,51.417],[34.224,51.515],[34.14,51.621],[34.08,51.643],[34.089,51.667],[34.376,51.709],[34.414,51.736],[34.413,51.778],[34.295,51.874],[34.096,51.952],[34.065,52.159],[33.804,52.355],[33.688,52.356],[33.51,52.288],[33.481,52.358],[33.419,52.338],[33.183,52.367],[32.909,52.241],[32.394,52.327],[32.354,52.322],[32.367,52.247],[32.278,52.103],[32.233,52.081],[31.91,52.029],[31.859,52.1],[31.764,52.101],[31.763,52.15],[31.682,52.202],[31.699,52.251],[31.567,52.311],[31.608,52.372],[31.588,52.483],[31.551,52.512],[31.576,52.525],[31.559,52.541],[31.629,52.548],[31.481,52.682],[31.57,52.725],[31.561,52.787],[31.247,53.014],[31.364,53.089],[31.379,53.182],[31.416,53.2],[31.739,53.193],[31.796,53.112],[31.931,53.088],[32.201,53.098],[32.424,53.204],[32.479,53.275],[32.455,53.3],[32.717,53.335],[32.701,53.462],[32.647,53.458],[32.65,53.488],[32.577,53.486],[32.429,53.562],[32.399,53.635],[32.49,53.677],[32.442,53.714],[32.084,53.81],[31.873,53.777],[31.745,53.795],[31.838,53.962],[31.823,54.053],[31.771,54.049],[31.737,54.094],[31.506,54.144],[31.325,54.229],[31.209,54.448],[31.065,54.492],[31.168,54.622],[30.771,54.786],[30.768,54.83],[30.826,54.877],[30.815,54.928],[30.917,54.954],[30.913,55.025],[31.006,55.023],[30.96,55.163],[30.794,55.286],[30.918,55.388],[30.881,55.451],[30.919,55.492],[30.886,55.6],[30.742,55.594],[30.694,55.652],[30.596,55.665],[30.587,55.718],[30.481,55.754],[30.469,55.794],[30.2,55.858],[30.106,55.822],[29.908,55.843],[29.806,55.771],[29.684,55.771],[29.481,55.681],[29.351,55.766],[29.384,55.88],[29.444,55.907],[29.377,55.954],[29.031,56.024],[28.809,55.935],[28.706,55.96],[28.611,56.088],[28.39,56.089],[28.311,56.043],[28.169,56.125],[28.149,56.142],[28.217,56.271],[28.164,56.438],[28.093,56.502],[28.126,56.548],[28.011,56.588],[27.981,56.687],[27.865,56.743],[27.914,56.82],[27.786,56.871],[27.628,56.844],[27.751,57.042],[27.682,57.104],[27.824,57.159],[27.84,57.291],[27.511,57.43],[27.528,57.528],[27.353,57.528],[27.329,57.571],[27.385,57.607],[27.391,57.68],[27.508,57.715],[27.502,57.773],[27.554,57.795],[27.525,57.807],[27.799,57.861],[27.665,57.918],[27.63,58.088],[27.495,58.221],[27.494,58.32],[27.555,58.395],[27.411,58.755],[27.478,58.875],[27.713,58.992],[27.842,59.161],[27.882,59.276],[28.077,59.305],[28.097,59.319],[28.001,59.334],[28.182,59.356],[28.019,59.482],[28.073,59.578],[28.0,59.681],[28.007,59.758],[28.124,59.792],[28.224,59.691],[28.375,59.666],[28.418,59.708],[28.428,59.813],[28.476,59.852],[28.536,59.86],[28.718,59.787],[28.833,59.787],[28.976,59.831],[29.034,59.887],[28.98,59.93],[29.161,60.003],[29.804,59.94],[30.162,59.868],[30.246,59.975],[29.948,60.03],[29.891,60.101],[29.9,60.134],[29.849,60.167],[29.701,60.201],[29.418,60.169],[29.052,60.184],[28.86,60.295],[28.799,60.369],[28.746,60.342],[28.617,60.382],[28.439,60.56],[28.507,60.56],[28.544,60.51],[28.703,60.461],[28.661,60.535],[28.664,60.614],[28.685,60.615],[28.645,60.67],[28.735,60.693],[28.69,60.738],[28.574,60.683],[28.401,60.665],[28.383,60.624],[28.322,60.621],[28.343,60.594],[28.286,60.598],[28.216,60.548],[27.9,60.528],[27.863,60.567],[27.816,60.528],[27.808,60.553],[28.481,60.933],[28.615,60.962],[28.798,61.097],[29.203,61.246],[29.517,61.475],[29.779,61.593],[30.648,62.193],[30.926,62.302],[31.244,62.503],[31.441,62.789],[31.57,62.906],[31.481,62.986],[31.263,63.101],[31.204,63.213],[30.821,63.376],[30.461,63.473],[29.981,63.742],[30.202,63.793],[30.552,64.022],[30.586,64.085],[30.533,64.163],[30.558,64.22],[30.032,64.397],[30.07,64.472],[29.99,64.504],[29.955,64.569],[30.181,64.643],[30.109,64.72],[30.119,64.768],[29.78,64.796],[29.634,64.907],[29.588,64.991],[29.598,65.034],[29.85,65.122],[29.808,65.135],[29.833,65.205],[29.58,65.235],[29.72,65.329],[29.726,65.492],[29.839,65.565],[29.703,65.629],[30.003,65.678],[30.099,65.656],[30.112,65.712],[29.9,66.108],[29.651,66.288],[29.57,66.378],[29.524,66.491],[29.409,66.568],[29.322,66.68],[29.089,66.838],[29.052,66.908],[29.1,66.991],[29.52,67.298],[29.916,67.508],[30.009,67.686],[29.651,67.824],[29.331,68.073],[28.69,68.183],[28.447,68.515],[28.716,68.728],[28.801,68.835],[28.728,68.865],[28.444,68.866],[28.41,68.899],[29.12,69.047],[29.24,69.115],[29.377,69.302],[29.967,69.373],[30.123,69.442],[30.155,69.506],[30.225,69.541],[30.22,69.6],[30.119,69.635],[30.231,69.637],[30.512,69.536],[30.898,69.544],[30.927,69.578],[30.928,69.672],[30.841,69.806],[31.395,69.724],[31.406,69.695],[31.326,69.615],[31.478,69.698],[31.811,69.688],[31.701,69.737],[31.728,69.77],[31.711,69.827],[31.754,69.854],[31.868,69.849],[32.029,69.782],[32.099,69.792],[31.918,69.926],[31.985,69.97],[32.267,69.876],[32.488,69.851],[32.523,69.832],[32.507,69.811],[32.625,69.783],[32.92,69.78],[33.12,69.744],[33.107,69.649],[32.872,69.583],[32.437,69.65],[32.17,69.655],[32.18,69.715],[32.13,69.756],[32.102,69.674],[31.968,69.654],[32.056,69.637],[32.016,69.564],[32.133,69.598],[32.399,69.584],[32.434,69.564],[32.392,69.537],[32.502,69.517],[32.194,69.435],[32.238,69.422],[32.537,69.51],[32.604,69.484],[32.878,69.491],[32.77,69.414],[32.893,69.462],[33.085,69.476],[32.862,69.365],[32.813,69.301],[32.895,69.315],[32.989,69.394],[33.318,69.451],[33.524,69.428],[33.414,69.373],[33.496,69.38],[33.376,69.308],[33.235,69.27],[33.448,69.288],[33.476,69.27],[33.297,69.229],[33.544,69.209],[33.318,69.119],[33.061,69.083],[33.016,69.039],[33.023,68.955],[33.064,69.058],[33.427,69.105],[33.576,69.199],[33.572,69.304],[33.724,69.337],[33.722,69.304],[33.873,69.311],[33.852,69.339],[34.421,69.311],[34.662,69.249],[34.982,69.229],[34.973,69.193],[35.087,69.226],[35.169,69.181],[35.264,69.215],[35.147,69.27],[35.183,69.28],[35.967,69.177],[36.055,69.128],[36.25,69.111],[36.312,69.058],[36.518,69.03],[37.21,68.845],[37.243,68.809],[37.454,68.745],[37.681,68.713],[37.946,68.601],[38.067,68.51],[38.33,68.442],[38.391,68.399],[38.389,68.343],[38.444,68.359],[38.765,68.291],[38.51,68.365],[38.639,68.385],[38.926,68.311],[38.954,68.266],[39.608,68.063],[39.86,68.047],[39.71,68.169],[39.793,68.165],[39.913,68.123],[40.004,68.02],[40.411,67.875],[40.322,67.845],[40.467,67.761],[40.538,67.755],[40.564,67.807],[40.655,67.815],[40.801,67.728],[40.923,67.735],[41.04,67.678],[41.052,67.619],[40.989,67.564],[41.014,67.536],[40.999,67.467],[41.15,67.423],[41.109,67.254],[41.243,67.213],[41.34,67.224],[41.363,67.204],[41.336,67.16],[41.39,67.125],[41.343,67.087],[41.36,67.014],[41.267,66.988],[41.305,66.95],[41.178,66.81],[40.745,66.597],[40.705,66.528],[40.566,66.456],[40.085,66.289],[39.344,66.135],[38.554,66.055],[37.656,66.123],[37.273,66.23],[36.887,66.285],[36.406,66.295],[35.558,66.387],[35.381,66.418],[34.804,66.614],[34.48,66.538],[34.356,66.63],[34.522,66.657],[34.092,66.672],[34.161,66.735],[34.141,66.774],[34.069,66.702],[33.947,66.685],[33.886,66.714],[33.833,66.696],[33.764,66.767],[33.592,66.831],[33.606,66.79],[33.524,66.831],[33.52,66.802],[33.626,66.748],[33.524,66.782],[33.572,66.742],[33.489,66.769],[33.558,66.728],[33.517,66.724],[33.101,66.858],[32.805,67.01],[32.817,67.063],[32.969,67.091],[32.93,67.1],[32.772,67.093],[32.383,67.16],[31.851,67.153],[31.927,67.153],[31.913,67.125],[32.262,67.125],[32.358,67.07],[32.29,67.078],[32.314,67.06],[32.419,67.054],[32.55,67.0],[32.507,66.949],[32.392,66.954],[32.496,66.933],[32.42,66.886],[32.545,66.883],[32.705,66.796],[32.907,66.776],[32.919,66.737],[32.77,66.742],[33.309,66.655],[33.319,66.629],[33.121,66.65],[33.066,66.598],[32.865,66.598],[32.901,66.575],[33.105,66.577],[33.26,66.618],[33.423,66.592],[33.537,66.536],[33.193,66.579],[33.153,66.57],[33.187,66.556],[32.941,66.528],[33.047,66.506],[33.229,66.533],[33.355,66.48],[33.509,66.464],[33.623,66.491],[33.585,66.46],[33.735,66.426],[33.516,66.406],[33.675,66.357],[33.311,66.317],[33.599,66.33],[33.871,66.267],[33.9,66.229],[34.103,66.247],[34.167,66.221],[34.161,66.185],[34.553,66.094],[34.723,65.988],[34.661,65.953],[34.716,65.933],[34.695,65.909],[34.852,65.9],[34.866,65.878],[34.825,65.843],[34.9,65.824],[34.871,65.774],[34.969,65.728],[34.9,65.706],[34.689,65.81],[34.689,65.728],[34.757,65.713],[34.695,65.686],[34.777,65.597],[34.633,65.487],[34.682,65.453],[34.511,65.456],[34.511,65.412],[34.366,65.419],[34.393,65.398],[34.297,65.385],[34.463,65.364],[34.48,65.281],[34.64,65.241],[34.606,65.227],[34.682,65.2],[34.627,65.172],[34.675,65.152],[34.663,65.127],[34.774,65.1],[34.754,65.055],[34.816,65.043],[34.702,64.98],[34.778,64.967],[34.942,64.858],[34.872,64.802],[34.757,64.774],[34.975,64.771],[35.009,64.743],[34.832,64.698],[34.978,64.612],[34.847,64.56],[34.743,64.556],[35.009,64.494],[34.956,64.452],[35.014,64.423],[35.307,64.372],[35.349,64.296],[35.589,64.322],[35.618,64.34],[35.583,64.411],[35.811,64.342],[35.977,64.199],[36.06,64.218],[36.227,64.136],[36.222,64.075],[36.284,64.046],[36.265,64.024],[36.292,64.01],[36.703,63.925],[36.936,63.932],[37.011,63.897],[37.194,63.891],[37.279,63.822],[37.438,63.792],[37.608,63.816],[37.614,63.881],[37.657,63.899],[37.829,63.902],[37.985,63.946],[38.074,64.017],[38.086,64.059],[38.046,64.148],[37.902,64.24],[38.005,64.275],[38.02,64.309],[37.909,64.343],[37.957,64.364],[37.833,64.358],[37.797,64.377],[37.806,64.425],[37.749,64.442],[37.687,64.431],[37.63,64.377],[37.473,64.382],[37.339,64.34],[37.122,64.395],[36.744,64.681],[36.56,64.717],[36.504,64.836],[36.573,64.83],[36.495,64.851],[36.44,64.917],[36.631,64.904],[36.807,64.959],[36.867,65.076],[36.82,65.147],[37.008,65.173],[37.217,65.14],[37.673,65.036],[37.718,64.959],[37.795,64.921],[38.046,64.854],[38.385,64.845],[38.368,64.809],[38.403,64.774],[38.294,64.804],[38.067,64.781],[38.045,64.744],[38.126,64.696],[38.048,64.646],[38.163,64.672],[38.186,64.723],[38.339,64.758],[38.473,64.743],[38.492,64.768],[38.416,64.802],[38.448,64.818],[39.331,64.64],[39.567,64.545],[39.924,64.603],[39.903,64.624],[39.786,64.597],[39.81,64.659],[39.85,64.676],[40.182,64.559],[40.517,64.541],[40.528,64.578],[40.411,64.737],[40.451,64.768],[40.52,64.754],[40.517,64.774],[40.437,64.809],[40.366,64.939],[40.273,65.021],[40.114,65.075],[39.741,65.357],[39.709,65.448],[39.749,65.552],[39.827,65.607],[40.28,65.73],[40.472,65.813],[40.71,65.972],[41.343,66.063],[41.644,66.173],[42.156,66.526],[42.645,66.453],[42.66,66.426],[42.549,66.385],[43.302,66.426],[43.367,66.347],[43.555,66.324],[43.655,66.285],[43.693,66.237],[43.302,66.102],[43.353,66.041],[43.451,66.037],[43.515,65.974],[43.522,66.036],[43.382,66.072],[43.411,66.098],[43.693,66.183],[43.836,66.186],[44.046,66.081],[44.041,65.994],[44.18,65.864],[44.191,65.905],[44.125,65.988],[44.159,66.087],[44.084,66.159],[44.096,66.262],[44.236,66.447],[44.36,66.508],[44.395,66.622],[44.563,66.666],[44.488,66.676],[44.364,66.782],[44.466,66.82],[44.482,66.894],[44.522,66.919],[44.303,67.056],[44.378,67.104],[44.287,67.088],[44.096,67.159],[43.815,67.177],[43.761,67.221],[43.767,67.278],[43.793,67.343],[44.003,67.576],[44.042,67.68],[44.145,67.679],[44.143,67.707],[44.07,67.714],[44.131,67.792],[44.087,67.885],[44.268,67.927],[44.125,67.934],[44.138,67.975],[44.214,67.989],[44.138,67.995],[44.412,68.063],[44.181,68.036],[44.244,68.256],[44.228,68.297],[43.326,68.614],[43.274,68.658],[43.317,68.667],[43.477,68.669],[43.985,68.551],[45.306,68.545],[45.582,68.514],[45.944,68.446],[46.029,68.324],[46.535,68.133],[46.461,68.112],[46.54,68.108],[46.558,68.016],[46.703,67.892],[46.722,67.845],[46.698,67.816],[46.375,67.819],[45.35,67.73],[45.303,67.694],[45.351,67.663],[45.315,67.592],[45.166,67.584],[45.028,67.532],[44.919,67.441],[44.912,67.372],[44.952,67.321],[45.055,67.284],[45.594,67.158],[45.824,66.899],[46.025,66.833],[46.578,66.873],[46.599,66.838],[46.407,66.746],[46.583,66.815],[47.41,66.929],[47.559,66.905],[47.581,66.87],[47.607,66.946],[47.742,67.031],[47.75,67.121],[47.689,67.196],[47.787,67.252],[47.77,67.338],[47.948,67.444],[47.825,67.56],[47.846,67.601],[48.052,67.652],[48.099,67.639],[48.071,67.59],[48.093,67.592],[48.256,67.683],[48.487,67.664],[48.7,67.716],[48.744,67.7],[48.702,67.694],[48.925,67.688],[48.997,67.667],[48.962,67.653],[48.994,67.643],[49.107,67.639],[48.86,67.735],[48.778,67.727],[48.805,67.774],[48.794,67.831],[48.586,67.934],[48.669,67.935],[48.843,67.865],[49.133,67.863],[49.655,67.981],[49.973,68.088],[50.018,68.091],[49.983,68.061],[49.847,68.016],[50.001,68.058],[50.201,68.169],[50.435,68.221],[50.779,68.379],[50.896,68.342],[51.059,68.351],[51.569,68.436],[51.532,68.454],[51.561,68.483],[52.177,68.582],[52.217,68.585],[52.205,68.56],[52.046,68.51],[52.059,68.485],[52.177,68.504],[52.361,68.475],[52.3,68.474],[52.296,68.424],[52.136,68.379],[52.249,68.318],[52.402,68.338],[52.677,68.423],[52.731,68.474],[52.491,68.592],[52.499,68.62],[52.624,68.629],[52.634,68.659],[52.495,68.64],[52.411,68.586],[52.279,68.598],[52.328,68.633],[53.25,68.878],[53.879,68.974],[54.348,69.012],[54.557,68.993],[53.595,68.907],[53.666,68.866],[53.732,68.866],[53.691,68.886],[53.728,68.897],[54.026,68.845],[53.865,68.798],[53.818,68.689],[53.72,68.657],[53.904,68.507],[53.944,68.406],[53.804,68.345],[53.609,68.413],[53.574,68.4],[53.691,68.345],[53.661,68.332],[53.44,68.373],[53.327,68.351],[53.211,68.269],[53.327,68.242],[53.808,68.251],[53.993,68.221],[54.088,68.246],[54.185,68.321],[54.219,68.318],[54.177,68.236],[54.24,68.211],[54.504,68.312],[54.691,68.176],[54.832,68.173],[54.924,68.253],[54.856,68.324],[54.908,68.329],[54.937,68.398],[55.393,68.564],[55.7,68.577],[55.997,68.66],[56.202,68.62],[56.504,68.628],[56.494,68.585],[56.63,68.642],[56.848,68.572],[57.092,68.548],[57.33,68.565],[57.604,68.742],[57.93,68.751],[57.981,68.794],[57.957,68.846],[58.171,68.889],[58.245,68.888],[58.204,68.832],[58.264,68.781],[58.378,68.756],[58.337,68.736],[58.424,68.743],[58.439,68.763],[58.285,68.8],[58.254,68.842],[58.282,68.903],[58.879,69.003],[59.224,69.0],[58.892,68.934],[59.105,68.903],[59.423,68.757],[59.398,68.701],[59.202,68.706],[59.056,68.62],[59.119,68.532],[59.072,68.459],[59.087,68.417],[59.675,68.336],[59.857,68.381],[59.964,68.466],[59.929,68.538],[59.763,68.639],[59.811,68.688],[59.911,68.72],[60.084,68.687],[60.467,68.722],[60.819,68.894],[60.969,68.907],[60.907,68.927],[60.948,69.003],[60.903,69.122],[60.777,69.177],[60.722,69.174],[60.742,69.119],[60.711,69.106],[60.591,69.133],[60.59,69.256],[60.542,69.316],[60.311,69.454],[60.215,69.555],[60.139,69.578],[60.153,69.626],[60.233,69.665],[60.654,69.673],[60.667,69.695],[60.633,69.725],[60.722,69.743],[60.684,69.784],[60.706,69.824],[60.927,69.867],[61.044,69.845],[61.105,69.866],[61.409,69.791],[61.771,69.762],[62.631,69.742],[63.41,69.671],[64.128,69.55],[65.004,69.304],[64.831,69.294],[64.766,69.183],[64.786,69.147],[64.932,69.197],[64.923,69.261],[65.068,69.268],[65.419,69.177],[65.865,69.133],[65.903,69.113],[65.883,69.106],[65.646,69.131],[65.69,69.085],[66.114,69.037],[66.678,68.896],[67.09,68.856],[67.129,68.839],[67.04,68.797],[67.196,68.707],[67.33,68.697],[67.584,68.603],[67.808,68.503],[67.705,68.516],[67.793,68.479],[68.135,68.423],[68.259,68.334],[68.184,68.242],[68.263,68.249],[68.282,68.224],[68.26,68.201],[68.288,68.188],[68.481,68.249],[68.548,68.304],[68.651,68.318],[68.561,68.373],[68.924,68.637],[69.013,68.806],[69.069,68.823],[69.109,68.879],[68.951,68.903],[69.219,68.962],[68.999,68.965],[68.686,68.918],[68.458,68.985],[68.026,69.319],[68.105,69.397],[68.107,69.549],[68.031,69.541],[68.014,69.514],[68.04,69.49],[67.824,69.511],[67.629,69.591],[67.017,69.703],[66.971,69.688],[67.0,69.653],[66.855,69.637],[66.958,69.537],[66.887,69.537],[66.796,69.586],[66.769,69.762],[66.885,70.013],[66.978,70.058],[67.006,70.03],[66.965,69.996],[66.985,69.97],[67.143,69.983],[67.252,70.021],[67.328,70.106],[67.279,70.106],[67.272,70.189],[67.252,70.195],[67.265,70.145],[67.244,70.145],[67.094,70.221],[67.193,70.382],[67.266,70.415],[67.255,70.456],[67.293,70.477],[67.215,70.524],[67.334,70.758],[67.257,70.826],[67.138,70.842],[66.689,70.77],[66.608,70.881],[66.771,70.96],[66.833,71.013],[66.841,71.059],[66.889,71.079],[66.82,71.101],[66.738,71.052],[66.772,71.024],[66.69,71.001],[66.643,71.009],[66.62,71.058],[66.811,71.161],[66.912,71.295],[67.588,71.415],[67.605,71.442],[67.947,71.528],[68.255,71.688],[68.349,71.675],[68.308,71.717],[68.469,71.826],[68.556,71.923],[68.561,71.976],[68.644,72.033],[68.768,72.293],[68.822,72.326],[68.852,72.467],[68.917,72.484],[68.869,72.532],[68.977,72.656],[69.054,72.662],[68.976,72.696],[69.232,72.805],[69.305,72.884],[69.302,72.93],[69.354,72.953],[69.774,72.973],[69.798,72.944],[69.774,72.936],[69.557,72.914],[69.588,72.878],[71.563,72.916],[71.983,72.848],[71.817,72.812],[71.886,72.797],[72.131,72.832],[72.837,72.71],[72.721,72.703],[72.81,72.655],[72.731,72.597],[72.845,72.52],[72.799,72.481],[72.799,72.413],[72.884,72.307],[72.874,72.281],[72.743,72.206],[72.708,72.114],[72.577,72.045],[72.522,71.922],[72.351,71.864],[72.32,71.823],[72.363,71.736],[72.345,71.708],[72.234,71.685],[72.209,71.615],[72.167,71.599],[71.838,71.532],[71.803,71.48],[71.839,71.431],[72.106,71.29],[72.636,71.132],[72.676,71.09],[72.632,71.011],[72.837,70.86],[72.775,70.695],[72.683,70.617],[72.775,70.538],[72.771,70.425],[72.612,70.384],[72.436,70.286],[72.467,70.24],[72.622,70.162],[72.492,70.041],[72.692,69.837],[72.65,69.748],[72.502,69.647],[72.627,69.511],[72.638,69.441],[72.488,69.414],[72.613,69.359],[72.648,69.292],[72.478,69.177],[72.577,68.94],[72.852,68.798],[73.539,68.581],[73.635,68.517],[73.646,68.458],[73.605,68.432],[73.605,68.482],[73.534,68.482],[73.454,68.444],[73.398,68.36],[73.091,68.214],[73.137,68.166],[73.073,68.09],[73.204,67.957],[73.195,67.85],[73.072,67.816],[73.151,67.732],[73.114,67.69],[73.039,67.729],[72.892,67.685],[72.899,67.659],[72.852,67.635],[72.581,67.62],[72.533,67.52],[72.392,67.467],[72.454,67.401],[72.403,67.328],[72.255,67.31],[72.191,67.333],[72.048,67.303],[72.052,67.268],[72.214,67.224],[72.226,67.159],[72.175,67.162],[72.128,67.207],[72.139,67.16],[71.913,67.132],[72.015,67.111],[71.995,67.056],[71.795,66.974],[71.748,66.916],[71.625,66.946],[71.522,66.919],[71.394,66.975],[71.302,66.954],[71.515,66.878],[71.481,66.827],[71.55,66.782],[71.518,66.763],[71.584,66.732],[71.597,66.697],[71.556,66.68],[71.577,66.659],[71.391,66.642],[71.35,66.659],[71.385,66.687],[71.295,66.638],[71.165,66.659],[71.234,66.625],[71.057,66.625],[71.042,66.605],[71.124,66.584],[71.08,66.569],[70.939,66.584],[70.994,66.556],[70.98,66.536],[70.689,66.515],[70.413,66.563],[70.319,66.594],[70.295,66.638],[70.68,66.716],[70.723,66.762],[70.575,66.76],[70.535,66.742],[70.617,66.742],[70.466,66.721],[70.542,66.7],[70.316,66.68],[70.173,66.707],[70.153,66.727],[70.178,66.742],[70.067,66.76],[69.898,66.872],[69.837,66.816],[69.603,66.838],[69.577,66.83],[69.637,66.797],[69.598,66.789],[69.398,66.83],[68.965,66.81],[69.104,66.771],[69.113,66.619],[69.206,66.569],[69.386,66.513],[69.729,66.484],[69.903,66.415],[70.363,66.334],[71.429,66.356],[71.679,66.324],[71.833,66.235],[72.076,66.236],[72.347,66.306],[72.398,66.413],[72.367,66.471],[72.412,66.509],[72.289,66.501],[72.45,66.567],[72.474,66.611],[72.942,66.657],[73.003,66.739],[73.492,66.823],[73.657,66.942],[73.869,67.001],[73.874,67.053],[73.92,67.078],[73.892,67.119],[73.951,67.211],[73.9,67.296],[74.098,67.432],[74.73,67.686],[74.825,67.94],[74.725,68.152],[74.58,68.262],[74.332,68.386],[74.458,68.506],[74.468,68.535],[74.413,68.62],[74.454,68.694],[74.628,68.775],[75.191,68.875],[75.621,68.9],[76.113,68.978],[76.582,68.975],[76.691,68.873],[76.619,68.805],[76.663,68.763],[77.007,68.653],[77.114,68.567],[77.148,68.579],[77.1,68.592],[77.127,68.606],[77.326,68.523],[77.248,68.457],[77.295,68.382],[77.162,68.294],[77.357,68.233],[77.217,68.105],[77.241,68.044],[77.193,67.985],[77.305,67.91],[77.217,67.831],[77.083,67.833],[77.08,67.79],[77.676,67.617],[77.703,67.598],[77.693,67.545],[77.86,67.577],[78.047,67.544],[78.234,67.585],[78.366,67.555],[78.741,67.592],[79.053,67.571],[78.98,67.611],[78.822,67.616],[78.868,67.653],[78.565,67.604],[78.463,67.633],[78.573,67.633],[78.61,67.663],[78.484,67.667],[78.438,67.703],[78.4,67.637],[78.327,67.68],[78.113,67.657],[78.012,67.694],[77.874,67.685],[77.949,67.728],[77.852,67.731],[77.776,67.778],[77.738,67.74],[77.494,67.751],[77.459,67.786],[77.479,67.907],[77.586,67.948],[77.525,67.945],[77.47,67.995],[77.537,68.129],[77.709,68.222],[78.173,68.274],[78.09,68.36],[77.959,68.398],[77.909,68.469],[77.956,68.495],[77.928,68.519],[77.787,68.515],[77.715,68.621],[77.744,68.715],[77.683,68.886],[77.647,68.911],[77.409,68.926],[77.233,68.99],[76.929,69.009],[76.731,69.131],[76.428,69.144],[76.042,69.239],[75.509,69.261],[75.129,69.157],[75.092,69.133],[75.154,69.119],[75.107,69.104],[74.773,69.081],[74.314,69.146],[73.961,69.084],[73.759,69.169],[73.9,69.421],[73.859,69.482],[73.563,69.684],[73.516,69.746],[73.66,69.86],[73.711,70.019],[73.765,70.079],[73.692,70.138],[73.708,70.161],[74.007,70.305],[74.077,70.383],[74.316,70.52],[74.339,70.582],[74.318,70.668],[73.928,70.855],[73.896,70.973],[73.704,71.071],[73.556,71.255],[73.022,71.429],[73.499,71.665],[73.525,71.706],[73.47,71.773],[73.526,71.822],[73.939,71.914],[74.332,71.956],[74.928,72.098],[74.995,72.138],[75.076,72.21],[75.111,72.346],[75.059,72.595],[75.0,72.674],[74.751,72.82],[75.037,72.882],[75.319,72.819],[75.531,72.741],[75.338,72.683],[75.421,72.697],[75.708,72.566],[75.597,72.547],[75.556,72.498],[75.667,72.333],[75.755,72.306],[75.742,72.266],[75.594,72.215],[75.518,72.153],[75.517,72.076],[75.414,72.031],[75.439,71.985],[75.254,71.942],[75.284,71.894],[75.224,71.842],[75.228,71.777],[75.287,71.729],[75.492,71.666],[75.491,71.639],[75.392,71.618],[75.533,71.542],[75.434,71.502],[75.442,71.462],[75.242,71.454],[75.228,71.405],[75.263,71.366],[76.108,71.204],[76.15,71.229],[76.889,71.19],[76.914,71.182],[76.882,71.16],[76.914,71.072],[76.963,71.113],[76.929,71.161],[77.005,71.184],[77.558,71.174],[77.838,71.125],[77.949,70.976],[78.279,70.942],[78.411,70.895],[78.598,70.928],[79.04,70.937],[79.054,70.962],[79.018,70.969],[79.115,71.004],[79.074,71.024],[78.968,70.987],[78.845,71.013],[78.786,70.991],[78.902,70.976],[78.758,70.935],[78.565,70.963],[78.442,70.914],[78.435,70.95],[78.488,71.012],[78.463,71.024],[78.56,71.045],[78.498,71.079],[78.525,71.093],[78.497,71.115],[78.346,71.1],[78.498,71.045],[78.364,71.057],[78.238,71.11],[78.311,71.208],[78.279,71.259],[78.022,71.279],[77.928,71.257],[77.901,71.313],[77.99,71.346],[78.011,71.367],[77.988,71.375],[77.734,71.311],[77.751,71.292],[77.712,71.281],[77.515,71.329],[77.436,71.333],[77.492,71.301],[77.232,71.362],[77.104,71.424],[76.713,71.463],[76.581,71.529],[76.272,71.573],[76.249,71.597],[76.264,71.653],[76.162,71.735],[76.08,71.863],[75.997,71.908],[76.354,71.999],[76.878,72.05],[77.585,71.831],[78.11,71.88],[78.197,71.922],[78.226,71.983],[77.986,72.11],[77.713,72.115],[77.511,72.062],[77.377,72.11],[77.491,72.175],[77.442,72.21],[77.474,72.222],[77.668,72.193],[78.125,72.385],[78.232,72.364],[78.504,72.382],[78.498,72.408],[79.391,72.386],[80.01,72.208],[80.835,72.083],[80.821,72.025],[80.732,72.045],[80.814,72.08],[80.686,72.079],[80.647,72.034],[81.25,71.859],[81.279,71.796],[81.342,71.764],[81.737,71.7],[82.194,71.708],[82.867,71.786],[83.019,71.729],[83.252,71.726],[83.32,71.683],[83.305,71.658],[83.012,71.529],[82.985,71.463],[83.048,71.415],[82.273,71.279],[82.279,71.188],[82.353,71.096],[82.203,71.016],[82.208,70.987],[82.417,70.777],[82.235,70.696],[82.187,70.622],[82.082,70.565],[82.153,70.518],[82.24,70.277],[82.349,70.202],[82.252,70.376],[82.24,70.497],[82.157,70.572],[82.465,70.613],[82.431,70.695],[82.554,70.762],[82.479,70.805],[82.569,70.853],[82.579,70.911],[82.735,70.966],[82.843,70.952],[82.877,70.917],[82.897,70.94],[82.876,70.997],[82.902,71.001],[82.967,70.934],[83.134,70.882],[83.137,70.764],[83.065,70.693],[83.057,70.597],[82.993,70.572],[83.053,70.5],[83.011,70.427],[82.664,70.26],[82.671,70.189],[82.644,70.181],[82.883,70.089],[83.111,70.069],[83.177,70.083],[83.158,70.099],[83.183,70.139],[83.13,70.209],[82.952,70.325],[83.534,70.332],[83.775,70.477],[83.745,70.503],[83.757,70.569],[83.603,70.703],[83.602,70.77],[83.541,70.791],[83.476,70.918],[83.383,70.976],[83.382,71.033],[83.116,71.113],[83.257,71.117],[83.148,71.245],[83.266,71.286],[83.376,71.37],[83.382,71.465],[83.563,71.51],[83.631,71.576],[83.619,71.631],[83.411,71.751],[83.416,71.808],[83.361,71.841],[82.97,71.898],[82.678,71.879],[82.624,71.942],[82.471,72.021],[82.185,72.093],[82.3,72.134],[82.307,72.183],[82.286,72.233],[82.198,72.282],[81.586,72.351],[81.208,72.355],[80.834,72.474],[80.704,72.545],[80.834,72.621],[80.686,72.646],[80.632,72.734],[80.773,72.806],[80.842,72.922],[80.814,72.974],[80.75,73.038],[80.437,73.101],[80.595,73.115],[80.569,73.142],[80.231,73.176],[80.563,73.222],[80.528,73.281],[80.255,73.33],[80.35,73.383],[80.429,73.372],[80.485,73.419],[80.587,73.436],[80.677,73.505],[80.506,73.498],[80.536,73.581],[80.832,73.572],[81.957,73.663],[83.484,73.655],[84.793,73.765],[85.008,73.71],[85.427,73.712],[85.494,73.738],[85.481,73.769],[85.604,73.822],[86.783,73.902],[87.08,73.872],[87.104,73.845],[87.027,73.784],[86.863,73.765],[86.396,73.625],[86.116,73.588],[85.787,73.481],[85.785,73.456],[85.797,73.365],[85.833,73.332],[86.234,73.255],[86.329,73.181],[86.663,73.122],[86.782,73.001],[86.765,73.084],[86.623,73.166],[86.49,73.185],[86.25,73.277],[85.894,73.34],[85.852,73.375],[85.844,73.44],[85.882,73.496],[86.204,73.558],[87.165,73.611],[87.344,73.704],[87.249,73.691],[87.281,73.73],[87.617,73.824],[87.664,73.891],[87.545,73.914],[87.517,73.85],[87.454,73.825],[87.296,73.841],[86.94,74.033],[87.42,74.012],[87.362,74.048],[86.896,74.07],[86.851,74.088],[86.865,74.108],[86.724,74.132],[86.803,74.184],[86.663,74.236],[86.02,74.263],[85.949,74.293],[85.96,74.321],[85.906,74.355],[85.937,74.368],[86.305,74.318],[86.255,74.389],[86.07,74.424],[86.475,74.458],[86.591,74.437],[86.639,74.41],[86.598,74.396],[86.624,74.388],[86.954,74.389],[86.699,74.307],[86.833,74.302],[86.949,74.343],[86.991,74.296],[86.968,74.28],[87.021,74.273],[87.05,74.306],[87.016,74.367],[87.262,74.355],[87.08,74.39],[87.079,74.442],[86.796,74.424],[86.535,74.512],[86.782,74.561],[85.74,74.636],[85.865,74.671],[85.842,74.701],[85.9,74.723],[86.101,74.736],[86.125,74.773],[86.028,74.814],[86.091,74.821],[86.367,74.775],[86.213,74.766],[86.321,74.708],[86.474,74.725],[86.639,74.697],[86.605,74.663],[86.687,74.656],[86.667,74.643],[86.692,74.622],[86.958,74.609],[86.903,74.654],[86.954,74.684],[86.762,74.704],[86.914,74.758],[87.064,74.725],[87.082,74.773],[87.036,74.8],[87.061,74.84],[87.386,74.944],[87.173,74.985],[87.426,75.006],[87.48,74.987],[87.445,74.953],[87.574,74.93],[87.598,74.937],[87.564,74.965],[87.79,75.026],[87.365,75.04],[87.035,75.093],[86.919,75.076],[86.899,75.088],[86.919,75.111],[87.025,75.164],[87.953,75.1],[88.307,75.176],[88.326,75.235],[88.371,75.255],[88.518,75.283],[88.626,75.267],[88.55,75.314],[88.612,75.344],[88.818,75.362],[88.77,75.376],[88.925,75.412],[89.085,75.403],[89.007,75.434],[88.757,75.417],[89.132,75.453],[89.246,75.507],[89.395,75.449],[89.704,75.444],[89.624,75.477],[89.636,75.505],[90.058,75.52],[89.915,75.561],[89.954,75.578],[90.599,75.612],[90.887,75.671],[90.978,75.62],[91.128,75.666],[91.195,75.664],[91.217,75.632],[91.58,75.638],[91.642,75.654],[91.621,75.698],[91.7,75.736],[91.812,75.717],[92.371,75.74],[94.053,75.915],[94.144,75.955],[93.74,75.9],[93.594,75.917],[93.603,75.939],[93.546,75.953],[93.448,75.909],[93.494,75.895],[93.419,75.873],[93.258,75.952],[93.32,75.972],[93.277,75.982],[92.964,75.931],[93.108,75.911],[93.071,75.889],[92.888,75.896],[92.884,75.934],[92.827,75.965],[92.929,75.993],[92.914,76.029],[92.952,76.067],[93.041,76.071],[93.101,76.024],[93.231,76.054],[93.121,76.096],[93.43,76.107],[93.334,76.068],[93.422,76.047],[93.388,76.021],[93.427,76.012],[93.704,76.062],[93.999,76.054],[93.674,76.099],[93.636,76.123],[93.686,76.132],[94.374,76.121],[94.472,76.075],[94.437,76.062],[94.459,76.052],[94.739,76.116],[94.573,76.16],[94.835,76.15],[94.932,76.112],[95.255,76.123],[95.39,76.164],[95.873,76.138],[96.193,76.08],[96.038,76.081],[95.993,76.062],[96.075,76.047],[95.979,76.034],[96.005,75.993],[95.575,75.889],[95.74,75.856],[95.821,75.917],[95.937,75.949],[96.309,75.959],[96.342,75.972],[96.266,75.993],[96.519,76.016],[96.548,76.006],[96.5,75.978],[96.665,75.965],[96.461,75.872],[96.686,75.907],[96.835,75.889],[96.863,75.928],[97.251,76.043],[97.397,76.047],[97.199,75.993],[97.247,75.958],[97.185,75.931],[97.312,75.935],[97.342,75.944],[97.317,75.965],[97.394,75.989],[97.824,75.988],[97.821,76.019],[97.701,76.052],[97.548,76.054],[97.626,76.082],[97.799,76.095],[97.913,76.059],[98.161,76.091],[97.918,76.123],[97.971,76.144],[98.404,76.184],[98.816,76.267],[98.713,76.205],[99.235,76.224],[99.296,76.205],[99.2,76.178],[99.234,76.164],[99.09,76.164],[99.214,76.13],[99.574,76.155],[99.6,76.131],[99.487,76.095],[99.755,76.049],[99.682,75.966],[99.679,75.876],[99.424,75.793],[99.571,75.78],[99.902,75.927],[99.9,75.976],[99.825,76.024],[99.878,76.096],[99.798,76.156],[99.643,76.196],[99.591,76.272],[99.395,76.28],[99.265,76.352],[99.02,76.362],[99.02,76.399],[98.82,76.478],[98.849,76.517],[99.509,76.469],[100.23,76.492],[100.304,76.462],[100.851,76.54],[101.057,76.486],[101.016,76.459],[101.316,76.484],[101.738,76.45],[101.86,76.401],[102.25,76.383],[101.753,76.47],[100.878,76.555],[101.105,76.616],[101.126,76.733],[101.235,76.767],[100.981,76.787],[100.864,76.838],[100.892,76.869],[100.858,76.873],[100.872,76.899],[100.934,76.952],[100.919,76.976],[101.206,76.986],[101.238,77.051],[101.166,77.061],[101.207,77.099],[101.788,77.269],[102.076,77.391],[102.271,77.381],[102.569,77.501],[102.889,77.546],[102.92,77.555],[102.899,77.582],[103.197,77.659],[103.356,77.62],[103.593,77.632],[104.023,77.733],[104.29,77.738],[104.326,77.73],[104.257,77.685],[104.289,77.673],[104.752,77.706],[104.867,77.613],[105.334,77.541],[105.874,77.569],[105.833,77.541],[105.902,77.522],[105.91,77.476],[105.977,77.425],[106.292,77.37],[105.758,77.369],[105.614,77.302],[105.435,77.274],[105.538,77.267],[105.456,77.24],[104.346,77.135],[104.142,77.089],[104.772,77.122],[104.873,77.091],[105.195,77.111],[105.341,77.089],[105.928,77.144],[105.943,77.13],[105.888,77.096],[105.737,77.061],[105.785,77.041],[105.487,77.035],[105.435,77.0],[105.451,76.984],[105.895,76.995],[106.206,77.062],[106.755,77.001],[106.649,77.034],[106.83,77.055],[107.011,77.027],[106.97,77.014],[107.003,77.003],[107.286,77.021],[107.238,77.006],[107.256,76.993],[107.5,76.925],[107.266,76.891],[107.355,76.869],[107.225,76.858],[107.19,76.842],[107.286,76.836],[107.19,76.801],[107.08,76.808],[107.06,76.764],[106.926,76.713],[106.724,76.719],[106.79,76.661],[106.612,76.56],[106.397,76.604],[106.367,76.575],[106.417,76.509],[106.82,76.469],[106.913,76.509],[107.27,76.535],[107.592,76.505],[107.845,76.535],[107.985,76.623],[107.991,76.649],[107.902,76.671],[107.946,76.737],[108.225,76.739],[108.32,76.725],[108.286,76.705],[109.398,76.76],[110.061,76.692],[110.359,76.756],[110.567,76.764],[110.705,76.727],[111.09,76.762],[111.137,76.747],[111.069,76.719],[111.119,76.682],[111.21,76.709],[111.555,76.684],[111.487,76.671],[111.542,76.651],[111.446,76.63],[111.489,76.61],[111.826,76.596],[112.199,76.472],[111.829,76.341],[112.257,76.454],[112.748,76.335],[112.658,76.322],[112.74,76.267],[112.673,76.246],[112.693,76.232],[112.501,76.239],[112.633,76.193],[112.78,76.192],[112.858,76.144],[112.761,76.075],[112.57,76.047],[112.962,76.065],[113.042,76.116],[112.987,76.144],[113.059,76.164],[113.303,76.116],[113.256,76.159],[113.289,76.171],[113.025,76.21],[112.932,76.26],[113.259,76.266],[113.296,76.246],[113.227,76.225],[113.241,76.205],[113.359,76.211],[113.46,76.148],[113.453,76.041],[113.549,76.021],[113.501,75.986],[113.556,75.972],[113.532,75.954],[113.44,75.944],[113.563,75.896],[113.481,75.856],[113.652,75.876],[113.617,75.924],[113.781,75.939],[113.858,75.911],[113.828,75.895],[113.89,75.854],[113.72,75.671],[113.72,75.619],[113.556,75.54],[113.426,75.54],[113.617,75.656],[113.068,75.683],[113.129,75.694],[113.123,75.721],[112.559,75.851],[112.337,75.848],[112.459,75.823],[112.518,75.774],[112.665,75.772],[112.871,75.711],[112.825,75.686],[112.748,75.698],[112.878,75.647],[112.789,75.589],[112.814,75.557],[113.035,75.553],[112.993,75.61],[113.267,75.651],[113.309,75.616],[113.255,75.574],[113.291,75.551],[113.536,75.507],[113.638,75.524],[113.703,75.471],[113.72,75.41],[113.549,75.406],[113.671,75.369],[113.605,75.285],[113.012,75.068],[112.88,74.993],[112.147,74.878],[112.092,74.857],[112.056,74.789],[111.953,74.772],[111.911,74.738],[111.953,74.731],[111.772,74.669],[111.403,74.691],[110.986,74.594],[111.052,74.579],[110.96,74.548],[110.557,74.481],[110.332,74.496],[110.281,74.478],[110.39,74.451],[110.363,74.418],[110.212,74.372],[110.0,74.374],[109.951,74.337],[109.798,74.314],[109.561,74.314],[109.728,74.287],[109.968,74.305],[109.89,74.197],[109.481,74.077],[108.996,74.016],[108.624,73.873],[108.551,73.812],[108.438,73.82],[108.492,73.773],[108.067,73.635],[108.094,73.663],[108.037,73.677],[107.749,73.612],[107.147,73.618],[107.101,73.574],[107.17,73.553],[106.882,73.444],[106.785,73.341],[106.648,73.307],[106.232,73.323],[106.063,73.273],[106.009,73.155],[105.853,73.095],[105.834,73.002],[105.628,72.902],[105.29,72.8],[105.067,72.786],[105.073,72.765],[105.483,72.768],[105.931,72.889],[106.036,72.953],[106.118,72.941],[106.137,72.911],[106.657,72.832],[107.103,72.856],[106.62,72.896],[106.224,72.977],[106.181,73.108],[106.333,73.19],[106.776,73.141],[107.036,73.182],[107.722,73.169],[108.092,73.246],[108.317,73.222],[108.396,73.258],[108.198,73.279],[108.241,73.301],[109.221,73.387],[109.255,73.42],[109.205,73.444],[109.209,73.469],[109.417,73.416],[109.431,73.452],[109.18,73.51],[109.194,73.552],[109.512,73.458],[109.714,73.453],[110.104,73.516],[110.157,73.546],[110.089,73.56],[110.124,73.58],[110.425,73.607],[110.397,73.615],[110.423,73.64],[110.471,73.649],[110.899,73.686],[110.925,73.704],[110.876,73.735],[110.918,73.766],[110.664,73.787],[110.287,73.706],[109.8,73.705],[109.752,73.683],[109.787,73.669],[109.674,73.678],[109.541,73.764],[109.536,73.821],[109.82,73.877],[109.887,73.961],[110.021,74.014],[110.581,73.991],[110.959,73.909],[111.103,73.95],[111.068,73.98],[111.126,74.03],[111.536,74.051],[111.582,74.026],[111.561,74.009],[111.198,73.978],[111.295,73.869],[111.436,73.813],[111.804,73.744],[112.372,73.705],[112.821,73.747],[112.945,73.79],[112.935,73.882],[112.823,73.957],[112.823,73.998],[112.847,73.995],[113.131,73.882],[113.428,73.634],[113.423,73.591],[113.293,73.57],[113.131,73.45],[113.272,73.375],[113.498,73.336],[113.487,73.17],[113.521,73.104],[113.455,72.993],[113.487,72.964],[113.312,72.894],[113.118,72.861],[113.105,72.822],[113.17,72.78],[113.177,72.733],[113.497,72.645],[114.09,72.601],[113.391,72.681],[113.238,72.735],[113.158,72.823],[113.542,72.977],[113.531,73.048],[113.601,73.104],[113.529,73.183],[113.562,73.253],[113.724,73.321],[114.036,73.347],[113.775,73.356],[113.535,73.44],[113.467,73.505],[113.915,73.536],[114.109,73.6],[114.675,73.593],[115.413,73.71],[116.603,73.675],[117.444,73.589],[118.45,73.589],[118.791,73.556],[118.998,73.491],[118.883,73.452],[118.707,73.444],[118.576,73.486],[118.467,73.478],[118.346,73.403],[118.428,73.375],[118.373,73.34],[118.353,73.282],[118.394,73.238],[118.918,73.12],[119.535,73.055],[119.723,72.959],[120.534,72.874],[120.573,72.889],[120.54,72.901],[119.842,72.957],[119.778,72.985],[119.783,73.018],[121.055,72.932],[121.388,72.976],[121.791,72.977],[121.964,72.964],[121.924,72.926],[122.043,72.892],[122.732,72.827],[122.321,72.95],[122.843,72.873],[122.953,72.892],[122.437,72.977],[122.505,72.991],[122.465,73.019],[122.859,72.998],[122.89,72.959],[123.191,72.922],[123.349,72.988],[123.314,73.026],[123.4,73.093],[123.468,73.08],[123.469,73.106],[123.397,73.122],[123.376,73.156],[123.401,73.174],[123.547,73.197],[123.513,73.176],[123.545,73.161],[123.664,73.17],[123.609,73.183],[123.671,73.203],[123.651,73.215],[123.539,73.22],[123.48,73.258],[123.503,73.275],[123.396,73.293],[123.338,73.341],[123.413,73.391],[123.218,73.409],[123.307,73.426],[123.26,73.457],[123.282,73.464],[123.417,73.444],[123.246,73.546],[123.37,73.56],[123.314,73.594],[123.424,73.581],[123.37,73.663],[123.591,73.717],[123.629,73.697],[123.562,73.643],[123.657,73.635],[123.602,73.615],[123.646,73.603],[123.974,73.627],[124.0,73.642],[123.905,73.7],[123.931,73.745],[123.877,73.773],[123.986,73.759],[124.055,73.724],[123.993,73.691],[124.06,73.685],[124.383,73.806],[124.404,73.792],[124.37,73.786],[124.695,73.742],[124.726,73.708],[124.856,73.724],[124.851,73.698],[124.98,73.676],[124.987,73.628],[125.043,73.641],[125.048,73.683],[125.137,73.704],[125.151,73.656],[125.212,73.649],[125.178,73.622],[125.214,73.616],[125.172,73.577],[125.198,73.551],[125.233,73.567],[125.287,73.539],[125.365,73.583],[125.652,73.525],[125.623,73.505],[125.644,73.498],[125.521,73.457],[125.563,73.409],[125.623,73.42],[125.604,73.45],[125.639,73.458],[125.877,73.461],[125.816,73.491],[125.918,73.54],[125.973,73.532],[125.957,73.469],[125.912,73.436],[125.941,73.428],[126.004,73.454],[126.014,73.509],[126.288,73.557],[126.405,73.512],[126.391,73.464],[126.329,73.43],[126.171,73.459],[126.152,73.436],[126.255,73.403],[126.158,73.381],[126.42,73.409],[126.453,73.395],[126.432,73.375],[126.549,73.347],[126.59,73.296],[126.565,73.233],[126.659,73.303],[126.563,73.381],[126.64,73.381],[126.666,73.426],[126.73,73.444],[126.829,73.389],[126.833,73.44],[126.932,73.43],[126.905,73.457],[126.918,73.504],[126.83,73.519],[127.05,73.549],[127.451,73.491],[127.988,73.471],[127.899,73.436],[128.077,73.406],[127.96,73.347],[128.365,73.354],[128.235,73.265],[128.439,73.236],[128.615,73.266],[128.893,73.217],[128.845,73.19],[128.961,73.19],[128.957,73.154],[128.851,73.156],[128.864,73.116],[128.777,73.071],[129.066,73.128],[129.444,73.029],[129.479,72.979],[129.36,72.94],[128.928,72.98],[128.291,72.909],[128.214,72.861],[128.228,72.819],[128.129,72.786],[128.356,72.794],[129.308,72.717],[129.358,72.703],[129.228,72.688],[129.198,72.655],[128.479,72.725],[128.396,72.673],[127.905,72.667],[128.188,72.568],[128.611,72.483],[129.258,72.464],[129.274,72.447],[129.242,72.416],[129.369,72.397],[129.501,72.332],[129.34,72.305],[129.358,72.263],[129.564,72.231],[129.242,72.134],[129.489,72.128],[129.333,72.091],[128.934,72.073],[128.775,72.148],[128.494,72.203],[128.57,72.244],[128.529,72.259],[128.15,72.317],[127.859,72.429],[127.666,72.43],[127.864,72.332],[127.747,72.326],[127.78,72.306],[128.192,72.228],[128.442,72.1],[128.453,72.024],[128.624,71.963],[128.664,71.863],[128.927,71.739],[129.184,71.809],[129.023,72.004],[129.041,72.019],[129.287,71.883],[129.31,71.804],[129.544,71.723],[129.305,71.761],[129.095,71.712],[128.908,71.708],[128.82,71.658],[128.875,71.597],[129.146,71.613],[129.249,71.55],[129.236,71.497],[129.314,71.466],[129.392,71.347],[129.712,71.217],[129.719,71.171],[129.763,71.148],[129.626,71.086],[129.866,71.11],[129.941,71.093],[129.92,71.066],[130.08,71.083],[130.222,70.994],[130.167,70.969],[130.468,70.927],[130.496,70.887],[130.62,70.866],[130.699,70.888],[130.722,70.963],[130.769,70.978],[130.891,70.845],[130.888,70.763],[131.042,70.739],[131.226,70.75],[131.546,70.887],[131.771,71.1],[131.761,71.135],[131.866,71.149],[131.827,71.182],[131.851,71.208],[132.188,71.216],[131.942,71.267],[132.092,71.498],[132.264,71.682],[132.539,71.884],[132.718,71.946],[133.066,71.971],[133.179,71.958],[133.341,71.886],[133.354,71.834],[133.156,71.94],[133.031,71.955],[132.932,71.911],[132.796,71.911],[132.775,71.88],[132.813,71.831],[132.715,71.811],[132.73,71.769],[132.985,71.72],[133.152,71.579],[133.65,71.437],[133.909,71.399],[134.168,71.371],[134.609,71.403],[134.745,71.361],[134.651,71.297],[134.669,71.264],[134.77,71.367],[134.697,71.421],[134.778,71.429],[134.81,71.482],[135.033,71.539],[135.119,71.516],[135.207,71.552],[135.423,71.531],[135.341,71.566],[135.622,71.623],[135.985,71.635],[136.444,71.576],[136.516,71.558],[136.547,71.477],[136.662,71.529],[136.775,71.523],[136.919,71.454],[137.268,71.393],[137.239,71.367],[137.492,71.347],[137.445,71.313],[137.485,71.298],[137.403,71.285],[137.532,71.246],[137.705,71.285],[137.671,71.251],[137.739,71.251],[137.692,71.221],[137.526,71.22],[137.766,71.168],[137.813,71.12],[137.91,71.149],[137.977,71.119],[138.065,71.15],[137.994,71.191],[137.842,71.182],[137.848,71.205],[137.739,71.229],[137.831,71.254],[138.067,71.225],[138.24,71.278],[137.996,71.302],[138.15,71.333],[138.363,71.319],[138.01,71.339],[137.931,71.36],[137.966,71.38],[137.829,71.387],[138.015,71.474],[138.039,71.559],[138.099,71.581],[138.5,71.613],[138.404,71.58],[138.438,71.539],[138.577,71.552],[138.595,71.583],[138.555,71.607],[138.756,71.643],[139.045,71.569],[139.089,71.49],[139.158,71.449],[139.116,71.429],[139.192,71.415],[139.346,71.422],[139.443,71.495],[139.718,71.457],[139.857,71.494],[140.033,71.472],[139.98,71.504],[140.001,71.525],[139.836,71.59],[139.735,71.672],[139.692,71.792],[139.809,71.861],[139.574,71.933],[139.336,71.95],[139.635,71.955],[139.712,71.998],[139.716,72.083],[139.874,72.178],[140.132,72.154],[140.219,72.186],[140.197,72.214],[139.561,72.232],[139.432,72.183],[139.533,72.164],[139.257,72.179],[139.35,72.134],[139.192,72.163],[139.094,72.248],[139.167,72.328],[139.329,72.423],[139.542,72.498],[140.577,72.496],[141.111,72.587],[140.933,72.601],[141.011,72.668],[140.992,72.709],[140.664,72.809],[140.583,72.867],[140.594,72.893],[140.726,72.899],[141.273,72.866],[141.551,72.774],[142.232,72.702],[143.487,72.7],[145.41,72.556],[146.854,72.354],[146.792,72.331],[145.688,72.364],[145.353,72.347],[145.17,72.421],[145.092,72.4],[144.943,72.438],[144.708,72.374],[144.521,72.225],[144.342,72.294],[144.105,72.278],[144.211,72.222],[144.478,72.17],[145.069,72.264],[146.929,72.313],[146.495,72.066],[145.973,71.856],[145.94,71.857],[145.942,71.888],[145.999,71.939],[145.993,72.03],[146.107,72.039],[146.347,72.128],[146.235,72.172],[146.079,72.17],[146.047,72.157],[146.066,72.123],[145.968,72.071],[145.935,72.1],[145.962,72.127],[145.942,72.155],[145.849,72.162],[145.839,72.183],[145.907,72.203],[145.88,72.219],[145.692,72.257],[145.613,72.244],[145.75,72.21],[145.621,72.08],[145.674,72.033],[145.791,72.028],[145.806,71.929],[145.329,71.871],[144.971,71.98],[144.974,71.914],[145.216,71.843],[145.196,71.813],[145.029,71.771],[144.886,71.771],[144.921,71.743],[144.893,71.675],[144.953,71.702],[145.003,71.675],[145.078,71.696],[145.333,71.661],[145.57,71.741],[145.73,71.73],[146.036,71.786],[146.365,71.906],[146.619,72.075],[147.196,72.33],[148.402,72.311],[149.611,72.148],[149.725,72.121],[149.951,72.0],[150.067,71.922],[150.056,71.867],[149.67,71.771],[149.369,71.904],[149.286,71.881],[149.327,71.874],[149.304,71.855],[149.149,71.771],[148.834,71.812],[148.891,71.775],[149.039,71.758],[149.005,71.703],[148.827,71.675],[149.003,71.668],[149.102,71.703],[149.772,71.648],[149.953,71.67],[150.102,71.595],[150.006,71.572],[150.012,71.6],[149.952,71.592],[149.965,71.529],[149.868,71.497],[149.868,71.462],[150.117,71.516],[150.635,71.515],[150.67,71.466],[150.554,71.403],[150.515,71.346],[150.21,71.28],[150.037,71.228],[150.047,71.21],[150.409,71.285],[150.657,71.39],[150.739,71.394],[150.66,71.357],[150.595,71.278],[150.825,71.367],[151.033,71.394],[151.591,71.31],[152.137,71.017],[152.061,70.983],[151.681,70.976],[152.505,70.848],[152.549,70.827],[152.541,70.791],[152.613,70.835],[152.99,70.835],[153.348,70.883],[153.664,70.861],[154.239,70.965],[155.48,71.062],[155.522,71.045],[155.495,71.004],[155.53,70.976],[155.605,71.066],[155.936,71.099],[157.989,71.048],[159.238,70.829],[159.689,70.671],[159.843,70.582],[160.025,70.419],[160.094,70.31],[160.088,70.238],[159.938,70.128],[159.689,70.134],[159.915,70.099],[159.851,70.055],[159.863,69.993],[159.692,69.911],[159.763,69.839],[159.73,69.839],[159.801,69.807],[159.769,69.762],[159.862,69.79],[160.169,69.703],[160.141,69.729],[160.256,69.719],[160.312,69.7],[160.319,69.654],[160.516,69.687],[160.915,69.647],[161.006,69.577],[160.921,69.462],[161.023,69.296],[161.004,69.246],[161.039,69.195],[160.963,69.106],[161.287,69.044],[161.415,68.982],[161.219,68.792],[161.21,68.692],[161.107,68.605],[161.032,68.56],[160.758,68.564],[160.821,68.527],[161.134,68.561],[161.257,68.666],[161.347,68.701],[161.29,68.754],[161.319,68.79],[161.574,68.921],[161.559,69.03],[161.484,69.092],[161.449,69.154],[161.466,69.182],[161.399,69.221],[161.463,69.287],[161.415,69.331],[161.484,69.345],[161.436,69.38],[161.6,69.428],[161.703,69.496],[162.026,69.551],[162.03,69.584],[162.196,69.626],[162.172,69.633],[162.19,69.65],[162.299,69.652],[162.327,69.702],[162.769,69.654],[163.165,69.721],[163.585,69.684],[163.773,69.694],[164.027,69.774],[164.439,69.621],[164.834,69.567],[165.675,69.596],[166.075,69.523],[166.63,69.534],[166.693,69.515],[166.678,69.496],[166.894,69.496],[167.674,69.772],[167.802,69.775],[167.938,69.722],[168.083,69.709],[167.926,69.654],[168.254,69.544],[168.192,69.38],[168.288,69.243],[168.851,69.188],[169.371,69.077],[169.42,69.024],[169.454,68.845],[169.625,68.777],[170.351,68.828],[170.625,68.749],[170.549,68.793],[170.564,68.825],[170.459,68.832],[170.449,68.863],[170.633,68.918],[170.728,68.822],[170.715,68.91],[170.68,68.94],[170.894,68.993],[170.979,69.056],[171.05,69.028],[171.159,69.044],[171.028,69.055],[170.98,69.144],[170.9,69.171],[170.93,69.234],[170.913,69.304],[170.749,69.391],[170.732,69.457],[170.606,69.59],[170.18,69.585],[170.161,69.613],[170.232,69.689],[170.592,69.765],[170.55,69.804],[170.56,69.89],[170.523,69.938],[170.557,70.092],[170.407,70.113],[170.482,70.142],[171.994,69.993],[172.725,69.981],[172.861,69.903],[173.179,69.845],[173.236,69.819],[173.181,69.802],[173.198,69.783],[173.419,69.798],[173.479,69.836],[173.254,69.919],[173.173,69.881],[173.176,69.914],[173.279,69.942],[173.461,69.949],[173.702,69.887],[173.675,69.88],[173.738,69.852],[173.778,69.853],[173.743,69.873],[173.788,69.884],[173.928,69.845],[174.071,69.887],[175.088,69.846],[175.716,69.881],[175.53,69.856],[175.997,69.769],[176.143,69.782],[176.146,69.84],[175.782,69.885],[176.128,69.894],[176.272,69.819],[176.242,69.774],[176.504,69.754],[176.735,69.675],[177.358,69.617],[177.643,69.57],[177.683,69.551],[177.609,69.544],[178.212,69.443],[178.365,69.487],[178.773,69.415],[179.068,69.325],[178.897,69.321],[178.838,69.365],[178.666,69.383],[178.674,69.298],[179.261,69.272],[179.959,68.996],[179.577,69.111],[179.692,69.016],[180.0,68.981],[180.0,65.066],[179.78,65.018],[179.479,64.823],[179.171,64.793],[178.562,64.592],[178.486,64.61],[178.719,64.648],[178.75,64.692],[178.218,64.658],[178.273,64.669],[178.241,64.689],[177.978,64.672],[177.927,64.707],[177.625,64.72],[177.602,64.726],[177.643,64.748],[177.389,64.836],[177.492,64.85],[177.433,64.929],[177.238,64.946],[177.17,65.028],[176.937,65.083],[176.608,65.032],[176.419,65.09],[176.306,65.055],[176.546,65.001],[176.959,65.047],[177.222,64.915],[177.245,64.884],[177.224,64.864],[177.298,64.838],[177.204,64.795],[177.026,64.774],[176.886,64.842],[176.626,64.868],[176.436,64.811],[176.397,64.86],[176.046,64.963],[175.868,64.845],[175.715,64.794],[175.563,64.812],[175.041,64.778],[174.75,64.689],[174.442,64.692],[174.772,64.681],[175.107,64.765],[175.712,64.775],[175.925,64.848],[176.005,64.915],[176.082,64.919],[176.21,64.874],[176.424,64.71],[176.145,64.628],[176.114,64.542],[176.21,64.62],[176.368,64.634],[176.458,64.692],[176.582,64.674],[176.743,64.571],[176.986,64.711],[177.169,64.727],[177.338,64.781],[177.492,64.768],[177.455,64.652],[177.362,64.548],[177.454,64.421],[177.813,64.254],[178.184,64.206],[178.075,64.254],[178.283,64.354],[178.218,64.427],[178.184,64.411],[178.2,64.44],[178.589,64.035],[178.484,64.071],[178.383,64.001],[178.492,63.987],[178.383,63.973],[178.639,63.946],[178.643,64.001],[178.698,63.897],[178.759,63.623],[178.609,63.676],[178.649,63.629],[178.725,63.617],[178.705,63.596],[178.641,63.588],[178.531,63.644],[178.502,63.597],[178.355,63.63],[178.269,63.565],[178.372,63.522],[178.51,63.579],[178.711,63.57],[178.72,63.476],[178.595,63.411],[178.699,63.386],[178.838,63.435],[178.754,63.538],[178.777,63.595],[178.816,63.491],[179.006,63.321],[178.848,63.404],[178.807,63.39],[178.809,63.35],[179.132,63.238],[179.233,63.239],[179.386,63.161],[179.418,63.068],[179.311,63.061],[179.242,63.006],[179.316,62.906],[179.541,62.849],[179.609,62.706],[179.559,62.658],[179.563,62.625],[179.433,62.616],[179.41,62.547],[179.349,62.506],[179.149,62.496],[179.113,62.448],[179.15,62.418],[179.15,62.342],[179.074,62.287],[178.938,62.366],[178.061,62.541],[177.307,62.582],[177.341,62.588],[177.266,62.616],[177.334,62.688],[177.32,62.746],[177.43,62.77],[177.458,62.815],[177.333,62.807],[177.252,62.733],[177.266,62.712],[177.189,62.71],[177.128,62.746],[177.148,62.796],[176.992,62.869],[176.998,62.794],[177.042,62.769],[176.928,62.673],[177.05,62.584],[177.176,62.596],[177.266,62.588],[177.239,62.57],[176.709,62.499],[176.683,62.513],[176.724,62.541],[176.662,62.535],[176.594,62.486],[176.642,62.472],[176.393,62.395],[176.279,62.317],[175.633,62.191],[175.306,62.075],[175.395,62.123],[175.318,62.11],[175.258,62.169],[175.251,62.066],[175.174,62.022],[174.765,61.917],[174.805,61.944],[174.785,61.958],[174.6,61.985],[174.73,61.896],[174.69,61.861],[174.49,61.815],[174.36,61.821],[174.38,61.84],[174.353,61.848],[174.155,61.801],[174.193,61.817],[174.17,61.833],[174.073,61.842],[174.014,61.817],[174.021,61.797],[174.107,61.78],[173.805,61.65],[173.802,61.692],[173.545,61.749],[173.474,61.643],[173.481,61.555],[173.331,61.547],[173.291,61.519],[173.309,61.492],[173.286,61.465],[173.128,61.397],[173.002,61.415],[172.897,61.472],[172.716,61.431],[172.899,61.372],[172.955,61.314],[172.895,61.278],[172.668,61.334],[172.767,61.263],[172.7,61.248],[172.647,61.191],[172.338,61.211],[172.434,61.143],[172.337,61.122],[172.243,61.143],[172.263,61.115],[172.49,61.081],[172.373,61.013],[172.243,61.02],[172.009,61.101],[172.161,61.027],[172.201,60.976],[172.181,60.945],[172.115,60.941],[172.047,60.861],[172.007,60.855],[172.004,60.936],[171.958,60.953],[171.949,60.848],[171.746,60.854],[171.537,60.807],[171.633,60.745],[171.413,60.69],[171.468,60.731],[171.396,60.783],[171.407,60.715],[171.372,60.643],[171.179,60.559],[170.96,60.521],[170.751,60.529],[170.75,60.501],[170.811,60.498],[170.79,60.451],[170.717,60.428],[170.516,60.451],[170.581,60.434],[170.618,60.389],[170.599,60.377],[170.662,60.332],[170.502,60.273],[170.401,59.966],[170.265,59.92],[170.119,59.968],[170.119,60.019],[169.936,60.076],[169.844,60.211],[169.975,60.232],[169.755,60.276],[169.693,60.416],[169.264,60.55],[169.371,60.567],[169.214,60.629],[169.189,60.583],[169.133,60.587],[169.167,60.567],[168.65,60.553],[168.532,60.593],[168.28,60.596],[167.838,60.511],[167.768,60.553],[167.772,60.497],[167.592,60.445],[167.48,60.468],[167.434,60.42],[167.336,60.471],[167.374,60.406],[167.282,60.416],[167.306,60.393],[167.278,60.373],[167.192,60.355],[167.025,60.428],[167.048,60.328],[166.898,60.3],[166.932,60.259],[166.245,59.831],[166.11,59.827],[166.103,59.909],[166.144,59.966],[166.175,60.12],[166.285,60.197],[166.258,60.286],[166.276,60.331],[166.233,60.396],[166.313,60.393],[166.393,60.48],[166.373,60.499],[166.013,60.44],[165.924,60.382],[165.941,60.366],[166.081,60.437],[166.212,60.457],[166.053,60.424],[165.671,60.252],[165.461,60.219],[165.445,60.259],[165.445,60.197],[165.229,60.097],[165.16,60.129],[165.192,60.17],[165.082,60.113],[164.999,60.135],[165.024,60.072],[165.13,60.084],[165.212,59.991],[165.014,59.848],[164.839,59.787],[164.786,59.813],[164.786,59.861],[164.702,59.981],[164.489,60.111],[164.412,60.11],[164.377,60.075],[164.321,60.089],[164.369,60.025],[164.339,59.992],[164.118,59.941],[164.109,59.903],[164.19,59.854],[164.064,59.875],[164.042,59.908],[164.205,59.998],[164.109,59.991],[164.017,60.036],[163.855,60.025],[163.875,60.047],[163.834,60.059],[163.629,60.047],[163.683,59.974],[163.794,59.991],[163.688,59.898],[163.535,59.905],[163.362,59.827],[163.39,59.632],[163.18,59.558],[163.21,59.56],[163.171,59.506],[163.321,59.411],[163.313,59.288],[163.244,59.238],[163.286,59.299],[163.133,59.291],[163.067,59.234],[163.075,59.193],[163.219,59.151],[163.262,59.081],[163.164,59.034],[163.165,59.097],[163.067,59.121],[163.074,59.142],[162.958,59.162],[162.944,59.135],[162.883,59.133],[162.969,59.052],[163.078,59.008],[163.069,58.968],[162.878,58.906],[162.92,58.972],[162.89,58.979],[162.816,58.887],[162.677,58.874],[162.714,58.847],[162.786,58.874],[162.788,58.832],[162.405,58.654],[162.17,58.406],[161.993,58.087],[162.026,57.929],[162.082,57.882],[162.215,57.822],[162.456,57.784],[162.466,57.764],[162.355,57.689],[162.522,57.754],[162.491,57.887],[162.53,57.937],[162.69,57.97],[163.004,57.838],[163.219,57.813],[163.33,57.709],[163.242,57.67],[163.243,57.595],[163.164,57.562],[163.075,57.461],[162.909,57.417],[162.8,57.346],[162.786,57.145],[162.86,57.051],[162.79,56.922],[162.784,56.763],[162.835,56.722],[162.967,56.704],[163.069,56.741],[163.239,56.733],[163.281,56.688],[163.239,56.623],[163.278,56.564],[163.247,56.532],[163.279,56.462],[163.25,56.451],[163.353,56.322],[163.337,56.278],[163.366,56.181],[163.118,56.106],[163.051,56.005],[162.822,56.056],[162.638,56.221],[162.557,56.229],[162.707,56.271],[162.754,56.347],[162.94,56.382],[163.0,56.438],[163.085,56.461],[163.116,56.501],[163.02,56.538],[162.91,56.426],[162.683,56.484],[162.628,56.44],[162.512,56.441],[162.414,56.384],[162.593,56.268],[162.142,56.129],[162.057,56.069],[162.04,56.045],[162.077,56.022],[162.018,55.976],[162.019,55.931],[161.921,55.825],[161.764,55.555],[161.748,55.376],[161.813,55.179],[161.875,55.079],[162.152,54.863],[162.107,54.825],[162.128,54.76],[161.724,54.509],[161.637,54.526],[161.312,54.49],[161.151,54.597],[160.741,54.535],[160.42,54.378],[160.237,54.249],[160.053,54.176],[159.902,53.982],[159.844,53.797],[159.867,53.694],[159.818,53.66],[159.915,53.591],[159.873,53.666],[159.931,53.645],[159.969,53.57],[159.96,53.497],[159.92,53.476],[159.825,53.536],[159.791,53.516],[159.815,53.501],[159.797,53.482],[159.859,53.475],[159.876,53.4],[159.936,53.393],[159.928,53.338],[159.975,53.332],[159.915,53.269],[159.969,53.215],[159.98,53.266],[160.018,53.265],[160.059,53.097],[159.771,53.204],[159.763,53.242],[159.825,53.283],[159.73,53.239],[159.632,53.257],[159.478,53.229],[159.382,53.162],[159.291,53.174],[159.164,53.135],[159.003,53.077],[158.709,52.892],[158.659,52.973],[158.674,52.995],[158.592,53.062],[158.438,53.025],[158.415,52.993],[158.454,52.983],[158.436,52.92],[158.53,52.906],[158.483,52.94],[158.506,52.947],[158.647,52.899],[158.606,52.878],[158.628,52.857],[158.592,52.823],[158.545,52.837],[158.565,52.796],[158.5,52.779],[158.599,52.714],[158.565,52.647],[158.5,52.621],[158.421,52.659],[158.448,52.618],[158.427,52.594],[158.524,52.57],[158.503,52.502],[158.53,52.488],[158.421,52.412],[158.543,52.421],[158.571,52.392],[158.503,52.358],[158.558,52.313],[158.49,52.268],[158.427,52.268],[158.438,52.243],[158.39,52.226],[158.427,52.184],[158.372,52.13],[158.319,52.13],[158.331,52.073],[158.286,52.034],[158.287,51.968],[158.119,51.816],[158.015,51.766],[157.913,51.631],[157.854,51.622],[157.759,51.544],[157.606,51.526],[157.537,51.486],[157.473,51.411],[157.476,51.361],[157.352,51.33],[157.263,51.238],[156.877,51.019],[156.67,50.864],[156.658,50.883],[156.762,50.984],[156.762,51.078],[156.708,51.088],[156.722,51.195],[156.524,51.312],[156.52,51.423],[156.482,51.464],[156.501,51.775],[156.439,52.216],[156.373,52.405],[156.282,52.529],[156.371,52.49],[156.372,52.447],[156.447,52.511],[156.331,52.536],[156.266,52.598],[156.111,52.935],[155.955,53.786],[155.728,54.427],[155.61,54.895],[155.551,55.284],[155.686,56.039],[155.762,56.119],[155.743,56.146],[155.78,56.248],[155.947,56.622],[156.125,56.832],[156.17,56.836],[156.064,56.716],[156.208,56.826],[156.206,56.854],[156.461,56.948],[156.53,57.021],[156.552,57.109],[156.684,57.048],[157.001,57.426],[156.931,57.658],[156.82,57.736],[156.749,57.73],[156.981,57.857],[157.051,57.805],[157.242,57.77],[157.47,57.804],[157.557,57.876],[157.587,57.951],[157.653,58.004],[157.64,58.025],[157.947,57.983],[158.225,58.025],[158.338,57.953],[158.295,58.025],[158.229,58.039],[158.247,58.052],[158.655,58.269],[159.024,58.415],[159.153,58.508],[159.237,58.468],[159.188,58.508],[159.194,58.542],[159.402,58.678],[159.504,58.697],[159.62,58.826],[159.728,58.883],[159.753,58.958],[159.73,59.011],[159.803,59.096],[160.215,59.332],[160.336,59.361],[160.446,59.455],[160.497,59.552],[160.847,59.618],[161.284,59.871],[161.338,59.945],[161.467,60.032],[161.897,60.203],[161.948,60.27],[161.922,60.313],[161.893,60.303],[161.939,60.417],[162.206,60.538],[162.403,60.561],[162.502,60.621],[162.625,60.611],[162.754,60.646],[162.917,60.76],[163.021,60.78],[163.099,60.755],[163.194,60.805],[163.325,60.805],[163.346,60.799],[163.295,60.728],[163.315,60.722],[163.436,60.832],[163.751,60.883],[163.774,60.919],[163.734,60.939],[163.487,61.002],[163.618,61.059],[163.616,61.105],[163.666,61.145],[163.933,61.235],[163.951,61.301],[164.029,61.347],[163.952,61.435],[163.848,61.453],[163.776,61.413],[163.751,61.443],[163.866,61.647],[164.045,61.683],[164.068,61.786],[164.042,61.843],[164.09,61.895],[164.073,61.996],[164.106,62.023],[164.08,62.091],[164.127,62.129],[164.105,62.168],[164.127,62.262],[164.244,62.328],[164.418,62.353],[164.538,62.451],[164.739,62.46],[165.225,62.383],[165.297,62.323],[165.287,62.366],[165.111,62.429],[165.124,62.451],[165.651,62.459],[165.11,62.485],[164.766,62.558],[164.598,62.673],[164.447,62.689],[164.055,62.656],[163.908,62.584],[163.764,62.602],[163.476,62.545],[163.399,62.576],[163.388,62.548],[163.267,62.522],[163.244,62.448],[163.168,62.432],[163.369,62.328],[163.232,62.311],[163.241,62.285],[163.091,62.227],[163.15,62.113],[163.105,62.08],[163.193,62.067],[163.026,61.921],[163.058,61.898],[162.977,61.8],[163.343,61.706],[163.327,61.658],[163.208,61.637],[163.23,61.611],[163.112,61.616],[163.076,61.585],[163.112,61.548],[163.017,61.517],[162.968,61.572],[162.908,61.58],[162.909,61.609],[162.86,61.603],[162.943,61.65],[162.839,61.708],[162.623,61.659],[162.775,61.594],[162.417,61.676],[162.351,61.615],[162.292,61.618],[162.328,61.59],[162.216,61.558],[162.215,61.513],[162.139,61.496],[162.095,61.436],[162.041,61.436],[162.061,61.417],[161.986,61.373],[161.939,61.377],[161.888,61.431],[161.913,61.357],[161.89,61.336],[161.807,61.372],[161.802,61.317],[161.596,61.255],[161.567,61.184],[161.471,61.196],[161.412,61.152],[161.446,61.121],[161.298,61.056],[161.212,61.054],[161.184,60.993],[160.915,60.9],[160.792,60.718],[160.687,60.76],[160.636,60.716],[160.559,60.741],[160.47,60.699],[160.41,60.706],[160.431,60.749],[160.372,60.723],[160.358,60.659],[160.186,60.578],[160.136,60.602],[160.147,60.662],[160.22,60.665],[160.202,60.697],[160.245,60.714],[160.252,60.772],[160.17,60.825],[160.218,60.846],[160.254,60.825],[160.241,60.875],[160.358,60.911],[160.353,60.945],[160.425,60.984],[160.408,61.005],[160.444,61.036],[160.202,61.038],[159.885,60.941],[159.899,60.916],[159.798,60.931],[160.0,61.106],[159.918,61.214],[159.956,61.227],[159.943,61.244],[159.776,61.242],[159.819,61.289],[159.996,61.284],[159.91,61.314],[159.972,61.339],[159.965,61.378],[160.053,61.379],[160.107,61.43],[160.035,61.459],[160.285,61.554],[160.251,61.575],[160.285,61.606],[160.26,61.625],[160.319,61.667],[160.259,61.69],[160.414,61.765],[160.362,61.814],[160.4,61.831],[160.346,61.945],[160.039,61.846],[159.881,61.705],[159.708,61.721],[159.708,61.685],[159.577,61.653],[159.512,61.7],[159.566,61.817],[159.485,61.793],[159.478,61.764],[159.356,61.817],[159.402,61.853],[159.36,61.893],[159.118,61.917],[158.895,61.894],[158.837,61.821],[158.548,61.83],[158.485,61.79],[158.26,61.826],[158.08,61.734],[157.537,61.792],[157.393,61.746],[157.365,61.685],[157.028,61.651],[156.924,61.552],[156.67,61.516],[156.693,61.512],[156.624,61.371],[156.649,61.328],[156.62,61.275],[156.655,61.197],[156.547,61.209],[156.374,61.149],[156.03,60.945],[155.943,60.923],[155.973,60.905],[155.917,60.859],[155.914,60.704],[155.83,60.729],[155.725,60.655],[155.492,60.582],[155.48,60.534],[155.34,60.525],[155.138,60.411],[154.952,60.367],[154.692,60.201],[154.51,60.025],[154.488,59.946],[154.499,60.029],[154.564,60.094],[154.408,60.063],[154.467,59.968],[154.473,59.879],[154.398,59.848],[154.433,59.896],[154.396,59.902],[154.221,59.87],[154.229,59.73],[154.368,59.575],[154.22,59.664],[154.197,59.583],[154.075,59.509],[154.138,59.457],[154.298,59.443],[154.357,59.526],[154.402,59.535],[154.38,59.47],[154.427,59.421],[154.516,59.41],[154.533,59.436],[154.436,59.484],[154.429,59.547],[154.554,59.513],[154.644,59.543],[154.783,59.471],[154.878,59.461],[154.963,59.496],[155.21,59.344],[155.216,59.305],[155.158,59.296],[155.197,59.237],[155.15,59.222],[155.194,59.176],[154.813,59.194],[154.791,59.131],[154.438,59.216],[154.333,59.192],[154.358,59.111],[154.279,59.086],[154.192,59.101],[154.049,59.053],[153.905,59.087],[153.802,59.172],[153.692,59.185],[153.769,59.247],[153.648,59.191],[153.369,59.241],[153.348,59.154],[153.284,59.149],[153.35,59.134],[153.337,59.09],[153.007,59.061],[152.943,59.007],[152.9,58.904],[152.557,58.95],[152.363,59.06],[152.342,59.02],[152.166,58.984],[152.157,58.927],[152.02,58.875],[151.717,58.849],[151.453,58.865],[151.354,58.833],[151.236,58.998],[151.151,59.042],[151.102,59.114],[151.217,59.092],[151.438,59.17],[151.766,59.134],[152.051,59.148],[152.322,59.207],[152.312,59.227],[152.137,59.296],[151.979,59.265],[151.901,59.303],[151.734,59.307],[151.77,59.35],[151.666,59.459],[151.516,59.509],[151.396,59.604],[151.322,59.556],[151.063,59.579],[150.907,59.559],[150.942,59.461],[150.78,59.432],[150.74,59.44],[150.766,59.484],[150.504,59.489],[150.772,59.537],[150.774,59.562],[150.601,59.541],[150.306,59.646],[149.598,59.758],[149.438,59.736],[149.375,59.772],[149.327,59.759],[149.379,59.725],[149.133,59.641],[149.041,59.643],[149.042,59.614],[149.104,59.592],[149.081,59.56],[149.201,59.525],[149.212,59.469],[149.115,59.493],[148.968,59.452],[148.892,59.467],[148.84,59.501],[148.888,59.546],[148.846,59.553],[148.743,59.472],[148.736,59.368],[148.814,59.364],[148.865,59.405],[148.861,59.354],[148.916,59.395],[148.99,59.375],[148.934,59.317],[148.964,59.273],[148.935,59.233],[148.842,59.277],[148.799,59.271],[148.788,59.236],[148.686,59.266],[148.59,59.242],[148.437,59.262],[148.394,59.379],[148.219,59.409],[147.845,59.377],[147.789,59.344],[147.847,59.297],[147.826,59.27],[147.591,59.304],[147.546,59.238],[147.271,59.332],[147.199,59.313],[147.056,59.363],[146.72,59.382],[146.693,59.424],[146.504,59.463],[146.319,59.402],[146.319,59.238],[146.363,59.213],[146.323,59.18],[146.205,59.205],[146.05,59.139],[145.976,59.143],[145.99,59.172],[145.932,59.213],[145.825,59.241],[145.844,59.293],[145.946,59.355],[145.976,59.399],[145.957,59.417],[145.818,59.416],[145.809,59.367],[145.675,59.436],[145.001,59.37],[144.804,59.395],[144.455,59.375],[144.366,59.381],[144.448,59.381],[144.38,59.402],[143.904,59.423],[143.494,59.319],[143.165,59.381],[143.139,59.361],[143.16,59.354],[142.262,59.125],[142.015,58.997],[141.782,58.765],[141.584,58.618],[141.249,58.477],[141.105,58.459],[140.904,58.383],[140.667,58.191],[140.496,57.845],[140.302,57.748],[140.223,57.76],[140.035,57.713],[139.935,57.653],[139.79,57.483],[139.621,57.467],[139.418,57.297],[139.197,57.273],[139.069,57.207],[139.026,57.14],[138.933,57.135],[138.885,57.019],[138.806,57.032],[138.606,56.945],[138.562,56.827],[138.582,56.785],[138.543,56.794],[138.55,56.86],[138.454,56.839],[138.467,56.817],[138.396,56.731],[138.29,56.692],[138.261,56.616],[138.13,56.586],[138.125,56.507],[138.258,56.466],[138.223,56.424],[138.163,56.451],[138.069,56.438],[138.054,56.388],[137.914,56.36],[137.834,56.225],[137.776,56.211],[137.724,56.136],[137.572,56.117],[137.444,56.049],[137.391,55.946],[137.296,55.961],[137.047,55.819],[137.05,55.793],[136.91,55.771],[136.773,55.661],[136.43,55.565],[136.319,55.487],[136.308,55.425],[136.162,55.318],[135.869,55.174],[135.469,55.057],[135.22,54.894],[135.173,54.821],[135.265,54.722],[135.244,54.701],[135.341,54.715],[135.654,54.666],[135.75,54.571],[136.207,54.621],[136.535,54.596],[136.662,54.685],[136.681,54.615],[136.823,54.648],[136.814,54.626],[136.883,54.591],[136.807,54.516],[136.842,54.488],[136.818,54.473],[136.841,54.432],[136.739,54.414],[136.752,54.365],[136.821,54.316],[136.752,54.284],[136.814,54.249],[136.763,54.204],[136.814,54.159],[136.78,54.064],[136.689,54.012],[136.659,53.935],[136.685,53.808],[136.775,53.773],[136.899,53.847],[137.02,53.852],[137.108,53.808],[137.186,53.851],[137.291,54.036],[137.157,54.044],[137.061,54.146],[137.395,54.308],[137.643,54.297],[137.736,54.321],[137.504,54.137],[137.484,54.085],[137.45,54.089],[137.437,54.146],[137.308,54.118],[137.294,54.077],[137.32,54.049],[137.438,54.037],[137.591,53.956],[137.771,53.944],[137.863,53.968],[137.609,53.834],[137.564,53.727],[137.488,53.671],[137.345,53.665],[137.218,53.601],[137.228,53.567],[137.335,53.529],[137.918,53.587],[138.15,53.673],[138.284,53.739],[138.366,53.909],[138.579,53.999],[138.58,53.828],[138.379,53.684],[138.345,53.607],[138.246,53.566],[138.217,53.5],[138.284,53.525],[138.439,53.514],[138.528,53.564],[138.656,53.732],[138.697,53.819],[138.682,53.875],[138.772,54.016],[138.767,54.105],[138.665,54.077],[138.747,54.242],[138.644,54.297],[138.739,54.316],[139.302,54.191],[139.768,54.304],[139.804,54.287],[139.816,54.215],[139.918,54.2],[140.002,54.123],[140.241,54.057],[140.236,54.001],[140.331,53.97],[140.257,53.869],[140.357,53.79],[140.522,53.727],[140.581,53.639],[141.098,53.475],[140.95,53.489],[140.931,53.436],[140.995,53.448],[141.229,53.316],[141.407,53.304],[141.358,53.221],[141.424,53.218],[141.433,53.149],[141.375,53.123],[141.364,53.073],[141.254,53.088],[141.186,53.05],[141.262,53.036],[141.189,52.987],[140.895,53.077],[140.861,53.118],[140.707,53.111],[140.933,53.032],[140.966,52.945],[141.083,52.884],[141.261,52.852],[141.201,52.777],[141.27,52.735],[141.316,52.659],[141.235,52.526],[141.118,52.449],[141.128,52.423],[141.186,52.351],[141.402,52.226],[141.54,52.221],[141.556,52.162],[141.494,52.172],[141.355,52.106],[141.303,52.022],[141.426,51.925],[141.2,51.824],[141.109,51.679],[140.915,51.624],[140.901,51.494],[140.8,51.454],[140.819,51.417],[140.896,51.429],[140.874,51.372],[140.686,51.313],[140.714,51.261],[140.659,51.224],[140.707,51.032],[140.665,51.008],[140.674,50.948],[140.6,50.928],[140.53,50.862],[140.542,50.805],[140.463,50.699],[140.515,50.617],[140.442,50.53],[140.515,50.446],[140.545,50.344],[140.515,50.295],[140.523,50.151],[140.601,50.075],[140.686,50.103],[140.691,50.08],[140.482,49.975],[140.415,49.875],[140.459,49.806],[140.535,49.777],[140.507,49.692],[140.561,49.575],[140.454,49.421],[140.436,49.294],[140.336,49.288],[140.39,49.275],[140.346,49.229],[140.35,49.198],[140.377,49.206],[140.356,49.096],[140.295,49.088],[140.344,49.047],[140.219,49.014],[140.264,49.012],[140.248,48.976],[140.281,48.965],[140.359,49.021],[140.398,48.993],[140.213,48.767],[140.177,48.462],[140.072,48.399],[140.035,48.328],[139.767,48.188],[139.652,48.069],[139.262,47.788],[138.969,47.318],[138.891,47.305],[138.563,47.03],[138.502,46.866],[138.41,46.781],[138.349,46.664],[138.345,46.549],[138.202,46.454],[138.1,46.228],[138.034,46.156],[137.944,46.108],[137.671,45.795],[137.397,45.624],[137.145,45.375],[136.811,45.193],[136.78,45.108],[136.558,44.948],[136.553,44.895],[136.45,44.827],[136.444,44.785],[136.355,44.789],[136.307,44.744],[136.329,44.707],[136.235,44.652],[136.228,44.57],[136.165,44.497],[135.999,44.456],[135.838,44.363],[135.819,44.291],[135.656,44.169],[135.624,44.038],[135.541,44.004],[135.512,43.922],[135.464,43.95],[135.464,43.894],[135.519,43.881],[135.426,43.763],[135.275,43.689],[135.236,43.734],[135.182,43.711],[135.231,43.682],[135.224,43.645],[135.14,43.508],[134.975,43.46],[134.77,43.315],[134.43,43.158],[134.194,43.08],[133.927,42.883],[133.84,42.898],[133.717,42.817],[133.672,42.853],[133.593,42.853],[133.42,42.771],[133.237,42.744],[133.158,42.688],[133.024,42.699],[132.996,42.723],[133.079,42.75],[132.99,42.827],[132.9,42.816],[132.865,42.748],[132.816,42.756],[132.757,42.832],[132.763,42.908],[132.695,42.86],[132.578,42.84],[132.511,42.871],[132.503,42.924],[132.404,42.942],[132.346,42.901],[132.36,42.86],[132.312,42.845],[132.291,43.086],[132.34,43.134],[132.329,43.175],[132.382,43.191],[132.308,43.238],[132.346,43.298],[132.29,43.313],[132.227,43.23],[131.93,43.07],[131.886,43.086],[131.921,43.12],[131.85,43.1],[131.912,43.198],[131.997,43.239],[132.052,43.315],[131.968,43.271],[131.957,43.306],[131.846,43.305],[131.816,43.337],[131.723,43.21],[131.764,43.186],[131.695,43.202],[131.647,43.169],[131.695,43.175],[131.683,43.149],[131.563,43.038],[131.565,42.996],[131.5,43.0],[131.496,42.942],[131.394,42.945],[131.4,42.873],[131.472,42.873],[131.379,42.831],[131.352,42.774],[131.273,42.777],[131.236,42.707],[131.262,42.681],[131.201,42.614],[131.234,42.589],[131.22,42.555],[131.167,42.576],[131.181,42.605],[131.127,42.617],[131.12,42.667],[130.89,42.6],[130.815,42.634],[130.932,42.618],[130.95,42.653],[130.787,42.654],[130.832,42.674],[130.825,42.699],[130.721,42.7],[130.657,42.664],[130.733,42.616],[130.73,42.579],[130.774,42.597],[130.873,42.528],[130.843,42.52],[130.839,42.472],[130.787,42.462],[130.704,42.295],[130.663,42.321],[130.646,42.401],[130.587,42.432],[130.531,42.53],[130.585,42.569],[130.572,42.622],[130.504,42.678],[130.38,42.697],[130.586,42.817],[130.735,42.824],[130.794,42.869],[130.992,42.849],[131.024,42.896],[131.103,42.91],[131.078,43.032],[131.184,43.121],[131.169,43.202],[131.238,43.266],[131.281,43.38],[131.274,43.451],[131.161,43.533],[131.192,43.589],[131.17,43.781],[131.217,43.908],[131.207,43.975],[131.264,44.054],[131.066,44.682],[130.933,44.842],[131.025,44.862],[131.052,44.909],[131.177,44.903],[131.329,44.968],[131.434,44.961],[131.609,45.09],[131.628,45.198],[131.723,45.215],[131.785,45.305],[131.853,45.338],[131.969,45.234],[132.921,45.028],[133.099,45.108],[133.127,45.155],[133.102,45.287],[133.18,45.494],[133.413,45.573],[133.428,45.615],[133.477,45.628],[133.457,45.649],[133.488,45.687],[133.443,45.71],[133.511,45.779],[133.477,45.82],[133.514,45.879],[133.586,45.876],[133.618,45.936],[133.658,45.935],[133.72,46.064],[133.687,46.142],[133.902,46.259],[133.916,46.313],[133.863,46.339],[133.934,46.391],[133.846,46.471],[133.902,46.574],[134.015,46.665],[134.045,46.772],[134.017,46.819],[134.069,46.981],[134.124,47.071],[134.227,47.118],[134.154,47.258],[134.184,47.328],[134.313,47.42],[134.485,47.43],[134.557,47.471],[134.773,47.711],[134.658,47.887],[134.588,47.926],[134.559,48.01],[134.683,48.136],[134.719,48.263],[134.611,48.285],[134.543,48.357],[134.471,48.34],[134.386,48.381],[133.738,48.251],[133.524,48.095],[133.224,48.126],[133.092,48.107],[132.806,47.936],[132.675,47.951],[132.668,47.881],[132.525,47.708],[132.332,47.737],[132.162,47.69],[132.025,47.698],[131.914,47.668],[131.703,47.696],[131.603,47.662],[131.441,47.741],[131.104,47.677],[130.966,47.704],[130.907,47.884],[130.675,48.064],[130.675,48.136],[130.824,48.294],[130.822,48.334],[130.743,48.412],[130.759,48.486],[130.626,48.482],[130.62,48.56],[130.53,48.616],[130.674,48.871],[130.541,48.853],[130.44,48.896],[130.249,48.865],[130.202,48.883],[129.926,49.026],[129.921,49.082],[129.842,49.109],[129.842,49.167],[129.742,49.196],[129.711,49.274],[129.552,49.29],[129.528,49.385],[129.481,49.421],[129.379,49.425],[129.341,49.341],[129.218,49.391],[129.115,49.349],[128.998,49.441],[128.879,49.48],[128.76,49.471],[128.802,49.565],[128.672,49.611],[128.629,49.575],[128.384,49.579],[128.345,49.548],[128.198,49.539],[128.067,49.547],[127.968,49.603],[127.855,49.585],[127.704,49.661],[127.644,49.767],[127.539,49.79],[127.507,49.844],[127.534,49.922],[127.487,50.026],[127.57,50.13],[127.591,50.209],[127.331,50.328],[127.359,50.415],[127.289,50.466],[127.367,50.578],[127.289,50.675],[127.287,50.751],[126.932,51.064],[126.905,51.208],[126.972,51.324],[126.899,51.317],[126.87,51.252],[126.809,51.289],[126.827,51.339],[126.909,51.391],[126.8,51.419],[126.793,51.459],[126.83,51.508],[126.807,51.534],[126.677,51.577],[126.724,51.636],[126.726,51.709],[126.648,51.741],[126.439,51.998],[126.514,52.043],[126.556,52.131],[126.317,52.2],[126.312,52.228],[126.439,52.275],[126.316,52.316],[126.351,52.377],[126.276,52.463],[126.2,52.467],[126.212,52.533],[126.083,52.593],[126.028,52.566],[125.991,52.586],[125.983,52.653],[126.069,52.68],[126.035,52.727],[126.104,52.754],[126.088,52.775],[125.977,52.765],[125.837,52.907],[125.646,52.885],[125.734,52.982],[125.621,53.062],[125.521,53.042],[125.477,53.084],[125.074,53.212],[124.898,53.186],[124.896,53.118],[124.87,53.108],[124.801,53.155],[124.72,53.149],[124.652,53.209],[124.384,53.246],[124.253,53.376],[124.122,53.353],[123.971,53.455],[123.702,53.51],[123.614,53.563],[123.542,53.514],[123.514,53.562],[123.482,53.518],[123.253,53.568],[123.154,53.513],[122.86,53.474],[122.402,53.451],[122.317,53.496],[122.082,53.43],[121.889,53.431],[121.641,53.385],[121.512,53.33],[121.341,53.324],[121.203,53.277],[120.874,53.28],[120.28,52.866],[120.033,52.761],[120.034,52.625],[120.079,52.59],[120.454,52.639],[120.724,52.542],[120.626,52.347],[120.758,52.237],[120.784,52.158],[120.779,52.118],[120.697,52.049],[120.706,51.98],[120.648,51.911],[120.493,51.876],[120.166,51.669],[120.1,51.66],[120.053,51.552],[119.977,51.487],[119.953,51.398],[119.895,51.384],[119.916,51.331],[119.82,51.275],[119.815,51.216],[119.762,51.215],[119.785,51.172],[119.741,51.072],[119.518,50.905],[119.497,50.737],[119.294,50.599],[119.244,50.446],[119.138,50.393],[119.175,50.356],[119.357,50.341],[119.316,50.093],[119.209,50.015],[119.092,49.987],[118.644,49.955],[117.874,49.513],[117.759,49.513],[117.473,49.614],[117.253,49.622],[117.058,49.673],[116.722,49.802],[116.575,49.922],[116.218,50.014],[116.054,49.998],[115.716,49.878],[115.388,49.891],[115.21,49.972],[114.997,50.144],[114.754,50.236],[114.473,50.234],[114.286,50.277],[113.973,50.161],[113.85,50.081],[113.58,50.02],[113.183,49.802],[113.087,49.687],[113.061,49.596],[112.777,49.501],[112.473,49.534],[112.03,49.412],[111.661,49.396],[111.479,49.343],[111.338,49.365],[110.731,49.138],[110.604,49.145],[110.371,49.242],[110.181,49.162],[109.729,49.266],[109.516,49.256],[109.451,49.306],[109.287,49.339],[108.538,49.327],[108.335,49.436],[108.236,49.532],[108.106,49.554],[108.016,49.602],[108.016,49.656],[107.927,49.67],[107.956,49.746],[107.93,49.851],[107.947,49.933],[107.192,50.006],[107.057,50.074],[106.974,50.196],[106.657,50.327],[106.222,50.292],[106.056,50.334],[105.985,50.4],[105.329,50.476],[105.106,50.39],[104.902,50.39],[104.61,50.314],[104.406,50.301],[104.122,50.148],[103.785,50.186],[103.668,50.131],[103.601,50.134],[103.439,50.193],[103.277,50.198],[103.202,50.297],[102.927,50.303],[102.618,50.399],[102.513,50.504],[102.303,50.564],[102.276,50.65],[102.329,50.719],[102.217,50.799],[102.23,50.979],[102.147,51.098],[102.135,51.24],[102.193,51.307],[102.075,51.375],[101.526,51.476],[101.35,51.45],[101.242,51.515],[101.117,51.528],[100.511,51.727],[99.918,51.749],[99.71,51.881],[99.324,51.934],[99.233,51.994],[98.995,52.058],[98.928,52.13],[98.856,52.107],[98.839,52.025],[98.683,51.819],[98.332,51.718],[98.228,51.583],[98.22,51.475],[98.111,51.485],[98.04,51.457],[97.923,51.318],[97.929,51.215],[97.806,51.001],[97.836,50.941],[97.985,50.847],[97.944,50.774],[98.038,50.623],[98.293,50.519],[98.262,50.284],[98.048,50.023],[97.83,49.923],[97.756,49.961],[97.567,49.917],[97.574,49.848],[97.343,49.734],[97.153,49.75],[96.969,49.887],[96.702,49.914],[96.585,49.858],[96.503,49.922],[96.346,49.889],[96.056,49.999],[95.946,49.939],[95.828,50.02],[95.501,49.887],[95.355,49.948],[95.076,49.946],[94.922,50.046],[94.603,50.02],[94.492,50.152],[94.354,50.224],[94.328,50.404],[94.259,50.558],[93.422,50.609],[93.105,50.599],[93.011,50.623],[92.962,50.778],[92.796,50.788],[92.735,50.705],[92.65,50.674],[92.443,50.786],[92.361,50.868],[92.302,50.843],[92.243,50.72],[92.159,50.689],[91.9,50.707],[91.75,50.684],[91.576,50.562],[91.475,50.536],[91.416,50.461],[91.012,50.425],[90.84,50.321],[90.727,50.292],[90.684,50.216],[90.475,50.215],[90.021,50.071],[89.969,49.967],[89.668,49.927],[89.624,49.903],[89.615,49.842],[89.644,49.819],[89.626,49.788],[89.702,49.753],[89.702,49.72],[89.442,49.644],[89.372,49.582],[89.216,49.634],[89.178,49.598],[89.216,49.545],[89.195,49.522],[88.975,49.456],[88.908,49.536],[88.868,49.538],[88.871,49.436],[88.696,49.447],[88.616,49.493],[88.2,49.454],[88.116,49.357],[88.144,49.271],[87.957,49.169],[87.816,49.166]],[[22.767,54.356],[19.61,54.457],[19.9,54.667],[19.962,54.773],[19.921,54.89],[19.977,54.965],[20.366,54.946],[20.482,54.976],[20.634,55.049],[20.925,55.283],[20.99,55.27],[20.531,54.965],[20.558,54.941],[20.764,54.948],[20.86,54.911],[21.091,54.902],[21.243,54.961],[21.183,55.202],[21.259,55.205],[21.268,55.249],[21.375,55.29],[21.504,55.194],[21.605,55.192],[21.943,55.078],[22.003,55.093],[22.05,55.034],[22.251,55.071],[22.581,55.058],[22.633,54.958],[22.752,54.931],[22.844,54.832],[22.833,54.779],[22.725,54.723],[22.682,54.57],[22.68,54.453],[22.767,54.356]],[[-180.0,65.066],[-180.0,68.982],[-179.58,68.909],[-179.514,68.921],[-179.548,68.948],[-179.523,68.965],[-179.334,68.858],[-179.363,68.855],[-179.357,68.828],[-179.32,68.812],[-178.845,68.752],[-178.485,68.592],[-178.725,68.676],[-178.7,68.543],[-178.021,68.416],[-177.951,68.338],[-178.074,68.259],[-177.705,68.345],[-178.375,68.557],[-177.492,68.292],[-177.602,68.308],[-177.766,68.263],[-177.639,68.225],[-177.635,68.195],[-177.462,68.246],[-177.338,68.245],[-177.174,68.199],[-177.259,68.211],[-177.219,68.14],[-177.075,68.164],[-176.565,68.01],[-176.725,68.038],[-176.789,67.979],[-176.539,67.895],[-176.209,67.902],[-176.533,68.003],[-175.921,67.851],[-176.049,67.852],[-176.116,67.807],[-176.137,67.777],[-176.07,67.727],[-176.327,67.71],[-176.206,67.645],[-175.926,67.639],[-175.882,67.629],[-175.914,67.588],[-175.725,67.57],[-175.672,67.619],[-175.897,67.65],[-175.849,67.705],[-176.012,67.727],[-175.853,67.768],[-175.824,67.813],[-175.266,67.659],[-175.312,67.635],[-175.291,67.606],[-175.127,67.5],[-175.227,67.533],[-175.172,67.435],[-175.367,67.358],[-175.16,67.337],[-175.023,67.374],[-174.969,67.425],[-175.08,67.481],[-174.929,67.426],[-174.915,67.381],[-174.806,67.365],[-174.756,67.303],[-174.86,67.275],[-174.908,67.037],[-174.79,66.94],[-174.7,66.917],[-174.763,66.899],[-174.688,66.732],[-174.764,66.754],[-174.971,66.665],[-174.806,66.593],[-174.699,66.6],[-174.436,66.532],[-174.395,66.475],[-174.461,66.459],[-174.466,66.401],[-174.389,66.338],[-174.438,66.344],[-174.464,66.28],[-174.354,66.277],[-174.296,66.343],[-174.368,66.337],[-174.166,66.399],[-174.163,66.447],[-174.223,66.445],[-174.206,66.473],[-174.016,66.472],[-173.953,66.446],[-173.979,66.406],[-173.929,66.341],[-174.019,66.305],[-174.031,66.236],[-173.999,66.219],[-173.797,66.308],[-173.895,66.336],[-173.705,66.371],[-173.691,66.439],[-173.811,66.471],[-173.833,66.506],[-174.264,66.566],[-173.931,66.668],[-173.935,66.78],[-174.023,66.901],[-174.026,66.961],[-174.239,66.972],[-174.191,67.027],[-174.282,67.047],[-174.496,67.021],[-174.356,67.061],[-174.557,67.035],[-174.616,67.041],[-174.612,67.061],[-173.751,67.073],[-173.654,67.088],[-173.646,67.116],[-173.447,67.075],[-173.495,67.063],[-173.464,67.029],[-173.389,67.078],[-173.071,67.044],[-173.272,67.052],[-173.258,67.022],[-173.143,67.0],[-173.295,66.981],[-173.307,66.904],[-173.267,66.878],[-173.32,66.862],[-173.303,66.822],[-173.087,66.847],[-173.226,66.911],[-173.161,66.915],[-173.154,66.97],[-173.074,66.993],[-173.051,66.934],[-172.782,66.894],[-172.362,66.933],[-172.498,66.978],[-173.025,67.014],[-172.986,67.039],[-172.056,66.95],[-171.934,66.979],[-171.719,66.951],[-171.64,66.93],[-171.63,66.908],[-171.694,66.88],[-171.63,66.83],[-171.353,66.772],[-171.331,66.745],[-171.388,66.715],[-171.363,66.675],[-170.86,66.511],[-170.565,66.354],[-170.385,66.317],[-170.514,66.283],[-170.538,66.234],[-170.626,66.235],[-170.511,66.225],[-170.39,66.285],[-170.274,66.29],[-170.154,66.249],[-170.106,66.193],[-170.338,66.186],[-170.136,66.139],[-170.086,66.169],[-169.923,66.15],[-170.044,66.193],[-169.952,66.184],[-169.707,66.131],[-169.641,66.068],[-169.719,66.006],[-169.982,66.039],[-170.606,65.861],[-170.516,65.83],[-170.571,65.761],[-170.53,65.679],[-170.489,65.671],[-170.588,65.605],[-170.875,65.623],[-171.147,65.695],[-171.208,65.751],[-171.463,65.833],[-171.389,65.746],[-171.318,65.734],[-171.372,65.728],[-171.36,65.71],[-171.264,65.656],[-170.982,65.592],[-170.975,65.511],[-171.039,65.467],[-171.251,65.522],[-171.904,65.461],[-172.034,65.474],[-171.744,65.5],[-171.958,65.517],[-172.093,65.568],[-172.171,65.527],[-172.26,65.545],[-172.206,65.581],[-172.322,65.622],[-172.272,65.648],[-172.29,65.666],[-172.86,65.7],[-172.825,65.672],[-172.661,65.673],[-172.674,65.624],[-172.39,65.582],[-172.398,65.527],[-172.32,65.465],[-172.416,65.476],[-172.389,65.432],[-172.264,65.418],[-172.093,65.484],[-172.162,65.421],[-172.203,65.325],[-172.189,65.242],[-172.377,65.275],[-172.577,65.248],[-172.668,65.275],[-172.702,65.248],[-172.551,65.206],[-172.202,65.217],[-172.171,65.152],[-172.256,65.137],[-172.227,65.1],[-172.08,65.076],[-172.323,64.948],[-172.558,64.925],[-172.763,64.838],[-173.0,64.855],[-173.057,64.838],[-173.081,64.782],[-173.164,64.765],[-172.922,64.821],[-172.806,64.803],[-172.75,64.762],[-172.755,64.733],[-173.043,64.66],[-172.845,64.649],[-172.967,64.561],[-172.816,64.612],[-172.465,64.558],[-172.411,64.489],[-172.22,64.407],[-172.59,64.37],[-172.712,64.4],[-172.714,64.444],[-172.815,64.504],[-172.883,64.495],[-173.013,64.462],[-172.788,64.438],[-172.822,64.32],[-172.875,64.301],[-172.951,64.339],[-172.924,64.264],[-173.106,64.241],[-173.368,64.285],[-173.363,64.366],[-173.264,64.446],[-173.312,64.452],[-173.284,64.521],[-173.415,64.617],[-173.353,64.507],[-173.385,64.395],[-173.505,64.344],[-173.635,64.332],[-173.989,64.412],[-174.042,64.528],[-174.325,64.625],[-174.347,64.644],[-174.285,64.651],[-174.306,64.666],[-174.467,64.67],[-174.652,64.725],[-174.638,64.784],[-174.592,64.817],[-174.653,64.898],[-174.683,64.901],[-174.723,64.807],[-174.898,64.798],[-174.919,64.856],[-174.952,64.861],[-174.988,64.766],[-175.411,64.771],[-175.457,64.797],[-175.353,64.826],[-175.368,64.847],[-175.482,64.844],[-175.495,64.876],[-175.775,64.939],[-175.865,64.999],[-175.767,65.038],[-175.81,65.087],[-175.735,65.147],[-175.882,65.258],[-175.863,65.299],[-175.909,65.403],[-176.044,65.452],[-176.977,65.608],[-177.246,65.539],[-177.416,65.441],[-178.284,65.444],[-178.461,65.473],[-178.532,65.523],[-178.411,65.682],[-178.424,65.713],[-178.514,65.763],[-178.628,65.73],[-178.636,65.775],[-178.903,65.92],[-178.869,65.938],[-178.978,66.049],[-178.799,65.994],[-178.684,66.013],[-178.682,66.102],[-178.559,66.103],[-178.496,66.14],[-178.528,66.171],[-178.493,66.211],[-178.54,66.268],[-178.462,66.368],[-178.477,66.383],[-178.604,66.361],[-178.622,66.296],[-178.785,66.167],[-178.982,66.159],[-179.118,66.243],[-179.082,66.306],[-179.164,66.414],[-179.198,66.399],[-179.171,66.289],[-179.424,66.344],[-179.218,66.182],[-179.252,66.145],[-179.575,66.111],[-179.691,66.142],[-179.582,66.159],[-179.693,66.184],[-179.768,66.103],[-179.829,65.947],[-179.767,65.82],[-179.457,65.675],[-179.277,65.63],[-179.321,65.575],[-179.261,65.532],[-179.499,65.396],[-179.524,65.235],[-179.663,65.141],[-180.0,65.066]],[[180.0,71.536],[180.0,70.992],[179.807,70.913],[179.667,70.875],[179.131,70.879],[178.793,70.805],[178.623,71.038],[178.668,71.099],[178.905,71.237],[179.183,71.304],[179.563,71.451],[179.767,71.47],[179.865,71.499],[179.849,71.518],[180.0,71.536]],[[-180.0,70.992],[-180.0,71.537],[-179.863,71.539],[-179.912,71.556],[-179.736,71.586],[-179.327,71.555],[-179.075,71.6],[-178.395,71.541],[-178.006,71.449],[-178.054,71.429],[-178.04,71.408],[-177.718,71.305],[-177.514,71.293],[-177.443,71.237],[-177.638,71.117],[-177.93,71.041],[-178.876,70.981],[-179.342,70.908],[-180.0,70.992]],[[131.92,43.02],[131.883,42.961],[131.757,42.99],[131.791,42.996],[131.778,43.045],[131.859,43.037],[131.827,43.065],[131.92,43.02]],[[142.529,54.297],[142.543,54.237],[142.587,54.247],[142.57,54.277],[142.635,54.266],[142.625,54.327],[142.687,54.369],[142.681,54.416],[142.723,54.426],[143.013,54.119],[142.9,53.902],[142.852,53.872],[142.934,53.858],[143.002,53.701],[142.927,53.83],[142.89,53.813],[142.907,53.767],[142.988,53.694],[142.968,53.666],[143.029,53.646],[142.996,53.626],[143.071,53.598],[142.988,53.563],[143.043,53.536],[143.091,53.56],[143.121,53.518],[143.125,53.468],[143.071,53.461],[143.111,53.42],[143.094,53.382],[143.183,53.399],[143.211,53.363],[143.361,52.871],[143.325,52.809],[143.331,52.604],[143.297,52.454],[143.194,52.337],[143.198,52.426],[143.272,52.463],[143.235,52.481],[143.293,52.592],[143.255,52.595],[143.119,52.338],[143.167,52.344],[143.178,52.314],[143.151,52.12],[143.116,52.153],[143.098,52.104],[143.139,52.09],[143.159,51.996],[143.125,51.967],[143.163,51.874],[143.213,51.855],[143.238,51.892],[143.318,51.706],[143.261,51.678],[143.224,51.522],[143.338,51.508],[143.325,51.593],[143.365,51.645],[143.448,51.508],[143.475,51.343],[143.427,51.371],[143.379,51.35],[143.475,51.289],[143.483,51.214],[143.521,51.247],[143.495,51.309],[143.522,51.285],[143.79,50.309],[144.003,50.013],[144.126,49.747],[144.137,49.64],[144.229,49.517],[144.222,49.438],[144.283,49.25],[144.385,49.073],[144.685,48.873],[144.703,48.689],[144.757,48.643],[144.677,48.656],[144.633,48.808],[144.504,48.949],[144.29,49.07],[144.246,49.132],[144.058,49.253],[143.702,49.306],[143.687,49.322],[143.728,49.335],[143.48,49.353],[143.403,49.4],[143.259,49.393],[143.25,49.373],[143.33,49.341],[143.331,49.314],[143.667,49.315],[143.371,49.299],[143.174,49.246],[143.009,49.123],[142.975,49.046],[142.988,48.917],[142.537,48.01],[142.545,47.767],[142.592,47.642],[142.748,47.445],[142.714,47.437],[142.879,47.389],[143.016,47.254],[143.032,47.071],[143.12,46.887],[143.098,46.876],[143.174,46.863],[143.084,46.813],[143.173,46.708],[143.341,46.684],[143.39,46.708],[143.349,46.749],[143.194,46.78],[143.173,46.814],[143.197,46.841],[143.321,46.796],[143.419,46.8],[143.455,46.848],[143.478,46.828],[143.577,46.447],[143.558,46.396],[143.626,46.375],[143.476,46.19],[143.475,46.087],[143.431,46.025],[143.421,46.223],[143.338,46.409],[143.331,46.488],[143.373,46.492],[143.393,46.533],[143.369,46.555],[143.276,46.56],[143.303,46.514],[143.16,46.598],[142.797,46.594],[142.725,46.741],[142.618,46.719],[142.457,46.631],[142.407,46.554],[142.282,46.327],[142.202,46.031],[142.12,45.992],[142.085,45.901],[141.933,46.036],[141.899,46.279],[141.814,46.538],[142.057,47.054],[142.057,47.17],[141.975,47.298],[141.966,47.612],[142.093,47.856],[142.191,47.967],[142.133,48.334],[141.92,48.609],[141.857,48.774],[141.967,48.862],[142.077,49.198],[142.063,49.315],[142.125,49.462],[142.16,49.678],[142.125,49.898],[142.174,50.086],[142.146,50.364],[142.041,50.551],[142.097,50.822],[142.25,51.031],[142.269,51.112],[142.173,51.258],[142.179,51.314],[142.077,51.419],[142.079,51.471],[141.943,51.559],[141.939,51.612],[141.867,51.612],[141.687,51.747],[141.808,51.721],[141.823,51.744],[141.81,51.806],[141.639,51.885],[141.676,51.912],[141.645,52.085],[141.7,52.166],[141.659,52.217],[141.673,52.276],[141.642,52.318],[141.661,52.382],[141.783,52.467],[141.844,52.591],[141.81,52.604],[141.928,53.021],[141.838,53.159],[141.81,53.338],[141.769,53.372],[141.957,53.456],[142.241,53.529],[142.237,53.42],[142.264,53.38],[142.455,53.38],[142.577,53.5],[142.687,53.529],[142.586,53.576],[142.514,53.546],[142.498,53.658],[142.641,53.682],[142.719,53.64],[142.804,53.707],[142.785,53.806],[142.739,53.846],[142.673,53.714],[142.604,53.698],[142.706,53.864],[142.708,53.948],[142.468,54.146],[142.41,54.232],[142.283,54.297],[142.443,54.269],[142.529,54.297]],[[28.635,60.601],[28.576,60.58],[28.561,60.629],[28.605,60.645],[28.635,60.601]],[[-172.243,64.816],[-172.043,64.751],[-172.633,64.684],[-172.577,64.76],[-172.461,64.828],[-172.243,64.816]],[[70.131,66.556],[70.041,66.55],[70.097,66.539],[70.044,66.501],[69.871,66.478],[69.545,66.591],[69.575,66.638],[69.425,66.768],[69.257,66.746],[69.131,66.797],[69.473,66.798],[69.517,66.739],[69.636,66.694],[69.545,66.752],[69.562,66.769],[70.05,66.709],[70.086,66.69],[70.08,66.639],[70.027,66.625],[70.131,66.556]],[[51.3,68.495],[51.46,68.474],[51.172,68.457],[50.792,68.379],[50.872,68.428],[51.172,68.501],[51.3,68.495]],[[55.369,68.948],[55.507,68.914],[55.225,68.914],[55.369,68.948]],[[54.643,69.009],[54.695,68.997],[54.686,68.969],[54.571,68.964],[54.643,69.009]],[[161.487,69.027],[161.515,68.935],[161.409,68.893],[161.477,68.975],[161.456,69.001],[161.135,69.092],[161.127,69.235],[161.169,69.325],[161.066,69.417],[161.092,69.465],[161.375,69.546],[161.389,69.462],[161.292,69.414],[161.351,69.38],[161.374,69.296],[161.319,69.243],[161.389,69.188],[161.392,69.102],[161.487,69.027]],[[161.631,69.561],[161.616,69.45],[161.361,69.414],[161.426,69.465],[161.395,69.592],[161.454,69.602],[161.475,69.638],[161.59,69.618],[161.631,69.561]],[[71.353,73.385],[71.343,73.331],[71.214,73.285],[71.137,73.293],[71.144,73.347],[71.25,73.418],[71.353,73.385]],[[51.41,71.806],[51.401,71.871],[51.44,71.942],[51.61,72.092],[51.866,72.159],[52.053,72.108],[52.067,72.074],[52.188,72.129],[52.211,72.128],[52.2,72.083],[52.368,72.075],[52.409,72.086],[52.368,72.162],[52.49,72.164],[52.402,72.223],[52.485,72.21],[52.465,72.231],[52.491,72.244],[52.417,72.289],[52.588,72.264],[52.567,72.278],[52.684,72.323],[52.581,72.374],[52.868,72.347],[52.69,72.367],[52.704,72.386],[52.663,72.429],[52.684,72.447],[52.82,72.45],[52.689,72.489],[52.869,72.519],[52.93,72.559],[52.91,72.573],[53.102,72.601],[52.724,72.559],[52.812,72.614],[52.738,72.621],[52.755,72.638],[52.98,72.676],[53.218,72.648],[53.006,72.683],[52.575,72.671],[52.375,72.73],[52.617,72.863],[53.027,72.925],[53.382,72.889],[53.293,72.908],[53.396,72.93],[53.142,72.962],[53.153,73.014],[53.382,73.012],[53.122,73.101],[53.161,73.112],[53.17,73.162],[53.323,73.221],[53.533,73.23],[53.753,73.299],[54.191,73.272],[54.532,73.376],[54.935,73.425],[55.304,73.339],[55.758,73.328],[55.818,73.29],[56.435,73.23],[56.582,73.13],[55.808,73.066],[56.387,73.069],[56.466,73.052],[56.377,73.007],[55.616,72.964],[55.973,72.941],[56.252,72.972],[56.22,72.827],[56.063,72.778],[55.481,72.806],[55.432,72.786],[55.811,72.758],[55.946,72.669],[55.616,72.697],[55.723,72.638],[55.623,72.621],[55.685,72.573],[55.618,72.542],[55.267,72.587],[55.543,72.527],[55.536,72.472],[55.116,72.45],[55.466,72.436],[55.476,72.371],[55.377,72.303],[55.512,72.259],[55.575,72.2],[55.343,72.066],[55.453,72.059],[55.35,71.976],[55.39,71.943],[55.247,71.956],[55.225,71.929],[55.506,71.898],[55.529,71.785],[55.672,71.611],[56.014,71.387],[56.106,71.259],[57.039,70.87],[57.312,70.81],[57.467,70.818],[57.639,70.73],[57.433,70.744],[57.539,70.705],[57.398,70.626],[57.452,70.606],[56.74,70.703],[56.854,70.648],[57.152,70.638],[57.343,70.572],[57.296,70.565],[56.597,70.675],[56.699,70.634],[56.585,70.642],[56.494,70.695],[56.581,70.738],[56.552,70.754],[56.412,70.714],[56.224,70.742],[56.322,70.703],[56.199,70.709],[56.302,70.681],[56.22,70.668],[56.238,70.653],[56.362,70.647],[56.384,70.661],[56.329,70.681],[56.434,70.676],[56.528,70.641],[56.453,70.626],[56.655,70.59],[56.514,70.545],[56.401,70.564],[56.501,70.559],[56.466,70.579],[56.54,70.571],[56.563,70.579],[56.535,70.597],[56.354,70.598],[56.09,70.669],[56.041,70.648],[56.159,70.629],[56.178,70.61],[56.132,70.596],[55.808,70.695],[55.851,70.651],[56.048,70.585],[55.719,70.611],[55.603,70.648],[55.699,70.621],[55.726,70.626],[55.699,70.647],[55.792,70.634],[55.738,70.708],[55.599,70.721],[55.694,70.699],[55.747,70.648],[55.405,70.75],[55.35,70.703],[55.421,70.696],[55.473,70.654],[55.405,70.689],[55.25,70.679],[55.236,70.651],[55.296,70.606],[55.163,70.553],[54.986,70.634],[54.761,70.681],[54.707,70.722],[54.712,70.758],[54.513,70.825],[54.568,70.777],[54.492,70.784],[54.479,70.736],[54.767,70.648],[54.571,70.675],[54.287,70.777],[54.294,70.744],[54.225,70.73],[54.045,70.748],[53.855,70.822],[53.89,70.784],[53.719,70.799],[53.545,70.854],[53.54,70.805],[53.3,70.866],[53.577,70.889],[53.705,70.846],[53.674,70.89],[53.738,70.948],[53.725,70.969],[53.492,71.072],[53.502,71.094],[53.695,71.099],[53.904,71.055],[53.937,71.059],[53.807,71.134],[54.009,71.14],[54.068,71.12],[53.939,71.13],[53.936,71.101],[54.244,71.123],[53.992,71.161],[54.095,71.189],[54.057,71.209],[54.164,71.21],[54.064,71.237],[53.943,71.176],[53.801,71.21],[53.832,71.17],[53.796,71.155],[53.705,71.175],[53.708,71.195],[53.577,71.199],[53.451,71.264],[53.595,71.302],[53.682,71.398],[53.889,71.422],[53.951,71.462],[53.576,71.391],[53.54,71.36],[53.544,71.317],[53.413,71.312],[53.252,71.456],[53.444,71.545],[53.348,71.568],[53.206,71.51],[53.113,71.422],[53.03,71.5],[53.007,71.483],[53.039,71.443],[52.882,71.394],[52.821,71.47],[52.798,71.465],[52.82,71.429],[52.74,71.442],[52.718,71.49],[52.61,71.469],[52.644,71.546],[52.574,71.576],[52.547,71.635],[52.499,71.566],[52.368,71.535],[52.416,71.477],[52.28,71.514],[52.269,71.588],[52.142,71.545],[52.279,71.477],[51.84,71.456],[51.532,71.566],[51.55,71.614],[51.424,71.737],[51.41,71.806]],[[127.405,73.519],[127.691,73.543],[128.063,73.491],[127.405,73.519]],[[86.892,73.697],[86.792,73.645],[86.784,73.608],[86.399,73.594],[86.51,73.642],[86.892,73.697]],[[97.158,76.088],[97.335,76.103],[97.047,76.006],[96.699,75.996],[96.748,76.031],[97.158,76.088]],[[95.177,76.171],[95.006,76.178],[95.102,76.225],[95.177,76.171]],[[94.999,76.273],[94.855,76.239],[94.904,76.212],[94.849,76.186],[94.41,76.212],[94.492,76.239],[94.779,76.211],[94.8,76.219],[94.745,76.26],[94.914,76.293],[94.999,76.273]],[[96.575,76.341],[96.767,76.335],[96.685,76.294],[96.383,76.335],[96.575,76.341]],[[96.897,76.256],[97.01,76.23],[96.761,76.176],[96.716,76.209],[96.726,76.26],[96.877,76.322],[96.828,76.341],[96.854,76.356],[97.031,76.342],[97.075,76.308],[96.86,76.272],[96.787,76.212],[96.897,76.256]],[[94.163,76.596],[94.362,76.575],[93.868,76.589],[93.944,76.616],[94.163,76.596]],[[95.266,76.671],[95.327,76.664],[95.228,76.64],[94.818,76.654],[95.066,76.681],[95.122,76.719],[95.266,76.671]],[[56.987,74.69],[56.893,74.713],[56.603,74.697],[56.531,74.746],[56.417,74.753],[56.501,74.794],[56.466,74.799],[55.833,74.8],[55.816,74.817],[55.885,74.846],[56.678,74.949],[56.637,74.972],[56.357,74.941],[56.384,74.965],[56.295,74.965],[56.466,75.013],[56.421,75.037],[55.87,74.997],[55.946,75.074],[55.726,75.081],[55.808,75.157],[56.038,75.218],[56.114,75.188],[56.234,75.198],[56.137,75.157],[56.174,75.15],[56.356,75.191],[56.453,75.119],[56.471,75.088],[56.446,75.067],[56.896,75.23],[56.892,75.28],[56.733,75.297],[56.836,75.355],[57.046,75.398],[57.741,75.328],[57.64,75.439],[57.542,75.451],[57.501,75.499],[58.165,75.578],[58.196,75.603],[58.147,75.629],[57.926,75.629],[57.98,75.672],[58.605,75.733],[58.536,75.76],[58.723,75.792],[58.75,75.833],[59.334,75.892],[59.399,75.937],[59.749,75.931],[60.048,75.993],[60.322,75.998],[60.348,76.006],[60.326,76.024],[60.043,76.054],[60.268,76.11],[60.838,76.123],[60.468,76.013],[60.735,76.005],[60.818,76.06],[61.085,76.085],[61.146,76.116],[61.119,76.151],[60.9,76.157],[61.077,76.28],[61.56,76.284],[61.675,76.315],[62.094,76.253],[62.382,76.271],[62.406,76.251],[62.373,76.222],[62.389,76.197],[62.504,76.178],[62.554,76.219],[62.651,76.21],[62.648,76.232],[62.779,76.271],[62.957,76.207],[63.719,76.35],[63.956,76.363],[64.091,76.313],[64.436,76.363],[64.475,76.399],[64.676,76.383],[64.67,76.419],[64.806,76.451],[64.786,76.472],[64.826,76.484],[65.031,76.501],[65.169,76.475],[65.485,76.575],[65.999,76.533],[66.033,76.548],[65.942,76.579],[65.888,76.637],[65.753,76.683],[65.889,76.739],[66.108,76.753],[66.352,76.806],[66.41,76.849],[66.944,76.949],[67.211,76.952],[67.588,77.013],[68.463,76.967],[68.513,76.952],[68.488,76.926],[68.809,76.869],[68.759,76.827],[68.931,76.787],[68.894,76.748],[68.931,76.719],[69.034,76.712],[68.894,76.679],[68.788,76.589],[68.938,76.568],[68.55,76.429],[68.417,76.417],[68.437,76.397],[68.344,76.35],[68.181,76.323],[68.327,76.294],[68.288,76.281],[67.912,76.258],[67.146,76.105],[65.217,75.854],[65.078,75.807],[64.104,75.719],[63.762,75.642],[63.71,75.636],[63.726,75.667],[63.648,75.72],[63.552,75.711],[63.62,75.691],[63.521,75.633],[63.304,75.589],[63.03,75.588],[62.273,75.44],[62.029,75.449],[61.846,75.362],[61.694,75.376],[61.713,75.361],[61.66,75.328],[61.688,75.314],[61.633,75.3],[61.654,75.28],[61.482,75.223],[61.38,75.26],[61.38,75.334],[61.277,75.328],[61.296,75.301],[61.272,75.263],[61.107,75.198],[60.813,75.146],[60.75,75.108],[60.804,75.086],[60.725,75.028],[60.591,75.034],[60.57,75.062],[60.612,75.101],[60.571,75.118],[60.494,75.11],[60.434,75.047],[60.468,75.032],[60.416,75.011],[59.927,75.006],[60.011,74.98],[60.621,74.968],[60.688,74.924],[60.561,74.866],[60.194,74.855],[60.372,74.794],[60.276,74.75],[59.934,74.725],[59.723,74.742],[59.509,74.8],[59.642,74.727],[59.77,74.726],[59.858,74.691],[59.875,74.628],[59.755,74.587],[59.602,74.597],[59.091,74.738],[59.29,74.643],[59.162,74.667],[59.084,74.649],[59.221,74.615],[59.091,74.495],[59.146,74.444],[58.865,74.457],[58.187,74.581],[58.173,74.561],[58.426,74.512],[58.639,74.424],[58.57,74.389],[58.657,74.34],[58.652,74.314],[58.728,74.3],[58.707,74.286],[58.741,74.273],[58.68,74.252],[58.728,74.239],[58.536,74.239],[58.659,74.217],[58.508,74.217],[58.591,74.184],[58.529,74.172],[58.342,74.19],[58.292,74.222],[58.248,74.19],[58.301,74.161],[58.522,74.149],[58.343,74.129],[58.308,74.088],[58.27,74.126],[58.162,74.15],[58.139,74.139],[58.173,74.101],[58.097,74.06],[58.198,74.046],[58.213,74.008],[58.123,73.987],[57.739,74.051],[57.532,74.192],[57.412,74.184],[57.536,74.094],[57.261,74.08],[57.548,74.061],[57.912,73.916],[57.809,73.895],[57.905,73.875],[57.946,73.807],[57.749,73.726],[57.628,73.745],[57.395,73.846],[56.556,73.889],[57.35,73.828],[57.618,73.669],[57.586,73.614],[57.33,73.574],[57.35,73.553],[57.02,73.584],[56.735,73.68],[56.746,73.648],[56.85,73.615],[56.747,73.607],[56.92,73.596],[57.238,73.51],[57.254,73.457],[56.908,73.315],[56.749,73.362],[56.746,73.334],[56.795,73.321],[56.723,73.282],[56.761,73.252],[56.73,73.245],[56.121,73.29],[56.046,73.33],[56.016,73.412],[55.917,73.448],[55.87,73.436],[55.987,73.385],[55.98,73.33],[55.924,73.312],[55.772,73.348],[55.435,73.332],[55.021,73.444],[54.9,73.448],[54.568,73.409],[54.25,73.328],[54.033,73.375],[54.294,73.418],[54.417,73.478],[54.281,73.471],[54.185,73.491],[54.204,73.505],[54.785,73.659],[55.35,73.717],[54.965,73.717],[54.856,73.684],[54.828,73.691],[54.87,73.732],[54.53,73.704],[54.26,73.615],[54.281,73.601],[53.947,73.632],[53.958,73.649],[53.667,73.735],[53.633,73.77],[53.654,73.812],[53.869,73.779],[54.316,73.931],[54.802,73.97],[54.589,74.019],[55.019,74.173],[55.182,74.187],[55.394,74.141],[55.864,74.106],[55.857,74.129],[55.632,74.163],[55.623,74.19],[55.076,74.266],[55.228,74.307],[55.286,74.274],[55.658,74.305],[55.683,74.273],[55.735,74.28],[55.732,74.305],[55.637,74.334],[55.261,74.361],[55.233,74.376],[55.388,74.445],[56.28,74.485],[56.014,74.492],[56.082,74.52],[55.867,74.553],[55.657,74.52],[55.706,74.55],[55.657,74.574],[55.5,74.567],[55.561,74.614],[55.53,74.655],[55.756,74.692],[55.896,74.661],[56.387,74.721],[56.556,74.684],[56.987,74.69]],[[93.868,78.147],[93.593,78.172],[93.793,78.203],[93.915,78.169],[93.868,78.147]],[[92.457,79.11],[92.724,79.077],[92.517,79.08],[92.176,79.131],[92.457,79.11]],[[92.991,79.42],[92.792,79.383],[92.587,79.415],[92.791,79.44],[92.991,79.42]],[[92.305,79.453],[92.471,79.433],[92.265,79.413],[92.305,79.392],[92.244,79.382],[91.785,79.42],[92.071,79.414],[92.305,79.453]],[[91.372,79.486],[91.531,79.449],[91.385,79.461],[91.195,79.515],[90.794,79.564],[91.144,79.537],[91.372,79.486]],[[100.2,79.679],[100.31,79.666],[99.906,79.604],[99.936,79.674],[99.983,79.698],[100.2,79.679]],[[94.328,80.029],[94.169,80.009],[94.154,79.983],[93.93,79.974],[93.984,80.015],[94.328,80.029]],[[146.175,43.538],[146.227,43.521],[146.152,43.463],[146.079,43.518],[146.175,43.538]],[[146.882,43.859],[146.942,43.847],[146.915,43.803],[146.682,43.711],[146.602,43.736],[146.605,43.809],[146.846,43.878],[146.882,43.859]],[[146.469,44.429],[146.572,44.45],[146.529,44.373],[146.448,44.379],[146.304,44.282],[146.117,44.254],[145.923,44.114],[145.884,44.027],[145.813,44.007],[145.778,43.933],[145.589,43.848],[145.556,43.653],[145.552,43.716],[145.443,43.725],[145.411,43.836],[145.729,44.044],[145.791,44.151],[145.969,44.285],[146.119,44.506],[146.183,44.511],[146.334,44.429],[146.469,44.429]],[[148.799,45.416],[148.844,45.371],[148.817,45.333],[148.584,45.315],[148.438,45.249],[148.278,45.223],[147.913,44.963],[147.768,44.943],[147.701,45.008],[147.654,44.995],[147.621,44.951],[147.645,44.908],[147.289,44.661],[147.226,44.581],[147.055,44.537],[146.958,44.421],[146.862,44.445],[146.873,44.49],[146.95,44.549],[146.937,44.625],[147.001,44.566],[147.038,44.599],[146.999,44.663],[147.091,44.637],[147.197,44.714],[147.204,44.755],[147.122,44.776],[147.109,44.827],[147.217,44.799],[147.264,44.868],[147.467,44.967],[147.511,45.087],[147.62,45.065],[147.757,45.186],[147.895,45.224],[147.861,45.354],[147.94,45.426],[148.005,45.281],[148.07,45.251],[148.312,45.275],[148.56,45.463],[148.727,45.525],[148.851,45.482],[148.799,45.416]],[[150.334,46.211],[150.569,46.232],[150.363,46.082],[150.245,46.037],[150.19,45.984],[150.198,45.93],[150.023,45.824],[149.923,45.811],[149.638,45.611],[149.577,45.637],[149.55,45.59],[149.437,45.587],[149.667,45.853],[149.811,45.88],[150.02,46.073],[150.181,46.105],[150.211,46.135],[150.182,46.16],[150.334,46.211]],[[152.206,47.129],[152.278,47.162],[152.295,47.142],[151.851,46.79],[151.801,46.766],[151.712,46.807],[151.705,46.848],[151.873,46.872],[152.159,47.134],[152.225,47.177],[152.206,47.129]],[[152.503,47.383],[152.537,47.349],[152.524,47.299],[152.413,47.341],[152.426,47.383],[152.503,47.383]],[[153.021,47.8],[153.062,47.794],[153.069,47.743],[152.978,47.684],[152.97,47.752],[153.021,47.8]],[[153.288,48.077],[153.294,48.042],[153.233,48.04],[153.159,48.092],[153.165,48.121],[153.215,48.126],[153.288,48.077]],[[154.213,48.918],[154.221,48.873],[154.063,48.774],[154.056,48.738],[153.973,48.739],[154.1,48.839],[154.119,48.9],[154.213,48.918]],[[153.987,48.965],[154.014,48.945],[153.961,48.927],[153.902,48.956],[153.915,48.982],[153.987,48.965]],[[154.563,49.157],[154.601,49.111],[154.512,49.08],[154.439,49.157],[154.563,49.157]],[[154.448,49.817],[154.491,49.783],[154.448,49.73],[154.412,49.733],[154.374,49.778],[154.448,49.817]],[[156.125,50.638],[156.159,50.597],[156.153,50.519],[156.049,50.479],[156.038,50.41],[155.885,50.254],[155.773,50.187],[155.501,50.137],[155.396,49.996],[155.364,50.0],[155.377,50.047],[155.217,50.067],[155.255,50.155],[155.25,50.216],[155.187,50.262],[155.202,50.294],[155.32,50.289],[155.442,50.371],[155.69,50.404],[155.776,50.479],[155.889,50.691],[156.041,50.773],[156.117,50.749],[156.125,50.638]],[[156.46,50.874],[156.511,50.766],[156.406,50.63],[156.272,50.633],[156.18,50.688],[156.168,50.737],[156.199,50.781],[156.46,50.874]],[[155.563,50.808],[155.468,50.852],[155.447,50.885],[155.474,50.922],[155.631,50.912],[155.673,50.87],[155.67,50.812],[155.563,50.808]],[[137.822,54.458],[137.832,54.491],[137.918,54.509],[137.922,54.464],[137.848,54.438],[137.82,54.385],[137.715,54.367],[137.822,54.458]],[[137.623,54.571],[137.65,54.482],[137.609,54.441],[137.641,54.4],[137.568,54.397],[137.547,54.516],[137.623,54.571]],[[168.059,54.547],[168.111,54.516],[168.084,54.504],[167.937,54.594],[167.735,54.663],[167.449,54.82],[167.439,54.866],[167.734,54.763],[167.784,54.702],[168.059,54.547]],[[137.171,55.12],[137.181,55.093],[137.065,55.0],[137.075,54.933],[136.943,54.923],[136.896,54.96],[136.749,54.931],[136.738,54.885],[136.67,54.907],[136.701,54.965],[136.809,55.018],[137.046,55.106],[137.088,55.085],[137.122,55.121],[137.171,55.12]],[[138.047,55.058],[138.212,55.036],[138.011,54.933],[137.986,54.797],[137.879,54.76],[137.719,54.624],[137.646,54.661],[137.485,54.879],[137.226,54.778],[137.275,54.898],[137.39,55.006],[137.461,55.027],[137.492,55.12],[137.568,55.195],[137.786,55.138],[137.952,55.147],[137.986,55.099],[137.883,55.003],[138.047,55.058]],[[166.664,54.756],[166.664,54.68],[166.502,54.78],[166.5,54.825],[166.356,54.84],[166.083,55.061],[166.081,55.12],[165.97,55.206],[165.993,55.222],[165.746,55.297],[165.858,55.309],[165.94,55.365],[166.18,55.319],[166.254,55.332],[166.288,55.304],[166.226,55.25],[166.25,55.152],[166.448,54.961],[166.573,54.912],[166.65,54.845],[166.664,54.756]],[[150.725,59.128],[150.783,59.091],[150.611,59.006],[150.472,59.004],[150.663,59.095],[150.699,59.14],[150.725,59.128]],[[164.707,58.977],[164.632,58.865],[164.408,58.865],[164.256,58.799],[164.17,58.824],[163.955,58.708],[163.846,58.691],[163.585,58.558],[163.49,58.445],[163.413,58.535],[163.611,58.607],[163.78,58.81],[163.782,58.894],[163.913,58.994],[163.79,59.018],[163.696,58.992],[163.749,59.019],[163.967,59.029],[164.283,59.114],[164.558,59.24],[164.581,59.183],[164.616,59.183],[164.637,59.099],[164.734,59.023],[164.707,58.977]],[[29.791,59.995],[29.787,59.975],[29.657,60.025],[29.791,59.995]],[[27.885,60.011],[27.803,59.999],[27.82,60.031],[27.885,60.011]],[[27.022,60.042],[26.985,60.018],[26.95,60.1],[27.022,60.042]],[[28.712,60.295],[28.695,60.261],[28.624,60.27],[28.551,60.303],[28.541,60.347],[28.712,60.295]],[[28.517,60.338],[28.504,60.311],[28.426,60.361],[28.517,60.338]],[[35.943,64.405],[36.045,64.36],[35.953,64.34],[35.857,64.387],[35.943,64.405]],[[35.867,65.031],[35.837,64.99],[35.745,64.962],[35.723,65.026],[35.563,65.052],[35.506,65.121],[35.663,65.168],[35.786,65.165],[35.867,65.076],[35.797,65.114],[35.781,65.073],[35.867,65.031]],[[-169.083,65.816],[-168.995,65.816],[-169.077,65.755],[-169.083,65.816]],[[42.646,66.742],[42.681,66.682],[42.644,66.666],[42.483,66.707],[42.426,66.752],[42.504,66.778],[42.646,66.742]],[[32.386,67.132],[32.394,67.1],[32.338,67.125],[32.386,67.132]],[[59.242,69.178],[59.245,69.146],[59.173,69.169],[59.06,69.243],[58.762,69.339],[59.151,69.255],[59.242,69.178]],[[34.03,69.394],[34.216,69.408],[34.407,69.353],[34.027,69.354],[33.976,69.37],[34.03,69.394]],[[50.323,69.151],[50.312,69.11],[50.169,69.012],[50.113,68.996],[50.123,69.039],[50.223,69.154],[50.133,69.142],[49.872,69.026],[49.854,69.009],[49.909,68.996],[49.72,68.89],[49.249,68.78],[48.592,68.731],[48.291,68.866],[48.332,68.886],[48.219,68.896],[48.266,68.983],[48.212,69.002],[48.256,69.044],[48.217,69.064],[48.27,69.133],[48.263,69.197],[48.304,69.277],[48.566,69.42],[48.906,69.508],[49.272,69.508],[50.164,69.261],[50.323,69.151]],[[169.446,69.849],[169.412,69.763],[169.278,69.76],[169.31,69.664],[169.235,69.592],[168.875,69.568],[168.173,69.695],[168.06,69.764],[167.754,69.832],[167.991,69.957],[168.265,70.024],[169.228,69.907],[169.446,69.849]],[[60.54,69.819],[60.448,69.766],[60.476,69.722],[60.374,69.731],[60.254,69.689],[60.033,69.722],[59.92,69.688],[59.934,69.668],[59.854,69.699],[59.563,69.715],[59.58,69.731],[59.535,69.76],[59.547,69.779],[59.624,69.804],[59.431,69.889],[58.94,69.942],[59.132,69.873],[59.016,69.86],[58.696,70.003],[58.57,70.079],[58.605,70.113],[58.549,70.134],[58.611,70.14],[58.577,70.154],[58.591,70.181],[58.453,70.195],[58.501,70.23],[58.412,70.26],[58.824,70.216],[58.777,70.258],[58.495,70.332],[58.639,70.332],[58.755,70.387],[58.741,70.428],[59.024,70.48],[59.533,70.265],[59.554,70.2],[59.766,70.171],[59.783,70.131],[59.927,70.099],[60.036,70.099],[60.328,69.957],[60.414,69.963],[60.476,69.92],[60.462,69.866],[60.54,69.819]],[[57.117,70.559],[57.222,70.526],[57.035,70.545],[57.138,70.497],[57.064,70.502],[56.929,70.532],[56.898,70.559],[56.932,70.565],[56.843,70.606],[57.117,70.559]],[[162.382,70.681],[162.484,70.654],[162.238,70.654],[162.382,70.681]],[[161.662,70.791],[161.695,70.75],[161.665,70.752],[161.463,70.805],[161.484,70.84],[161.531,70.842],[161.662,70.791]],[[160.723,70.838],[160.764,70.804],[160.504,70.805],[160.553,70.885],[160.451,70.872],[160.408,70.914],[160.518,70.935],[160.674,70.914],[160.723,70.838]],[[53.232,71.216],[53.151,71.096],[53.047,71.072],[53.041,71.034],[53.139,70.994],[53.01,70.968],[53.015,71.004],[52.956,71.057],[52.8,71.093],[52.756,71.177],[52.558,71.249],[52.352,71.246],[52.212,71.308],[52.258,71.349],[52.53,71.388],[52.721,71.349],[52.687,71.398],[52.741,71.406],[52.91,71.367],[53.012,71.298],[53.005,71.279],[52.77,71.378],[52.875,71.333],[52.779,71.319],[53.061,71.238],[53.157,71.244],[53.082,71.257],[53.161,71.269],[53.211,71.257],[53.196,71.226],[53.232,71.216]],[[137.914,71.558],[137.966,71.511],[137.942,71.494],[137.693,71.419],[137.318,71.499],[137.267,71.49],[137.411,71.456],[137.344,71.428],[136.992,71.518],[137.218,71.576],[137.706,71.596],[137.914,71.558]],[[78.279,72.552],[78.395,72.491],[77.771,72.305],[77.127,72.278],[76.918,72.293],[76.853,72.333],[77.249,72.469],[77.313,72.545],[77.61,72.635],[78.279,72.552]],[[128.831,72.655],[128.974,72.594],[128.653,72.527],[128.339,72.561],[128.104,72.635],[128.653,72.676],[128.831,72.655]],[[128.317,72.812],[128.419,72.869],[128.994,72.932],[129.22,72.926],[129.399,72.866],[129.417,72.813],[129.207,72.762],[128.317,72.812]],[[79.563,72.768],[79.572,72.741],[79.537,72.726],[79.395,72.704],[78.91,72.741],[78.672,72.804],[78.639,72.849],[78.609,72.806],[78.585,72.842],[78.64,72.892],[79.173,73.101],[79.368,73.035],[79.402,72.988],[79.541,72.926],[79.56,72.908],[79.491,72.908],[79.563,72.768]],[[74.725,73.107],[74.962,73.06],[74.703,73.079],[74.639,72.96],[74.708,72.902],[74.656,72.859],[74.585,72.875],[74.598,72.895],[74.201,72.966],[74.093,73.028],[74.212,73.115],[74.475,73.134],[74.725,73.107]],[[120.279,73.101],[120.21,73.052],[120.23,73.039],[119.721,73.034],[119.703,73.046],[119.765,73.073],[119.634,73.128],[120.022,73.168],[120.279,73.101]],[[76.695,73.186],[76.729,73.144],[76.633,73.131],[76.318,73.148],[76.133,73.208],[76.695,73.186]],[[71.669,73.227],[71.75,73.042],[71.73,73.034],[71.375,73.179],[71.279,73.143],[70.662,73.103],[70.462,73.051],[70.257,73.038],[70.11,73.101],[69.999,73.061],[70.101,73.018],[69.875,73.038],[69.912,73.115],[70.065,73.237],[69.959,73.399],[70.47,73.499],[70.563,73.481],[70.949,73.517],[71.229,73.465],[71.268,73.444],[71.239,73.437],[71.112,73.447],[71.136,73.393],[71.087,73.358],[71.096,73.313],[70.98,73.265],[71.289,73.252],[71.296,73.296],[71.436,73.353],[71.669,73.227]],[[76.757,73.45],[76.072,73.525],[76.162,73.563],[76.251,73.554],[76.757,73.45]],[[75.923,73.524],[75.866,73.502],[75.901,73.471],[75.496,73.45],[75.544,73.498],[75.38,73.45],[75.36,73.397],[75.304,73.409],[75.421,73.498],[75.619,73.553],[76.034,73.579],[76.079,73.56],[75.923,73.524]],[[143.475,73.321],[143.565,73.231],[143.526,73.208],[143.175,73.177],[141.512,73.299],[140.789,73.41],[140.503,73.405],[139.965,73.327],[139.817,73.339],[139.767,73.418],[139.907,73.471],[140.235,73.452],[140.493,73.485],[140.66,73.58],[140.899,73.801],[141.127,73.882],[141.368,73.864],[141.595,73.906],[142.045,73.917],[142.583,73.825],[143.407,73.543],[143.537,73.444],[143.441,73.409],[143.475,73.321]],[[124.586,73.916],[124.661,73.892],[124.514,73.841],[124.288,73.881],[124.381,73.939],[124.576,73.95],[124.459,73.923],[124.586,73.916]],[[84.355,74.019],[84.328,74.013],[84.418,73.97],[84.334,73.955],[83.912,73.994],[83.885,74.019],[84.407,74.048],[84.411,74.027],[84.355,74.019]],[[83.513,74.121],[83.613,74.081],[83.396,74.075],[83.466,74.047],[83.433,74.037],[82.814,74.094],[83.18,74.155],[83.513,74.121]],[[82.568,74.163],[82.74,74.101],[82.62,74.055],[82.353,74.081],[82.318,74.117],[82.399,74.153],[82.568,74.163]],[[136.259,73.957],[136.248,73.912],[136.135,73.879],[135.733,74.041],[135.66,74.11],[135.439,74.161],[135.354,74.259],[135.59,74.235],[136.011,74.103],[136.263,73.989],[136.259,73.957]],[[141.098,74.149],[141.038,74.004],[140.545,73.916],[140.327,73.939],[140.165,74.071],[140.222,74.22],[140.35,74.254],[140.891,74.277],[141.058,74.234],[141.113,74.166],[141.098,74.149]],[[116.098,74.355],[116.118,74.307],[116.053,74.285],[115.886,74.324],[115.981,74.378],[116.098,74.355]],[[84.871,74.506],[84.933,74.493],[84.898,74.471],[84.542,74.457],[84.768,74.41],[84.733,74.396],[84.439,74.426],[84.387,74.458],[84.592,74.499],[84.871,74.506]],[[113.406,74.444],[113.429,74.394],[113.241,74.3],[113.282,74.28],[113.22,74.245],[112.967,74.194],[112.775,74.088],[112.163,74.139],[111.939,74.217],[111.581,74.26],[111.459,74.314],[111.511,74.36],[111.648,74.38],[111.852,74.351],[111.951,74.371],[111.987,74.396],[111.973,74.421],[112.004,74.448],[111.973,74.478],[112.007,74.538],[112.11,74.551],[113.314,74.48],[113.406,74.444]],[[85.539,74.574],[85.645,74.546],[85.631,74.511],[85.495,74.499],[85.501,74.465],[85.248,74.476],[85.148,74.537],[85.237,74.575],[85.539,74.574]],[[86.078,74.555],[86.202,74.534],[86.207,74.512],[86.147,74.493],[85.968,74.512],[86.009,74.492],[85.992,74.477],[85.858,74.444],[85.658,74.471],[85.803,74.574],[86.078,74.555]],[[79.614,74.602],[79.49,74.517],[79.149,74.608],[79.317,74.591],[79.183,74.629],[79.244,74.659],[79.614,74.602]],[[85.227,74.745],[85.113,74.766],[85.496,74.814],[85.658,74.794],[85.662,74.754],[85.706,74.731],[85.506,74.716],[85.366,74.753],[85.227,74.745]],[[87.029,74.992],[87.139,74.937],[87.054,74.891],[86.727,74.916],[86.687,74.896],[86.947,74.841],[86.92,74.82],[86.32,74.851],[86.213,74.903],[86.566,74.897],[86.598,74.917],[86.501,74.931],[86.529,74.951],[86.495,74.978],[86.524,74.987],[86.639,74.972],[86.619,74.951],[87.029,74.992]],[[82.137,75.142],[82.15,75.095],[82.027,75.129],[82.083,75.158],[82.137,75.142]],[[82.24,75.376],[82.294,75.334],[82.041,75.338],[82.045,75.256],[81.993,75.232],[82.013,75.177],[81.907,75.208],[81.871,75.316],[81.818,75.324],[81.814,75.293],[81.712,75.314],[81.725,75.287],[81.688,75.277],[81.554,75.321],[81.582,75.348],[81.492,75.362],[81.752,75.463],[81.793,75.465],[81.741,75.424],[81.773,75.397],[81.739,75.383],[81.94,75.394],[81.965,75.403],[81.945,75.42],[81.869,75.444],[81.951,75.465],[81.897,75.492],[82.171,75.52],[82.13,75.457],[82.165,75.438],[82.013,75.444],[82.204,75.415],[82.24,75.376]],[[150.828,75.163],[150.958,75.142],[150.859,75.126],[150.654,75.008],[150.681,74.934],[150.609,74.894],[149.796,74.805],[149.718,74.766],[149.209,74.758],[148.172,74.804],[147.664,74.953],[147.088,75.005],[146.648,75.128],[146.218,75.176],[146.072,75.24],[146.173,75.291],[146.169,75.396],[146.264,75.391],[146.285,75.403],[146.264,75.437],[146.407,75.471],[146.341,75.523],[146.436,75.597],[146.771,75.507],[146.682,75.485],[146.634,75.438],[146.797,75.366],[147.325,75.35],[147.347,75.355],[147.312,75.375],[147.168,75.362],[147.272,75.406],[147.436,75.389],[147.333,75.43],[147.374,75.44],[148.408,75.421],[148.58,75.383],[148.445,75.287],[148.61,75.216],[148.9,75.223],[149.127,75.269],[150.129,75.226],[150.215,75.187],[150.163,75.157],[150.561,75.129],[150.471,75.101],[150.5,75.094],[150.633,75.117],[150.674,75.16],[150.828,75.163]],[[135.991,75.527],[135.967,75.479],[136.033,75.444],[135.983,75.417],[135.844,75.383],[135.45,75.376],[135.462,75.462],[135.594,75.568],[135.539,75.678],[135.588,75.705],[135.605,75.77],[135.671,75.802],[135.693,75.869],[135.816,75.781],[135.865,75.705],[136.184,75.616],[135.991,75.527]],[[82.11,75.889],[82.228,75.887],[82.259,75.876],[82.223,75.86],[81.761,75.894],[81.554,75.931],[82.11,75.889]],[[83.279,75.956],[83.297,75.943],[83.213,75.917],[82.862,75.917],[82.824,75.955],[82.389,75.944],[82.259,75.972],[82.657,75.999],[83.279,75.956]],[[145.366,75.54],[145.381,75.512],[145.072,75.501],[144.729,75.432],[144.678,75.328],[144.941,75.273],[144.721,75.246],[144.688,75.16],[144.376,75.053],[143.999,75.025],[143.751,75.082],[143.361,75.071],[142.884,75.147],[142.838,75.226],[142.708,75.239],[142.642,75.32],[142.494,75.376],[142.535,75.477],[142.724,75.551],[143.014,75.602],[143.043,75.647],[143.001,75.708],[142.338,75.726],[142.29,75.711],[142.407,75.695],[142.434,75.678],[142.411,75.666],[142.008,75.664],[142.207,75.636],[142.008,75.623],[142.14,75.595],[142.081,75.535],[142.187,75.471],[142.163,75.379],[142.41,75.267],[142.439,75.203],[142.58,75.16],[142.669,75.088],[143.615,75.011],[143.696,74.937],[143.465,74.9],[142.715,74.895],[142.625,74.848],[142.714,74.848],[142.678,74.834],[142.514,74.817],[142.356,74.825],[141.974,74.934],[142.081,74.965],[142.365,74.931],[142.199,75.004],[141.844,74.999],[141.371,74.92],[140.069,74.828],[139.974,74.903],[139.87,74.924],[139.85,74.965],[139.652,74.981],[139.459,74.931],[139.483,74.923],[139.48,74.869],[139.517,74.856],[139.645,74.889],[139.496,74.768],[139.343,74.687],[139.127,74.652],[138.816,74.714],[138.166,74.776],[137.895,74.846],[137.794,74.975],[137.134,75.142],[136.91,75.273],[136.924,75.321],[136.862,75.362],[137.039,75.388],[137.118,75.343],[137.254,75.336],[137.422,75.37],[137.397,75.417],[137.143,75.41],[137.149,75.465],[137.301,75.471],[137.181,75.551],[137.205,75.589],[137.294,75.602],[137.14,75.653],[137.157,75.691],[137.068,75.726],[137.198,75.79],[137.743,75.749],[137.71,75.788],[137.432,75.887],[137.433,75.953],[137.712,76.013],[138.028,76.032],[138.111,76.081],[137.98,76.063],[138.377,76.157],[138.328,76.136],[138.432,76.063],[138.533,76.186],[139.049,76.239],[138.897,76.219],[138.961,76.207],[138.995,76.145],[139.624,75.986],[139.825,75.97],[139.912,75.937],[139.836,75.931],[139.791,75.894],[139.817,75.878],[140.15,75.801],[140.26,75.831],[140.51,75.79],[140.546,75.756],[140.456,75.705],[140.433,75.657],[140.476,75.64],[140.902,75.616],[141.062,75.65],[140.864,75.739],[140.905,75.809],[140.879,75.897],[140.909,75.984],[141.001,76.047],[141.231,76.057],[141.625,76.013],[141.31,76.184],[142.146,76.012],[142.547,75.863],[143.059,75.807],[143.386,75.807],[143.359,75.834],[143.384,75.846],[143.585,75.87],[143.947,75.835],[144.191,75.767],[144.724,75.695],[144.81,75.644],[145.174,75.608],[145.366,75.54]],[[96.644,76.267],[96.578,76.195],[96.596,76.157],[96.52,76.191],[96.562,76.232],[96.447,76.272],[96.347,76.255],[96.424,76.212],[96.246,76.205],[96.396,76.178],[96.401,76.155],[96.321,76.136],[96.37,76.116],[96.345,76.105],[96.181,76.155],[95.891,76.154],[95.67,76.198],[95.266,76.219],[95.35,76.289],[95.469,76.286],[95.57,76.238],[95.812,76.303],[96.068,76.28],[96.072,76.236],[96.104,76.232],[96.283,76.309],[96.644,76.267]],[[113.292,76.363],[113.118,76.377],[113.264,76.444],[113.309,76.423],[113.262,76.397],[113.447,76.369],[113.292,76.363]],[[111.959,76.602],[112.021,76.61],[111.966,76.63],[112.272,76.616],[112.367,76.658],[112.528,76.623],[112.487,76.602],[112.57,76.555],[112.508,76.541],[112.714,76.52],[112.576,76.5],[112.618,76.459],[112.568,76.444],[112.423,76.466],[112.31,76.534],[112.119,76.549],[111.959,76.602]],[[96.472,76.692],[96.394,76.68],[96.313,76.623],[95.89,76.616],[95.89,76.651],[95.926,76.666],[96.08,76.668],[96.232,76.712],[96.472,76.692]],[[95.65,76.678],[95.835,76.692],[95.684,76.651],[95.48,76.654],[95.417,76.705],[95.521,76.717],[95.65,76.678]],[[97.476,76.65],[97.596,76.602],[97.565,76.587],[97.343,76.599],[97.315,76.61],[97.387,76.654],[97.288,76.692],[97.446,76.715],[97.476,76.65]],[[149.375,76.738],[149.263,76.711],[149.238,76.668],[149.256,76.634],[149.2,76.627],[148.432,76.629],[148.867,76.734],[149.4,76.77],[149.453,76.769],[149.444,76.75],[149.375,76.738]],[[96.527,77.206],[96.589,77.144],[96.477,77.082],[96.266,77.034],[96.308,77.014],[96.235,76.99],[96.12,77.007],[95.684,76.952],[95.951,77.014],[95.918,77.031],[95.232,77.006],[96.527,77.206]],[[105.785,77.281],[106.011,77.287],[105.862,77.255],[105.785,77.281]],[[89.689,77.281],[89.817,77.211],[89.747,77.164],[89.301,77.147],[89.135,77.218],[89.304,77.308],[89.604,77.313],[89.689,77.281]],[[107.745,77.329],[107.704,77.294],[107.722,77.27],[107.205,77.234],[107.457,77.281],[107.28,77.302],[107.395,77.36],[107.745,77.329]],[[106.861,77.446],[106.881,77.425],[106.766,77.426],[106.701,77.384],[106.525,77.39],[106.56,77.438],[106.73,77.47],[106.925,77.467],[106.861,77.446]],[[107.704,78.137],[107.62,78.082],[107.451,78.053],[107.391,78.102],[107.204,78.083],[106.395,78.131],[106.477,78.163],[107.259,78.164],[107.338,78.191],[107.565,78.188],[107.704,78.137]],[[106.532,78.254],[106.194,78.193],[105.991,78.219],[106.069,78.271],[106.338,78.266],[106.47,78.343],[106.766,78.308],[106.733,78.266],[106.621,78.286],[106.45,78.261],[106.532,78.254]],[[105.416,78.583],[105.357,78.506],[104.787,78.336],[104.353,78.341],[103.713,78.256],[103.016,78.256],[102.866,78.219],[102.893,78.207],[102.837,78.186],[102.66,78.164],[102.681,78.213],[102.607,78.226],[102.025,78.185],[101.975,78.212],[101.21,78.194],[100.483,78.03],[99.871,77.952],[99.371,77.96],[99.426,77.987],[99.268,78.042],[99.426,78.076],[99.536,78.145],[99.543,78.18],[99.755,78.265],[100.05,78.343],[99.998,78.385],[100.001,78.418],[100.097,78.449],[100.15,78.487],[100.142,78.511],[100.276,78.58],[100.255,78.665],[100.385,78.752],[100.602,78.798],[101.031,78.743],[101.166,78.761],[100.824,78.809],[100.785,78.895],[100.907,78.985],[101.07,79.035],[101.626,78.987],[100.988,79.063],[101.043,79.133],[101.196,79.147],[101.126,79.165],[101.194,79.203],[101.557,79.254],[101.564,79.296],[101.529,79.302],[101.544,79.341],[101.818,79.371],[101.952,79.302],[101.961,79.261],[102.246,79.242],[102.168,79.292],[102.14,79.357],[102.197,79.408],[102.303,79.433],[102.894,79.381],[102.944,79.341],[103.153,79.31],[102.93,79.276],[102.825,79.227],[102.86,79.22],[102.743,79.159],[102.798,79.138],[102.674,79.077],[102.691,79.032],[102.379,78.822],[102.666,78.892],[102.921,79.058],[103.144,79.058],[103.624,79.171],[103.647,79.165],[103.606,79.138],[103.808,79.154],[104.001,79.128],[104.023,79.097],[103.976,79.063],[104.074,79.033],[104.073,79.005],[104.455,78.967],[104.504,78.925],[104.483,78.891],[104.525,78.885],[104.367,78.857],[104.645,78.839],[104.638,78.791],[104.579,78.775],[104.725,78.791],[104.757,78.819],[104.723,78.843],[104.759,78.853],[105.059,78.843],[105.175,78.809],[105.344,78.642],[105.334,78.605],[105.416,78.583]],[[77.614,79.522],[77.583,79.496],[76.696,79.478],[76.641,79.487],[76.699,79.518],[76.621,79.549],[76.174,79.569],[76.051,79.649],[76.224,79.657],[76.277,79.645],[76.14,79.639],[76.269,79.604],[76.482,79.644],[77.614,79.522]],[[93.628,79.933],[93.814,79.899],[93.747,79.856],[93.052,79.715],[92.625,79.673],[91.922,79.679],[91.97,79.693],[91.916,79.707],[91.945,79.716],[92.308,79.715],[92.353,79.734],[92.322,79.757],[92.099,79.81],[91.073,79.851],[91.083,79.884],[91.299,79.919],[91.018,79.967],[91.182,79.995],[91.114,80.049],[90.867,80.063],[91.596,80.038],[91.782,80.064],[93.628,79.933]],[[51.347,79.953],[51.505,79.933],[51.42,79.916],[50.045,79.974],[50.553,79.988],[50.654,80.044],[51.001,80.103],[51.087,80.063],[51.265,80.056],[51.201,80.011],[51.388,79.967],[51.347,79.953]],[[99.886,79.041],[99.863,79.024],[99.947,78.97],[99.926,78.946],[99.406,78.822],[98.603,78.816],[98.555,78.803],[98.603,78.793],[98.58,78.782],[98.083,78.824],[97.442,78.817],[97.603,78.843],[97.264,78.853],[96.842,78.946],[96.869,78.967],[96.799,78.989],[96.28,78.994],[96.37,79.022],[95.697,78.998],[95.65,79.02],[95.67,79.069],[95.468,79.112],[95.067,79.038],[94.827,79.067],[94.632,79.127],[94.65,79.179],[94.617,79.201],[94.334,79.249],[94.323,79.283],[94.355,79.316],[94.313,79.35],[94.362,79.44],[94.312,79.479],[94.053,79.474],[94.081,79.447],[93.988,79.427],[93.697,79.46],[93.991,79.494],[93.69,79.542],[93.882,79.604],[93.721,79.595],[93.685,79.563],[93.449,79.515],[93.539,79.487],[93.236,79.439],[93.114,79.467],[93.32,79.501],[93.279,79.52],[93.054,79.519],[92.854,79.556],[93.28,79.552],[93.761,79.651],[93.848,79.71],[94.169,79.775],[94.69,79.816],[94.225,79.899],[94.382,79.933],[94.321,79.967],[94.351,79.977],[94.75,80.007],[94.936,80.071],[94.91,80.097],[94.952,80.104],[95.242,80.022],[95.349,80.033],[95.363,80.079],[95.502,80.111],[96.174,80.091],[96.27,80.118],[96.501,80.107],[96.608,80.138],[96.716,80.118],[97.592,80.175],[98.09,80.056],[98.007,80.015],[97.848,79.997],[97.856,79.977],[97.768,79.946],[97.829,79.933],[97.752,79.886],[97.583,79.857],[97.658,79.83],[97.521,79.809],[97.609,79.777],[97.216,79.701],[97.706,79.763],[97.723,79.805],[97.918,79.857],[97.884,79.877],[97.926,79.902],[98.377,79.878],[98.453,79.906],[98.419,79.919],[98.487,79.956],[98.582,79.976],[98.439,80.015],[98.557,80.059],[99.199,80.05],[99.248,80.036],[99.158,80.015],[99.332,80.02],[99.376,79.98],[99.563,79.967],[99.502,79.953],[99.536,79.936],[99.735,79.923],[100.022,79.824],[100.002,79.805],[100.077,79.783],[100.054,79.767],[99.817,79.742],[99.886,79.693],[99.768,79.645],[99.778,79.625],[99.707,79.569],[99.789,79.522],[99.686,79.474],[99.734,79.42],[99.696,79.388],[99.748,79.364],[99.667,79.312],[99.46,79.248],[99.147,79.311],[99.035,79.296],[99.583,79.173],[99.611,79.159],[99.583,79.149],[99.488,79.145],[99.527,79.124],[99.821,79.101],[99.886,79.041]],[[50.081,80.068],[49.883,80.07],[49.531,80.159],[49.899,80.234],[50.229,80.226],[50.336,80.182],[50.126,80.142],[50.052,80.084],[50.081,80.068]],[[55.795,80.642],[55.603,80.666],[55.706,80.7],[55.432,80.714],[55.724,80.733],[55.782,80.761],[56.53,80.787],[56.57,80.757],[56.946,80.694],[56.928,80.663],[56.329,80.625],[56.35,80.639],[56.312,80.655],[55.795,80.642]],[[46.687,80.529],[46.519,80.519],[46.495,80.508],[46.53,80.474],[46.48,80.46],[46.084,80.44],[46.021,80.489],[46.084,80.556],[46.044,80.574],[45.515,80.52],[45.271,80.59],[44.857,80.617],[46.517,80.721],[46.399,80.735],[46.442,80.745],[46.921,80.749],[47.181,80.798],[47.092,80.831],[47.138,80.842],[47.536,80.857],[48.039,80.807],[48.275,80.831],[48.655,80.755],[48.456,80.727],[48.764,80.66],[48.727,80.611],[48.064,80.662],[47.99,80.68],[48.0,80.709],[47.749,80.77],[47.558,80.748],[47.613,80.727],[47.476,80.735],[47.572,80.68],[47.359,80.688],[47.304,80.653],[47.431,80.594],[47.2,80.626],[46.992,80.553],[46.667,80.566],[46.633,80.556],[46.687,80.529]],[[62.222,80.813],[62.275,80.784],[62.259,80.741],[62.037,80.666],[62.147,80.639],[62.116,80.622],[61.706,80.597],[61.588,80.556],[61.606,80.529],[61.311,80.511],[61.383,80.491],[61.327,80.457],[61.045,80.405],[60.307,80.496],[59.636,80.431],[59.242,80.529],[59.372,80.57],[59.286,80.582],[59.261,80.598],[59.29,80.617],[59.221,80.653],[59.405,80.75],[59.534,80.763],[59.571,80.79],[59.509,80.804],[59.694,80.837],[60.171,80.854],[60.256,80.831],[59.968,80.81],[60.362,80.79],[61.545,80.865],[61.603,80.896],[62.068,80.88],[62.222,80.813]],[[58.13,80.781],[57.882,80.787],[57.816,80.81],[57.844,80.825],[58.746,80.903],[58.929,80.882],[59.029,80.824],[58.896,80.774],[58.543,80.754],[58.13,80.781]],[[55.766,80.784],[54.877,80.721],[54.664,80.742],[54.69,80.769],[54.657,80.788],[53.98,80.816],[54.323,80.864],[54.722,80.872],[54.823,80.836],[55.097,80.903],[55.987,80.804],[55.766,80.784]],[[51.689,80.727],[51.744,80.714],[51.701,80.677],[51.175,80.618],[50.95,80.537],[49.728,80.494],[49.675,80.482],[49.798,80.452],[49.816,80.401],[49.49,80.364],[48.84,80.388],[48.791,80.364],[48.818,80.351],[48.627,80.295],[48.943,80.273],[49.038,80.241],[48.976,80.213],[49.107,80.19],[49.086,80.172],[48.734,80.159],[48.528,80.209],[48.497,80.193],[48.552,80.159],[48.511,80.124],[48.372,80.092],[48.116,80.137],[48.019,80.089],[47.628,80.072],[47.605,80.089],[47.633,80.118],[47.737,80.162],[48.085,80.207],[47.845,80.213],[47.969,80.235],[47.929,80.247],[47.451,80.24],[47.338,80.213],[47.387,80.187],[47.102,80.17],[46.895,80.192],[46.89,80.237],[46.618,80.295],[47.089,80.372],[47.224,80.309],[48.133,80.326],[47.689,80.373],[47.619,80.405],[48.202,80.416],[48.236,80.427],[48.099,80.446],[48.14,80.468],[48.1,80.476],[47.423,80.443],[47.379,80.454],[47.415,80.466],[48.375,80.571],[48.565,80.543],[48.531,80.515],[48.569,80.506],[49.188,80.521],[49.23,80.537],[49.175,80.556],[49.407,80.617],[49.285,80.645],[49.631,80.64],[49.668,80.653],[49.613,80.687],[49.682,80.721],[49.203,80.694],[49.34,80.735],[48.999,80.719],[48.955,80.735],[49.114,80.769],[49.004,80.776],[50.237,80.933],[50.443,80.906],[50.023,80.858],[50.827,80.919],[51.045,80.851],[50.47,80.81],[50.545,80.79],[50.51,80.776],[50.251,80.742],[50.34,80.716],[50.653,80.766],[50.765,80.742],[51.009,80.778],[51.102,80.748],[51.313,80.79],[51.451,80.742],[51.689,80.727]],[[79.807,80.974],[80.437,80.94],[80.4,80.886],[80.326,80.861],[79.128,80.807],[78.975,80.843],[79.211,80.961],[79.807,80.974]],[[58.654,81.044],[58.697,81.025],[58.561,80.957],[58.367,80.946],[57.841,81.048],[58.07,81.112],[58.654,81.044]],[[57.336,80.892],[57.199,80.906],[57.234,80.933],[57.201,80.954],[56.932,80.974],[56.897,81.016],[56.096,81.091],[56.147,81.123],[56.703,81.113],[57.645,81.024],[57.75,80.971],[58.282,80.926],[57.838,80.853],[57.336,80.892]],[[54.564,80.995],[54.449,80.998],[54.426,81.024],[54.671,81.125],[55.52,81.008],[56.019,81.044],[56.623,80.982],[56.652,80.944],[57.716,80.793],[57.562,80.748],[57.059,80.692],[56.668,80.809],[55.799,80.854],[55.757,80.889],[55.377,80.933],[55.405,80.958],[55.381,80.969],[54.998,80.951],[54.86,81.002],[54.564,80.995]],[[50.477,81.07],[50.347,81.091],[50.388,81.105],[50.367,81.125],[50.519,81.129],[50.539,81.139],[50.491,81.159],[50.53,81.168],[50.82,81.166],[50.977,81.106],[50.766,81.088],[50.745,81.077],[50.774,81.044],[50.409,81.013],[50.382,81.03],[50.477,81.07]],[[91.547,81.154],[91.559,81.13],[91.186,81.057],[89.996,81.105],[89.915,81.133],[89.894,81.174],[90.072,81.215],[91.455,81.193],[91.547,81.154]],[[97.747,80.742],[97.973,80.721],[97.719,80.664],[97.131,80.666],[97.192,80.645],[97.047,80.584],[97.021,80.526],[97.149,80.487],[97.147,80.454],[97.209,80.431],[97.206,80.356],[97.423,80.327],[97.188,80.234],[94.863,80.152],[94.718,80.118],[94.53,80.131],[94.173,80.042],[93.75,79.997],[92.965,80.111],[92.066,80.172],[92.195,80.208],[92.888,80.172],[92.281,80.23],[92.107,80.29],[92.692,80.299],[93.289,80.267],[93.32,80.276],[93.244,80.31],[91.422,80.31],[91.472,80.35],[91.662,80.385],[92.628,80.392],[92.097,80.419],[91.888,80.46],[92.277,80.509],[92.769,80.517],[92.821,80.584],[92.779,80.597],[92.825,80.651],[93.27,80.797],[92.682,80.755],[92.497,80.776],[92.731,80.851],[92.677,80.879],[93.148,80.931],[93.163,80.947],[93.053,80.995],[94.386,81.114],[94.557,81.104],[95.187,81.218],[95.547,81.221],[95.061,81.242],[95.034,81.249],[95.104,81.271],[95.777,81.289],[96.02,81.234],[95.968,81.205],[96.135,81.202],[96.555,81.077],[96.544,81.03],[96.733,81.008],[96.644,80.988],[96.766,80.95],[97.411,80.837],[97.755,80.829],[97.789,80.817],[97.747,80.796],[97.884,80.769],[97.747,80.742]],[[57.266,81.427],[56.74,81.454],[56.982,81.493],[57.007,81.509],[56.946,81.522],[57.784,81.565],[57.889,81.486],[58.4,81.474],[58.57,81.413],[58.306,81.377],[57.798,81.379],[57.439,81.438],[57.266,81.427]],[[62.504,81.653],[62.106,81.68],[62.648,81.722],[63.678,81.695],[63.806,81.66],[63.712,81.615],[63.467,81.589],[62.691,81.614],[62.504,81.653]],[[58.295,81.714],[57.891,81.708],[57.946,81.755],[58.145,81.777],[57.988,81.787],[57.94,81.804],[57.978,81.817],[59.215,81.859],[59.44,81.818],[59.331,81.79],[59.372,81.774],[59.356,81.753],[58.295,81.714]],[[150.843,46.448],[150.78,46.457],[150.808,46.486],[150.843,46.448]],[[154.837,49.65],[154.905,49.631],[154.876,49.544],[154.803,49.479],[154.835,49.353],[154.815,49.31],[154.72,49.267],[154.606,49.293],[154.638,49.424],[154.761,49.558],[154.751,49.596],[154.837,49.65]],[[59.034,75.96],[59.234,75.991],[59.262,75.965],[59.237,75.948],[58.693,75.903],[59.034,75.96]],[[59.002,79.981],[58.793,80.011],[58.769,80.021],[58.796,80.044],[59.529,80.121],[59.81,80.089],[59.842,80.071],[59.836,80.027],[59.927,79.995],[59.372,79.92],[59.002,79.981]],[[55.712,80.103],[56.019,80.182],[56.048,80.2],[55.952,80.262],[55.994,80.303],[55.973,80.323],[56.13,80.351],[56.643,80.325],[56.712,80.368],[57.022,80.364],[57.131,80.306],[57.084,80.258],[57.154,80.199],[57.047,80.154],[57.138,80.118],[57.118,80.096],[56.957,80.066],[55.712,80.103]],[[52.623,80.183],[52.357,80.209],[52.183,80.276],[52.569,80.289],[52.731,80.323],[52.686,80.344],[52.698,80.368],[52.906,80.413],[53.294,80.409],[53.341,80.399],[53.323,80.379],[53.349,80.361],[53.532,80.31],[53.869,80.271],[53.733,80.218],[53.59,80.242],[53.49,80.172],[52.623,80.183]],[[57.529,80.131],[57.426,80.128],[57.278,80.178],[57.302,80.207],[57.22,80.241],[57.265,80.269],[57.24,80.295],[57.259,80.326],[57.192,80.364],[57.274,80.392],[57.243,80.412],[56.946,80.482],[58.452,80.468],[59.193,80.378],[59.276,80.33],[58.391,80.32],[58.077,80.262],[58.461,80.235],[58.467,80.209],[58.426,80.187],[58.447,80.18],[58.407,80.166],[58.041,80.206],[57.905,80.172],[58.015,80.111],[57.97,80.099],[57.529,80.131]],[[53.798,80.473],[53.854,80.482],[53.848,80.51],[53.973,80.529],[53.859,80.554],[53.841,80.574],[53.883,80.611],[54.269,80.589],[54.315,80.577],[54.136,80.556],[54.41,80.543],[54.387,80.525],[54.465,80.482],[54.288,80.42],[53.798,80.473]],[[60.256,81.036],[60.613,81.092],[61.702,81.105],[61.606,81.077],[61.628,81.055],[61.6,81.031],[60.988,80.922],[60.07,80.98],[60.023,80.995],[60.062,81.008],[60.256,81.036]],[[62.771,80.886],[63.142,80.971],[64.036,80.987],[64.186,81.019],[64.217,81.057],[64.12,81.094],[64.275,81.169],[64.705,81.205],[65.23,81.137],[65.436,81.037],[65.306,80.995],[65.389,80.986],[65.466,80.935],[65.0,80.809],[64.587,80.755],[63.131,80.683],[62.511,80.81],[62.53,80.844],[62.771,80.886]],[[57.336,81.205],[57.888,81.246],[58.084,81.215],[57.852,81.19],[57.7,81.137],[57.39,81.124],[56.994,81.166],[57.336,81.205]],[[55.647,81.2],[55.561,81.223],[55.609,81.276],[55.432,81.276],[55.541,81.297],[55.466,81.324],[55.87,81.324],[56.603,81.262],[56.391,81.324],[56.418,81.338],[56.336,81.385],[56.726,81.397],[56.789,81.368],[57.409,81.341],[57.499,81.312],[57.689,81.331],[57.905,81.297],[57.048,81.253],[56.615,81.179],[56.384,81.18],[56.39,81.204],[56.24,81.228],[55.824,81.186],[55.647,81.2]],[[58.563,81.324],[58.481,81.324],[58.464,81.335],[58.493,81.352],[59.018,81.403],[59.385,81.331],[59.342,81.304],[59.054,81.287],[58.563,81.324]],[[61.904,81.605],[62.196,81.565],[61.828,81.564],[61.654,81.605],[61.904,81.605]],[[40.455,64.582],[40.195,64.574],[40.055,64.653],[39.824,64.68],[39.984,64.719],[40.188,64.708],[40.455,64.582]],[[40.145,64.734],[40.05,64.769],[40.334,64.772],[40.388,64.736],[40.407,64.642],[40.326,64.638],[40.145,64.734]],[[36.013,65.052],[36.005,65.027],[35.892,65.041],[36.013,65.052]],[[36.211,65.158],[36.066,65.125],[35.942,65.155],[35.99,65.191],[36.059,65.159],[36.211,65.158]],[[54.33,68.311],[54.317,68.259],[54.199,68.256],[54.239,68.304],[54.33,68.311]],[[53.912,68.362],[53.991,68.346],[53.958,68.293],[53.866,68.307],[53.858,68.346],[53.912,68.362]],[[54.267,68.817],[54.395,68.783],[54.228,68.796],[54.193,68.814],[54.267,68.817]],[[54.974,68.94],[55.02,68.915],[54.912,68.931],[54.974,68.94]],[[67.217,69.421],[67.306,69.428],[67.096,69.366],[66.995,69.389],[66.939,69.439],[66.968,69.459],[67.217,69.421]],[[67.328,69.573],[67.345,69.522],[67.259,69.439],[67.059,69.451],[67.022,69.477],[67.188,69.571],[67.328,69.573]],[[66.837,70.392],[66.59,70.473],[66.668,70.538],[66.7,70.477],[66.837,70.392]],[[66.559,70.544],[66.583,70.502],[66.528,70.507],[66.397,70.63],[66.388,70.711],[66.428,70.8],[66.48,70.764],[66.454,70.684],[66.546,70.603],[66.559,70.544]],[[66.6,70.914],[66.508,70.828],[66.434,70.827],[66.6,71.004],[66.6,70.914]],[[53.37,71.292],[53.242,71.309],[53.161,71.355],[53.24,71.354],[53.37,71.292]],[[152.875,76.151],[152.884,76.116],[152.773,76.083],[152.555,76.139],[152.829,76.196],[152.878,76.191],[152.875,76.151]],[[156.661,77.108],[156.653,77.084],[156.492,77.098],[156.55,77.126],[156.661,77.108]],[[92.062,77.63],[92.11,77.611],[91.985,77.587],[91.866,77.629],[92.062,77.63]],[[58.815,79.917],[58.87,79.901],[58.763,79.883],[58.529,79.933],[58.248,79.933],[58.614,79.979],[58.815,79.917]],[[60.167,80.169],[60.21,80.149],[60.173,80.139],[59.891,80.175],[60.167,80.169]],[[54.408,80.285],[54.428,80.272],[54.382,80.21],[54.178,80.189],[54.138,80.196],[54.168,80.237],[54.101,80.273],[54.194,80.307],[54.408,80.285]],[[55.499,80.317],[55.524,80.306],[55.498,80.277],[55.235,80.228],[55.076,80.219],[54.93,80.26],[55.154,80.276],[55.071,80.301],[55.296,80.332],[55.499,80.317]],[[54.987,80.414],[55.245,80.438],[55.271,80.409],[55.13,80.374],[54.987,80.414]],[[54.842,80.431],[54.771,80.393],[54.39,80.387],[54.627,80.477],[54.842,80.431]],[[54.821,80.465],[54.631,80.502],[54.709,80.526],[54.886,80.533],[55.073,80.484],[54.982,80.449],[54.821,80.465]],[[59.737,81.19],[59.759,81.179],[59.73,81.165],[58.995,81.198],[59.737,81.19]],[[60.563,81.274],[60.432,81.244],[59.841,81.292],[60.032,81.311],[60.563,81.274]],[[58.369,81.58],[58.281,81.6],[58.414,81.625],[58.702,81.613],[58.369,81.58]],[[132.45,42.828],[132.467,42.797],[132.402,42.832],[132.428,42.896],[132.45,42.828]],[[47.851,43.999],[47.867,43.984],[47.763,43.928],[47.628,43.963],[47.666,43.996],[47.851,43.999]],[[47.997,45.468],[47.991,45.449],[47.96,45.476],[47.918,45.57],[47.917,45.633],[47.957,45.65],[47.997,45.468]],[[149.033,59.192],[149.141,59.208],[149.103,59.162],[149.034,59.169],[149.033,59.192]],[[-172.475,64.642],[-172.458,64.611],[-172.519,64.593],[-172.725,64.626],[-172.696,64.653],[-172.475,64.642]],[[67.381,68.792],[67.401,68.761],[67.333,68.758],[67.116,68.798],[67.236,68.82],[67.381,68.792]],[[-175.586,71.38],[-175.629,71.352],[-175.811,71.412],[-175.586,71.38]],[[161.894,69.654],[161.899,69.574],[161.867,69.555],[161.752,69.553],[161.666,69.621],[161.894,69.654]],[[170.125,69.773],[170.275,69.773],[170.101,69.687],[169.955,69.727],[170.125,69.773]],[[83.305,70.806],[83.469,70.738],[83.444,70.691],[83.305,70.645],[83.259,70.549],[83.31,70.443],[83.194,70.379],[83.065,70.365],[83.132,70.434],[83.147,70.65],[83.207,70.686],[83.257,70.801],[83.305,70.806]],[[97.646,76.756],[97.46,76.718],[97.448,76.742],[97.161,76.754],[97.646,76.756]],[[89.047,77.141],[89.136,77.127],[88.969,77.039],[89.019,77.013],[88.989,76.99],[88.92,76.977],[88.816,76.985],[88.664,77.08],[88.786,77.124],[89.047,77.141]]]}},{"type":"Feature","properties":{"iso":"VN","name":"Vietnam"},"geometry":{"type":"MultiLineString","coordinates":[[[107.52,14.705],[107.491,14.804],[107.558,14.887],[107.462,14.957],[107.446,15.025],[107.589,15.058],[107.58,15.097],[107.654,15.2],[107.664,15.269],[107.587,15.343],[107.573,15.411],[107.494,15.42],[107.487,15.481],[107.443,15.509],[107.369,15.496],[107.316,15.589],[107.239,15.645],[107.226,15.717],[107.149,15.773],[107.186,15.859],[107.376,15.919],[107.445,16.01],[107.436,16.069],[107.299,16.064],[107.142,16.177],[107.108,16.267],[106.957,16.307],[106.856,16.415],[106.847,16.53],[106.742,16.422],[106.671,16.444],[106.64,16.587],[106.541,16.659],[106.525,16.989],[106.497,16.964],[106.411,16.996],[106.395,17.068],[106.306,17.177],[106.285,17.285],[106.222,17.245],[106.185,17.257],[106.019,17.394],[105.82,17.622],[105.723,17.673],[105.605,17.854],[105.606,17.964],[105.476,18.127],[105.467,18.181],[105.41,18.202],[105.366,18.151],[105.295,18.196],[105.293,18.253],[105.236,18.249],[105.166,18.307],[105.163,18.366],[105.08,18.454],[105.114,18.581],[105.169,18.615],[105.113,18.698],[104.92,18.736],[104.873,18.778],[104.71,18.796],[104.498,18.968],[104.413,18.983],[104.26,19.104],[104.211,19.101],[104.148,19.183],[103.973,19.225],[103.848,19.3],[103.953,19.391],[104.038,19.413],[104.09,19.484],[104.001,19.681],[104.089,19.652],[104.229,19.706],[104.295,19.655],[104.38,19.685],[104.506,19.603],[104.614,19.607],[104.676,19.725],[104.805,19.791],[104.817,19.848],[104.756,19.867],[104.781,19.908],[104.874,19.983],[104.949,19.995],[104.964,20.076],[104.905,20.135],[104.908,20.175],[104.819,20.221],[104.657,20.213],[104.681,20.341],[104.576,20.414],[104.36,20.44],[104.445,20.535],[104.496,20.512],[104.543,20.536],[104.615,20.646],[104.492,20.702],[104.453,20.764],[104.389,20.771],[104.279,20.892],[104.092,20.961],[104.011,20.908],[103.785,20.846],[103.755,20.743],[103.707,20.722],[103.714,20.672],[103.676,20.657],[103.578,20.733],[103.489,20.752],[103.44,20.816],[103.348,20.789],[103.115,20.868],[103.015,21.041],[102.952,21.069],[102.889,21.166],[102.888,21.227],[102.801,21.255],[102.875,21.305],[102.918,21.45],[102.85,21.425],[102.974,21.575],[102.948,21.737],[102.847,21.704],[102.807,21.836],[102.752,21.681],[102.651,21.658],[102.591,21.901],[102.478,21.958],[102.483,22.021],[102.207,22.245],[102.119,22.398],[102.165,22.426],[102.218,22.411],[102.253,22.495],[102.377,22.616],[102.356,22.67],[102.407,22.693],[102.443,22.765],[102.516,22.745],[102.536,22.696],[102.587,22.716],[102.832,22.6],[102.903,22.477],[103.029,22.43],[103.044,22.486],[103.142,22.538],[103.142,22.607],[103.245,22.669],[103.31,22.788],[103.402,22.738],[103.448,22.618],[103.504,22.581],[103.59,22.768],[103.647,22.799],[103.96,22.507],[104.024,22.719],[104.087,22.792],[104.241,22.824],[104.237,22.742],[104.34,22.686],[104.554,22.836],[104.588,22.807],[104.701,22.818],[104.824,22.924],[104.798,23.086],[104.861,23.12],[104.87,23.164],[104.935,23.154],[105.061,23.232],[105.201,23.254],[105.246,23.33],[105.312,23.366],[105.344,23.304],[105.426,23.273],[105.528,23.156],[105.552,23.06],[105.69,23.044],[105.854,22.905],[105.961,22.932],[105.999,22.975],[106.132,22.975],[106.202,22.947],[106.255,22.855],[106.458,22.889],[106.488,22.925],[106.582,22.895],[106.61,22.853],[106.667,22.868],[106.73,22.798],[106.79,22.797],[106.68,22.579],[106.577,22.595],[106.527,22.438],[106.542,22.345],[106.634,22.309],[106.663,22.223],[106.64,22.191],[106.672,22.093],[106.653,21.969],[106.729,22.008],[106.865,21.968],[106.92,21.917],[107.009,21.927],[107.003,21.811],[107.172,21.715],[107.273,21.718],[107.348,21.599],[107.426,21.652],[107.501,21.582],[107.778,21.656],[107.832,21.639],[107.991,21.486],[107.93,21.443],[107.91,21.527],[107.863,21.53],[107.836,21.488],[107.827,21.527],[107.821,21.493],[107.767,21.52],[107.786,21.458],[107.749,21.411],[107.635,21.383],[107.642,21.342],[107.591,21.294],[107.522,21.349],[107.527,21.299],[107.415,21.329],[107.443,21.288],[107.367,21.273],[107.361,21.239],[107.354,21.191],[107.388,21.185],[107.354,21.082],[107.374,21.028],[107.211,20.992],[107.231,20.979],[107.197,20.938],[107.066,20.959],[107.149,21.041],[107.084,21.006],[107.053,21.034],[107.046,21.0],[107.026,21.034],[107.039,21.0],[106.998,21.02],[107.026,20.972],[107.001,20.951],[106.854,20.992],[106.943,20.91],[106.874,20.938],[106.868,20.883],[106.833,20.938],[106.772,20.957],[106.821,20.976],[106.798,21.025],[106.642,21.02],[106.683,21.006],[106.656,21.006],[106.676,20.959],[106.755,20.939],[106.744,20.883],[106.718,20.904],[106.7,20.883],[106.744,20.849],[106.749,20.804],[106.718,20.808],[106.806,20.678],[106.767,20.713],[106.663,20.698],[106.703,20.66],[106.638,20.628],[106.587,20.663],[106.625,20.595],[106.519,20.541],[106.58,20.547],[106.58,20.478],[106.519,20.437],[106.594,20.448],[106.56,20.376],[106.593,20.275],[106.498,20.308],[106.549,20.291],[106.57,20.232],[106.381,20.212],[106.176,19.992],[106.107,19.965],[106.107,20.033],[106.084,19.965],[106.025,19.999],[105.956,19.925],[105.929,19.794],[105.867,19.773],[105.923,19.767],[105.867,19.721],[105.819,19.588],[105.791,19.603],[105.819,19.574],[105.813,19.423],[105.771,19.403],[105.809,19.28],[105.743,19.232],[105.737,19.108],[105.644,19.065],[105.613,18.986],[105.635,18.91],[105.717,18.855],[105.703,18.834],[105.675,18.855],[105.689,18.827],[105.752,18.786],[105.751,18.663],[105.764,18.759],[105.783,18.747],[105.826,18.594],[106.11,18.276],[106.093,18.259],[106.166,18.266],[106.271,18.204],[106.346,18.133],[106.306,18.1],[106.34,18.1],[106.347,18.059],[106.36,18.1],[106.435,18.124],[106.428,18.073],[106.525,17.95],[106.436,17.882],[106.498,17.711],[106.285,17.772],[106.429,17.731],[106.383,17.719],[106.409,17.683],[106.417,17.713],[106.504,17.683],[106.635,17.47],[106.764,17.336],[107.112,17.088],[107.121,17.019],[107.204,16.919],[107.142,16.868],[107.216,16.908],[107.635,16.587],[107.443,16.648],[107.594,16.587],[107.635,16.559],[107.608,16.545],[107.663,16.552],[107.663,16.497],[107.697,16.52],[107.841,16.38],[107.797,16.387],[107.812,16.313],[107.896,16.278],[107.938,16.312],[107.93,16.353],[108.012,16.319],[108.043,16.346],[108.094,16.237],[108.052,16.262],[108.054,16.236],[108.204,16.217],[108.142,16.148],[108.198,16.072],[108.228,16.09],[108.233,16.037],[108.198,16.004],[108.259,16.011],[108.247,16.123],[108.225,16.127],[108.245,16.162],[108.317,16.135],[108.331,16.155],[108.348,16.135],[108.314,16.1],[108.266,16.107],[108.279,15.996],[108.388,15.898],[108.375,15.869],[108.41,15.881],[108.455,15.747],[108.619,15.529],[108.683,15.518],[108.629,15.456],[108.653,15.439],[108.697,15.49],[108.704,15.445],[108.773,15.387],[108.773,15.325],[108.821,15.346],[108.789,15.374],[108.8,15.429],[108.827,15.429],[108.887,15.286],[108.952,15.25],[108.903,15.223],[108.924,15.202],[108.898,15.154],[108.862,15.152],[108.898,15.12],[108.91,15.147],[109.006,14.839],[108.986,14.837],[109.086,14.715],[109.088,14.589],[109.061,14.564],[109.126,14.465],[109.136,14.367],[109.239,14.133],[109.173,14.157],[109.225,14.104],[109.266,13.921],[109.307,13.876],[109.304,13.759],[109.27,13.756],[109.251,13.891],[109.221,13.806],[109.259,13.777],[109.225,13.722],[109.248,13.623],[109.304,13.569],[109.294,13.53],[109.21,13.631],[109.34,13.465],[109.307,13.407],[109.273,13.431],[109.3,13.461],[109.245,13.485],[109.232,13.393],[109.307,13.353],[109.294,13.298],[109.259,13.298],[109.294,13.236],[109.318,13.289],[109.307,13.133],[109.465,12.913],[109.458,12.852],[109.431,12.845],[109.438,12.879],[109.369,12.825],[109.421,12.691],[109.472,12.656],[109.451,12.571],[109.405,12.618],[109.403,12.687],[109.376,12.639],[109.342,12.66],[109.39,12.712],[109.359,12.797],[109.205,12.646],[109.205,12.55],[109.249,12.586],[109.237,12.522],[109.346,12.396],[109.297,12.351],[109.185,12.459],[109.15,12.44],[109.242,12.305],[109.205,12.263],[109.177,12.277],[109.225,12.201],[109.184,12.194],[109.227,12.138],[109.221,12.051],[109.287,11.967],[109.266,11.91],[109.294,11.871],[109.225,11.879],[109.219,12.016],[109.186,12.118],[109.163,12.112],[109.208,11.977],[109.137,11.896],[109.132,11.83],[109.205,11.868],[109.204,11.785],[109.243,11.736],[109.136,11.57],[109.067,11.584],[109.043,11.638],[109.02,11.633],[109.04,11.543],[109.012,11.543],[109.006,11.344],[108.952,11.31],[108.838,11.331],[108.775,11.288],[108.729,11.182],[108.656,11.193],[108.531,11.153],[108.472,11.053],[108.369,11.023],[108.3,10.913],[108.259,10.952],[108.106,10.918],[107.998,10.699],[107.919,10.721],[107.824,10.692],[107.581,10.57],[107.511,10.502],[107.334,10.454],[107.272,10.378],[107.19,10.405],[107.217,10.434],[107.176,10.477],[107.06,10.481],[107.06,10.508],[107.032,10.474],[107.026,10.501],[106.991,10.481],[107.033,10.526],[107.032,10.607],[106.984,10.699],[107.027,10.544],[106.998,10.549],[106.991,10.625],[107.011,10.522],[106.964,10.467],[106.943,10.601],[106.882,10.652],[106.829,10.63],[106.786,10.68],[106.748,10.674],[106.772,10.604],[106.733,10.522],[106.656,10.522],[106.669,10.495],[106.594,10.439],[106.58,10.488],[106.582,10.453],[106.615,10.437],[106.656,10.474],[106.69,10.433],[106.741,10.468],[106.788,10.393],[106.791,10.285],[106.422,10.317],[106.798,10.157],[106.737,10.054],[106.704,10.049],[106.697,10.084],[106.649,9.974],[106.469,10.059],[106.36,10.221],[106.292,10.262],[106.462,10.036],[106.696,9.897],[106.669,9.843],[106.663,9.884],[106.638,9.826],[106.587,9.823],[106.113,10.234],[106.575,9.739],[106.544,9.585],[106.485,9.547],[106.385,9.548],[106.25,9.631],[105.933,9.955],[105.819,10.008],[106.073,9.748],[106.197,9.541],[106.211,9.47],[106.169,9.418],[106.193,9.369],[105.539,9.129],[105.408,9.001],[105.315,8.812],[105.184,8.741],[105.101,8.634],[104.856,8.566],[104.723,8.603],[104.835,8.66],[104.833,8.699],[104.912,8.685],[104.963,8.719],[104.853,8.713],[104.929,8.747],[104.922,8.809],[104.817,8.771],[104.775,8.818],[104.812,8.937],[104.857,9.738],[104.893,9.851],[104.97,9.854],[105.055,9.933],[105.087,9.936],[105.113,9.857],[105.107,9.953],[105.003,10.092],[104.901,10.097],[104.772,10.227],[104.707,10.222],[104.651,10.144],[104.613,10.144],[104.589,10.261],[104.537,10.282],[104.499,10.371],[104.525,10.419],[104.47,10.378],[104.451,10.42],[104.494,10.428],[104.567,10.528],[104.854,10.531],[104.931,10.631],[105.067,10.714],[105.011,10.884],[105.078,10.947],[105.098,10.914],[105.253,10.884],[105.318,10.839],[105.41,10.963],[105.474,10.941],[105.753,11.016],[105.879,10.828],[105.931,10.896],[106.018,10.82],[106.177,10.767],[106.122,10.925],[106.131,10.969],[106.188,10.976],[106.16,11.054],[106.114,11.087],[106.087,11.056],[105.844,11.29],[105.872,11.443],[105.853,11.547],[105.79,11.587],[105.805,11.625],[105.858,11.662],[105.934,11.643],[106.015,11.77],[106.224,11.725],[106.274,11.677],[106.354,11.69],[106.426,11.662],[106.398,11.762],[106.439,11.864],[106.394,11.97],[106.702,11.971],[106.772,12.066],[106.953,12.081],[107.212,12.306],[107.32,12.329],[107.416,12.254],[107.514,12.344],[107.565,12.606],[107.46,13.022],[107.607,13.37],[107.604,13.499],[107.443,13.783],[107.431,13.984],[107.355,14.002],[107.32,14.12],[107.359,14.239],[107.352,14.342],[107.387,14.422],[107.465,14.449],[107.505,14.541],[107.52,14.705]],[[106.211,9.621],[106.292,9.586],[106.291,9.561],[106.244,9.535],[106.197,9.61],[106.227,9.565],[106.197,9.572],[106.093,9.761],[106.211,9.621]],[[106.724,10.269],[106.759,10.244],[106.724,10.227],[106.512,10.296],[106.724,10.269]],[[107.172,10.465],[107.211,10.426],[107.087,10.323],[107.079,10.391],[107.15,10.417],[107.172,10.465]],[[106.936,10.439],[106.977,10.405],[106.888,10.371],[106.888,10.505],[106.948,10.507],[106.936,10.439]],[[106.909,10.532],[106.854,10.563],[106.854,10.631],[106.929,10.598],[106.922,10.543],[106.895,10.576],[106.909,10.532]],[[109.328,12.221],[109.349,12.201],[109.307,12.187],[109.245,12.228],[109.328,12.221]],[[106.663,8.74],[106.639,8.737],[106.656,8.699],[106.602,8.695],[106.603,8.656],[106.578,8.655],[106.571,8.706],[106.658,8.767],[106.663,8.74]],[[106.498,9.891],[106.544,9.838],[106.521,9.838],[106.422,9.939],[106.498,9.891]],[[104.082,10.371],[104.085,10.248],[104.033,10.096],[104.051,10.008],[104.011,10.03],[103.957,10.234],[103.857,10.321],[103.846,10.371],[103.934,10.366],[104.005,10.451],[104.082,10.371]],[[106.874,10.46],[106.82,10.467],[106.86,10.432],[106.84,10.405],[106.771,10.464],[106.752,10.567],[106.786,10.601],[106.752,10.666],[106.848,10.614],[106.84,10.559],[106.872,10.515],[106.84,10.495],[106.874,10.46]],[[107.08,20.8],[107.032,20.787],[107.073,20.732],[107.046,20.704],[106.913,20.837],[106.957,20.877],[107.005,20.842],[107.036,20.857],[107.108,20.8],[107.08,20.8]],[[106.84,20.88],[106.874,20.79],[106.82,20.877],[106.82,20.842],[106.771,20.859],[106.785,20.931],[106.84,20.88]],[[107.525,20.91],[107.464,20.814],[107.471,20.883],[107.525,20.91]],[[107.745,21.02],[107.793,20.986],[107.738,20.938],[107.745,21.02]],[[107.533,21.02],[107.558,21.035],[107.512,20.924],[107.395,20.897],[107.533,21.02]],[[107.581,21.212],[107.606,21.217],[107.59,21.193],[107.471,21.096],[107.373,21.06],[107.418,21.197],[107.45,21.205],[107.455,21.276],[107.533,21.199],[107.581,21.212]],[[107.869,21.39],[107.998,21.404],[107.841,21.349],[107.873,21.374],[107.827,21.376],[107.869,21.39]],[[108.943,10.552],[108.961,10.503],[108.93,10.515],[108.943,10.552]],[[109.393,12.602],[109.4,12.558],[109.312,12.614],[109.369,12.628],[109.393,12.602]],[[107.37,20.826],[107.384,20.799],[107.35,20.811],[107.341,20.843],[107.37,20.826]],[[107.382,20.888],[107.368,20.858],[107.333,20.883],[107.382,20.888]],[[107.826,21.025],[107.856,21.033],[107.818,20.988],[107.826,21.025]]]}},{"type":"Feature","properties":{"iso":"KH","name":"Cambodia"},"geometry":{"type":"MultiLineString","coordinates":[[[107.52,14.705],[107.505,14.541],[107.465,14.449],[107.387,14.422],[107.352,14.342],[107.359,14.239],[107.32,14.12],[107.355,14.002],[107.431,13.984],[107.443,13.783],[107.604,13.499],[107.607,13.37],[107.46,13.022],[107.565,12.606],[107.522,12.367],[107.416,12.254],[107.32,12.329],[107.212,12.306],[106.953,12.081],[106.772,12.066],[106.702,11.971],[106.394,11.97],[106.439,11.864],[106.398,11.762],[106.426,11.662],[106.354,11.69],[106.274,11.677],[106.224,11.725],[106.015,11.77],[105.934,11.643],[105.858,11.662],[105.805,11.625],[105.79,11.587],[105.853,11.547],[105.872,11.443],[105.844,11.29],[106.087,11.056],[106.114,11.087],[106.16,11.054],[106.188,10.976],[106.131,10.969],[106.122,10.925],[106.177,10.767],[106.018,10.82],[105.931,10.896],[105.879,10.828],[105.753,11.016],[105.474,10.941],[105.41,10.963],[105.318,10.839],[105.253,10.884],[105.098,10.914],[105.078,10.947],[105.011,10.884],[105.066,10.746],[105.042,10.691],[104.931,10.631],[104.854,10.531],[104.567,10.528],[104.47,10.416],[104.363,10.488],[104.298,10.481],[104.25,10.57],[104.089,10.555],[103.946,10.588],[103.866,10.699],[103.863,10.604],[103.821,10.544],[103.702,10.563],[103.747,10.509],[103.624,10.501],[103.606,10.556],[103.502,10.617],[103.567,10.727],[103.689,10.741],[103.678,10.801],[103.722,10.845],[103.722,10.895],[103.66,11.03],[103.675,11.064],[103.533,11.163],[103.469,11.152],[103.402,10.884],[103.352,10.872],[103.277,10.933],[103.223,10.878],[103.127,10.881],[103.14,10.899],[103.096,10.934],[103.118,11.149],[103.089,11.218],[103.058,11.221],[103.079,11.274],[103.152,11.318],[103.14,11.358],[103.1,11.356],[103.064,11.447],[103.13,11.46],[103.174,11.426],[103.14,11.509],[103.113,11.468],[103.064,11.504],[103.037,11.605],[103.03,11.543],[102.975,11.529],[102.955,11.557],[103.003,11.55],[102.994,11.636],[103.043,11.625],[102.989,11.673],[102.969,11.638],[102.986,11.703],[103.085,11.728],[102.982,11.714],[102.893,11.83],[102.969,11.714],[102.955,11.57],[102.914,11.646],[102.914,11.766],[102.692,12.178],[102.72,12.361],[102.762,12.436],[102.589,12.61],[102.486,12.661],[102.507,12.788],[102.465,12.928],[102.49,12.996],[102.382,13.137],[102.328,13.275],[102.313,13.541],[102.598,13.605],[102.542,13.67],[102.699,13.762],[102.773,13.936],[102.87,14.021],[102.934,14.201],[103.118,14.313],[103.45,14.372],[103.533,14.419],[103.596,14.404],[103.637,14.443],[103.671,14.43],[103.675,14.386],[103.885,14.34],[103.92,14.365],[104.001,14.345],[104.141,14.366],[104.177,14.404],[104.201,14.378],[104.247,14.401],[104.543,14.36],[104.61,14.419],[104.693,14.434],[104.713,14.407],[104.772,14.44],[104.974,14.381],[104.976,14.301],[105.047,14.214],[105.101,14.231],[105.184,14.346],[105.197,14.27],[105.338,14.11],[105.422,14.108],[105.533,14.164],[105.617,14.103],[105.744,14.087],[105.787,14.01],[105.9,13.923],[106.069,13.917],[106.082,13.981],[106.149,14.054],[106.012,14.226],[105.974,14.366],[106.173,14.37],[106.23,14.49],[106.306,14.445],[106.419,14.466],[106.436,14.524],[106.485,14.524],[106.472,14.564],[106.512,14.59],[106.544,14.512],[106.707,14.429],[106.807,14.313],[106.934,14.32],[107.027,14.435],[107.079,14.401],[107.131,14.428],[107.287,14.599],[107.415,14.543],[107.52,14.705]],[[103.784,10.515],[103.795,10.454],[103.743,10.481],[103.784,10.515]],[[103.297,10.731],[103.318,10.707],[103.277,10.673],[103.198,10.762],[103.245,10.778],[103.297,10.731]],[[103.037,11.358],[103.043,11.273],[103.008,11.255],[102.981,11.405],[103.024,11.417],[103.037,11.358]],[[103.03,11.502],[103.051,11.468],[103.03,11.426],[102.996,11.514],[103.03,11.502]],[[103.334,10.584],[103.313,10.552],[103.289,10.613],[103.32,10.617],[103.313,10.579],[103.334,10.584]]]}},{"type":"Feature","properties":{"iso":"AE","name":"United Arab Emirates"},"geometry":{"type":"MultiLineString","coordinates":[[[56.279,25.627],[56.34,25.605],[56.37,25.526],[56.383,24.978],[56.329,24.973],[56.308,24.895],[56.171,24.824],[56.099,24.731],[56.032,24.754],[55.965,24.854],[55.978,24.886],[56.029,24.861],[55.978,24.972],[55.897,24.969],[55.799,24.886],[55.818,24.643],[55.76,24.559],[55.775,24.426],[55.811,24.389],[55.756,24.23],[55.933,24.221],[55.998,24.081],[55.807,24.007],[55.647,24.025],[55.457,23.963],[55.531,23.875],[55.538,23.77],[55.226,23.121],[55.191,22.995],[55.187,22.704],[55.12,22.623],[52.558,22.939],[51.579,24.102],[51.594,24.385],[51.634,24.227],[51.673,24.278],[51.701,24.222],[51.759,24.291],[51.779,24.262],[51.809,24.001],[51.929,23.965],[51.953,23.991],[52.156,23.967],[52.341,24.008],[52.575,24.152],[52.6,24.21],[52.681,24.141],[52.947,24.138],[53.006,24.166],[53.067,24.122],[53.146,24.121],[53.165,24.17],[53.254,24.099],[53.446,24.12],[53.59,24.047],[53.879,24.065],[54.123,24.145],[54.323,24.271],[54.383,24.255],[54.427,24.292],[54.486,24.388],[54.486,24.447],[54.54,24.433],[54.513,24.474],[54.574,24.447],[54.571,24.473],[54.417,24.535],[54.452,24.557],[54.465,24.535],[54.486,24.57],[54.537,24.498],[54.582,24.508],[54.636,24.598],[54.616,24.621],[54.671,24.666],[54.643,24.749],[54.707,24.804],[54.754,24.792],[54.76,24.831],[55.082,25.017],[55.282,25.261],[55.318,25.225],[55.301,25.194],[55.329,25.201],[55.304,25.283],[55.363,25.324],[55.365,25.359],[55.473,25.413],[55.551,25.579],[55.548,25.529],[55.626,25.536],[55.76,25.68],[55.842,25.714],[55.96,25.824],[55.952,25.772],[55.966,25.834],[56.031,25.901],[56.041,25.934],[56.008,25.907],[56.077,26.061],[56.163,26.074],[56.183,26.015],[56.14,25.823],[56.172,25.765],[56.141,25.733],[56.145,25.671],[56.206,25.618],[56.279,25.627]],[[56.261,25.331],[56.208,25.255],[56.22,25.215],[56.344,25.267],[56.349,25.294],[56.261,25.331]],[[56.263,25.249],[56.265,25.281],[56.288,25.272],[56.263,25.249]],[[53.657,24.158],[53.628,24.164],[53.643,24.186],[53.848,24.275],[53.863,24.235],[53.965,24.173],[53.885,24.141],[53.837,24.177],[53.775,24.13],[53.657,24.158]],[[54.191,24.227],[54.113,24.272],[54.115,24.319],[54.188,24.277],[54.191,24.227]],[[52.574,24.344],[52.611,24.373],[52.651,24.325],[52.592,24.253],[52.556,24.307],[52.574,24.344]],[[53.323,24.263],[53.276,24.289],[53.187,24.276],[53.191,24.3],[53.33,24.336],[53.367,24.319],[53.417,24.413],[53.44,24.341],[53.323,24.263]],[[54.383,24.44],[54.335,24.469],[54.396,24.523],[54.397,24.483],[54.471,24.425],[54.383,24.44]],[[54.266,24.295],[54.222,24.284],[54.185,24.337],[54.232,24.358],[54.266,24.295]],[[54.326,24.373],[54.309,24.314],[54.279,24.364],[54.326,24.373]],[[52.31,24.539],[52.339,24.502],[52.314,24.476],[52.283,24.497],[52.31,24.539]]]}},{"type":"Feature","properties":{"iso":"GE","name":"Georgia"},"geometry":{"type":"MultiLineString","coordinates":[[[41.551,42.406],[41.5,42.641],[41.424,42.74],[41.225,42.802],[41.15,42.796],[41.023,42.99],[40.934,42.983],[40.856,43.063],[40.592,43.086],[40.398,43.162],[40.335,43.141],[40.219,43.319],[39.986,43.389],[40.073,43.551],[40.164,43.576],[40.52,43.505],[40.652,43.539],[41.012,43.375],[41.381,43.335],[41.413,43.291],[41.578,43.215],[42.043,43.181],[42.355,43.236],[42.615,43.137],[42.674,43.166],[42.83,43.169],[43.0,43.099],[42.999,43.042],[43.156,42.942],[43.517,42.86],[43.663,42.78],[43.801,42.746],[43.812,42.717],[43.723,42.625],[43.94,42.552],[44.055,42.615],[44.197,42.629],[44.272,42.702],[44.508,42.75],[44.679,42.724],[44.773,42.61],[44.834,42.734],[44.903,42.753],[45.03,42.689],[45.155,42.693],[45.323,42.53],[45.537,42.541],[45.699,42.508],[45.736,42.448],[45.631,42.201],[45.881,42.102],[45.948,42.023],[46.058,42.02],[46.099,41.985],[46.224,41.993],[46.294,41.939],[46.407,41.915],[46.431,41.89],[46.328,41.766],[46.189,41.74],[46.193,41.61],[46.254,41.616],[46.314,41.494],[46.592,41.373],[46.695,41.27],[46.602,41.094],[46.544,41.097],[46.475,41.044],[46.229,41.195],[45.969,41.168],[45.71,41.268],[45.686,41.296],[45.744,41.335],[45.465,41.43],[45.282,41.453],[44.955,41.263],[44.821,41.273],[44.801,41.259],[44.848,41.209],[44.613,41.223],[44.552,41.177],[44.517,41.207],[44.455,41.18],[44.345,41.213],[44.285,41.191],[44.18,41.23],[44.125,41.178],[43.863,41.159],[43.754,41.108],[43.45,41.105],[43.438,41.156],[43.383,41.187],[43.231,41.173],[43.172,41.242],[43.103,41.249],[43.184,41.299],[43.002,41.383],[42.868,41.5],[42.83,41.473],[42.767,41.504],[42.807,41.543],[42.801,41.579],[42.585,41.579],[42.463,41.432],[42.158,41.5],[41.948,41.506],[41.813,41.422],[41.703,41.489],[41.521,41.514],[41.616,41.633],[41.676,41.662],[41.774,41.822],[41.756,42.006],[41.664,42.114],[41.649,42.212],[41.551,42.406]]]}},{"type":"Feature","properties":{"iso":"AZ","name":"Azerbaijan"},"geometry":{"type":"MultiLineString","coordinates":[[[44.979,41.082],[45.019,41.075],[45.016,41.023],[44.967,41.045],[44.979,41.082]],[[45.002,41.29],[45.25,41.444],[45.465,41.43],[45.744,41.335],[45.686,41.296],[45.821,41.209],[46.017,41.164],[46.211,41.2],[46.497,41.045],[46.522,41.087],[46.621,41.115],[46.688,41.284],[46.592,41.373],[46.314,41.494],[46.254,41.616],[46.22,41.593],[46.18,41.655],[46.189,41.74],[46.314,41.757],[46.431,41.89],[46.544,41.874],[46.568,41.787],[46.741,41.851],[46.769,41.776],[46.902,41.713],[47.027,41.557],[47.141,41.552],[47.239,41.416],[47.268,41.303],[47.501,41.246],[47.547,41.206],[47.622,41.229],[47.829,41.198],[47.895,41.219],[47.892,41.283],[47.953,41.356],[48.002,41.362],[48.054,41.461],[48.202,41.493],[48.393,41.599],[48.579,41.845],[49.042,41.414],[49.136,41.275],[49.195,41.057],[49.382,40.867],[49.539,40.788],[49.51,40.699],[49.539,40.654],[49.817,40.565],[50.052,40.584],[50.109,40.527],[50.238,40.496],[50.351,40.386],[50.391,40.235],[50.23,40.343],[50.128,40.359],[49.984,40.324],[49.893,40.369],[49.819,40.292],[49.577,40.217],[49.493,40.154],[49.497,40.095],[49.433,40.063],[49.484,39.989],[49.424,39.935],[49.443,39.873],[49.395,39.782],[49.424,39.71],[49.318,39.621],[49.285,39.522],[49.296,39.477],[49.409,39.386],[49.407,39.324],[49.367,39.351],[49.407,39.289],[49.306,39.347],[49.273,39.337],[49.237,39.279],[49.203,39.034],[49.079,38.963],[49.056,39.008],[49.125,39.028],[49.148,39.083],[49.069,39.111],[49.041,39.184],[48.968,39.184],[48.935,39.124],[48.953,39.032],[48.922,38.935],[48.868,38.864],[48.832,38.871],[48.863,38.757],[48.874,38.434],[48.778,38.445],[48.608,38.396],[48.415,38.618],[48.31,38.6],[48.228,38.662],[48.223,38.721],[47.993,38.85],[47.991,38.891],[48.059,38.948],[48.294,39.005],[48.307,39.045],[48.271,39.108],[48.142,39.181],[48.106,39.269],[48.154,39.319],[48.339,39.379],[47.971,39.705],[47.823,39.68],[47.541,39.515],[47.407,39.477],[47.291,39.38],[47.102,39.308],[47.02,39.19],[46.866,39.165],[46.585,38.908],[46.514,38.882],[46.475,38.951],[46.492,39.082],[46.395,39.195],[46.514,39.184],[46.603,39.215],[46.361,39.41],[46.491,39.466],[46.524,39.555],[46.396,39.577],[46.344,39.619],[46.184,39.593],[45.979,39.768],[45.817,39.839],[45.743,39.941],[45.579,39.97],[45.64,40.025],[45.874,40.01],[45.963,40.142],[45.979,40.224],[45.526,40.441],[45.388,40.61],[45.374,40.675],[45.556,40.777],[45.599,40.863],[45.416,40.961],[45.419,41.017],[45.313,40.997],[45.12,41.08],[45.111,41.05],[45.07,41.062],[45.068,41.111],[45.167,41.108],[45.2,41.143],[45.134,41.188],[45.035,41.198],[45.002,41.29]],[[45.514,40.602],[45.561,40.648],[45.479,40.65],[45.479,40.61],[45.514,40.602]],[[46.136,38.864],[45.439,39.004],[45.435,39.053],[45.311,39.201],[45.153,39.214],[45.096,39.341],[44.957,39.434],[44.886,39.606],[44.81,39.637],[44.775,39.703],[45.034,39.77],[45.152,39.668],[45.148,39.575],[45.26,39.6],[45.313,39.534],[45.435,39.489],[45.715,39.569],[45.788,39.549],[45.803,39.448],[45.759,39.369],[45.986,39.249],[45.958,39.152],[46.136,38.864]],[[50.619,40.3],[50.565,40.338],[50.607,40.338],[50.619,40.3]],[[50.388,40.402],[50.354,40.4],[50.326,40.482],[50.361,40.474],[50.388,40.402]]]}},{"type":"Feature","properties":{"iso":"TR","name":"Turkey"},"geometry":{"type":"MultiLineString","coordinates":[[[43.44,41.107],[43.46,41.023],[43.636,40.934],[43.721,40.763],[43.707,40.612],[43.653,40.529],[43.559,40.478],[43.625,40.42],[43.594,40.345],[43.721,40.169],[43.653,40.139],[43.665,40.11],[44.032,40.009],[44.104,40.036],[44.326,40.035],[44.522,39.934],[44.598,39.831],[44.692,39.793],[44.807,39.64],[44.566,39.766],[44.459,39.698],[44.388,39.414],[44.295,39.381],[44.177,39.412],[44.015,39.374],[44.069,39.287],[44.078,39.2],[44.187,39.145],[44.152,38.965],[44.206,38.876],[44.275,38.844],[44.244,38.659],[44.297,38.622],[44.29,38.382],[44.409,38.382],[44.459,38.338],[44.372,38.25],[44.361,38.148],[44.228,37.981],[44.202,37.897],[44.367,37.86],[44.433,37.806],[44.436,37.768],[44.506,37.779],[44.596,37.716],[44.541,37.633],[44.587,37.584],[44.566,37.447],[44.802,37.293],[44.754,37.215],[44.766,37.142],[44.61,37.178],[44.454,37.076],[44.343,37.042],[44.285,36.969],[44.234,36.984],[44.18,37.088],[44.248,37.17],[44.235,37.237],[44.088,37.311],[43.99,37.313],[43.894,37.225],[43.809,37.2],[43.747,37.231],[43.48,37.243],[43.336,37.32],[43.27,37.309],[43.115,37.371],[42.937,37.32],[42.78,37.375],[42.716,37.355],[42.545,37.141],[42.357,37.11],[42.347,37.24],[42.292,37.285],[42.223,37.288],[42.211,37.325],[42.009,37.176],[41.48,37.076],[41.201,37.065],[40.896,37.123],[40.709,37.1],[39.765,36.742],[39.24,36.661],[39.032,36.701],[38.725,36.694],[38.48,36.856],[38.224,36.908],[37.82,36.761],[37.654,36.732],[37.446,36.634],[37.242,36.659],[37.104,36.651],[37.053,36.62],[36.965,36.754],[36.64,36.828],[36.531,36.479],[36.593,36.373],[36.578,36.333],[36.649,36.306],[36.67,36.237],[36.48,36.226],[36.451,36.2],[36.373,36.228],[36.358,35.994],[36.297,36.001],[36.269,35.959],[36.197,35.952],[36.138,35.82],[36.004,35.869],[35.98,35.927],[35.911,35.918],[35.975,36.018],[35.787,36.304],[35.919,36.448],[36.179,36.596],[36.211,36.642],[36.189,36.802],[36.095,36.897],[36.02,36.926],[35.805,36.775],[35.684,36.765],[35.614,36.72],[35.607,36.74],[35.579,36.685],[35.648,36.733],[35.709,36.72],[35.623,36.681],[35.609,36.647],[35.696,36.706],[35.624,36.603],[35.557,36.587],[35.49,36.614],[35.531,36.583],[35.445,36.596],[35.346,36.541],[34.982,36.721],[34.9,36.72],[34.908,36.74],[34.771,36.816],[34.693,36.814],[34.555,36.768],[34.276,36.587],[34.178,36.473],[34.077,36.414],[34.078,36.329],[34.0,36.303],[33.959,36.214],[33.931,36.29],[33.871,36.315],[33.799,36.231],[33.705,36.182],[33.688,36.137],[33.647,36.193],[33.552,36.128],[33.458,36.158],[33.157,36.137],[33.088,36.083],[32.941,36.104],[32.804,36.027],[32.671,36.047],[32.365,36.178],[32.019,36.547],[31.817,36.59],[31.379,36.768],[31.341,36.809],[30.776,36.85],[30.687,36.891],[30.57,36.781],[30.57,36.528],[30.475,36.402],[30.52,36.342],[30.427,36.226],[30.399,36.206],[30.384,36.274],[30.159,36.299],[30.111,36.24],[30.048,36.259],[29.83,36.185],[29.78,36.139],[29.719,36.163],[29.672,36.123],[29.624,36.178],[29.642,36.187],[29.584,36.185],[29.624,36.199],[29.42,36.231],[29.412,36.267],[29.35,36.233],[29.096,36.391],[29.13,36.411],[29.096,36.473],[29.124,36.493],[29.115,36.553],[29.014,36.548],[29.042,36.624],[29.117,36.634],[29.096,36.665],[28.939,36.751],[28.85,36.665],[28.87,36.631],[28.884,36.671],[28.902,36.658],[28.87,36.607],[28.829,36.603],[28.843,36.638],[28.746,36.698],[28.623,36.699],[28.61,36.816],[28.487,36.802],[28.452,36.884],[28.377,36.854],[28.425,36.829],[28.396,36.789],[28.315,36.816],[28.278,36.796],[28.315,36.829],[28.257,36.846],[28.249,36.767],[28.295,36.72],[28.234,36.72],[28.036,36.565],[27.978,36.566],[27.959,36.603],[28.034,36.603],[28.09,36.644],[28.048,36.638],[28.038,36.691],[28.03,36.67],[27.966,36.689],[28.116,36.719],[28.082,36.747],[28.11,36.775],[28.131,36.754],[28.107,36.803],[27.918,36.74],[27.719,36.756],[27.671,36.658],[27.555,36.685],[27.473,36.651],[27.404,36.665],[27.356,36.712],[27.414,36.709],[27.45,36.754],[27.612,36.765],[27.645,36.806],[27.76,36.781],[27.897,36.812],[28.028,36.781],[28.055,36.809],[28.007,36.857],[28.055,36.871],[28.021,36.912],[28.062,36.926],[28.042,36.939],[28.165,36.912],[28.157,36.946],[28.185,36.939],[28.212,37.0],[28.245,36.988],[28.329,37.037],[28.11,37.014],[27.987,37.035],[27.78,36.994],[27.567,36.997],[27.562,36.973],[27.438,37.028],[27.397,37.028],[27.383,36.994],[27.376,37.028],[27.329,37.014],[27.308,36.959],[27.263,36.963],[27.229,37.062],[27.294,37.11],[27.253,37.124],[27.383,37.152],[27.46,37.09],[27.565,37.126],[27.528,37.193],[27.61,37.2],[27.589,37.231],[27.616,37.275],[27.553,37.273],[27.515,37.229],[27.509,37.268],[27.464,37.252],[27.491,37.327],[27.397,37.323],[27.397,37.366],[27.438,37.391],[27.407,37.413],[27.322,37.371],[27.33,37.352],[27.191,37.357],[27.226,37.405],[27.223,37.477],[27.178,37.467],[27.209,37.597],[27.011,37.666],[27.25,37.744],[27.239,37.864],[27.275,37.929],[27.239,37.988],[27.141,37.986],[26.975,38.065],[26.873,38.035],[26.76,38.217],[26.636,38.204],[26.595,38.104],[26.519,38.18],[26.417,38.221],[26.417,38.2],[26.39,38.262],[26.354,38.228],[26.233,38.28],[26.308,38.323],[26.294,38.37],[26.321,38.378],[26.314,38.337],[26.385,38.318],[26.383,38.344],[26.476,38.367],[26.452,38.426],[26.489,38.406],[26.513,38.433],[26.441,38.473],[26.388,38.454],[26.404,38.488],[26.349,38.635],[26.414,38.679],[26.506,38.653],[26.63,38.519],[26.643,38.468],[26.588,38.461],[26.588,38.419],[26.673,38.307],[26.7,38.326],[26.671,38.385],[26.702,38.43],[26.795,38.359],[27.013,38.413],[27.089,38.402],[27.164,38.447],[27.022,38.462],[26.935,38.435],[26.815,38.543],[26.89,38.508],[26.835,38.549],[26.849,38.597],[26.794,38.597],[26.719,38.653],[26.753,38.666],[26.719,38.721],[26.818,38.755],[26.903,38.735],[26.935,38.77],[26.897,38.817],[26.938,38.83],[26.961,38.806],[26.959,38.844],[27.063,38.887],[27.041,38.94],[26.866,38.913],[26.806,38.95],[26.815,39.022],[26.794,39.022],[26.875,39.091],[26.738,39.197],[26.719,39.263],[26.609,39.275],[26.646,39.318],[26.671,39.283],[26.815,39.399],[26.801,39.434],[26.93,39.488],[26.938,39.575],[26.457,39.521],[26.249,39.466],[26.113,39.459],[26.07,39.496],[26.157,39.649],[26.136,39.838],[26.168,39.974],[26.198,40.009],[26.311,40.019],[26.393,40.108],[26.408,40.194],[26.501,40.213],[26.736,40.404],[26.991,40.389],[27.096,40.452],[27.287,40.468],[27.329,40.414],[27.294,40.406],[27.452,40.322],[27.763,40.315],[27.884,40.386],[27.792,40.393],[27.684,40.496],[27.76,40.537],[28.034,40.474],[27.904,40.4],[27.945,40.366],[28.348,40.404],[28.638,40.365],[28.772,40.403],[29.052,40.367],[29.09,40.427],[29.152,40.434],[29.112,40.466],[28.969,40.461],[28.774,40.523],[28.97,40.639],[29.282,40.666],[29.392,40.708],[29.417,40.687],[29.501,40.729],[29.56,40.691],[29.939,40.735],[29.929,40.758],[29.775,40.749],[29.666,40.784],[29.378,40.757],[29.315,40.824],[29.255,40.811],[29.295,40.839],[29.264,40.87],[29.028,40.982],[29.008,41.031],[29.062,41.076],[29.091,41.141],[29.069,41.153],[29.17,41.233],[30.137,41.144],[30.282,41.216],[30.833,41.08],[31.231,41.092],[31.393,41.188],[31.404,41.316],[32.162,41.612],[32.263,41.72],[32.4,41.742],[32.613,41.84],[32.926,41.882],[33.324,42.019],[34.694,41.946],[34.889,42.008],[34.948,42.099],[35.024,42.093],[35.082,42.029],[35.216,42.024],[35.117,42.007],[35.092,41.928],[35.225,41.762],[35.298,41.715],[35.577,41.63],[35.957,41.736],[35.915,41.646],[35.973,41.729],[36.045,41.701],[36.134,41.599],[36.134,41.462],[36.395,41.256],[36.518,41.263],[36.62,41.375],[36.758,41.366],[36.985,41.295],[37.04,41.182],[37.136,41.147],[37.299,41.14],[37.525,41.037],[37.608,41.05],[37.69,41.14],[37.715,41.115],[37.784,41.123],[37.785,41.06],[37.896,40.982],[38.268,40.95],[38.331,40.918],[38.539,40.927],[38.637,40.976],[38.718,40.955],[38.908,41.038],[39.168,41.08],[39.273,41.05],[39.43,41.112],[39.63,41.008],[39.73,41.017],[39.896,40.955],[39.999,40.982],[40.143,40.923],[40.465,41.05],[40.557,41.042],[40.698,41.098],[40.827,41.198],[40.922,41.191],[41.39,41.379],[41.521,41.514],[41.703,41.489],[41.813,41.422],[41.948,41.506],[42.158,41.5],[42.463,41.432],[42.536,41.493],[42.565,41.567],[42.661,41.588],[42.82,41.572],[42.767,41.504],[42.83,41.473],[42.868,41.5],[43.002,41.383],[43.184,41.299],[43.103,41.249],[43.172,41.242],[43.231,41.173],[43.383,41.187],[43.438,41.156],[43.44,41.107]],[[28.017,41.973],[28.045,41.89],[27.978,41.887],[27.972,41.822],[28.097,41.627],[28.233,41.519],[28.908,41.267],[29.109,41.235],[29.041,41.164],[29.071,41.13],[28.992,41.008],[28.822,40.962],[28.625,40.968],[28.552,41.081],[28.528,41.085],[28.563,41.037],[28.541,40.99],[28.435,41.043],[28.165,41.085],[28.013,41.041],[27.941,40.971],[27.738,41.013],[27.524,40.989],[27.425,40.831],[27.288,40.704],[27.178,40.633],[27.048,40.612],[26.99,40.564],[26.683,40.455],[26.602,40.346],[26.346,40.2],[26.376,40.154],[26.231,40.065],[26.157,40.055],[26.272,40.23],[26.219,40.331],[26.564,40.499],[26.684,40.515],[26.829,40.602],[26.79,40.661],[26.506,40.599],[26.091,40.605],[26.054,40.661],[26.033,40.735],[26.112,40.747],[26.226,40.899],[26.304,40.909],[26.359,40.965],[26.333,40.991],[26.374,41.031],[26.325,41.074],[26.321,41.246],[26.412,41.266],[26.54,41.352],[26.591,41.329],[26.632,41.358],[26.595,41.612],[26.576,41.591],[26.464,41.649],[26.476,41.676],[26.333,41.713],[26.334,41.79],[26.526,41.824],[26.543,41.92],[26.606,41.967],[26.819,41.966],[26.939,41.996],[27.047,42.083],[27.174,42.057],[27.216,42.096],[27.273,42.092],[27.546,41.901],[27.687,41.969],[27.815,41.947],[27.812,41.995],[28.017,41.973]],[[26.061,39.838],[26.083,39.835],[26.075,39.785],[25.978,39.834],[26.061,39.838]],[[26.012,40.167],[25.99,40.137],[25.766,40.097],[25.663,40.126],[25.759,40.207],[25.926,40.243],[25.972,40.221],[25.963,40.157],[26.012,40.167]],[[27.658,40.653],[27.733,40.625],[27.605,40.577],[27.536,40.602],[27.526,40.639],[27.658,40.653]],[[27.645,40.46],[27.58,40.477],[27.607,40.505],[27.645,40.46]]]}},{"type":"Feature","properties":{"iso":"LA","name":"Laos"},"geometry":{"type":"MultiLineString","coordinates":[[[102.119,22.398],[102.207,22.245],[102.483,22.021],[102.478,21.958],[102.591,21.901],[102.651,21.658],[102.752,21.681],[102.807,21.836],[102.847,21.704],[102.948,21.737],[102.974,21.575],[102.85,21.425],[102.918,21.45],[102.875,21.305],[102.801,21.255],[102.888,21.227],[102.883,21.176],[102.947,21.076],[103.015,21.041],[103.13,20.855],[103.348,20.789],[103.44,20.816],[103.489,20.752],[103.578,20.733],[103.676,20.657],[103.714,20.672],[103.707,20.722],[103.755,20.743],[103.785,20.846],[104.011,20.908],[104.092,20.961],[104.279,20.892],[104.389,20.771],[104.453,20.764],[104.492,20.702],[104.615,20.646],[104.543,20.536],[104.496,20.512],[104.445,20.535],[104.36,20.44],[104.576,20.414],[104.681,20.341],[104.657,20.213],[104.819,20.221],[104.908,20.175],[104.905,20.135],[104.964,20.076],[104.949,19.995],[104.874,19.983],[104.781,19.908],[104.756,19.867],[104.817,19.848],[104.805,19.791],[104.676,19.725],[104.614,19.607],[104.506,19.603],[104.38,19.685],[104.295,19.655],[104.229,19.706],[104.089,19.652],[104.001,19.681],[104.09,19.484],[104.038,19.413],[103.953,19.391],[103.848,19.3],[103.973,19.225],[104.148,19.183],[104.211,19.101],[104.26,19.104],[104.413,18.983],[104.498,18.968],[104.71,18.796],[104.873,18.778],[104.92,18.736],[105.113,18.698],[105.169,18.615],[105.114,18.581],[105.08,18.454],[105.163,18.366],[105.166,18.307],[105.236,18.249],[105.293,18.253],[105.295,18.196],[105.366,18.151],[105.41,18.202],[105.467,18.181],[105.476,18.127],[105.606,17.964],[105.605,17.854],[105.723,17.673],[105.82,17.622],[106.019,17.394],[106.185,17.257],[106.222,17.245],[106.285,17.285],[106.306,17.177],[106.395,17.068],[106.411,16.996],[106.497,16.964],[106.525,16.989],[106.541,16.659],[106.64,16.587],[106.671,16.444],[106.742,16.422],[106.847,16.53],[106.856,16.415],[106.957,16.307],[107.108,16.267],[107.142,16.177],[107.299,16.064],[107.436,16.069],[107.445,16.01],[107.376,15.919],[107.186,15.859],[107.149,15.773],[107.226,15.717],[107.239,15.645],[107.316,15.589],[107.369,15.496],[107.443,15.509],[107.487,15.481],[107.494,15.42],[107.573,15.411],[107.587,15.343],[107.664,15.269],[107.654,15.2],[107.58,15.097],[107.589,15.058],[107.446,15.025],[107.462,14.957],[107.558,14.887],[107.491,14.804],[107.52,14.705],[107.415,14.543],[107.287,14.599],[107.22,14.498],[107.181,14.496],[107.101,14.408],[107.027,14.435],[106.946,14.324],[106.885,14.336],[106.836,14.307],[106.707,14.429],[106.544,14.512],[106.512,14.59],[106.472,14.564],[106.485,14.524],[106.436,14.524],[106.445,14.499],[106.394,14.456],[106.306,14.445],[106.23,14.49],[106.173,14.37],[105.969,14.355],[106.012,14.226],[106.149,14.054],[106.082,13.981],[106.069,13.917],[105.9,13.923],[105.787,14.01],[105.744,14.087],[105.617,14.103],[105.533,14.164],[105.364,14.104],[105.257,14.182],[105.184,14.346],[105.416,14.428],[105.508,14.564],[105.489,14.786],[105.551,14.902],[105.534,14.934],[105.593,14.991],[105.452,15.095],[105.444,15.134],[105.463,15.189],[105.564,15.273],[105.558,15.325],[105.477,15.353],[105.604,15.439],[105.641,15.682],[105.569,15.749],[105.448,15.765],[105.412,15.8],[105.361,15.919],[105.422,16.01],[105.058,16.121],[105.015,16.277],[104.765,16.511],[104.748,16.572],[104.779,16.705],[104.74,17.003],[104.81,17.172],[104.816,17.373],[104.703,17.527],[104.452,17.666],[104.353,17.819],[104.27,17.874],[104.211,18.009],[104.122,18.095],[103.975,18.331],[103.874,18.283],[103.801,18.338],[103.549,18.415],[103.307,18.426],[103.234,18.356],[103.295,18.288],[103.168,18.25],[103.139,18.167],[103.071,18.126],[103.073,18.036],[103.038,17.991],[102.955,18.012],[102.853,17.972],[102.673,17.865],[102.683,17.81],[102.595,17.841],[102.6,17.955],[102.412,17.994],[102.257,18.094],[102.172,18.2],[102.079,18.214],[101.904,18.037],[101.79,18.074],[101.729,17.912],[101.578,17.868],[101.534,17.81],[101.556,17.792],[101.468,17.72],[101.453,17.751],[101.388,17.729],[101.384,17.685],[101.247,17.592],[101.132,17.462],[100.886,17.574],[101.001,17.885],[101.165,18.053],[101.142,18.124],[101.163,18.195],[101.128,18.246],[101.155,18.323],[101.03,18.428],[101.235,18.658],[101.206,18.73],[101.225,18.875],[101.326,19.021],[101.236,19.128],[101.211,19.326],[101.172,19.376],[101.193,19.453],[101.252,19.494],[101.255,19.547],[101.208,19.59],[101.125,19.565],[101.003,19.611],[100.88,19.614],[100.753,19.482],[100.633,19.542],[100.567,19.496],[100.474,19.525],[100.379,19.746],[100.484,19.881],[100.547,20.168],[100.529,20.15],[100.461,20.191],[100.344,20.39],[100.24,20.373],[100.153,20.239],[100.103,20.264],[100.1,20.362],[100.173,20.622],[100.275,20.762],[100.365,20.828],[100.537,20.808],[100.652,20.877],[100.534,20.874],[100.518,20.906],[100.557,20.992],[100.543,21.027],[100.626,21.054],[100.689,21.159],[100.725,21.312],[100.851,21.315],[101.157,21.52],[101.159,21.553],[101.187,21.535],[101.171,21.403],[101.235,21.364],[101.209,21.246],[101.26,21.179],[101.518,21.243],[101.584,21.224],[101.582,21.176],[101.655,21.189],[101.704,21.135],[101.767,21.151],[101.76,21.196],[101.824,21.234],[101.716,21.338],[101.736,21.571],[101.794,21.588],[101.804,21.626],[101.756,21.649],[101.729,21.718],[101.751,21.816],[101.674,21.931],[101.607,21.968],[101.555,22.09],[101.562,22.176],[101.516,22.245],[101.601,22.277],[101.655,22.446],[101.713,22.492],[101.785,22.472],[101.843,22.383],[101.868,22.379],[101.892,22.43],[101.995,22.447],[102.119,22.398]]]}},{"type":"Feature","properties":{"iso":"KG","name":"Kyrgyzstan"},"geometry":{"type":"MultiLineString","coordinates":[[[80.21,42.19],[80.257,42.084],[80.231,42.034],[79.843,42.002],[79.748,41.88],[79.611,41.868],[79.391,41.773],[79.282,41.783],[78.658,41.532],[78.619,41.478],[78.36,41.378],[78.349,41.27],[78.075,41.04],[77.831,41.063],[77.65,40.997],[77.504,40.981],[77.008,41.044],[76.861,41.013],[76.767,40.945],[76.762,40.847],[76.648,40.765],[76.621,40.611],[76.556,40.566],[76.476,40.436],[76.33,40.348],[76.244,40.441],[76.151,40.368],[76.052,40.39],[75.902,40.299],[75.682,40.292],[75.638,40.386],[75.667,40.45],[75.618,40.494],[75.56,40.633],[75.194,40.441],[75.138,40.464],[75.002,40.447],[74.835,40.512],[74.787,40.421],[74.862,40.326],[74.706,40.331],[74.334,40.094],[74.168,40.106],[73.966,40.033],[73.823,39.806],[73.83,39.747],[73.894,39.71],[73.927,39.593],[73.821,39.468],[73.477,39.465],[73.168,39.355],[72.835,39.356],[72.634,39.394],[72.576,39.359],[72.519,39.376],[72.316,39.329],[72.229,39.189],[72.203,39.241],[72.095,39.275],[72.05,39.369],[71.751,39.274],[71.711,39.321],[71.748,39.38],[71.74,39.448],[71.513,39.459],[71.492,39.494],[71.531,39.553],[71.46,39.612],[71.249,39.514],[71.096,39.512],[70.977,39.395],[70.903,39.421],[70.77,39.382],[70.713,39.398],[70.7,39.472],[70.622,39.564],[70.477,39.601],[70.223,39.519],[70.201,39.619],[70.132,39.55],[70.04,39.574],[69.979,39.534],[69.83,39.536],[69.669,39.578],[69.412,39.525],[69.362,39.553],[69.3,39.516],[69.288,39.678],[69.226,39.751],[69.31,39.985],[69.405,39.896],[69.502,39.922],[69.463,40.025],[69.518,40.125],[69.575,40.104],[70.005,40.209],[70.147,40.137],[70.242,40.133],[70.324,40.078],[70.525,40.034],[70.521,39.994],[70.451,39.937],[70.477,39.901],[70.501,39.941],[70.614,39.976],[70.666,40.104],[70.792,40.161],[70.929,40.171],[70.995,40.267],[71.201,40.264],[71.254,40.324],[71.521,40.204],[71.593,40.198],[71.628,40.259],[71.673,40.148],[71.707,40.144],[71.836,40.249],[72.019,40.24],[71.957,40.316],[72.166,40.454],[72.254,40.458],[72.212,40.426],[72.394,40.389],[72.426,40.459],[72.363,40.512],[72.352,40.602],[72.625,40.51],[72.664,40.578],[72.748,40.575],[72.784,40.67],[73.149,40.814],[73.003,40.87],[72.87,40.818],[72.869,40.864],[72.658,40.867],[72.483,40.971],[72.482,41.009],[72.395,41.022],[72.332,41.073],[72.29,41.024],[72.165,40.999],[72.186,41.061],[72.158,41.188],[72.108,41.196],[72.034,41.157],[71.977,41.195],[71.872,41.194],[71.847,41.342],[71.745,41.453],[71.672,41.425],[71.671,41.547],[71.627,41.543],[71.595,41.494],[71.637,41.431],[71.586,41.324],[71.524,41.297],[71.419,41.347],[71.416,41.127],[71.394,41.113],[71.325,41.157],[71.276,41.113],[71.206,41.189],[71.18,41.108],[71.025,41.19],[70.914,41.193],[70.829,41.249],[70.77,41.239],[70.769,41.352],[70.668,41.471],[70.453,41.405],[70.344,41.494],[70.167,41.52],[70.169,41.578],[70.454,41.712],[70.649,41.887],[70.814,41.92],[70.845,42.03],[70.977,42.044],[71.238,42.16],[71.253,42.198],[71.078,42.281],[71.014,42.288],[70.948,42.248],[70.853,42.306],[70.933,42.376],[70.962,42.468],[71.064,42.47],[71.003,42.564],[71.127,42.591],[71.158,42.688],[71.263,42.754],[71.348,42.743],[71.405,42.795],[71.566,42.757],[71.848,42.834],[72.105,42.75],[72.292,42.761],[72.477,42.683],[72.726,42.653],[72.875,42.544],[73.115,42.551],[73.301,42.507],[73.326,42.429],[73.505,42.403],[73.418,42.556],[73.413,42.627],[73.504,42.794],[73.493,42.895],[73.571,43.032],[73.902,43.131],[73.965,43.217],[74.04,43.182],[74.197,43.196],[74.217,43.217],[74.179,43.262],[74.558,43.115],[74.714,43.0],[74.863,42.976],[75.179,42.85],[75.62,42.805],[75.704,42.83],[75.797,42.936],[76.254,42.921],[76.414,42.885],[76.481,42.917],[76.585,42.895],[76.708,42.914],[76.957,42.989],[77.124,42.959],[77.179,42.913],[77.328,42.898],[77.419,42.922],[77.558,42.888],[77.714,42.908],[78.031,42.855],[78.311,42.851],[78.43,42.881],[78.993,42.757],[79.148,42.791],[79.181,42.776],[79.206,42.656],[79.353,42.577],[79.426,42.47],[79.918,42.424],[80.21,42.19]],[[71.786,39.99],[71.666,39.94],[71.757,39.903],[71.786,39.99]],[[71.177,40.042],[71.079,40.079],[71.009,40.158],[70.954,40.096],[70.983,40.021],[71.046,39.992],[71.008,39.911],[71.022,39.881],[71.061,39.904],[71.099,39.876],[71.208,39.889],[71.221,39.932],[71.175,39.994],[71.244,40.047],[71.177,40.042]],[[70.499,39.882],[70.49,39.85],[70.582,39.767],[70.705,39.822],[70.699,39.858],[70.499,39.882]]]}},{"type":"Feature","properties":{"iso":"AM","name":"Armenia"},"geometry":{"type":"MultiLineString","coordinates":[[[45.002,41.29],[45.035,41.198],[45.134,41.188],[45.2,41.143],[45.167,41.108],[45.068,41.111],[45.07,41.062],[45.111,41.05],[45.12,41.08],[45.313,40.997],[45.419,41.017],[45.416,40.961],[45.599,40.863],[45.556,40.777],[45.374,40.675],[45.388,40.61],[45.526,40.441],[45.979,40.224],[45.963,40.142],[45.874,40.01],[45.64,40.025],[45.579,39.97],[45.743,39.941],[45.817,39.839],[45.979,39.768],[46.184,39.593],[46.344,39.619],[46.396,39.577],[46.524,39.555],[46.491,39.466],[46.361,39.41],[46.603,39.215],[46.514,39.184],[46.395,39.195],[46.492,39.082],[46.475,38.951],[46.514,38.882],[46.378,38.925],[46.136,38.864],[45.958,39.152],[45.986,39.249],[45.759,39.369],[45.803,39.448],[45.797,39.536],[45.765,39.562],[45.586,39.545],[45.435,39.489],[45.313,39.534],[45.26,39.6],[45.148,39.575],[45.152,39.668],[45.034,39.77],[44.775,39.703],[44.692,39.793],[44.598,39.831],[44.522,39.934],[44.326,40.035],[44.104,40.036],[44.032,40.009],[43.665,40.11],[43.653,40.139],[43.721,40.169],[43.594,40.345],[43.625,40.42],[43.559,40.478],[43.653,40.529],[43.707,40.612],[43.721,40.763],[43.636,40.934],[43.46,41.023],[43.44,41.107],[43.754,41.108],[43.863,41.159],[44.125,41.178],[44.18,41.23],[44.285,41.191],[44.345,41.213],[44.455,41.18],[44.517,41.207],[44.552,41.177],[44.613,41.223],[44.848,41.209],[44.801,41.259],[44.821,41.273],[44.955,41.263],[45.002,41.29]],[[44.979,41.082],[44.967,41.045],[45.016,41.023],[45.019,41.075],[44.979,41.082]],[[45.514,40.602],[45.479,40.61],[45.479,40.65],[45.561,40.648],[45.514,40.602]]]}},{"type":"Feature","properties":{"iso":"DJ","name":"Djibouti"},"geometry":{"type":"MultiLineString","coordinates":[[[43.241,11.488],[42.924,10.999],[42.873,10.978],[42.772,10.996],[42.73,11.065],[42.616,11.09],[42.392,11.006],[42.096,10.99],[41.938,10.93],[41.761,10.996],[41.788,11.26],[41.749,11.538],[41.792,11.704],[41.936,11.827],[42.431,12.52],[42.522,12.496],[42.678,12.36],[42.792,12.429],[42.785,12.517],[42.869,12.626],[43.118,12.708],[43.283,12.497],[43.329,12.489],[43.414,12.225],[43.413,12.059],[43.377,12.005],[43.207,11.958],[43.056,11.804],[42.777,11.732],[42.668,11.569],[42.515,11.574],[42.539,11.503],[42.604,11.468],[42.682,11.485],[42.665,11.516],[42.694,11.546],[42.856,11.596],[43.103,11.577],[43.152,11.612],[43.184,11.527],[43.241,11.488]]]}},{"type":"Feature","properties":{"iso":"ER","name":"Eritrea"},"geometry":{"type":"MultiLineString","coordinates":[[[43.118,12.708],[42.869,12.626],[42.785,12.517],[42.792,12.429],[42.678,12.36],[42.476,12.516],[42.431,12.52],[42.379,12.466],[42.185,12.733],[41.947,12.876],[41.712,13.248],[41.192,13.616],[41.044,13.872],[40.833,14.106],[40.48,14.244],[40.277,14.405],[40.105,14.466],[39.892,14.427],[39.797,14.495],[39.651,14.497],[39.515,14.568],[39.449,14.505],[39.269,14.486],[39.208,14.44],[39.127,14.602],[39.01,14.651],[38.98,14.567],[38.866,14.494],[38.427,14.417],[38.313,14.519],[38.229,14.68],[38.115,14.681],[38.007,14.724],[37.891,14.88],[37.554,14.105],[37.294,14.457],[37.121,14.421],[37.06,14.277],[36.995,14.264],[36.947,14.305],[36.748,14.332],[36.526,14.264],[36.425,15.133],[36.525,15.248],[36.576,15.393],[36.628,15.446],[36.617,15.532],[36.671,15.723],[36.76,15.837],[36.886,16.185],[36.954,16.278],[36.934,16.418],[36.877,16.514],[36.892,16.637],[36.96,16.706],[37.0,16.842],[36.973,17.063],[37.134,17.016],[37.31,17.055],[37.403,17.03],[37.495,17.175],[37.496,17.312],[37.72,17.384],[37.799,17.477],[37.896,17.443],[38.039,17.548],[38.071,17.538],[38.076,17.48],[38.119,17.546],[38.233,17.526],[38.257,17.603],[38.371,17.699],[38.459,17.891],[38.602,18.005],[38.929,17.397],[38.953,17.253],[39.012,17.165],[39.15,16.717],[39.151,16.529],[39.177,16.521],[39.197,16.299],[39.294,15.929],[39.437,15.812],[39.427,15.756],[39.478,15.661],[39.445,15.635],[39.485,15.634],[39.43,15.603],[39.458,15.525],[39.552,15.542],[39.611,15.5],[39.718,15.264],[39.716,15.094],[39.811,15.079],[39.855,15.173],[39.818,15.281],[39.79,15.257],[39.781,15.278],[39.773,15.391],[39.807,15.459],[39.875,15.504],[40.08,15.341],[40.027,15.237],[40.081,15.165],[40.102,15.065],[40.154,15.037],[40.159,14.982],[40.287,14.913],[40.39,15.003],[40.401,14.966],[40.454,15.004],[40.499,14.962],[40.513,15.017],[40.561,14.955],[40.616,14.949],[40.628,14.892],[40.695,14.896],[40.671,14.88],[40.732,14.826],[40.724,14.757],[40.766,14.695],[40.884,14.715],[41.167,14.637],[41.307,14.489],[41.336,14.402],[41.506,14.213],[41.542,14.126],[41.621,14.064],[41.677,13.94],[41.798,13.934],[41.849,13.876],[41.97,13.846],[42.107,13.644],[42.144,13.65],[42.224,13.554],[42.199,13.599],[42.22,13.633],[42.16,13.657],[42.185,13.667],[42.288,13.575],[42.379,13.223],[42.477,13.195],[42.534,13.233],[42.655,13.072],[42.73,13.033],[42.781,12.852],[42.836,12.865],[42.928,12.79],[42.978,12.824],[43.001,12.9],[43.086,12.821],[43.118,12.708]],[[40.386,15.641],[40.414,15.598],[40.394,15.572],[39.979,15.607],[39.937,15.702],[39.971,15.661],[40.081,15.661],[40.009,15.737],[39.93,15.74],[39.934,15.788],[39.99,15.77],[39.975,15.815],[40.037,15.838],[39.951,15.894],[40.092,15.85],[40.096,15.785],[40.136,15.806],[40.164,15.644],[40.232,15.627],[40.262,15.663],[40.219,15.685],[40.267,15.704],[40.386,15.641]],[[40.095,16.047],[40.077,16.019],[40.115,15.986],[39.99,16.018],[40.047,16.063],[40.05,16.107],[40.111,16.074],[40.095,16.047]]]}},{"type":"Feature","properties":{"iso":"IQ","name":"Iraq"},"geometry":{"type":"MultiLineString","coordinates":[[[44.766,37.142],[44.767,37.079],[44.887,37.016],[44.883,36.887],[44.831,36.792],[44.996,36.742],[45.046,36.668],[44.991,36.534],[45.084,36.413],[45.239,36.403],[45.283,36.275],[45.259,36.262],[45.348,36.088],[45.32,35.994],[45.54,35.994],[45.647,35.933],[45.749,35.811],[46.06,35.857],[46.164,35.798],[46.281,35.828],[46.327,35.804],[46.238,35.716],[46.004,35.674],[45.999,35.572],[45.959,35.579],[45.985,35.531],[45.964,35.494],[46.12,35.319],[46.101,35.234],[46.169,35.216],[46.13,35.131],[46.151,35.112],[46.009,35.061],[45.913,35.087],[45.857,35.021],[45.85,34.907],[45.755,34.91],[45.745,34.841],[45.667,34.807],[45.627,34.721],[45.688,34.653],[45.702,34.551],[45.501,34.592],[45.503,34.494],[45.417,34.444],[45.461,34.34],[45.558,34.312],[45.527,34.179],[45.545,34.139],[45.38,33.974],[45.486,33.939],[45.645,33.698],[45.721,33.641],[45.735,33.583],[45.886,33.631],[45.928,33.551],[45.853,33.494],[45.974,33.491],[46.036,33.368],[46.155,33.26],[46.167,33.168],[46.03,33.106],[46.12,33.062],[46.076,32.994],[46.097,32.954],[46.273,32.959],[46.479,32.892],[46.716,32.756],[47.091,32.475],[47.153,32.455],[47.265,32.485],[47.411,32.395],[47.402,32.324],[47.509,32.214],[47.491,32.149],[47.578,32.106],[47.834,31.806],[47.679,31.408],[47.673,30.995],[48.012,30.989],[48.014,30.464],[48.131,30.447],[48.2,30.324],[48.306,30.313],[48.409,30.202],[48.381,30.145],[48.453,30.001],[48.559,29.947],[48.412,29.938],[48.119,30.045],[47.969,30.004],[47.935,30.107],[47.948,29.994],[47.674,30.098],[47.358,30.092],[47.197,30.034],[47.11,29.961],[46.853,29.445],[46.532,29.096],[46.357,29.063],[44.692,29.202],[42.075,31.08],[40.424,31.921],[39.146,32.118],[39.292,32.245],[39.236,32.353],[39.046,32.308],[39.029,32.328],[38.978,32.475],[39.057,32.497],[38.775,33.372],[40.69,34.331],[40.965,34.402],[41.204,34.793],[41.201,35.243],[41.261,35.494],[41.364,35.655],[41.355,35.826],[41.237,36.06],[41.277,36.355],[41.385,36.516],[41.844,36.618],[42.377,37.062],[42.357,37.11],[42.561,37.147],[42.716,37.355],[42.792,37.374],[42.937,37.32],[43.115,37.371],[43.27,37.309],[43.336,37.32],[43.48,37.243],[43.747,37.231],[43.809,37.2],[43.894,37.225],[43.99,37.313],[44.088,37.311],[44.235,37.237],[44.248,37.17],[44.18,37.088],[44.234,36.984],[44.285,36.969],[44.343,37.042],[44.454,37.076],[44.61,37.178],[44.766,37.142]]]}},{"type":"Feature","properties":{"iso":"IR","name":"Iran"},"geometry":{"type":"MultiLineString","coordinates":[[[44.807,39.64],[44.872,39.625],[44.957,39.434],[45.088,39.351],[45.153,39.214],[45.311,39.201],[45.435,39.053],[45.439,39.004],[46.126,38.863],[46.378,38.925],[46.554,38.89],[46.866,39.165],[47.02,39.19],[47.102,39.308],[47.291,39.38],[47.407,39.477],[47.541,39.515],[47.823,39.68],[47.971,39.705],[48.339,39.379],[48.154,39.319],[48.106,39.269],[48.142,39.181],[48.271,39.108],[48.307,39.045],[48.294,39.005],[48.059,38.948],[47.991,38.891],[47.993,38.85],[48.223,38.721],[48.228,38.662],[48.31,38.6],[48.415,38.618],[48.608,38.396],[48.778,38.445],[48.874,38.434],[48.875,38.243],[48.945,37.903],[49.014,37.739],[49.132,37.623],[49.442,37.495],[49.826,37.454],[49.934,37.474],[50.196,37.389],[50.322,37.153],[50.479,37.035],[51.005,36.768],[51.909,36.583],[53.448,36.882],[53.886,36.906],[54.007,36.953],[54.004,36.915],[53.948,36.899],[53.609,36.877],[53.701,36.817],[53.889,36.794],[54.014,36.821],[54.034,36.949],[53.994,36.979],[54.02,37.028],[53.914,37.343],[54.206,37.325],[54.533,37.441],[54.654,37.439],[54.788,37.525],[54.809,37.603],[54.787,37.652],[54.827,37.735],[55.13,37.952],[55.447,38.084],[55.709,38.119],[55.963,38.067],[56.3,38.08],[56.329,38.124],[56.303,38.179],[56.436,38.255],[56.585,38.235],[56.729,38.271],[57.038,38.187],[57.175,38.278],[57.218,38.265],[57.344,38.081],[57.327,37.994],[57.352,37.968],[57.496,37.922],[57.691,37.92],[57.8,37.868],[58.157,37.788],[58.207,37.679],[58.358,37.633],[58.48,37.644],[58.53,37.7],[58.682,37.643],[58.78,37.66],[58.801,37.695],[59.035,37.625],[59.212,37.516],[59.312,37.53],[59.356,37.481],[59.37,37.319],[59.469,37.241],[59.462,37.208],[59.556,37.198],[59.605,37.124],[59.653,37.15],[60.019,37.026],[60.342,36.637],[61.166,36.636],[61.188,36.565],[61.147,36.357],[61.225,36.124],[61.13,35.971],[61.241,35.894],[61.256,35.769],[61.232,35.672],[61.29,35.548],[61.195,35.39],[61.187,35.3],[61.108,35.278],[61.096,35.193],[61.147,35.102],[61.075,34.933],[61.065,34.815],[60.96,34.723],[60.948,34.638],[60.7,34.516],[60.89,34.319],[60.644,34.307],[60.493,34.139],[60.528,33.841],[60.487,33.711],[60.512,33.638],[60.656,33.56],[60.846,33.556],[60.921,33.514],[60.832,33.484],[60.829,33.416],[60.568,33.151],[60.563,33.058],[60.83,32.249],[60.815,32.088],[60.775,32.027],[60.822,31.495],[61.687,31.373],[61.742,31.321],[61.743,31.24],[61.826,31.015],[61.802,30.847],[60.844,29.858],[61.337,29.374],[61.333,29.275],[61.398,29.159],[61.488,29.081],[61.468,29.042],[61.567,28.871],[61.893,28.543],[62.363,28.419],[62.576,28.229],[62.762,28.246],[62.736,27.995],[62.815,27.495],[62.756,27.348],[62.779,27.3],[62.742,27.267],[62.892,27.213],[63.177,27.258],[63.271,27.203],[63.32,27.117],[63.261,27.116],[63.231,27.066],[63.265,26.89],[63.182,26.83],[63.164,26.645],[62.754,26.644],[62.702,26.604],[62.418,26.562],[62.292,26.501],[62.249,26.417],[62.265,26.361],[62.124,26.374],[62.094,26.315],[61.833,26.225],[61.755,25.82],[61.66,25.769],[61.676,25.693],[61.643,25.613],[61.62,25.285],[61.588,25.202],[61.554,25.254],[61.558,25.201],[61.483,25.194],[61.524,25.173],[61.49,25.119],[61.421,25.097],[61.412,25.059],[61.185,25.123],[61.17,25.164],[61.031,25.21],[60.633,25.275],[60.602,25.406],[60.55,25.447],[60.446,25.428],[60.395,25.378],[60.467,25.29],[60.319,25.33],[60.289,25.377],[60.202,25.371],[60.209,25.32],[60.082,25.366],[59.904,25.33],[59.775,25.39],[59.538,25.4],[59.454,25.462],[59.044,25.4],[58.924,25.513],[58.825,25.56],[58.431,25.588],[58.419,25.612],[58.17,25.544],[58.073,25.564],[57.963,25.693],[57.884,25.692],[57.772,25.636],[57.783,25.7],[57.756,25.743],[57.521,25.744],[57.312,25.784],[57.254,25.959],[57.199,25.995],[57.167,26.083],[57.213,26.166],[57.133,26.264],[57.08,26.415],[57.09,26.619],[57.025,26.851],[56.926,26.955],[56.973,26.969],[56.973,27.003],[56.865,27.012],[56.844,27.04],[56.885,27.078],[56.809,27.14],[56.757,27.125],[56.353,27.202],[56.124,27.161],[55.939,27.027],[55.666,26.995],[55.554,26.9],[55.582,26.914],[55.58,26.859],[55.522,26.785],[55.442,26.76],[55.271,26.793],[55.206,26.726],[55.103,26.701],[54.791,26.496],[54.62,26.508],[54.561,26.585],[54.389,26.605],[54.308,26.715],[54.15,26.708],[54.016,26.749],[53.843,26.702],[53.716,26.709],[53.492,26.854],[53.444,26.976],[53.029,27.104],[52.732,27.301],[52.601,27.353],[52.579,27.393],[52.667,27.415],[52.67,27.449],[52.46,27.633],[52.245,27.681],[52.011,27.833],[51.683,27.831],[51.496,27.893],[51.428,27.961],[51.4,27.932],[51.27,28.14],[51.285,28.241],[51.142,28.401],[51.081,28.534],[51.059,28.736],[50.979,28.817],[50.876,28.832],[50.805,28.934],[50.823,28.997],[50.899,28.949],[50.93,29.055],[50.84,29.141],[50.644,29.143],[50.636,29.208],[50.667,29.257],[50.683,29.243],[50.689,29.291],[50.661,29.319],[50.655,29.449],[50.456,29.634],[50.397,29.655],[50.244,29.867],[50.145,29.938],[50.128,30.121],[50.073,30.196],[49.915,30.204],[49.601,30.03],[49.532,30.023],[49.48,30.156],[49.245,30.156],[49.221,30.265],[49.161,30.224],[48.921,30.381],[49.062,30.408],[49.203,30.347],[49.264,30.45],[49.228,30.454],[49.211,30.506],[49.168,30.477],[49.167,30.509],[48.981,30.516],[48.946,30.48],[49.037,30.433],[48.935,30.419],[48.862,30.346],[48.867,30.295],[48.936,30.21],[48.915,30.042],[48.791,30.024],[48.643,30.055],[48.659,29.984],[48.611,29.957],[48.464,29.989],[48.383,30.138],[48.397,30.221],[48.296,30.32],[48.2,30.324],[48.141,30.442],[48.014,30.464],[48.012,30.989],[47.673,30.995],[47.679,31.408],[47.834,31.806],[47.578,32.106],[47.491,32.149],[47.509,32.214],[47.402,32.324],[47.411,32.395],[47.265,32.485],[47.153,32.455],[47.091,32.475],[46.716,32.756],[46.479,32.892],[46.273,32.959],[46.097,32.954],[46.076,32.994],[46.12,33.062],[46.03,33.106],[46.167,33.168],[46.155,33.26],[46.036,33.368],[45.974,33.491],[45.853,33.494],[45.928,33.551],[45.886,33.631],[45.735,33.583],[45.721,33.641],[45.645,33.698],[45.486,33.939],[45.38,33.974],[45.545,34.139],[45.527,34.179],[45.558,34.312],[45.461,34.34],[45.417,34.444],[45.503,34.494],[45.501,34.592],[45.702,34.551],[45.688,34.653],[45.627,34.721],[45.667,34.807],[45.745,34.841],[45.755,34.91],[45.85,34.907],[45.857,35.021],[45.913,35.087],[46.009,35.061],[46.151,35.112],[46.13,35.131],[46.169,35.216],[46.101,35.234],[46.12,35.319],[45.964,35.494],[45.985,35.531],[45.959,35.579],[45.999,35.572],[46.004,35.674],[46.238,35.716],[46.327,35.804],[46.281,35.828],[46.164,35.798],[46.06,35.857],[45.749,35.811],[45.647,35.933],[45.54,35.994],[45.32,35.994],[45.348,36.088],[45.259,36.262],[45.283,36.275],[45.239,36.403],[45.072,36.423],[44.991,36.534],[45.035,36.69],[44.996,36.742],[44.823,36.809],[44.883,36.887],[44.887,37.016],[44.802,37.044],[44.753,37.103],[44.754,37.215],[44.802,37.293],[44.698,37.38],[44.572,37.431],[44.587,37.584],[44.541,37.633],[44.596,37.716],[44.506,37.779],[44.436,37.768],[44.433,37.806],[44.367,37.86],[44.202,37.897],[44.228,37.981],[44.361,38.148],[44.372,38.25],[44.459,38.338],[44.409,38.382],[44.29,38.382],[44.297,38.622],[44.244,38.659],[44.275,38.844],[44.206,38.876],[44.152,38.965],[44.187,39.145],[44.078,39.2],[44.069,39.287],[44.015,39.374],[44.177,39.412],[44.295,39.381],[44.388,39.414],[44.459,39.698],[44.566,39.766],[44.807,39.64]],[[54.526,26.31],[54.547,26.29],[54.521,26.251],[54.488,26.298],[54.526,26.31]],[[54.037,26.488],[53.955,26.493],[53.903,26.536],[53.945,26.565],[54.019,26.556],[54.05,26.518],[54.037,26.488]],[[53.317,26.8],[53.223,26.8],[53.149,26.848],[53.337,26.829],[53.382,26.803],[53.317,26.8]],[[56.322,26.834],[56.341,26.879],[56.404,26.893],[56.379,26.839],[56.322,26.834]],[[56.212,27.003],[56.287,26.955],[56.194,26.925],[56.081,26.785],[55.947,26.696],[55.877,26.743],[55.773,26.688],[55.686,26.69],[55.503,26.595],[55.291,26.548],[55.285,26.66],[55.352,26.647],[55.774,26.797],[55.781,26.89],[55.733,26.941],[55.758,26.954],[55.898,26.907],[56.041,26.976],[56.212,27.003]],[[56.473,27.106],[56.505,27.062],[56.435,27.055],[56.473,27.106]],[[50.306,29.271],[50.335,29.259],[50.326,29.209],[50.283,29.269],[50.306,29.271]],[[54.547,25.926],[54.553,25.9],[54.514,25.903],[54.547,25.926]],[[55.894,26.679],[55.89,26.624],[55.853,26.621],[55.894,26.679]],[[53.639,26.689],[53.646,26.657],[53.601,26.68],[53.639,26.689]],[[55.049,25.886],[55.018,25.86],[55.012,25.882],[55.049,25.886]]]}},{"type":"Feature","properties":{"iso":"QA","name":"Qatar"},"geometry":{"type":"MultiLineString","coordinates":[[[50.808,24.747],[50.86,24.796],[50.758,25.186],[50.751,25.495],[50.797,25.53],[50.847,25.467],[50.833,25.579],[50.785,25.605],[50.857,25.651],[50.899,25.532],[50.909,25.598],[50.95,25.598],[50.978,25.646],[50.903,25.64],[50.888,25.681],[50.902,25.79],[50.973,25.798],[50.949,25.838],[50.984,25.981],[51.005,25.967],[51.047,26.053],[51.142,26.088],[51.176,26.14],[51.251,26.16],[51.347,26.105],[51.388,25.967],[51.512,25.946],[51.577,25.881],[51.594,25.758],[51.545,25.737],[51.59,25.712],[51.505,25.687],[51.549,25.631],[51.491,25.618],[51.472,25.521],[51.517,25.44],[51.519,25.297],[51.608,25.255],[51.611,25.022],[51.5,24.855],[51.444,24.68],[51.341,24.57],[51.347,24.635],[51.278,24.663],[51.147,24.576],[50.979,24.568],[50.881,24.636],[50.808,24.747]]]}},{"type":"Feature","properties":{"iso":"SA","name":"Saudi Arabia"},"geometry":{"type":"MultiLineString","coordinates":[[[50.808,24.747],[50.881,24.636],[50.979,24.568],[51.095,24.56],[51.269,24.624],[51.306,24.611],[51.302,24.517],[51.395,24.631],[51.498,24.584],[51.336,24.448],[51.279,24.308],[51.413,24.323],[51.569,24.256],[51.594,24.078],[52.558,22.939],[55.105,22.621],[55.187,22.704],[55.638,21.979],[54.978,19.995],[51.979,18.996],[49.036,18.58],[48.162,18.149],[47.589,17.463],[47.428,17.092],[47.161,16.947],[46.97,16.957],[46.71,17.275],[46.323,17.224],[45.43,17.312],[45.165,17.428],[44.149,17.405],[44.085,17.343],[44.004,17.368],[43.915,17.302],[43.887,17.354],[43.731,17.352],[43.577,17.483],[43.413,17.52],[43.165,17.326],[43.252,17.272],[43.156,17.21],[43.118,17.086],[43.113,16.91],[43.146,16.834],[43.212,16.797],[43.169,16.737],[43.18,16.665],[43.085,16.673],[43.036,16.536],[42.907,16.479],[42.898,16.419],[42.789,16.371],[42.795,16.453],[42.725,16.566],[42.737,16.671],[42.706,16.741],[42.542,16.878],[42.544,17.004],[42.448,17.049],[42.411,17.156],[42.357,17.182],[42.384,17.121],[42.363,17.025],[42.302,17.454],[41.869,17.821],[41.788,17.834],[41.677,17.961],[41.561,18.19],[41.493,18.224],[41.506,18.272],[41.472,18.279],[41.436,18.47],[41.356,18.569],[41.275,18.592],[41.21,18.698],[41.249,18.834],[41.171,18.872],[41.136,18.937],[41.177,19.067],[41.069,19.125],[41.036,19.265],[40.956,19.343],[40.945,19.506],[40.76,19.609],[40.794,19.601],[40.798,19.692],[40.745,19.777],[40.654,19.794],[40.657,19.76],[40.527,19.91],[40.535,19.962],[40.313,20.091],[40.239,20.178],[40.165,20.2],[40.084,20.279],[39.992,20.267],[39.903,20.308],[39.941,20.259],[39.76,20.351],[39.567,20.568],[39.595,20.589],[39.493,20.706],[39.506,20.746],[39.423,20.772],[39.423,20.814],[39.458,20.794],[39.449,20.827],[39.36,20.863],[39.353,20.92],[39.297,20.924],[39.238,21.063],[39.174,21.109],[39.17,21.191],[39.081,21.315],[39.171,21.404],[39.159,21.508],[39.143,21.541],[39.12,21.517],[39.092,21.577],[39.077,21.692],[39.109,21.748],[39.067,21.725],[38.95,21.922],[38.931,22.006],[38.959,22.034],[39.006,22.002],[39.04,22.236],[39.143,22.403],[39.115,22.419],[39.07,22.366],[39.082,22.547],[38.986,22.724],[39.013,22.767],[38.945,22.831],[38.971,22.747],[38.903,22.843],[38.851,22.943],[38.913,22.862],[38.965,22.87],[38.894,22.965],[38.8,22.999],[38.779,23.041],[38.798,23.15],[38.778,23.139],[38.692,23.273],[38.6,23.568],[38.56,23.562],[38.595,23.521],[38.54,23.543],[38.453,23.784],[38.079,24.07],[37.935,24.139],[37.983,24.166],[37.94,24.161],[37.948,24.207],[37.913,24.192],[37.918,24.15],[37.866,24.15],[37.676,24.291],[37.626,24.281],[37.628,24.248],[37.523,24.268],[37.429,24.367],[37.418,24.401],[37.455,24.407],[37.457,24.441],[37.229,24.738],[37.227,24.8],[37.179,24.799],[37.149,24.851],[37.257,24.871],[37.28,24.964],[37.242,25.175],[37.105,25.322],[37.077,25.431],[36.936,25.646],[36.817,25.758],[36.792,25.721],[36.702,25.78],[36.662,25.879],[36.706,25.944],[36.696,26.022],[36.513,26.111],[36.309,26.498],[36.23,26.626],[36.098,26.754],[36.032,26.907],[35.912,27.0],[35.803,27.142],[35.784,27.236],[35.56,27.456],[35.5,27.619],[35.323,27.876],[35.164,28.009],[35.227,28.033],[35.216,28.054],[35.052,28.12],[34.846,28.071],[34.866,28.113],[34.837,28.116],[34.805,28.071],[34.819,28.113],[34.771,28.093],[34.709,28.14],[34.613,28.03],[34.606,28.096],[34.573,28.113],[34.627,28.177],[34.658,28.171],[34.675,28.277],[34.804,28.527],[34.778,28.664],[34.949,29.352],[36.069,29.2],[36.477,29.495],[36.729,29.854],[37.47,29.995],[37.648,30.331],[37.981,30.499],[36.96,31.491],[38.963,31.994],[39.158,32.121],[40.37,31.938],[42.075,31.08],[44.692,29.202],[46.357,29.063],[46.532,29.096],[47.433,28.995],[47.55,28.771],[47.582,28.631],[47.668,28.534],[48.433,28.54],[48.495,28.5],[48.508,28.416],[48.469,28.387],[48.535,28.408],[48.522,28.319],[48.618,28.217],[48.601,28.148],[48.652,28.046],[48.792,28.007],[48.744,27.961],[48.883,27.827],[48.839,27.729],[48.858,27.804],[48.805,27.756],[48.813,27.829],[48.779,27.72],[48.811,27.743],[48.815,27.688],[48.839,27.708],[48.858,27.663],[48.88,27.688],[48.873,27.612],[48.832,27.612],[48.901,27.633],[48.914,27.572],[48.915,27.609],[48.969,27.62],[49.059,27.538],[49.24,27.545],[49.313,27.449],[49.285,27.475],[49.12,27.441],[49.207,27.395],[49.24,27.427],[49.264,27.414],[49.223,27.331],[49.313,27.345],[49.323,27.206],[49.345,27.183],[49.371,27.219],[49.412,27.204],[49.375,27.149],[49.407,27.133],[49.435,27.167],[49.432,27.143],[49.524,27.133],[49.489,27.175],[49.572,27.194],[49.57,27.104],[49.699,26.958],[49.872,26.862],[49.973,26.842],[50.158,26.665],[50.162,26.639],[50.024,26.7],[50.006,26.748],[49.984,26.708],[50.031,26.495],[50.192,26.404],[50.217,26.324],[50.212,26.191],[50.155,26.166],[50.141,26.036],[50.032,26.201],[49.976,26.14],[50.01,26.077],[49.99,26.002],[50.021,26.004],[50.024,26.036],[50.101,25.989],[50.118,25.868],[50.257,25.632],[50.159,25.732],[50.149,25.7],[50.196,25.687],[50.348,25.482],[50.374,25.461],[50.381,25.513],[50.472,25.437],[50.562,25.055],[50.606,25.043],[50.726,24.882],[50.761,24.736],[50.808,24.747]],[[42.186,16.706],[42.179,16.583],[42.073,16.636],[42.118,16.66],[42.086,16.694],[41.955,16.67],[41.778,16.813],[41.757,16.896],[41.828,16.859],[41.905,16.748],[42.035,16.716],[42.065,16.728],[42.022,16.756],[42.062,16.814],[42.186,16.706]],[[41.919,16.791],[41.835,16.892],[41.928,16.955],[41.846,16.997],[41.861,17.014],[41.938,16.973],[41.944,16.883],[41.985,16.854],[41.932,16.838],[42.002,16.761],[41.919,16.791]],[[49.565,27.352],[49.689,27.318],[49.565,27.298],[49.531,27.346],[49.456,27.29],[49.501,27.361],[49.565,27.352]],[[37.027,25.42],[37.023,25.4],[36.947,25.442],[36.952,25.468],[36.999,25.469],[37.027,25.42]],[[36.942,25.418],[36.9,25.361],[36.777,25.496],[36.916,25.427],[36.904,25.394],[36.942,25.418]],[[36.849,25.533],[36.841,25.57],[36.867,25.558],[36.849,25.533]],[[36.79,25.498],[36.681,25.553],[36.726,25.565],[36.883,25.454],[36.79,25.498]],[[36.901,25.549],[36.914,25.607],[36.928,25.529],[36.901,25.549]],[[36.683,25.572],[36.668,25.55],[36.539,25.589],[36.491,25.645],[36.544,25.703],[36.531,25.645],[36.683,25.572]],[[36.544,25.731],[36.542,25.802],[36.591,25.861],[36.555,25.796],[36.611,25.709],[36.544,25.731]]]}},{"type":"Feature","properties":{"iso":"TH","name":"Thailand"},"geometry":{"type":"MultiLineString","coordinates":[[[102.914,11.646],[102.893,11.77],[102.777,11.903],[102.767,12.012],[102.632,12.152],[102.654,12.159],[102.606,12.221],[102.557,12.184],[102.582,12.049],[102.474,12.149],[102.296,12.19],[102.263,12.29],[102.336,12.307],[102.352,12.367],[102.292,12.318],[102.304,12.427],[102.27,12.393],[102.27,12.44],[102.206,12.436],[102.273,12.326],[102.228,12.324],[102.087,12.465],[102.078,12.509],[102.099,12.496],[102.112,12.537],[102.048,12.542],[102.064,12.571],[102.009,12.565],[102.064,12.523],[102.057,12.468],[102.009,12.534],[101.961,12.537],[101.95,12.606],[101.948,12.53],[101.83,12.673],[101.766,12.706],[101.686,12.702],[101.66,12.66],[101.571,12.632],[101.465,12.632],[101.418,12.596],[101.323,12.642],[101.088,12.681],[100.989,12.649],[100.974,12.598],[100.926,12.619],[100.918,12.663],[100.858,12.653],[100.865,12.701],[100.837,12.708],[100.92,12.811],[100.865,12.92],[100.934,13.003],[100.878,13.098],[100.945,13.201],[100.912,13.294],[100.981,13.359],[100.996,13.496],[100.889,13.468],[100.68,13.509],[100.592,13.555],[100.598,13.612],[100.556,13.511],[100.337,13.482],[100.275,13.517],[100.053,13.413],[99.963,13.31],[99.967,13.259],[100.074,13.153],[100.104,13.057],[99.96,12.668],[100.012,12.369],[99.983,12.27],[100.02,12.193],[99.831,11.925],[99.817,11.741],[99.752,11.71],[99.642,11.523],[99.569,11.334],[99.586,11.195],[99.529,11.187],[99.496,11.133],[99.512,10.866],[99.443,10.87],[99.374,10.681],[99.313,10.647],[99.288,10.563],[99.24,10.522],[99.268,10.508],[99.24,10.457],[99.289,10.412],[99.285,10.364],[99.152,10.357],[99.169,10.288],[99.255,10.234],[99.201,10.211],[99.152,10.103],[99.179,10.025],[99.145,9.788],[99.223,9.543],[99.324,9.392],[99.236,9.336],[99.255,9.232],[99.444,9.196],[99.502,9.22],[99.536,9.282],[99.74,9.321],[99.854,9.295],[99.919,9.086],[99.967,8.606],[100.144,8.389],[100.186,8.397],[100.165,8.501],[100.131,8.515],[100.181,8.501],[100.271,8.317],[100.44,7.477],[100.574,7.195],[100.426,7.268],[100.39,7.566],[100.326,7.574],[100.29,7.518],[100.273,7.531],[100.327,7.655],[100.289,7.788],[100.211,7.781],[100.145,7.719],[100.185,7.514],[100.279,7.362],[100.37,7.333],[100.385,7.266],[100.427,7.245],[100.392,7.223],[100.437,7.16],[100.556,7.145],[100.585,7.224],[100.765,6.983],[100.85,6.962],[100.948,6.881],[100.998,6.857],[101.191,6.862],[101.244,6.902],[101.351,6.876],[101.263,6.945],[101.292,6.955],[101.566,6.832],[101.772,6.501],[102.073,6.258],[102.06,6.095],[101.935,5.982],[101.913,5.859],[101.8,5.74],[101.727,5.786],[101.666,5.766],[101.634,5.856],[101.558,5.911],[101.249,5.787],[101.212,5.682],[101.105,5.638],[100.965,5.792],[101.015,5.898],[101.079,5.938],[101.094,6.086],[101.053,6.135],[101.089,6.189],[101.082,6.246],[100.974,6.273],[100.833,6.237],[100.806,6.415],[100.734,6.456],[100.73,6.493],[100.631,6.445],[100.387,6.522],[100.329,6.558],[100.263,6.7],[100.167,6.695],[100.167,6.566],[100.127,6.442],[100.09,6.485],[100.104,6.533],[100.063,6.507],[99.991,6.598],[99.964,6.594],[99.961,6.661],[99.868,6.763],[99.686,6.877],[99.714,6.942],[99.679,7.027],[99.748,7.126],[99.678,7.123],[99.672,7.171],[99.614,7.137],[99.558,7.197],[99.545,7.266],[99.604,7.376],[99.55,7.302],[99.508,7.385],[99.471,7.28],[99.378,7.321],[99.337,7.384],[99.33,7.503],[99.296,7.507],[99.293,7.621],[99.25,7.628],[99.256,7.657],[99.131,7.767],[99.091,7.692],[99.033,7.723],[99.014,7.815],[99.062,7.859],[99.07,7.925],[99.028,7.904],[98.918,8.051],[98.844,8.003],[98.8,8.052],[98.77,8.024],[98.744,8.215],[98.727,8.254],[98.707,8.226],[98.703,8.299],[98.624,8.281],[98.655,8.38],[98.604,8.397],[98.526,8.336],[98.428,8.317],[98.463,8.216],[98.425,8.148],[98.406,8.164],[98.391,8.137],[98.281,8.226],[98.199,8.534],[98.21,8.581],[98.253,8.535],[98.22,8.569],[98.24,8.651],[98.22,8.726],[98.293,8.924],[98.325,8.975],[98.364,8.974],[98.391,9.035],[98.333,9.026],[98.33,9.052],[98.382,9.072],[98.322,9.209],[98.371,9.226],[98.352,9.251],[98.457,9.549],[98.487,9.528],[98.531,9.566],[98.463,9.604],[98.514,9.655],[98.494,9.714],[98.544,9.706],[98.566,9.743],[98.508,9.74],[98.508,9.775],[98.583,9.843],[98.549,9.809],[98.513,9.837],[98.576,9.878],[98.592,9.943],[98.631,9.953],[98.604,9.994],[98.72,10.228],[98.79,10.5],[98.757,10.666],[98.83,10.764],[98.982,10.832],[99.002,10.958],[99.055,10.945],[99.077,10.997],[99.213,11.108],[99.428,11.497],[99.45,11.614],[99.543,11.64],[99.63,11.816],[99.561,11.873],[99.574,11.976],[99.518,12.026],[99.542,12.141],[99.452,12.129],[99.474,12.187],[99.387,12.466],[99.403,12.576],[99.224,12.717],[99.153,12.914],[99.165,12.976],[99.093,13.038],[99.102,13.171],[99.19,13.23],[99.153,13.715],[99.101,13.779],[99.09,13.87],[99.007,13.95],[98.935,14.085],[98.548,14.378],[98.418,14.608],[98.243,14.805],[98.199,15.051],[98.16,15.106],[98.177,15.221],[98.233,15.227],[98.283,15.29],[98.385,15.256],[98.403,15.36],[98.475,15.383],[98.534,15.326],[98.56,15.355],[98.54,15.712],[98.584,15.977],[98.547,16.047],[98.619,16.051],[98.68,16.126],[98.807,16.111],[98.884,16.259],[98.903,16.382],[98.84,16.472],[98.789,16.375],[98.682,16.273],[98.663,16.287],[98.632,16.463],[98.457,16.723],[98.518,16.803],[98.49,16.843],[98.525,16.85],[98.509,16.893],[98.418,17.029],[98.3,17.065],[98.279,17.137],[98.093,17.312],[98.089,17.373],[98.035,17.405],[97.983,17.505],[97.759,17.691],[97.676,17.83],[97.754,17.969],[97.618,18.242],[97.638,18.306],[97.574,18.333],[97.528,18.265],[97.486,18.292],[97.351,18.551],[97.427,18.49],[97.51,18.491],[97.618,18.553],[97.746,18.571],[97.723,18.852],[97.658,18.926],[97.811,19.112],[97.813,19.208],[97.764,19.266],[97.806,19.301],[97.767,19.398],[97.842,19.479],[97.849,19.568],[98.008,19.639],[98.025,19.803],[98.213,19.718],[98.238,19.665],[98.489,19.707],[98.533,19.676],[98.808,19.807],[98.899,19.749],[99.001,19.821],[99.017,20.041],[99.073,20.101],[99.178,20.122],[99.296,20.062],[99.441,20.102],[99.51,20.154],[99.526,20.196],[99.421,20.376],[99.652,20.307],[99.787,20.334],[99.838,20.417],[99.937,20.445],[100.099,20.318],[100.103,20.264],[100.153,20.239],[100.24,20.373],[100.344,20.39],[100.461,20.191],[100.549,20.158],[100.484,19.881],[100.379,19.746],[100.474,19.525],[100.567,19.496],[100.633,19.542],[100.753,19.482],[100.88,19.614],[101.003,19.611],[101.125,19.565],[101.208,19.59],[101.255,19.547],[101.252,19.494],[101.193,19.453],[101.172,19.376],[101.211,19.326],[101.236,19.128],[101.326,19.021],[101.225,18.875],[101.206,18.73],[101.235,18.658],[101.03,18.428],[101.155,18.323],[101.128,18.246],[101.163,18.195],[101.142,18.124],[101.165,18.053],[101.001,17.885],[100.954,17.7],[100.886,17.596],[100.902,17.562],[101.132,17.462],[101.247,17.592],[101.384,17.685],[101.388,17.729],[101.453,17.751],[101.468,17.72],[101.556,17.792],[101.534,17.81],[101.578,17.868],[101.729,17.912],[101.79,18.074],[101.904,18.037],[102.079,18.214],[102.172,18.2],[102.257,18.094],[102.412,17.994],[102.6,17.955],[102.595,17.841],[102.683,17.81],[102.673,17.865],[102.853,17.972],[102.955,18.012],[103.038,17.991],[103.073,18.036],[103.071,18.126],[103.139,18.167],[103.168,18.25],[103.295,18.288],[103.24,18.336],[103.244,18.38],[103.397,18.441],[103.801,18.338],[103.858,18.286],[103.951,18.333],[104.0,18.318],[104.27,17.874],[104.353,17.819],[104.452,17.666],[104.703,17.527],[104.793,17.423],[104.819,17.361],[104.814,17.194],[104.74,17.003],[104.779,16.705],[104.755,16.529],[105.015,16.277],[105.058,16.121],[105.422,16.01],[105.361,15.919],[105.412,15.8],[105.448,15.765],[105.569,15.749],[105.641,15.682],[105.604,15.439],[105.477,15.353],[105.558,15.325],[105.564,15.273],[105.463,15.189],[105.444,15.134],[105.452,15.095],[105.593,14.991],[105.534,14.934],[105.551,14.902],[105.489,14.786],[105.508,14.564],[105.416,14.428],[105.155,14.33],[105.101,14.231],[105.047,14.214],[104.976,14.301],[104.974,14.381],[104.772,14.44],[104.713,14.407],[104.693,14.434],[104.61,14.419],[104.543,14.36],[104.247,14.401],[104.201,14.378],[104.177,14.404],[104.141,14.366],[104.001,14.345],[103.92,14.365],[103.885,14.34],[103.675,14.386],[103.671,14.43],[103.637,14.443],[103.596,14.404],[103.533,14.419],[103.45,14.372],[103.138,14.32],[102.919,14.185],[102.87,14.021],[102.773,13.936],[102.699,13.762],[102.542,13.67],[102.598,13.605],[102.513,13.567],[102.332,13.565],[102.328,13.275],[102.382,13.137],[102.49,12.996],[102.465,12.928],[102.507,12.788],[102.479,12.677],[102.762,12.436],[102.72,12.361],[102.692,12.178],[102.914,11.766],[102.914,11.646]],[[99.248,6.575],[99.217,6.537],[99.158,6.554],[99.248,6.575]],[[99.672,6.517],[99.659,6.492],[99.6,6.583],[99.657,6.724],[99.704,6.558],[99.672,6.517]],[[99.405,7.266],[99.454,7.239],[99.383,7.194],[99.378,7.252],[99.405,7.266]],[[99.035,7.644],[99.076,7.609],[99.1,7.467],[99.031,7.562],[99.035,7.644]],[[99.124,7.657],[99.109,7.594],[99.045,7.663],[99.124,7.657]],[[98.541,8.105],[98.602,8.063],[98.604,7.904],[98.571,7.939],[98.582,8.015],[98.541,8.105]],[[98.419,7.904],[98.44,7.887],[98.4,7.865],[98.398,7.815],[98.344,7.833],[98.323,7.771],[98.292,7.777],[98.285,7.904],[98.254,7.928],[98.281,8.192],[98.33,8.17],[98.344,8.109],[98.439,8.083],[98.398,7.973],[98.419,7.904]],[[98.638,8.171],[98.621,8.09],[98.58,8.106],[98.624,8.192],[98.638,8.171]],[[98.296,9.145],[98.323,9.076],[98.254,9.037],[98.248,9.15],[98.296,9.145]],[[100.07,9.586],[100.091,9.561],[100.061,9.464],[99.947,9.418],[99.926,9.566],[100.07,9.586]],[[100.035,9.796],[100.067,9.776],[100.09,9.665],[99.988,9.72],[99.988,9.802],[100.035,9.796]],[[102.564,11.708],[102.606,11.685],[102.598,11.563],[102.53,11.605],[102.55,11.752],[102.564,11.708]],[[102.4,12.043],[102.441,11.967],[102.379,12.003],[102.376,11.971],[102.29,11.975],[102.294,12.057],[102.25,12.153],[102.343,12.124],[102.4,12.043]],[[97.87,9.425],[97.853,9.461],[97.895,9.467],[97.87,9.425]],[[98.288,9.004],[98.307,8.958],[98.262,8.879],[98.252,8.997],[98.288,9.004]]]}},{"type":"Feature","properties":{"iso":"KW","name":"Kuwait"},"geometry":{"type":"MultiLineString","coordinates":[[[47.948,29.994],[47.996,29.828],[48.079,29.744],[48.177,29.542],[47.966,29.576],[47.705,29.364],[47.837,29.388],[47.816,29.338],[47.858,29.323],[47.986,29.394],[48.025,29.355],[48.1,29.35],[48.095,29.258],[48.158,29.017],[48.226,28.918],[48.279,28.894],[48.277,28.84],[48.329,28.76],[48.394,28.743],[48.352,28.641],[48.387,28.654],[48.433,28.54],[47.668,28.534],[47.582,28.631],[47.55,28.771],[47.434,28.995],[46.532,29.096],[46.853,29.445],[47.145,30.003],[47.358,30.092],[47.674,30.098],[47.948,29.994]],[[48.338,29.463],[48.397,29.387],[48.269,29.43],[48.281,29.471],[48.338,29.463]],[[48.353,29.71],[48.229,29.6],[48.162,29.63],[48.046,29.8],[48.113,29.839],[48.095,29.895],[48.159,29.879],[48.197,29.925],[48.147,29.935],[48.121,29.981],[48.189,29.984],[48.344,29.791],[48.353,29.71]],[[48.079,30.004],[48.011,29.98],[48.055,30.024],[48.109,30.028],[48.079,30.004]]]}},{"type":"Feature","properties":{"iso":"MZ","name":"Mozambique"},"geometry":{"type":"MultiLineString","coordinates":[[[32.114,-26.84],[32.107,-26.5],[32.04,-26.284],[32.081,-26.149],[32.071,-26.01],[31.949,-25.958],[31.906,-25.813],[31.996,-25.637],[31.966,-25.48],[31.989,-25.373],[31.987,-24.423],[31.869,-24.164],[31.85,-23.931],[31.755,-23.858],[31.642,-23.588],[31.528,-23.457],[31.536,-23.157],[31.279,-22.415],[31.434,-22.302],[32.409,-21.29],[32.447,-21.314],[32.34,-21.134],[32.491,-20.936],[32.482,-20.603],[32.513,-20.565],[32.646,-20.558],[32.672,-20.532],[32.853,-20.274],[32.885,-20.103],[32.954,-20.03],[33.007,-20.032],[33.033,-19.784],[32.962,-19.735],[32.943,-19.649],[32.872,-19.69],[32.82,-19.674],[32.832,-19.501],[32.763,-19.464],[32.769,-19.364],[32.829,-19.285],[32.856,-19.084],[32.814,-19.024],[32.699,-19.022],[32.681,-18.955],[32.716,-18.92],[32.691,-18.834],[32.903,-18.775],[32.922,-18.693],[32.871,-18.536],[32.996,-18.467],[32.985,-18.412],[33.043,-18.352],[32.955,-18.256],[32.976,-18.183],[32.927,-17.973],[32.952,-17.94],[32.946,-17.835],[32.999,-17.794],[33.025,-17.619],[32.937,-17.498],[33.022,-17.346],[32.973,-17.298],[32.954,-17.167],[32.829,-16.935],[32.916,-16.848],[32.969,-16.682],[32.893,-16.712],[32.731,-16.709],[32.672,-16.6],[32.29,-16.452],[31.91,-16.429],[31.872,-16.35],[31.711,-16.218],[31.405,-16.162],[31.26,-16.023],[31.114,-15.997],[30.99,-16.064],[30.857,-15.998],[30.403,-16.001],[30.413,-15.628],[30.365,-15.547],[30.393,-15.481],[30.358,-15.336],[30.263,-15.231],[30.214,-14.981],[30.318,-14.967],[30.816,-14.768],[31.411,-14.634],[31.658,-14.52],[33.203,-14.014],[33.28,-14.061],[33.291,-14.157],[33.439,-14.381],[33.596,-14.511],[33.645,-14.602],[33.672,-14.6],[33.684,-14.519],[33.72,-14.49],[33.802,-14.533],[33.916,-14.481],[34.051,-14.495],[34.11,-14.441],[34.344,-14.387],[34.518,-14.607],[34.506,-14.7],[34.584,-14.984],[34.549,-15.058],[34.569,-15.271],[34.41,-15.481],[34.404,-15.647],[34.247,-15.794],[34.233,-15.89],[34.405,-16.06],[34.385,-16.186],[34.426,-16.274],[34.525,-16.301],[34.655,-16.489],[34.732,-16.529],[34.905,-16.741],[35.005,-16.815],[35.118,-16.833],[35.125,-16.933],[35.037,-17.036],[35.066,-17.11],[35.292,-17.129],[35.314,-16.982],[35.271,-16.944],[35.31,-16.851],[35.278,-16.701],[35.174,-16.625],[35.132,-16.538],[35.228,-16.47],[35.266,-16.356],[35.259,-16.272],[35.375,-16.141],[35.436,-16.124],[35.515,-16.171],[35.529,-16.141],[35.687,-16.113],[35.785,-16.042],[35.841,-15.417],[35.784,-15.172],[35.904,-14.887],[35.863,-14.877],[35.847,-14.65],[35.084,-13.704],[34.863,-13.516],[34.641,-13.492],[34.545,-13.326],[34.494,-12.687],[34.354,-12.199],[34.38,-12.104],[34.564,-11.831],[34.617,-11.578],[35.424,-11.577],[35.532,-11.613],[35.665,-11.572],[35.696,-11.495],[35.826,-11.413],[35.94,-11.434],[35.97,-11.502],[36.168,-11.579],[36.2,-11.702],[36.495,-11.681],[36.546,-11.729],[36.626,-11.721],[36.738,-11.675],[36.82,-11.574],[36.906,-11.593],[37.032,-11.565],[37.142,-11.675],[37.341,-11.681],[37.47,-11.719],[37.504,-11.673],[37.648,-11.636],[37.817,-11.534],[37.868,-11.328],[37.938,-11.284],[38.109,-11.25],[38.167,-11.284],[38.257,-11.277],[38.348,-11.359],[38.492,-11.413],[38.654,-11.276],[38.76,-11.263],[38.896,-11.168],[39.126,-11.14],[39.238,-11.174],[39.498,-10.991],[39.786,-10.933],[40.161,-10.704],[40.437,-10.475],[40.484,-10.5],[40.511,-10.478],[40.532,-10.509],[40.507,-10.566],[40.561,-10.585],[40.578,-10.65],[40.655,-10.687],[40.57,-10.697],[40.485,-10.762],[40.492,-10.797],[40.513,-10.77],[40.62,-10.841],[40.496,-10.956],[40.507,-11.037],[40.566,-11.014],[40.499,-11.14],[40.507,-11.187],[40.397,-11.311],[40.349,-11.317],[40.375,-11.359],[40.383,-11.338],[40.437,-11.392],[40.466,-11.385],[40.423,-11.563],[40.458,-11.605],[40.428,-11.65],[40.48,-11.823],[40.52,-11.839],[40.486,-11.895],[40.537,-11.997],[40.499,-12.127],[40.525,-12.205],[40.451,-12.264],[40.514,-12.301],[40.51,-12.38],[40.561,-12.387],[40.478,-12.501],[40.562,-12.53],[40.565,-12.613],[40.62,-12.645],[40.568,-12.65],[40.578,-12.706],[40.609,-12.702],[40.647,-12.766],[40.532,-12.811],[40.554,-12.847],[40.524,-12.909],[40.484,-12.881],[40.411,-12.942],[40.483,-13.022],[40.512,-12.999],[40.5,-12.948],[40.595,-12.976],[40.561,-13.099],[40.568,-13.243],[40.527,-13.298],[40.568,-13.285],[40.568,-13.367],[40.588,-13.36],[40.527,-13.511],[40.595,-13.565],[40.539,-13.636],[40.651,-14.032],[40.595,-14.085],[40.619,-14.127],[40.539,-14.164],[40.554,-14.23],[40.595,-14.215],[40.591,-14.263],[40.696,-14.183],[40.746,-14.271],[40.732,-14.34],[40.685,-14.367],[40.636,-14.34],[40.657,-14.449],[40.63,-14.45],[40.629,-14.566],[40.701,-14.432],[40.801,-14.411],[40.843,-14.464],[40.761,-14.535],[40.829,-14.525],[40.811,-14.613],[40.848,-14.705],[40.84,-14.798],[40.726,-14.887],[40.674,-14.902],[40.643,-14.854],[40.671,-14.922],[40.746,-14.922],[40.774,-14.998],[40.671,-14.977],[40.712,-15.073],[40.528,-15.131],[40.513,-15.182],[40.581,-15.203],[40.635,-15.165],[40.682,-15.233],[40.588,-15.409],[40.582,-15.492],[40.499,-15.525],[40.364,-15.715],[40.065,-15.989],[40.072,-16.01],[40.129,-15.964],[40.135,-15.987],[39.992,-16.222],[39.875,-16.245],[39.783,-16.302],[39.808,-16.389],[39.856,-16.43],[39.794,-16.464],[39.786,-16.436],[39.746,-16.443],[39.766,-16.464],[39.678,-16.546],[39.129,-16.868],[39.081,-16.916],[39.122,-16.917],[39.091,-16.984],[38.97,-16.996],[38.875,-17.046],[38.718,-17.06],[38.663,-17.026],[38.667,-17.075],[38.6,-17.076],[38.553,-17.122],[38.512,-17.105],[38.505,-17.135],[38.173,-17.288],[38.138,-17.264],[38.122,-17.177],[38.117,-17.202],[38.081,-17.191],[38.128,-17.286],[37.909,-17.355],[37.581,-17.519],[37.242,-17.737],[37.189,-17.739],[36.984,-18.012],[36.888,-17.881],[36.833,-17.878],[36.82,-17.903],[36.874,-17.899],[36.907,-18.014],[36.977,-18.047],[36.887,-18.189],[36.811,-18.187],[36.785,-18.232],[36.848,-18.198],[36.766,-18.3],[36.552,-18.486],[36.538,-18.541],[36.473,-18.556],[36.417,-18.689],[36.384,-18.699],[36.372,-18.742],[36.402,-18.739],[36.407,-18.785],[36.359,-18.804],[36.295,-18.78],[36.238,-18.694],[36.267,-18.891],[36.147,-18.9],[36.124,-18.801],[36.01,-18.921],[35.977,-18.925],[35.969,-18.893],[35.929,-18.965],[35.855,-18.951],[35.867,-18.988],[35.662,-19.133],[35.641,-19.171],[35.668,-19.171],[35.565,-19.253],[35.442,-19.418],[35.127,-19.705],[34.88,-19.863],[34.84,-19.844],[34.823,-19.787],[34.706,-19.716],[34.627,-19.596],[34.553,-19.582],[34.53,-19.624],[34.614,-19.612],[34.692,-19.743],[34.778,-19.815],[34.758,-19.869],[34.709,-19.884],[34.765,-19.903],[34.749,-20.027],[34.775,-20.152],[34.757,-20.18],[34.655,-20.151],[34.743,-20.226],[34.68,-20.347],[34.699,-20.373],[34.64,-20.376],[34.716,-20.467],[34.668,-20.541],[34.74,-20.524],[34.833,-20.612],[34.852,-20.671],[34.894,-20.658],[34.872,-20.713],[34.956,-20.696],[34.993,-20.73],[35.024,-20.794],[35.01,-20.843],[35.052,-20.884],[35.038,-20.938],[35.08,-20.914],[35.12,-20.966],[35.1,-21.008],[35.069,-21.006],[35.079,-21.085],[35.025,-21.085],[35.016,-21.111],[35.086,-21.213],[35.048,-21.253],[35.072,-21.322],[35.127,-21.179],[35.12,-21.377],[35.271,-21.644],[35.269,-21.774],[35.336,-22.089],[35.312,-22.413],[35.401,-22.477],[35.428,-22.406],[35.391,-22.272],[35.415,-22.206],[35.436,-22.243],[35.449,-22.227],[35.415,-22.179],[35.441,-22.12],[35.501,-22.106],[35.517,-22.31],[35.551,-22.179],[35.489,-22.69],[35.538,-22.947],[35.606,-22.915],[35.479,-23.177],[35.489,-23.275],[35.424,-23.481],[35.399,-23.739],[35.382,-23.678],[35.34,-23.676],[35.367,-23.728],[35.332,-23.965],[35.388,-23.913],[35.38,-23.844],[35.466,-23.88],[35.476,-23.782],[35.527,-23.803],[35.543,-23.863],[35.486,-24.036],[35.497,-24.101],[35.106,-24.598],[34.649,-24.813],[33.729,-25.105],[33.318,-25.287],[33.277,-25.29],[33.319,-25.252],[32.873,-25.544],[32.77,-25.682],[32.745,-25.817],[32.704,-25.824],[32.687,-25.886],[32.591,-25.969],[32.517,-25.95],[32.477,-25.985],[32.491,-26.014],[32.502,-25.972],[32.547,-25.979],[32.651,-26.093],[32.681,-26.188],[32.748,-26.192],[32.842,-26.289],[32.879,-26.278],[32.895,-26.115],[32.954,-26.079],[32.893,-26.846],[32.114,-26.84]],[[34.694,-12.0],[34.656,-12.076],[34.689,-12.125],[34.732,-12.109],[34.762,-12.04],[34.694,-12.0]],[[34.562,-11.979],[34.544,-12.011],[34.611,-12.073],[34.627,-11.987],[34.562,-11.979]],[[32.907,-26.058],[32.918,-26.001],[32.983,-25.969],[32.961,-26.044],[32.914,-26.03],[32.907,-26.058]],[[35.47,-21.549],[35.495,-21.546],[35.491,-21.642],[35.435,-21.783],[35.47,-21.549]],[[39.91,-16.276],[39.946,-16.302],[39.878,-16.417],[39.832,-16.391],[39.821,-16.317],[39.91,-16.276]]]}},{"type":"Feature","properties":{"iso":"MM","name":"Myanmar"},"geometry":{"type":"MultiLineString","coordinates":[[[92.576,21.978],[92.651,22.019],[92.684,22.154],[92.836,22.047],[92.877,21.957],[92.906,22.017],[92.968,21.987],[92.967,22.063],[93.025,22.113],[93.025,22.202],[93.142,22.187],[93.124,22.231],[93.174,22.259],[93.166,22.387],[93.099,22.512],[93.08,22.773],[93.176,22.882],[93.138,23.005],[93.152,23.05],[93.273,23.006],[93.375,23.13],[93.432,23.647],[93.375,23.739],[93.356,23.907],[93.303,23.995],[93.322,24.08],[93.368,24.078],[93.457,23.96],[93.571,23.968],[93.612,24.009],[93.711,24.005],[93.804,23.936],[93.912,23.939],[94.1,23.843],[94.132,23.857],[94.295,24.333],[94.516,24.705],[94.582,24.73],[94.709,25.026],[94.689,25.139],[94.553,25.204],[94.608,25.395],[94.659,25.456],[94.86,25.567],[94.961,25.718],[95.009,25.737],[95.001,25.922],[95.151,26.05],[95.088,26.104],[95.094,26.195],[95.042,26.288],[95.066,26.407],[95.041,26.476],[95.133,26.621],[95.205,26.668],[95.261,26.648],[95.411,26.702],[95.49,26.811],[95.575,26.816],[95.624,26.881],[95.699,26.896],[95.778,26.995],[95.916,27.051],[96.013,27.191],[96.143,27.258],[96.511,27.292],[96.587,27.354],[96.649,27.336],[96.705,27.361],[96.854,27.249],[96.865,27.172],[97.038,27.087],[97.119,27.087],[97.135,27.127],[97.101,27.183],[96.881,27.444],[96.862,27.599],[97.223,27.9],[97.334,27.894],[97.362,27.995],[97.293,28.095],[97.323,28.217],[97.384,28.285],[97.448,28.298],[97.445,28.383],[97.546,28.538],[97.614,28.482],[97.67,28.511],[97.7,28.488],[97.765,28.352],[97.898,28.355],[97.993,28.269],[97.991,28.214],[98.119,28.141],[98.107,27.973],[98.177,27.913],[98.14,27.879],[98.197,27.823],[98.204,27.727],[98.295,27.537],[98.329,27.523],[98.383,27.556],[98.41,27.684],[98.522,27.656],[98.578,27.592],[98.647,27.612],[98.679,27.577],[98.674,27.387],[98.708,27.337],[98.673,27.176],[98.691,27.092],[98.738,27.049],[98.715,26.862],[98.75,26.792],[98.732,26.714],[98.756,26.625],[98.713,26.389],[98.642,26.255],[98.706,26.175],[98.644,26.098],[98.619,26.146],[98.546,26.106],[98.582,25.982],[98.625,25.97],[98.69,25.866],[98.61,25.801],[98.498,25.831],[98.312,25.557],[98.14,25.611],[98.134,25.535],[98.1,25.5],[98.112,25.396],[98.045,25.312],[97.91,25.208],[97.824,25.262],[97.801,25.238],[97.754,25.114],[97.7,25.065],[97.708,24.927],[97.765,24.835],[97.664,24.83],[97.533,24.723],[97.513,24.439],[97.647,24.432],[97.69,24.346],[97.638,24.328],[97.645,24.302],[97.718,24.278],[97.72,24.147],[97.516,23.943],[97.625,23.847],[97.89,24.023],[98.105,24.102],[98.331,24.099],[98.435,24.13],[98.585,24.076],[98.866,24.146],[98.856,24.084],[98.659,23.961],[98.664,23.797],[98.793,23.758],[98.856,23.61],[98.781,23.533],[98.89,23.407],[98.853,23.325],[98.911,23.298],[98.859,23.179],[99.026,23.16],[99.055,23.11],[99.194,23.096],[99.217,23.057],[99.334,23.13],[99.403,23.068],[99.493,23.057],[99.538,22.926],[99.413,22.931],[99.414,22.857],[99.308,22.745],[99.358,22.495],[99.243,22.393],[99.175,22.169],[99.144,22.154],[99.253,22.103],[99.539,22.107],[99.634,22.085],[99.684,22.039],[99.724,22.071],[99.821,22.018],[99.848,22.055],[99.942,22.046],[99.966,21.963],[99.918,21.829],[99.95,21.721],[100.143,21.655],[100.095,21.599],[100.09,21.529],[100.187,21.428],[100.342,21.53],[100.399,21.519],[100.457,21.455],[100.622,21.469],[100.835,21.658],[101.083,21.767],[101.119,21.76],[101.174,21.612],[101.157,21.52],[101.003,21.406],[100.815,21.3],[100.725,21.312],[100.689,21.159],[100.626,21.054],[100.543,21.027],[100.557,20.992],[100.518,20.906],[100.534,20.874],[100.652,20.877],[100.537,20.808],[100.365,20.828],[100.211,20.697],[100.099,20.318],[99.937,20.445],[99.838,20.417],[99.787,20.334],[99.652,20.307],[99.421,20.376],[99.526,20.196],[99.51,20.154],[99.441,20.102],[99.296,20.062],[99.178,20.122],[99.073,20.101],[99.017,20.041],[99.001,19.821],[98.899,19.749],[98.808,19.807],[98.533,19.676],[98.489,19.707],[98.238,19.665],[98.213,19.718],[98.025,19.803],[98.008,19.639],[97.849,19.568],[97.842,19.479],[97.767,19.398],[97.806,19.301],[97.764,19.266],[97.813,19.208],[97.811,19.112],[97.658,18.926],[97.723,18.852],[97.746,18.571],[97.618,18.553],[97.51,18.491],[97.427,18.49],[97.351,18.551],[97.486,18.292],[97.528,18.265],[97.574,18.333],[97.638,18.306],[97.618,18.242],[97.754,17.969],[97.676,17.83],[97.759,17.691],[97.983,17.505],[98.035,17.405],[98.089,17.373],[98.093,17.312],[98.279,17.137],[98.3,17.065],[98.418,17.029],[98.509,16.893],[98.525,16.85],[98.49,16.843],[98.518,16.803],[98.457,16.723],[98.632,16.463],[98.663,16.287],[98.682,16.273],[98.789,16.375],[98.84,16.472],[98.903,16.382],[98.884,16.259],[98.807,16.111],[98.68,16.126],[98.619,16.051],[98.547,16.047],[98.584,15.977],[98.54,15.712],[98.56,15.355],[98.534,15.326],[98.475,15.383],[98.403,15.36],[98.385,15.256],[98.283,15.29],[98.233,15.227],[98.177,15.221],[98.16,15.106],[98.199,15.051],[98.243,14.805],[98.418,14.608],[98.548,14.378],[98.935,14.085],[99.007,13.95],[99.09,13.87],[99.101,13.779],[99.153,13.715],[99.19,13.23],[99.102,13.171],[99.093,13.038],[99.165,12.976],[99.153,12.914],[99.224,12.717],[99.403,12.576],[99.387,12.466],[99.474,12.187],[99.452,12.129],[99.542,12.141],[99.518,12.026],[99.574,11.976],[99.561,11.873],[99.63,11.816],[99.543,11.64],[99.45,11.614],[99.428,11.497],[99.213,11.108],[99.077,10.997],[99.055,10.945],[98.992,10.948],[98.974,10.824],[98.892,10.809],[98.767,10.689],[98.748,10.623],[98.79,10.5],[98.747,10.351],[98.543,9.987],[98.49,10.198],[98.528,10.364],[98.459,10.715],[98.498,10.732],[98.528,10.693],[98.521,10.741],[98.563,10.727],[98.597,10.837],[98.631,10.851],[98.582,10.882],[98.712,10.924],[98.72,10.981],[98.693,11.008],[98.722,11.045],[98.658,11.132],[98.724,11.156],[98.759,11.269],[98.727,11.385],[98.698,11.388],[98.715,11.443],[98.775,11.454],[98.754,11.522],[98.718,11.532],[98.736,11.642],[98.752,11.682],[98.817,11.677],[98.823,11.708],[98.892,11.694],[98.783,11.755],[98.826,11.826],[98.809,11.851],[98.768,11.762],[98.674,11.685],[98.61,11.731],[98.632,11.793],[98.604,11.804],[98.707,11.879],[98.549,11.879],[98.664,11.92],[98.721,11.998],[98.713,12.064],[98.665,12.06],[98.63,12.132],[98.71,12.204],[98.703,12.238],[98.597,12.194],[98.539,12.242],[98.568,12.291],[98.707,12.348],[98.605,12.429],[98.616,12.486],[98.71,12.512],[98.623,12.558],[98.673,12.625],[98.693,12.725],[98.648,12.723],[98.679,12.756],[98.618,12.766],[98.651,12.797],[98.634,12.879],[98.59,12.92],[98.614,12.954],[98.578,13.187],[98.48,13.284],[98.473,13.413],[98.453,13.379],[98.426,13.49],[98.336,13.599],[98.302,13.701],[98.245,13.714],[98.234,14.003],[98.192,14.065],[98.187,13.544],[98.144,13.537],[98.13,13.582],[98.169,13.681],[98.103,13.701],[98.117,13.729],[98.083,13.77],[98.11,13.79],[98.111,13.902],[98.062,14.01],[98.11,14.168],[97.994,14.331],[98.0,14.469],[97.966,14.448],[97.925,14.613],[97.886,14.656],[97.904,14.709],[97.943,14.72],[98.028,14.648],[97.95,14.799],[97.931,14.752],[97.897,14.798],[97.902,14.738],[97.85,14.724],[97.795,14.88],[97.813,14.983],[97.774,15.017],[97.808,15.031],[97.823,15.209],[97.769,15.223],[97.726,15.34],[97.795,15.408],[97.713,15.757],[97.727,15.843],[97.576,16.017],[97.569,16.062],[97.62,16.125],[97.651,16.271],[97.637,16.477],[97.674,16.533],[97.74,16.559],[97.713,16.58],[97.63,16.532],[97.423,16.523],[97.37,16.484],[97.33,16.68],[97.311,16.652],[97.255,16.698],[97.24,16.875],[97.209,16.833],[97.219,16.901],[97.183,16.922],[97.198,17.013],[97.157,17.087],[97.174,17.112],[97.261,17.107],[97.158,17.129],[97.131,17.079],[97.11,17.189],[96.896,17.385],[96.883,17.457],[96.856,17.388],[96.822,17.395],[96.911,17.317],[96.849,17.213],[96.911,17.025],[96.879,16.935],[96.835,16.936],[96.856,16.901],[96.808,16.909],[96.847,16.845],[96.679,16.575],[96.616,16.518],[96.436,16.478],[96.266,16.597],[96.226,16.761],[96.287,16.813],[96.171,16.772],[96.241,16.65],[96.235,16.576],[96.336,16.439],[96.321,16.415],[96.285,16.366],[96.119,16.322],[96.007,16.387],[96.068,16.31],[95.98,16.223],[95.942,16.219],[95.951,16.258],[95.883,16.209],[95.89,16.244],[95.798,16.145],[95.756,16.145],[95.725,16.223],[95.732,16.127],[95.665,15.949],[95.416,15.723],[95.288,15.74],[95.283,15.838],[95.364,15.985],[95.362,16.148],[95.327,16.107],[95.342,15.984],[95.252,15.868],[95.273,16.004],[95.224,15.919],[95.213,15.787],[95.174,15.778],[95.126,15.818],[95.138,16.007],[95.129,16.039],[95.108,15.984],[95.098,16.025],[95.138,16.1],[95.226,16.12],[95.136,16.148],[95.071,16.075],[95.034,15.806],[94.976,15.764],[94.847,15.791],[94.896,15.847],[94.883,15.867],[94.853,15.84],[94.835,15.949],[94.924,16.039],[94.889,16.017],[94.863,16.128],[94.992,16.251],[94.855,16.16],[94.869,16.041],[94.721,15.857],[94.659,15.854],[94.601,15.921],[94.732,16.017],[94.794,16.162],[94.705,16.021],[94.567,15.935],[94.679,16.121],[94.665,16.258],[94.732,16.361],[94.706,16.473],[94.732,16.525],[94.697,16.508],[94.677,16.532],[94.684,16.364],[94.628,16.26],[94.582,16.243],[94.63,16.344],[94.584,16.275],[94.521,16.295],[94.507,16.19],[94.428,16.074],[94.361,16.049],[94.34,15.996],[94.24,15.976],[94.21,16.029],[94.215,16.158],[94.268,16.527],[94.341,16.548],[94.328,16.606],[94.362,16.635],[94.403,16.788],[94.382,16.901],[94.423,16.901],[94.465,16.95],[94.444,16.95],[94.458,17.06],[94.489,17.124],[94.454,17.18],[94.538,17.187],[94.509,17.23],[94.546,17.32],[94.594,17.292],[94.553,17.556],[94.56,17.582],[94.615,17.546],[94.444,17.988],[94.492,18.026],[94.491,18.072],[94.423,18.242],[94.328,18.259],[94.331,18.303],[94.389,18.286],[94.417,18.314],[94.259,18.509],[94.249,18.639],[94.149,18.731],[94.279,18.739],[94.212,18.742],[94.149,18.868],[94.12,18.817],[94.038,18.859],[94.041,18.998],[94.094,19.087],[94.029,19.095],[94.067,19.389],[94.025,19.287],[94.033,19.205],[93.973,19.146],[93.937,19.205],[93.91,19.191],[93.955,19.127],[93.984,18.968],[93.93,18.859],[93.679,19.02],[93.642,19.134],[93.487,19.334],[93.491,19.408],[93.553,19.431],[93.611,19.403],[93.621,19.334],[93.755,19.247],[93.834,19.238],[93.93,19.3],[93.987,19.387],[93.984,19.464],[93.924,19.462],[93.937,19.492],[93.882,19.502],[93.731,19.633],[93.8,19.656],[93.827,19.719],[93.807,19.746],[93.761,19.675],[93.709,19.714],[93.752,19.766],[93.694,19.725],[93.648,19.725],[93.636,19.76],[93.601,19.719],[93.606,19.796],[93.661,19.871],[93.738,19.882],[93.74,19.925],[93.581,19.881],[93.518,19.94],[93.526,19.999],[93.492,19.965],[93.423,19.965],[93.382,20.089],[93.362,20.026],[93.341,20.102],[93.272,20.048],[93.176,20.054],[93.128,20.095],[93.236,19.847],[93.238,19.821],[93.201,19.863],[93.148,19.994],[93.109,19.994],[93.106,19.931],[93.169,19.807],[92.97,20.129],[93.042,20.129],[93.08,20.17],[93.094,20.15],[93.121,20.212],[92.99,20.155],[93.041,20.332],[93.091,20.381],[93.1,20.431],[93.06,20.362],[93.031,20.41],[93.073,20.555],[93.023,20.453],[93.016,20.325],[92.868,20.122],[92.772,20.201],[92.778,20.232],[92.943,20.321],[92.847,20.377],[92.827,20.495],[92.793,20.506],[92.769,20.455],[92.721,20.592],[92.635,20.698],[92.708,20.579],[92.731,20.259],[92.653,20.418],[92.54,20.528],[92.507,20.609],[92.381,20.7],[92.271,21.049],[92.181,21.158],[92.178,21.3],[92.236,21.417],[92.285,21.419],[92.323,21.462],[92.4,21.371],[92.525,21.361],[92.571,21.247],[92.634,21.282],[92.59,21.496],[92.576,21.978]],[[98.057,9.797],[98.018,9.795],[98.015,9.826],[98.057,9.797]],[[98.229,10.52],[98.193,10.482],[98.19,10.516],[98.229,10.52]],[[97.837,12.772],[97.853,12.807],[97.868,12.775],[97.837,12.772]],[[98.296,10.049],[98.133,9.846],[98.127,9.96],[98.235,10.054],[98.296,10.049]],[[98.186,10.121],[98.179,10.193],[98.241,10.168],[98.186,10.042],[98.186,10.121]],[[97.911,10.495],[97.944,10.444],[97.91,10.402],[97.889,10.42],[97.911,10.495]],[[98.494,10.891],[98.553,10.833],[98.527,10.787],[98.498,10.794],[98.528,10.82],[98.5,10.823],[98.494,10.891]],[[97.89,10.885],[97.912,10.924],[97.952,10.919],[97.909,10.857],[97.884,10.845],[97.89,10.885]],[[98.268,10.837],[98.296,10.735],[98.251,10.693],[98.24,10.831],[98.199,10.882],[98.147,10.925],[98.077,10.888],[98.141,10.977],[98.172,10.979],[98.268,10.837]],[[98.528,10.974],[98.508,10.946],[98.477,10.974],[98.525,11.087],[98.528,10.974]],[[98.275,11.248],[98.295,11.231],[98.247,11.215],[98.22,11.269],[98.281,11.276],[98.275,11.248]],[[98.278,11.8],[98.323,11.731],[98.284,11.509],[98.261,11.468],[98.234,11.502],[98.202,11.466],[98.22,11.454],[98.177,11.449],[98.278,11.8]],[[98.535,11.804],[98.556,11.759],[98.535,11.529],[98.459,11.584],[98.432,11.567],[98.379,11.691],[98.406,11.708],[98.38,11.751],[98.413,11.773],[98.371,11.789],[98.535,11.804]],[[98.055,11.701],[98.09,11.632],[98.012,11.705],[98.014,11.865],[98.058,11.729],[98.082,11.735],[98.055,11.701]],[[97.664,11.906],[97.672,11.838],[97.643,11.868],[97.664,11.906]],[[98.254,11.858],[98.265,11.909],[98.289,11.882],[98.254,11.858]],[[98.268,11.934],[98.246,11.925],[98.236,11.968],[98.261,11.971],[98.268,11.934]],[[98.604,11.967],[98.658,11.934],[98.478,11.891],[98.439,12.112],[98.52,12.007],[98.604,11.967]],[[98.096,12.187],[98.132,12.199],[98.137,12.139],[98.077,12.162],[98.034,12.221],[98.073,12.29],[98.124,12.259],[98.096,12.187]],[[98.065,12.365],[98.0,12.269],[97.946,12.31],[97.971,12.345],[97.938,12.338],[97.955,12.378],[98.018,12.403],[98.005,12.367],[98.042,12.358],[98.076,12.427],[98.105,12.383],[98.065,12.365]],[[98.514,12.496],[98.496,12.406],[98.474,12.425],[98.489,12.493],[98.514,12.496]],[[98.254,12.568],[98.29,12.526],[98.261,12.495],[98.23,12.517],[98.254,12.568]],[[97.823,12.587],[97.85,12.595],[97.85,12.537],[97.823,12.587]],[[98.466,12.584],[98.456,12.458],[98.35,12.326],[98.302,12.338],[98.336,12.451],[98.303,12.599],[98.316,12.687],[98.406,12.639],[98.425,12.53],[98.438,12.587],[98.466,12.584]],[[98.296,13.085],[98.336,13.074],[98.302,13.029],[98.302,12.913],[98.239,13.159],[98.261,13.214],[98.296,13.085]],[[94.828,15.932],[94.842,15.877],[94.804,15.797],[94.725,15.812],[94.828,15.932]],[[94.662,16.222],[94.63,16.075],[94.57,16.005],[94.478,15.966],[94.403,15.839],[94.39,16.001],[94.485,16.059],[94.612,16.222],[94.643,16.246],[94.662,16.222]],[[97.589,16.415],[97.547,16.2],[97.459,16.301],[97.485,16.364],[97.452,16.449],[97.521,16.511],[97.606,16.484],[97.589,16.415]],[[93.745,18.8],[93.732,18.69],[93.645,18.679],[93.484,18.875],[93.622,18.91],[93.663,18.873],[93.742,18.872],[93.745,18.8]],[[93.971,19.417],[93.966,19.363],[93.917,19.318],[93.803,19.277],[93.75,19.333],[93.73,19.419],[93.642,19.492],[93.688,19.559],[93.724,19.556],[93.82,19.472],[93.88,19.479],[93.971,19.417]],[[93.505,19.807],[93.512,19.746],[93.441,19.811],[93.403,19.953],[93.499,19.887],[93.505,19.807]],[[92.964,20.037],[93.025,19.828],[92.909,20.065],[92.923,20.088],[92.964,20.037]]]}},{"type":"Feature","properties":{"iso":"BD","name":"Bangladesh"},"geometry":{"type":"MultiLineString","coordinates":[[[92.576,21.978],[92.59,21.496],[92.634,21.282],[92.571,21.247],[92.525,21.361],[92.4,21.371],[92.323,21.462],[92.285,21.419],[92.236,21.417],[92.178,21.3],[92.175,21.176],[92.265,21.061],[92.261,20.94],[92.333,20.768],[92.319,20.742],[92.193,20.996],[92.053,21.155],[92.045,21.3],[91.953,21.442],[92.018,21.493],[91.99,21.562],[92.036,21.64],[92.029,21.705],[91.984,21.65],[91.984,21.705],[91.963,21.69],[91.95,21.716],[91.99,21.795],[91.899,21.789],[91.95,21.884],[91.916,21.862],[91.867,22.137],[91.84,22.117],[91.813,22.18],[91.84,22.247],[91.809,22.306],[91.874,22.336],[91.908,22.425],[91.877,22.363],[91.791,22.302],[91.826,22.248],[91.787,22.238],[91.744,22.411],[91.676,22.535],[91.548,22.7],[91.462,22.762],[91.49,22.905],[91.415,22.754],[91.346,22.775],[91.36,22.743],[91.291,22.738],[91.333,22.72],[91.317,22.697],[91.182,22.726],[91.199,22.699],[91.169,22.685],[91.264,22.641],[91.203,22.543],[91.089,22.544],[91.018,22.683],[91.038,22.589],[90.942,22.586],[90.795,22.741],[90.717,22.941],[90.629,23.064],[90.667,23.268],[90.661,23.322],[90.611,23.342],[90.6,23.45],[90.633,23.487],[90.715,23.498],[90.716,23.535],[90.678,23.555],[90.695,23.508],[90.608,23.491],[90.592,23.562],[90.633,23.597],[90.612,23.606],[90.547,23.564],[90.476,23.583],[90.577,23.539],[90.552,23.385],[90.249,23.455],[90.428,23.326],[90.569,23.295],[90.611,23.231],[90.572,23.082],[90.559,23.111],[90.449,23.056],[90.54,22.897],[90.476,22.884],[90.408,22.795],[90.42,22.768],[90.373,22.761],[90.462,22.749],[90.493,22.71],[90.513,22.611],[90.459,22.579],[90.442,22.494],[90.473,22.576],[90.524,22.583],[90.607,22.466],[90.586,22.451],[90.613,22.315],[90.558,22.203],[90.501,22.177],[90.45,22.081],[90.408,22.086],[90.387,22.103],[90.422,22.199],[90.394,22.288],[90.413,22.178],[90.273,21.857],[90.185,21.801],[90.093,21.83],[90.126,21.932],[90.067,21.853],[90.024,21.862],[90.034,21.944],[90.106,22.054],[90.216,22.123],[90.239,22.172],[90.236,22.199],[90.206,22.133],[90.148,22.111],[90.038,21.987],[89.996,22.0],[90.078,22.164],[90.053,22.155],[89.983,22.045],[89.983,21.987],[89.934,21.998],[89.877,22.275],[90.01,22.49],[89.92,22.392],[89.873,22.419],[89.88,22.342],[89.839,22.268],[89.871,22.092],[89.797,22.076],[89.848,22.034],[89.88,21.884],[89.786,21.829],[89.709,21.83],[89.661,21.849],[89.647,21.925],[89.619,21.87],[89.701,21.785],[89.668,21.751],[89.595,21.76],[89.587,21.701],[89.527,21.813],[89.606,22.113],[89.567,22.203],[89.626,22.336],[89.549,22.205],[89.579,22.113],[89.533,21.985],[89.537,22.089],[89.476,22.295],[89.476,22.103],[89.494,22.137],[89.518,22.081],[89.489,22.031],[89.522,21.962],[89.465,21.859],[89.466,21.781],[89.406,21.717],[89.37,21.743],[89.387,21.901],[89.352,21.972],[89.356,21.893],[89.301,21.809],[89.284,21.822],[89.274,21.699],[89.298,21.678],[89.21,21.654],[89.188,21.812],[89.155,21.787],[89.105,21.816],[89.091,22.0],[89.057,22.065],[89.076,22.175],[89.009,22.286],[88.971,22.528],[88.928,22.548],[88.956,22.585],[88.908,22.741],[88.945,22.848],[88.839,22.976],[88.851,23.075],[88.96,23.203],[88.697,23.252],[88.686,23.293],[88.77,23.489],[88.719,23.468],[88.542,23.639],[88.578,23.855],[88.653,23.87],[88.714,23.925],[88.725,24.038],[88.674,24.083],[88.678,24.154],[88.746,24.214],[88.738,24.287],[88.66,24.338],[88.635,24.294],[88.475,24.315],[88.11,24.501],[88.082,24.6],[88.022,24.646],[88.053,24.755],[88.141,24.845],[88.115,24.916],[88.202,24.945],[88.243,24.881],[88.323,24.875],[88.426,25.051],[88.441,25.19],[88.784,25.161],[88.817,25.197],[88.924,25.168],[88.929,25.229],[88.985,25.285],[88.842,25.333],[88.8,25.396],[88.815,25.459],[88.772,25.502],[88.742,25.513],[88.666,25.463],[88.53,25.5],[88.424,25.592],[88.419,25.654],[88.26,25.789],[88.128,25.775],[88.088,25.831],[88.074,25.908],[88.151,26.031],[88.164,26.14],[88.326,26.216],[88.337,26.282],[88.432,26.362],[88.498,26.353],[88.461,26.454],[88.354,26.485],[88.336,26.448],[88.315,26.465],[88.385,26.624],[88.411,26.545],[88.656,26.415],[88.712,26.328],[88.646,26.276],[88.663,26.264],[88.748,26.293],[88.825,26.227],[88.876,26.277],[88.975,26.224],[89.019,26.234],[89.04,26.247],[89.008,26.297],[88.982,26.292],[88.891,26.386],[88.941,26.439],[89.044,26.381],[89.103,26.327],[89.069,26.287],[89.119,26.147],[89.335,25.999],[89.486,25.999],[89.542,25.96],[89.611,26.072],[89.567,26.087],[89.604,26.121],[89.563,26.143],[89.614,26.164],[89.613,26.219],[89.653,26.223],[89.656,26.161],[89.718,26.146],[89.756,26.032],[89.829,25.979],[89.792,25.949],[89.834,25.932],[89.783,25.814],[89.834,25.635],[89.795,25.374],[89.819,25.285],[89.908,25.297],[90.365,25.15],[90.623,25.171],[90.822,25.142],[91.236,25.202],[91.432,25.138],[91.566,25.16],[91.639,25.124],[91.73,25.167],[92.034,25.182],[92.304,25.074],[92.484,24.928],[92.478,24.864],[92.381,24.837],[92.29,24.891],[92.223,24.891],[92.234,24.778],[92.164,24.559],[92.111,24.514],[92.108,24.406],[92.063,24.371],[91.95,24.375],[91.972,24.316],[91.9,24.338],[91.877,24.158],[91.844,24.155],[91.807,24.221],[91.733,24.234],[91.733,24.164],[91.704,24.143],[91.629,24.215],[91.582,24.096],[91.363,24.1],[91.339,23.995],[91.274,23.988],[91.216,23.908],[91.205,23.772],[91.132,23.721],[91.175,23.67],[91.14,23.654],[91.141,23.612],[91.287,23.356],[91.266,23.329],[91.314,23.101],[91.371,23.063],[91.356,23.224],[91.394,23.263],[91.464,23.184],[91.524,22.995],[91.586,22.944],[91.707,22.995],[91.796,23.089],[91.744,23.272],[91.818,23.401],[91.941,23.495],[91.923,23.723],[92.019,23.64],[92.151,23.732],[92.194,23.648],[92.222,23.708],[92.259,23.706],[92.253,23.609],[92.349,23.354],[92.328,23.171],[92.36,22.927],[92.426,22.871],[92.442,22.763],[92.496,22.696],[92.577,22.169],[92.537,22.129],[92.576,21.978]],[[91.936,21.76],[91.984,21.609],[91.97,21.524],[91.877,21.481],[91.854,21.726],[91.872,21.755],[91.898,21.743],[91.888,21.685],[91.901,21.774],[91.936,21.76]],[[89.116,21.781],[89.132,21.722],[89.052,21.793],[89.046,21.917],[89.116,21.781]],[[91.888,21.866],[91.833,21.726],[91.836,21.894],[91.867,21.932],[91.888,21.866]],[[90.594,21.987],[90.607,21.939],[90.504,21.862],[90.532,21.877],[90.522,21.939],[90.594,21.987]],[[90.332,21.939],[90.394,22.0],[90.323,21.844],[90.332,21.939]],[[90.435,22.041],[90.486,21.977],[90.416,21.901],[90.394,21.939],[90.435,22.041]],[[90.544,22.062],[90.484,22.035],[90.492,22.08],[90.613,22.164],[90.56,22.024],[90.509,21.999],[90.544,22.062]],[[90.942,22.205],[90.957,22.145],[90.929,22.117],[90.942,22.205]],[[90.953,22.227],[90.976,22.363],[90.994,22.302],[90.953,22.227]],[[91.149,22.357],[91.187,22.228],[91.141,22.146],[91.063,22.09],[91.022,22.095],[91.005,22.117],[91.059,22.192],[91.075,22.389],[91.149,22.357]],[[90.62,22.425],[90.659,22.38],[90.64,22.309],[90.62,22.425]],[[91.159,22.503],[91.2,22.515],[91.201,22.472],[91.114,22.461],[91.159,22.503]],[[91.468,22.586],[91.556,22.478],[91.555,22.402],[91.508,22.397],[91.447,22.453],[91.424,22.525],[91.468,22.586]],[[90.791,22.495],[90.855,22.435],[90.836,22.178],[90.775,22.076],[90.647,21.994],[90.682,22.103],[90.626,22.027],[90.604,22.044],[90.688,22.378],[90.647,22.548],[90.559,22.603],[90.579,22.757],[90.651,22.787],[90.791,22.495]],[[90.645,22.849],[90.678,22.808],[90.591,22.814],[90.532,22.769],[90.521,22.712],[90.456,22.767],[90.473,22.865],[90.592,22.882],[90.645,22.849]],[[90.667,22.953],[90.633,22.953],[90.667,22.918],[90.636,22.921],[90.599,22.959],[90.508,22.976],[90.586,23.035],[90.667,22.953]],[[90.51,23.069],[90.469,23.008],[90.456,23.063],[90.51,23.069]],[[90.524,23.322],[90.487,23.319],[90.43,23.385],[90.539,23.35],[90.586,23.302],[90.524,23.322]]]}},{"type":"Feature","properties":{"iso":"AF","name":"Afghanistan"},"geometry":{"type":"MultiLineString","coordinates":[[[74.542,37.022],[74.537,36.962],[74.457,37.004],[74.394,36.994],[74.236,36.902],[74.13,36.898],[74.094,36.831],[74.035,36.816],[73.773,36.892],[73.192,36.877],[72.868,36.83],[72.63,36.833],[72.454,36.758],[72.214,36.726],[72.153,36.702],[72.172,36.654],[72.059,36.627],[72.039,36.58],[71.875,36.499],[71.773,36.48],[71.783,36.397],[71.61,36.458],[71.547,36.372],[71.558,36.328],[71.223,36.125],[71.171,36.027],[71.356,35.933],[71.515,35.701],[71.493,35.61],[71.593,35.549],[71.582,35.493],[71.621,35.41],[71.53,35.301],[71.638,35.19],[71.509,35.072],[71.511,35.009],[71.47,34.95],[71.289,34.875],[71.203,34.748],[71.081,34.673],[71.066,34.558],[70.957,34.532],[70.992,34.443],[71.122,34.357],[71.108,34.165],[71.063,34.054],[70.94,34.001],[70.884,34.007],[70.862,33.965],[70.522,33.939],[70.328,33.957],[70.003,34.044],[69.873,34.017],[69.847,33.927],[69.958,33.753],[70.118,33.717],[70.174,33.632],[70.155,33.507],[70.286,33.383],[70.294,33.319],[70.125,33.199],[70.048,33.194],[69.995,33.127],[69.881,33.089],[69.772,33.115],[69.548,33.075],[69.488,33.028],[69.477,32.857],[69.376,32.772],[69.426,32.655],[69.233,32.463],[69.268,32.301],[69.251,32.131],[69.299,31.938],[69.04,31.673],[68.804,31.603],[68.705,31.701],[68.676,31.775],[68.505,31.823],[68.419,31.783],[68.541,31.763],[68.498,31.725],[68.255,31.766],[68.139,31.825],[68.047,31.688],[67.966,31.638],[67.843,31.623],[67.696,31.521],[67.569,31.53],[67.611,31.411],[67.77,31.395],[67.765,31.334],[67.346,31.208],[67.035,31.236],[67.017,31.309],[66.943,31.315],[66.697,31.196],[66.663,31.083],[66.55,30.977],[66.366,30.923],[66.268,30.601],[66.322,30.437],[66.305,30.245],[66.219,30.058],[66.341,29.957],[66.196,29.835],[65.036,29.54],[64.478,29.57],[64.173,29.484],[64.086,29.387],[63.569,29.497],[62.478,29.408],[60.844,29.858],[61.802,30.847],[61.826,31.015],[61.743,31.24],[61.742,31.321],[61.687,31.373],[60.822,31.495],[60.775,32.027],[60.815,32.088],[60.83,32.249],[60.563,33.058],[60.568,33.151],[60.829,33.416],[60.832,33.484],[60.921,33.514],[60.846,33.556],[60.656,33.56],[60.512,33.638],[60.487,33.711],[60.528,33.841],[60.493,34.139],[60.644,34.307],[60.89,34.319],[60.7,34.516],[60.948,34.638],[60.96,34.723],[61.065,34.815],[61.075,34.933],[61.147,35.102],[61.096,35.193],[61.102,35.257],[61.187,35.3],[61.195,35.39],[61.29,35.548],[61.27,35.618],[61.352,35.628],[61.393,35.554],[61.605,35.431],[62.007,35.439],[62.234,35.294],[62.286,35.141],[62.432,35.281],[62.535,35.227],[62.694,35.248],[62.918,35.388],[63.08,35.437],[63.101,35.525],[63.077,35.625],[63.214,35.699],[63.112,35.77],[63.084,35.826],[63.104,35.856],[63.43,35.871],[63.582,35.959],[63.766,35.977],[63.89,36.03],[64.045,35.999],[64.057,36.105],[64.159,36.16],[64.266,36.152],[64.304,36.212],[64.478,36.272],[64.594,36.424],[64.605,36.661],[64.779,36.938],[64.756,37.054],[64.779,37.118],[65.063,37.233],[65.537,37.257],[65.624,37.345],[65.621,37.43],[65.659,37.51],[65.739,37.529],[65.761,37.578],[65.855,37.508],[66.08,37.441],[66.143,37.385],[66.294,37.331],[67.006,37.384],[67.097,37.341],[67.123,37.282],[67.259,37.185],[67.503,37.282],[67.561,37.22],[67.633,37.254],[67.747,37.229],[67.781,37.189],[67.773,37.11],[67.878,37.064],[68.02,36.926],[68.186,37.018],[68.278,37.01],[68.288,37.103],[68.392,37.105],[68.404,37.152],[68.627,37.206],[68.669,37.278],[68.82,37.251],[68.81,37.312],[68.836,37.329],[68.916,37.279],[68.888,37.338],[68.985,37.32],[69.124,37.169],[69.246,37.104],[69.312,37.117],[69.442,37.224],[69.41,37.246],[69.378,37.437],[69.509,37.579],[69.802,37.582],[69.919,37.617],[70.008,37.549],[70.158,37.541],[70.248,37.623],[70.283,37.705],[70.247,37.819],[70.165,37.89],[70.172,37.946],[70.262,37.939],[70.254,37.973],[70.47,38.121],[70.547,38.263],[70.583,38.275],[70.6,38.347],[70.685,38.387],[70.665,38.405],[70.777,38.446],[70.936,38.433],[70.951,38.473],[71.358,38.251],[71.359,38.184],[71.258,37.926],[71.341,37.893],[71.537,37.944],[71.598,37.898],[71.59,37.816],[71.53,37.761],[71.494,37.308],[71.431,37.067],[71.553,36.77],[71.653,36.687],[71.837,36.699],[72.26,36.967],[72.658,37.029],[72.791,37.22],[73.068,37.315],[73.132,37.384],[73.296,37.465],[73.485,37.481],[73.753,37.428],[73.739,37.338],[73.597,37.262],[73.709,37.217],[74.188,37.338],[74.224,37.403],[74.304,37.4],[74.316,37.427],[74.521,37.376],[74.66,37.394],[74.789,37.331],[74.892,37.231],[74.794,37.214],[74.721,37.298],[74.623,37.231],[74.5,37.232],[74.457,37.177],[74.368,37.167],[74.383,37.127],[74.542,37.022]]]}},{"type":"Feature","properties":{"iso":"TM","name":"Turkmenistan"},"geometry":{"type":"MultiLineString","coordinates":[[[61.27,35.618],[61.232,35.672],[61.256,35.769],[61.241,35.894],[61.13,35.971],[61.225,36.124],[61.147,36.357],[61.188,36.565],[61.166,36.636],[60.342,36.637],[60.019,37.026],[59.653,37.15],[59.605,37.124],[59.556,37.198],[59.462,37.208],[59.469,37.241],[59.37,37.319],[59.356,37.481],[59.312,37.53],[59.212,37.516],[59.035,37.625],[58.801,37.695],[58.78,37.66],[58.682,37.643],[58.53,37.7],[58.48,37.644],[58.358,37.633],[58.207,37.679],[58.157,37.788],[57.8,37.868],[57.691,37.92],[57.496,37.922],[57.352,37.968],[57.327,37.994],[57.344,38.081],[57.186,38.276],[57.038,38.187],[56.729,38.271],[56.585,38.235],[56.436,38.255],[56.303,38.179],[56.315,38.089],[56.214,38.069],[55.963,38.067],[55.738,38.119],[55.447,38.084],[55.13,37.952],[54.857,37.761],[54.787,37.652],[54.809,37.603],[54.788,37.525],[54.654,37.439],[54.533,37.441],[54.206,37.325],[53.914,37.343],[53.825,37.745],[53.807,38.032],[53.868,38.308],[53.827,38.525],[53.847,38.646],[53.983,38.916],[53.86,39.035],[53.767,39.031],[53.722,39.111],[53.732,39.057],[53.702,39.079],[53.725,39.242],[53.66,39.2],[53.684,39.083],[53.602,39.193],[53.609,39.236],[53.568,39.193],[53.588,39.303],[53.561,39.283],[53.562,39.353],[53.389,39.311],[53.403,39.338],[53.293,39.33],[53.239,39.365],[53.15,39.344],[53.198,39.324],[53.161,39.18],[53.137,39.321],[53.085,39.4],[53.276,39.665],[53.314,39.659],[53.249,39.608],[53.217,39.525],[53.427,39.536],[53.492,39.481],[53.568,39.468],[53.574,39.527],[53.615,39.495],[53.733,39.528],[53.629,39.571],[53.646,39.608],[53.572,39.616],[53.533,39.68],[53.54,39.632],[53.444,39.701],[53.451,39.632],[53.417,39.65],[53.43,39.763],[53.382,39.769],[53.499,39.866],[53.485,39.885],[53.537,39.896],[53.574,39.968],[53.402,40.007],[53.283,39.94],[53.172,39.997],[52.975,39.974],[52.914,40.022],[52.896,39.998],[52.93,39.896],[53.054,39.769],[53.006,39.783],[53.04,39.742],[53.008,39.766],[52.905,39.875],[52.884,39.945],[52.738,40.054],[52.768,40.154],[52.699,40.274],[52.737,40.485],[52.863,40.658],[52.868,40.694],[52.828,40.711],[52.868,40.756],[52.923,40.941],[52.917,41.085],[52.961,41.061],[52.958,41.016],[53.04,40.886],[53.122,40.872],[53.065,40.844],[53.119,40.77],[53.182,40.768],[53.266,40.817],[53.245,40.775],[53.331,40.776],[53.37,40.835],[53.399,40.763],[53.483,40.737],[53.555,40.774],[53.587,40.892],[53.625,40.887],[53.657,40.865],[53.676,40.726],[53.725,40.688],[53.721,40.626],[53.863,40.626],[53.948,40.674],[54.011,40.658],[54.088,40.682],[54.054,40.715],[54.171,40.73],[54.232,40.728],[54.218,40.69],[54.253,40.677],[54.404,40.674],[54.363,40.688],[54.43,40.721],[54.318,40.722],[54.25,40.891],[54.361,40.917],[54.466,40.866],[54.438,40.817],[54.475,40.81],[54.64,40.839],[54.76,40.965],[54.678,41.071],[54.767,41.037],[54.716,41.115],[54.636,41.133],[54.6,41.192],[54.074,41.488],[54.03,41.569],[54.009,41.765],[53.899,41.905],[53.907,42.063],[53.819,42.124],[53.682,42.144],[53.297,42.079],[53.164,42.104],[52.96,41.984],[52.769,41.676],[52.831,41.701],[52.917,41.674],[52.813,41.379],[52.844,41.24],[52.91,41.123],[52.882,41.05],[52.848,41.078],[52.851,41.163],[52.761,41.378],[52.562,41.519],[52.593,41.646],[52.438,41.749],[52.979,42.127],[53.412,42.258],[54.123,42.338],[54.738,42.048],[54.907,41.932],[54.951,41.796],[55.228,41.473],[55.478,41.267],[55.635,41.264],[55.91,41.327],[57.01,41.254],[57.161,41.368],[57.074,41.395],[57.02,41.466],[57.012,41.558],[56.96,41.647],[56.95,41.866],[56.978,41.895],[57.116,41.952],[57.208,42.071],[57.382,42.164],[57.62,42.148],[57.85,42.191],[57.827,42.227],[57.888,42.262],[57.937,42.354],[57.909,42.43],[58.016,42.5],[58.325,42.432],[58.385,42.388],[58.398,42.288],[58.491,42.298],[58.306,42.529],[58.121,42.624],[58.258,42.69],[58.535,42.655],[58.588,42.791],[58.894,42.548],[59.146,42.527],[59.224,42.461],[59.258,42.348],[59.426,42.287],[59.866,42.304],[60.028,42.2],[60.037,42.17],[59.984,42.146],[59.974,42.099],[59.997,42.011],[59.906,41.967],[60.089,41.919],[60.253,41.78],[60.102,41.795],[60.049,41.753],[60.165,41.585],[60.072,41.514],[60.059,41.434],[60.094,41.39],[60.478,41.212],[60.86,41.253],[60.978,41.203],[61.01,41.237],[61.1,41.224],[61.281,41.157],[61.433,41.3],[61.654,41.249],[61.878,41.125],[61.979,40.999],[61.983,40.886],[62.037,40.736],[62.134,40.578],[62.192,40.499],[62.353,40.43],[62.436,40.194],[62.422,40.115],[62.453,40.009],[62.593,39.89],[63.478,39.403],[63.709,39.191],[64.151,38.949],[64.337,38.971],[64.635,38.744],[64.978,38.612],[65.205,38.45],[65.604,38.237],[65.74,38.224],[65.877,38.273],[66.231,38.149],[66.307,38.08],[66.624,37.994],[66.646,37.946],[66.519,37.783],[66.493,37.522],[66.547,37.451],[66.497,37.398],[66.52,37.364],[66.461,37.324],[66.413,37.35],[66.294,37.331],[66.143,37.385],[66.08,37.441],[65.855,37.508],[65.761,37.578],[65.739,37.529],[65.659,37.51],[65.621,37.43],[65.624,37.345],[65.537,37.257],[65.063,37.233],[64.808,37.136],[64.76,37.093],[64.765,36.905],[64.592,36.621],[64.594,36.424],[64.478,36.272],[64.304,36.212],[64.266,36.152],[64.159,36.16],[64.057,36.105],[64.045,35.999],[63.89,36.03],[63.766,35.977],[63.582,35.959],[63.43,35.871],[63.104,35.856],[63.084,35.826],[63.112,35.77],[63.214,35.699],[63.077,35.625],[63.101,35.525],[63.08,35.437],[62.918,35.388],[62.694,35.248],[62.535,35.227],[62.432,35.281],[62.286,35.141],[62.234,35.294],[62.007,35.439],[61.605,35.431],[61.393,35.554],[61.352,35.628],[61.27,35.618]],[[53.03,39.061],[53.088,39.088],[53.054,39.027],[53.102,38.755],[53.04,38.907],[53.03,39.061]],[[53.469,39.585],[53.513,39.591],[53.534,39.528],[53.492,39.509],[53.469,39.585]]]}},{"type":"Feature","properties":{"iso":"NP","name":"Nepal"},"geometry":{"type":"MultiLineString","coordinates":[[[88.118,27.861],[88.165,27.845],[88.16,27.774],[88.023,27.495],[88.035,27.323],[87.969,27.111],[88.097,26.959],[88.168,26.763],[88.044,26.406],[87.975,26.367],[87.87,26.465],[87.587,26.378],[87.416,26.427],[87.3,26.346],[87.219,26.408],[87.106,26.405],[87.041,26.58],[86.822,26.438],[86.738,26.444],[86.714,26.415],[86.284,26.612],[86.196,26.583],[86.011,26.654],[85.829,26.566],[85.713,26.653],[85.702,26.797],[85.599,26.854],[85.302,26.737],[85.195,26.759],[85.162,26.851],[85.019,26.846],[84.924,26.956],[84.817,27.011],[84.627,27.036],[84.658,27.203],[84.607,27.31],[84.289,27.376],[84.117,27.513],[84.008,27.441],[83.834,27.434],[83.878,27.37],[83.855,27.345],[83.59,27.457],[83.387,27.47],[83.356,27.452],[83.363,27.386],[83.282,27.331],[83.133,27.444],[82.752,27.495],[82.68,27.694],[82.402,27.677],[82.027,27.912],[81.976,27.917],[81.856,27.851],[81.473,28.066],[81.396,28.161],[81.296,28.128],[81.17,28.361],[80.905,28.441],[80.872,28.497],[80.782,28.515],[80.636,28.628],[80.564,28.647],[80.556,28.679],[80.488,28.656],[80.488,28.562],[80.408,28.626],[80.33,28.627],[80.233,28.733],[80.036,28.837],[80.031,28.898],[80.108,28.995],[80.133,29.11],[80.221,29.126],[80.219,29.211],[80.258,29.202],[80.28,29.31],[80.214,29.417],[80.385,29.605],[80.354,29.705],[80.369,29.758],[80.476,29.806],[80.571,29.947],[80.716,30.013],[80.884,30.21],[80.921,30.177],[81.007,30.189],[81.098,30.017],[81.217,30.008],[81.272,30.08],[81.267,30.125],[81.35,30.157],[81.388,30.374],[81.509,30.328],[81.537,30.379],[81.614,30.417],[81.779,30.358],[82.089,30.33],[82.085,30.231],[82.156,30.181],[82.128,30.124],[82.154,30.058],[82.319,30.032],[82.542,29.923],[82.619,29.84],[82.689,29.828],[82.691,29.781],[82.837,29.66],[82.9,29.688],[82.976,29.664],[83.065,29.579],[83.093,29.615],[83.174,29.621],[83.261,29.542],[83.264,29.473],[83.328,29.485],[83.355,29.461],[83.393,29.356],[83.503,29.261],[83.524,29.184],[83.639,29.155],[83.695,29.226],[83.914,29.289],[84.09,29.257],[84.112,29.209],[84.162,29.193],[84.132,29.144],[84.175,29.057],[84.231,29.026],[84.207,28.941],[84.235,28.9],[84.377,28.849],[84.451,28.734],[84.616,28.694],[84.683,28.651],[84.678,28.604],[84.812,28.542],[84.928,28.538],[85.055,28.639],[85.161,28.595],[85.154,28.525],[85.078,28.436],[85.08,28.319],[85.109,28.292],[85.174,28.304],[85.224,28.272],[85.363,28.26],[85.432,28.297],[85.612,28.251],[85.693,28.335],[85.734,28.222],[85.863,28.143],[85.898,28.036],[85.957,27.976],[85.963,27.891],[86.062,27.889],[86.113,27.927],[86.069,28.077],[86.156,28.157],[86.186,28.134],[86.172,28.072],[86.203,28.003],[86.425,27.91],[86.51,27.952],[86.554,28.104],[86.612,28.08],[86.662,28.107],[86.732,28.077],[86.74,28.021],[86.84,28.015],[86.915,27.945],[87.006,27.951],[87.156,27.826],[87.291,27.816],[87.364,27.855],[87.385,27.849],[87.369,27.804],[87.532,27.837],[87.573,27.805],[87.727,27.808],[87.837,27.908],[88.118,27.861]]]}},{"type":"Feature","properties":{"iso":"PK","name":"Pakistan"},"geometry":{"type":"MultiLineString","coordinates":[[[73.712,36.894],[73.72,36.851],[73.887,36.771],[73.879,36.712],[73.721,36.727],[73.679,36.704],[73.416,36.752],[73.073,36.699],[73.094,36.603],[73.055,36.54],[72.98,36.508],[72.985,36.473],[72.896,36.462],[72.877,36.384],[72.692,36.271],[72.622,36.277],[72.572,36.243],[72.529,36.098],[72.589,36.016],[72.516,35.904],[72.792,35.838],[72.872,35.874],[73.088,35.876],[73.155,35.825],[73.126,35.725],[73.307,35.6],[73.383,35.588],[73.41,35.548],[73.772,35.522],[73.784,35.447],[73.69,35.357],[73.722,35.216],[73.81,35.234],[74.102,35.14],[74.124,35.105],[74.068,35.055],[74.1,35.01],[74.018,34.881],[73.884,34.811],[73.74,34.785],[73.651,34.677],[73.623,34.564],[73.593,34.588],[73.464,34.571],[73.437,34.522],[73.4,34.376],[73.474,34.269],[73.519,34.008],[73.58,33.91],[73.567,33.803],[73.6,33.709],[73.573,33.634],[73.635,33.541],[73.628,33.452],[73.574,33.387],[73.603,33.333],[73.581,33.229],[73.615,33.232],[73.655,33.185],[73.623,33.124],[73.806,33.015],[73.943,33.018],[73.983,32.969],[74.317,32.823],[74.346,32.767],[74.439,32.786],[74.501,32.746],[74.574,32.753],[74.672,32.841],[74.689,32.809],[74.63,32.588],[74.689,32.471],[74.838,32.475],[74.907,32.445],[75.024,32.466],[75.23,32.38],[75.359,32.262],[75.295,32.149],[75.196,32.129],[75.174,32.087],[75.041,32.098],[74.956,32.032],[74.829,32.025],[74.784,31.943],[74.698,31.95],[74.55,31.827],[74.489,31.711],[74.617,31.459],[74.532,31.303],[74.506,31.175],[74.537,31.115],[74.617,31.115],[74.659,31.084],[74.401,30.893],[74.319,30.893],[74.164,30.665],[74.067,30.611],[74.058,30.531],[73.852,30.373],[73.935,30.261],[73.944,30.188],[73.74,30.048],[73.558,30.013],[73.37,29.927],[73.233,29.537],[72.93,29.048],[72.355,28.767],[72.256,28.646],[72.15,28.354],[71.908,28.136],[71.874,27.96],[71.561,27.869],[71.226,27.845],[70.832,27.701],[70.71,27.741],[70.641,27.855],[70.633,27.932],[70.535,28.016],[70.456,28.04],[70.342,28.011],[70.102,27.812],[69.994,27.571],[69.534,27.126],[69.465,26.808],[69.504,26.735],[69.816,26.58],[70.056,26.589],[70.158,26.53],[70.147,26.217],[70.078,26.1],[70.065,25.98],[70.249,25.708],[70.36,25.673],[70.592,25.709],[70.654,25.674],[70.654,25.397],[70.735,25.267],[70.849,25.163],[70.915,24.947],[71.064,24.683],[70.977,24.64],[70.955,24.585],[70.977,24.465],[71.083,24.412],[70.997,24.357],[70.918,24.362],[70.841,24.306],[70.851,24.265],[70.755,24.231],[70.568,24.273],[70.563,24.424],[70.416,24.402],[70.098,24.299],[70.052,24.202],[69.972,24.165],[69.715,24.169],[69.563,24.277],[69.281,24.284],[69.167,24.253],[69.068,24.288],[68.963,24.257],[68.904,24.321],[68.839,24.236],[68.799,24.329],[68.747,24.331],[68.724,23.965],[68.432,23.967],[68.354,23.939],[68.33,23.967],[68.314,23.916],[68.264,23.936],[68.26,23.896],[68.183,23.842],[68.157,23.905],[68.149,23.695],[68.102,23.734],[68.099,23.709],[68.063,23.723],[68.102,23.816],[68.059,23.862],[68.064,23.923],[68.014,23.939],[68.054,23.829],[68.014,23.769],[67.9,23.868],[67.869,23.85],[67.855,23.912],[67.832,23.81],[67.719,23.844],[67.744,23.809],[67.716,23.792],[67.632,23.803],[67.65,23.933],[67.615,23.85],[67.547,23.898],[67.547,23.871],[67.479,23.892],[67.541,23.939],[67.499,23.926],[67.506,23.974],[67.451,23.988],[67.533,24.07],[67.51,24.052],[67.341,24.086],[67.279,24.281],[67.286,24.33],[67.362,24.344],[67.272,24.369],[67.287,24.44],[67.259,24.419],[67.184,24.59],[67.253,24.59],[67.152,24.616],[67.176,24.689],[67.256,24.748],[67.167,24.76],[67.14,24.803],[67.081,24.803],[67.083,24.774],[66.965,24.844],[66.965,24.81],[66.882,24.851],[66.654,24.839],[66.704,24.892],[66.681,24.949],[66.737,25.181],[66.71,25.239],[66.548,25.366],[66.591,25.4],[66.531,25.518],[66.493,25.518],[66.437,25.598],[66.388,25.592],[66.375,25.626],[66.204,25.593],[66.094,25.475],[66.213,25.491],[66.258,25.543],[66.336,25.553],[66.423,25.481],[66.492,25.481],[66.458,25.454],[66.498,25.399],[66.36,25.465],[66.252,25.473],[65.858,25.418],[65.652,25.344],[65.468,25.385],[65.401,25.367],[65.395,25.392],[65.232,25.371],[65.155,25.296],[64.744,25.324],[64.669,25.255],[64.669,25.207],[64.71,25.179],[64.655,25.166],[64.6,25.173],[64.628,25.228],[64.565,25.27],[64.439,25.235],[64.361,25.283],[64.094,25.336],[64.084,25.427],[64.155,25.447],[64.045,25.45],[63.977,25.413],[64.049,25.416],[64.08,25.365],[64.06,25.345],[63.944,25.335],[63.738,25.385],[63.573,25.365],[63.469,25.289],[63.519,25.221],[63.5,25.194],[63.144,25.261],[63.028,25.22],[62.527,25.264],[62.477,25.259],[62.489,25.214],[62.414,25.207],[62.343,25.155],[62.381,25.088],[62.256,25.099],[62.315,25.13],[62.297,25.185],[62.145,25.218],[62.059,25.162],[62.097,25.107],[61.881,25.103],[61.847,25.038],[61.73,25.022],[61.783,25.188],[61.588,25.202],[61.62,25.285],[61.643,25.613],[61.673,25.658],[61.66,25.769],[61.755,25.82],[61.833,26.225],[62.094,26.315],[62.124,26.374],[62.265,26.361],[62.249,26.417],[62.292,26.501],[62.418,26.562],[62.702,26.604],[62.754,26.644],[63.141,26.625],[63.19,26.846],[63.262,26.872],[63.231,27.066],[63.261,27.116],[63.32,27.117],[63.271,27.203],[63.177,27.258],[62.892,27.213],[62.742,27.267],[62.779,27.3],[62.756,27.348],[62.815,27.495],[62.736,27.995],[62.762,28.246],[62.576,28.229],[62.363,28.419],[61.893,28.543],[61.567,28.871],[61.468,29.042],[61.488,29.081],[61.398,29.159],[61.333,29.275],[61.337,29.374],[60.844,29.858],[62.478,29.408],[63.569,29.497],[64.086,29.387],[64.173,29.484],[64.478,29.57],[65.036,29.54],[66.196,29.835],[66.341,29.957],[66.219,30.058],[66.305,30.245],[66.322,30.437],[66.268,30.601],[66.366,30.923],[66.55,30.977],[66.663,31.083],[66.697,31.196],[66.943,31.315],[67.017,31.309],[67.035,31.236],[67.346,31.208],[67.765,31.334],[67.77,31.395],[67.611,31.411],[67.569,31.53],[67.696,31.521],[67.843,31.623],[67.966,31.638],[68.047,31.688],[68.139,31.825],[68.255,31.766],[68.498,31.725],[68.541,31.763],[68.419,31.783],[68.505,31.823],[68.676,31.775],[68.705,31.701],[68.804,31.603],[69.04,31.673],[69.299,31.938],[69.251,32.131],[69.268,32.301],[69.233,32.463],[69.426,32.655],[69.376,32.772],[69.477,32.857],[69.488,33.028],[69.548,33.075],[69.772,33.115],[69.881,33.089],[69.995,33.127],[70.048,33.194],[70.125,33.199],[70.294,33.319],[70.286,33.383],[70.155,33.507],[70.174,33.632],[70.118,33.717],[69.958,33.753],[69.847,33.927],[69.873,34.017],[70.003,34.044],[70.328,33.957],[70.522,33.939],[70.862,33.965],[70.884,34.007],[70.94,34.001],[71.063,34.054],[71.108,34.165],[71.122,34.357],[70.992,34.443],[70.957,34.532],[71.066,34.558],[71.081,34.673],[71.203,34.748],[71.289,34.875],[71.47,34.95],[71.511,35.009],[71.509,35.072],[71.638,35.19],[71.53,35.301],[71.621,35.41],[71.582,35.493],[71.593,35.549],[71.493,35.61],[71.515,35.701],[71.356,35.933],[71.171,36.027],[71.223,36.125],[71.558,36.328],[71.547,36.372],[71.61,36.458],[71.783,36.397],[71.773,36.48],[71.875,36.499],[72.039,36.58],[72.059,36.627],[72.172,36.654],[72.153,36.702],[72.214,36.726],[72.454,36.758],[72.63,36.833],[73.712,36.894]],[[67.375,24.063],[67.485,24.049],[67.427,24.008],[67.375,24.063]]]}},{"type":"Feature","properties":{"iso":"YE","name":"Yemen"},"geometry":{"type":"MultiLineString","coordinates":[[[51.979,18.996],[52.721,17.298],[52.802,17.267],[53.09,16.642],[52.985,16.628],[52.533,16.447],[52.293,16.264],[52.156,15.984],[52.175,15.878],[52.224,15.847],[52.228,15.616],[51.913,15.515],[51.869,15.452],[51.829,15.469],[51.68,15.403],[51.676,15.34],[51.531,15.317],[51.368,15.23],[50.554,15.049],[50.18,14.843],[50.042,14.818],[50.03,14.85],[49.942,14.839],[49.372,14.65],[49.19,14.549],[49.182,14.517],[49.093,14.52],[49.01,14.401],[49.004,14.325],[48.887,14.25],[48.853,14.167],[48.696,14.044],[48.565,14.046],[48.469,13.989],[48.338,14.016],[48.189,13.969],[48.14,14.031],[48.017,14.057],[47.646,13.873],[47.398,13.655],[46.912,13.533],[46.701,13.43],[46.313,13.414],[46.235,13.436],[45.666,13.342],[45.494,13.195],[45.403,13.07],[45.194,13.013],[45.118,12.962],[45.059,12.762],[44.979,12.782],[45.035,12.804],[45.015,12.859],[44.917,12.799],[44.872,12.804],[44.872,12.77],[44.921,12.771],[44.881,12.73],[44.785,12.772],[44.728,12.742],[44.694,12.803],[44.611,12.82],[44.543,12.797],[44.416,12.67],[44.191,12.619],[44.138,12.639],[44.19,12.632],[44.191,12.66],[44.153,12.656],[43.946,12.598],[43.895,12.653],[43.601,12.756],[43.526,12.69],[43.468,12.684],[43.473,12.847],[43.226,13.284],[43.254,13.527],[43.295,13.586],[43.281,13.722],[43.233,13.876],[43.096,14.084],[42.959,14.513],[42.984,14.52],[43.021,14.442],[43.029,14.538],[43.0,14.663],[42.884,14.884],[42.891,14.914],[42.946,14.811],[42.937,14.948],[42.88,15.025],[42.864,15.136],[42.733,15.209],[42.638,15.191],[42.61,15.244],[42.683,15.246],[42.712,15.366],[42.699,15.312],[42.795,15.209],[42.807,15.344],[42.692,15.702],[42.835,15.915],[42.84,16.098],[42.789,16.371],[42.898,16.419],[42.907,16.479],[43.036,16.536],[43.085,16.673],[43.18,16.665],[43.169,16.737],[43.212,16.797],[43.146,16.834],[43.113,16.91],[43.118,17.086],[43.156,17.21],[43.249,17.252],[43.242,17.293],[43.165,17.326],[43.303,17.459],[43.413,17.52],[43.503,17.513],[43.62,17.459],[43.731,17.352],[43.887,17.354],[43.915,17.302],[44.004,17.368],[44.085,17.343],[44.149,17.405],[45.165,17.428],[45.43,17.312],[46.323,17.224],[46.71,17.275],[46.97,16.957],[47.161,16.947],[47.428,17.092],[47.589,17.463],[48.162,18.149],[49.036,18.58],[51.979,18.996]],[[53.053,12.175],[53.083,12.165],[53.072,12.13],[52.985,12.163],[53.053,12.175]],[[52.289,12.201],[52.39,12.197],[52.388,12.149],[52.24,12.157],[52.064,12.235],[52.289,12.201]],[[43.429,12.674],[43.436,12.632],[43.39,12.666],[43.429,12.674]],[[54.471,12.544],[54.54,12.55],[54.457,12.519],[54.445,12.485],[54.246,12.434],[54.14,12.351],[53.731,12.3],[53.572,12.335],[53.506,12.416],[53.307,12.543],[53.389,12.561],[53.396,12.656],[53.519,12.714],[53.655,12.705],[53.763,12.62],[53.846,12.599],[53.876,12.647],[54.008,12.646],[54.119,12.701],[54.471,12.544]],[[42.719,13.743],[42.783,13.78],[42.792,13.751],[42.688,13.664],[42.719,13.743]],[[42.76,14.065],[42.802,14.023],[42.782,13.92],[42.692,14.013],[42.76,14.065]],[[42.636,15.446],[42.582,15.392],[42.628,15.386],[42.614,15.308],[42.568,15.269],[42.546,15.294],[42.559,15.393],[42.636,15.446]]]}},{"type":"Feature","properties":{"iso":"MG","name":"Madagascar"},"geometry":{"type":"MultiLineString","coordinates":[[[44.255,-20.376],[44.334,-20.17],[44.474,-19.986],[44.472,-19.879],[44.371,-19.774],[44.41,-19.701],[44.405,-19.61],[44.484,-19.523],[44.48,-19.484],[44.445,-19.386],[44.234,-19.089],[44.257,-18.804],[44.186,-18.611],[44.042,-18.397],[44.001,-17.938],[44.036,-17.769],[43.929,-17.602],[43.924,-17.546],[43.943,-17.456],[44.138,-17.171],[44.152,-17.094],[44.18,-17.095],[44.431,-16.7],[44.412,-16.573],[44.456,-16.541],[44.463,-16.485],[44.398,-16.34],[44.445,-16.196],[44.782,-16.191],[44.868,-16.221],[45.04,-16.118],[45.139,-15.991],[45.266,-15.924],[45.298,-16.112],[45.406,-16.055],[45.379,-15.974],[45.57,-15.943],[45.605,-16.052],[45.646,-15.891],[45.621,-15.851],[45.661,-15.804],[45.704,-15.782],[45.802,-15.817],[45.949,-15.774],[45.959,-15.84],[46.066,-15.862],[46.071,-15.779],[46.01,-15.814],[46.016,-15.792],[46.144,-15.704],[46.236,-15.717],[46.249,-15.758],[46.207,-15.82],[46.331,-15.977],[46.338,-15.936],[46.385,-15.959],[46.386,-15.902],[46.469,-15.957],[46.444,-15.881],[46.299,-15.816],[46.356,-15.733],[46.304,-15.71],[46.333,-15.63],[46.482,-15.491],[46.489,-15.512],[46.605,-15.424],[46.68,-15.415],[46.643,-15.378],[46.949,-15.198],[46.997,-15.282],[47.075,-15.324],[46.958,-15.55],[46.997,-15.495],[47.232,-15.433],[47.166,-15.296],[47.112,-15.306],[47.12,-15.258],[47.088,-15.255],[47.056,-15.194],[47.206,-15.047],[47.241,-14.97],[47.372,-14.891],[47.368,-14.847],[47.309,-14.875],[47.284,-14.847],[47.445,-14.672],[47.496,-14.712],[47.517,-14.82],[47.421,-14.966],[47.428,-15.108],[47.563,-14.985],[47.652,-14.759],[47.797,-14.566],[47.914,-14.662],[47.921,-14.71],[47.914,-14.641],[47.969,-14.622],[48.0,-14.762],[48.013,-14.63],[47.926,-14.567],[47.84,-14.591],[47.804,-14.546],[47.753,-14.601],[47.702,-14.446],[47.722,-14.338],[47.791,-14.223],[47.861,-14.249],[47.944,-14.233],[47.92,-14.086],[48.014,-14.141],[47.983,-14.325],[48.034,-14.262],[48.011,-14.21],[48.048,-14.084],[47.941,-14.004],[48.017,-13.953],[47.917,-13.898],[47.876,-13.784],[47.884,-13.728],[47.928,-13.709],[47.895,-13.679],[47.904,-13.603],[47.953,-13.59],[47.985,-13.507],[48.015,-13.58],[48.051,-13.544],[48.031,-13.517],[48.068,-13.517],[48.099,-13.599],[48.142,-13.595],[48.192,-13.767],[48.299,-13.798],[48.341,-13.756],[48.332,-13.661],[48.36,-13.599],[48.333,-13.546],[48.394,-13.586],[48.428,-13.524],[48.49,-13.497],[48.534,-13.521],[48.482,-13.36],[48.605,-13.445],[48.711,-13.432],[48.78,-13.384],[48.839,-13.26],[48.819,-13.176],[48.844,-13.081],[48.942,-12.928],[48.955,-12.812],[48.866,-12.647],[48.887,-12.565],[48.839,-12.565],[48.774,-12.435],[48.73,-12.435],[48.76,-12.398],[48.853,-12.414],[48.904,-12.489],[48.946,-12.48],[48.985,-12.333],[49.065,-12.277],[49.08,-12.295],[49.12,-12.243],[49.151,-12.251],[49.161,-12.182],[49.202,-12.147],[49.093,-12.099],[49.161,-12.051],[49.223,-12.106],[49.182,-12.044],[49.243,-11.954],[49.278,-11.948],[49.349,-12.066],[49.373,-12.198],[49.329,-12.157],[49.285,-12.178],[49.264,-12.14],[49.23,-12.222],[49.292,-12.239],[49.282,-12.285],[49.307,-12.255],[49.349,-12.299],[49.381,-12.223],[49.456,-12.373],[49.497,-12.346],[49.539,-12.378],[49.538,-12.407],[49.49,-12.407],[49.528,-12.443],[49.559,-12.421],[49.586,-12.482],[49.563,-12.628],[49.653,-12.695],[49.675,-12.757],[49.655,-12.805],[49.744,-12.743],[49.805,-12.805],[49.815,-12.866],[49.874,-12.888],[49.853,-12.924],[49.942,-13.034],[49.942,-13.219],[49.977,-13.346],[50.033,-13.361],[50.041,-13.497],[50.143,-13.783],[50.164,-14.223],[50.213,-14.287],[50.189,-14.439],[50.241,-14.706],[50.21,-14.751],[50.265,-14.798],[50.355,-15.033],[50.49,-15.219],[50.483,-15.443],[50.337,-15.811],[50.23,-15.971],[50.168,-15.985],[50.148,-15.935],[50.039,-15.859],[50.025,-15.771],[49.97,-15.718],[49.976,-15.627],[49.906,-15.562],[49.901,-15.422],[49.718,-15.447],[49.638,-15.545],[49.648,-15.683],[49.734,-15.906],[49.684,-16.02],[49.69,-16.087],[49.729,-16.139],[49.823,-16.18],[49.85,-16.241],[49.827,-16.373],[49.863,-16.445],[49.854,-16.54],[49.723,-16.708],[49.725,-16.754],[49.768,-16.816],[49.84,-16.828],[49.608,-16.897],[49.431,-17.284],[49.421,-17.355],[49.51,-17.728],[49.414,-18.067],[49.441,-18.154],[49.384,-18.226],[49.359,-18.424],[49.077,-19.066],[48.86,-19.685],[48.791,-19.993],[48.75,-19.966],[48.782,-20.037],[48.562,-20.577],[48.43,-20.979],[48.456,-21.014],[48.357,-21.354],[48.202,-21.796],[47.901,-22.481],[47.834,-22.901],[47.738,-23.255],[47.619,-23.591],[47.597,-23.563],[47.575,-23.599],[47.62,-23.64],[47.569,-23.853],[47.497,-24.016],[47.448,-24.045],[47.371,-24.27],[47.325,-24.27],[47.312,-24.486],[47.194,-24.778],[47.129,-24.845],[47.126,-24.934],[47.106,-24.879],[47.087,-24.968],[46.965,-25.066],[46.927,-25.044],[46.77,-25.153],[46.654,-25.184],[46.387,-25.165],[46.238,-25.198],[45.774,-25.408],[45.561,-25.56],[45.163,-25.599],[45.118,-25.53],[44.981,-25.472],[44.835,-25.344],[44.369,-25.257],[44.296,-25.153],[44.384,-25.221],[44.405,-25.188],[44.029,-24.999],[44.001,-24.865],[43.918,-24.742],[43.918,-24.619],[43.84,-24.506],[43.707,-24.406],[43.673,-24.335],[43.665,-23.879],[43.625,-23.762],[43.642,-23.639],[43.748,-23.57],[43.735,-23.509],[43.761,-23.464],[43.631,-23.345],[43.583,-23.076],[43.361,-22.843],[43.223,-22.255],[43.247,-22.218],[43.302,-22.219],[43.295,-22.166],[43.261,-22.166],[43.247,-22.126],[43.247,-22.035],[43.294,-21.875],[43.309,-21.932],[43.329,-21.905],[43.336,-21.769],[43.431,-21.662],[43.473,-21.672],[43.473,-21.405],[43.507,-21.31],[43.523,-21.327],[43.587,-21.275],[43.735,-21.282],[43.813,-21.224],[43.902,-20.883],[43.965,-20.767],[44.036,-20.726],[44.126,-20.498],[44.255,-20.376]],[[49.956,-16.78],[49.973,-16.721],[50.024,-16.69],[50.02,-16.715],[49.826,-17.094],[49.857,-16.92],[49.956,-16.78]],[[48.332,-13.36],[48.365,-13.388],[48.35,-13.412],[48.225,-13.4],[48.189,-13.264],[48.269,-13.268],[48.269,-13.201],[48.318,-13.2],[48.354,-13.312],[48.332,-13.36]]]}},{"type":"Feature","properties":{"iso":"LK","name":"Sri Lanka"},"geometry":{"type":"MultiLineString","coordinates":[[[81.876,7.092],[81.885,6.98],[81.776,6.61],[81.65,6.431],[81.325,6.205],[81.204,6.163],[81.188,6.182],[81.113,6.12],[80.903,6.071],[80.714,5.958],[80.591,5.924],[80.204,6.026],[80.094,6.136],[79.863,6.807],[79.862,7.012],[79.814,7.181],[79.848,7.123],[79.862,7.167],[79.826,7.21],[79.779,7.603],[79.802,7.659],[79.697,8.098],[79.697,8.219],[79.779,8.35],[79.744,8.281],[79.779,8.26],[79.728,8.111],[79.752,8.055],[79.732,8.013],[79.834,8.003],[79.793,8.073],[79.827,8.137],[79.805,8.229],[79.951,8.74],[79.916,8.939],[80.048,9.026],[80.106,9.193],[80.118,9.3],[80.066,9.333],[80.053,9.392],[80.197,9.473],[80.053,9.596],[80.233,9.534],[80.287,9.453],[80.427,9.5],[80.615,9.446],[80.471,9.528],[80.369,9.53],[80.186,9.649],[80.186,9.584],[79.958,9.686],[79.91,9.768],[79.971,9.815],[80.122,9.819],[80.13,9.777],[80.222,9.754],[80.339,9.629],[80.444,9.576],[80.248,9.755],[80.139,9.799],[80.247,9.826],[80.41,9.617],[80.744,9.36],[80.799,9.295],[80.737,9.309],[80.794,9.251],[80.814,9.239],[80.824,9.27],[80.882,9.145],[80.834,9.142],[80.875,9.104],[80.896,9.117],[80.958,9.018],[80.944,9.001],[80.875,9.041],[80.935,8.965],[80.915,8.944],[80.948,8.933],[80.979,8.98],[81.232,8.651],[81.204,8.61],[81.225,8.617],[81.25,8.546],[81.212,8.573],[81.211,8.507],[81.159,8.535],[81.134,8.501],[81.17,8.521],[81.213,8.472],[81.281,8.467],[81.286,8.5],[81.334,8.515],[81.366,8.482],[81.389,8.364],[81.352,8.405],[81.357,8.362],[81.399,8.339],[81.448,8.128],[81.43,8.103],[81.404,8.192],[81.396,8.137],[81.436,8.093],[81.464,8.116],[81.52,7.999],[81.561,7.999],[81.588,7.855],[81.636,7.836],[81.711,7.731],[81.691,7.705],[81.626,7.76],[81.595,7.726],[81.659,7.723],[81.712,7.623],[81.714,7.644],[81.749,7.623],[81.771,7.457],[81.793,7.466],[81.808,7.41],[81.826,7.474],[81.856,7.412],[81.876,7.092]],[[81.739,7.66],[81.725,7.74],[81.806,7.599],[81.808,7.479],[81.787,7.593],[81.739,7.66]],[[79.714,9.076],[79.714,9.104],[79.842,9.077],[79.917,9.021],[79.854,9.041],[79.91,8.973],[79.714,9.076]],[[79.731,9.5],[79.666,9.491],[79.659,9.555],[79.731,9.5]],[[79.896,9.617],[79.841,9.699],[79.882,9.761],[79.895,9.688],[79.978,9.624],[79.896,9.617]]]}},{"type":"Feature","properties":{"iso":"TF","name":"Fr. S. and Antarctic Lands"},"geometry":{"type":"MultiLineString","coordinates":[[[69.946,-49.542],[69.836,-49.501],[69.921,-49.497],[70.016,-49.564],[69.946,-49.542]],[[68.795,-49.344],[68.773,-49.364],[68.643,-49.344],[68.691,-49.316],[68.795,-49.344]],[[69.59,-49.2],[69.534,-49.193],[69.678,-49.152],[69.624,-49.208],[69.59,-49.2]],[[69.192,-48.987],[69.343,-48.884],[69.37,-48.884],[69.315,-48.939],[69.411,-48.929],[69.322,-49.01],[69.311,-49.069],[69.223,-49.094],[69.192,-48.987]],[[69.226,-48.857],[69.244,-48.89],[69.144,-48.981],[69.163,-48.907],[69.226,-48.857]],[[69.466,-48.884],[69.404,-48.829],[69.52,-48.857],[69.466,-48.884]],[[70.549,-49.183],[70.569,-49.219],[70.524,-49.308],[70.464,-49.357],[70.359,-49.338],[70.312,-49.379],[70.466,-49.439],[70.288,-49.439],[70.243,-49.36],[70.14,-49.339],[69.822,-49.35],[69.925,-49.391],[69.9,-49.4],[69.946,-49.432],[69.898,-49.443],[69.815,-49.392],[69.795,-49.404],[69.815,-49.453],[69.692,-49.404],[69.802,-49.488],[69.814,-49.532],[70.137,-49.618],[70.065,-49.574],[70.049,-49.52],[70.296,-49.53],[70.324,-49.574],[70.257,-49.615],[70.165,-49.618],[70.276,-49.654],[70.244,-49.685],[70.068,-49.715],[69.856,-49.679],[69.788,-49.604],[69.779,-49.52],[69.739,-49.499],[69.692,-49.501],[69.706,-49.535],[69.637,-49.505],[69.715,-49.582],[69.712,-49.637],[69.664,-49.665],[69.47,-49.631],[69.373,-49.566],[69.281,-49.563],[69.227,-49.488],[69.198,-49.522],[69.232,-49.573],[69.144,-49.514],[69.178,-49.584],[69.151,-49.624],[69.085,-49.54],[69.072,-49.582],[69.104,-49.644],[69.026,-49.71],[68.832,-49.717],[68.764,-49.675],[68.778,-49.592],[68.843,-49.508],[68.822,-49.484],[68.902,-49.431],[68.869,-49.368],[68.806,-49.366],[68.924,-49.322],[68.924,-49.288],[68.836,-49.303],[68.815,-49.281],[68.85,-49.275],[68.793,-49.248],[68.764,-49.189],[68.809,-49.206],[68.931,-49.145],[68.801,-49.131],[68.85,-49.111],[68.772,-49.111],[68.781,-49.083],[68.749,-49.077],[68.756,-49.048],[68.827,-49.054],[68.813,-48.965],[68.903,-48.975],[68.792,-48.846],[68.897,-48.823],[68.957,-48.671],[69.016,-48.655],[69.075,-48.658],[69.075,-48.713],[69.116,-48.727],[68.983,-48.799],[68.908,-48.894],[68.986,-48.877],[68.974,-48.843],[69.02,-48.857],[69.151,-48.755],[69.189,-48.773],[69.109,-48.809],[69.137,-48.831],[69.164,-48.809],[69.164,-48.846],[69.081,-48.906],[69.054,-48.946],[69.112,-48.919],[69.022,-49.01],[69.0,-49.09],[69.068,-49.111],[69.057,-49.039],[69.106,-48.993],[69.169,-49.044],[69.178,-49.111],[69.215,-49.121],[69.352,-49.081],[69.438,-49.015],[69.452,-49.089],[69.59,-48.953],[69.616,-49.015],[69.568,-49.049],[69.658,-49.062],[69.582,-49.09],[69.644,-49.1],[69.644,-49.124],[69.4,-49.114],[69.282,-49.184],[69.42,-49.137],[69.472,-49.152],[69.381,-49.183],[69.534,-49.247],[69.411,-49.275],[69.726,-49.247],[69.582,-49.302],[69.712,-49.307],[69.788,-49.254],[69.802,-49.288],[69.861,-49.24],[69.854,-49.209],[69.956,-49.159],[70.09,-49.121],[70.194,-49.157],[70.336,-49.054],[70.522,-49.096],[70.549,-49.183]],[[68.809,-48.604],[68.79,-48.616],[68.781,-48.585],[68.819,-48.567],[68.809,-48.604]],[[51.834,-46.377],[51.868,-46.41],[51.823,-46.451],[51.706,-46.438],[51.657,-46.378],[51.736,-46.327],[51.834,-46.377]],[[50.176,-46.065],[50.268,-46.044],[50.292,-46.116],[50.201,-46.113],[50.176,-46.065]],[[77.504,-37.824],[77.544,-37.82],[77.585,-37.874],[77.537,-37.901],[77.505,-37.882],[77.504,-37.824]],[[77.533,-38.709],[77.549,-38.731],[77.516,-38.735],[77.511,-38.706],[77.533,-38.709]],[[40.38,-22.324],[40.369,-22.363],[40.339,-22.36],[40.336,-22.32],[40.364,-22.319],[40.361,-22.351],[40.38,-22.324]]]}},{"type":"Feature","properties":{"iso":"SC","name":"Seychelles"},"geometry":{"type":"MultiLineString","coordinates":[[[46.495,-9.358],[46.525,-9.381],[46.455,-9.426],[46.3,-9.449],[46.234,-9.452],[46.207,-9.386],[46.32,-9.424],[46.469,-9.386],[46.448,-9.338],[46.495,-9.358]],[[46.284,-9.351],[46.315,-9.326],[46.427,-9.338],[46.284,-9.351]],[[55.402,-4.661],[55.367,-4.639],[55.434,-4.563],[55.464,-4.571],[55.457,-4.626],[55.529,-4.68],[55.538,-4.804],[55.463,-4.76],[55.492,-4.736],[55.478,-4.706],[55.402,-4.661]],[[55.26,-4.5],[55.228,-4.487],[55.225,-4.445],[55.26,-4.5]],[[55.718,-4.33],[55.685,-4.319],[55.704,-4.29],[55.787,-4.331],[55.759,-4.358],[55.718,-4.33]]]}},{"type":"Feature","properties":{"iso":"MU","name":"Mauritius"},"geometry":{"type":"MultiLineString","coordinates":[[[57.796,-20.223],[57.782,-20.336],[57.729,-20.364],[57.723,-20.434],[57.672,-20.48],[57.504,-20.517],[57.378,-20.507],[57.308,-20.444],[57.364,-20.414],[57.4,-20.201],[57.491,-20.141],[57.528,-20.031],[57.597,-19.983],[57.68,-20.0],[57.796,-20.223]],[[63.476,-19.678],[63.469,-19.723],[63.366,-19.767],[63.332,-19.736],[63.389,-19.685],[63.476,-19.678]]]}},{"type":"Feature","properties":{"iso":"KM","name":"Comoros"},"geometry":{"type":"MultiLineString","coordinates":[[[43.789,-12.308],[43.858,-12.371],[43.665,-12.352],[43.636,-12.237],[43.789,-12.308]],[[44.529,-12.233],[44.511,-12.38],[44.385,-12.252],[44.206,-12.161],[44.374,-12.18],[44.412,-12.086],[44.467,-12.064],[44.529,-12.233]],[[43.467,-11.822],[43.498,-11.882],[43.438,-11.932],[43.37,-11.861],[43.271,-11.828],[43.218,-11.75],[43.277,-11.38],[43.356,-11.361],[43.395,-11.4],[43.377,-11.605],[43.467,-11.822]]]}},{"type":"Feature","properties":{"iso":"AU","name":"Indian Ocean Ter."},"geometry":{"type":"MultiLineString","coordinates":[[[96.863,-12.182],[96.831,-12.18],[96.822,-12.127],[96.836,-12.182],[96.863,-12.182]],[[105.704,-10.431],[105.695,-10.565],[105.664,-10.518],[105.585,-10.516],[105.594,-10.454],[105.655,-10.47],[105.704,-10.431]]]}},{"type":"Feature","properties":{"iso":"IO","name":"Br. Indian Ocean Ter."},"geometry":{"type":"MultiLineString","coordinates":[[[72.468,-7.384],[72.433,-7.432],[72.426,-7.323],[72.358,-7.268],[72.433,-7.316],[72.433,-7.425],[72.468,-7.384]],[[72.484,-7.278],[72.479,-7.362],[72.487,-7.302],[72.44,-7.227],[72.484,-7.278]]]}},{"type":"Feature","properties":{"iso":"SG","name":"Singapore"},"geometry":{"type":"MultiLineString","coordinates":[[[103.961,1.391],[104.003,1.374],[103.975,1.334],[103.839,1.266],[103.64,1.322],[103.708,1.429],[103.832,1.447],[103.961,1.391]]]}},{"type":"Feature","properties":{"iso":"MV","name":"Maldives"},"geometry":{"type":"MultiLineString","coordinates":[[[73.546,4.243],[73.511,4.162],[73.431,4.185],[73.512,4.186],[73.546,4.243]]]}},{"type":"Feature","properties":{"iso":"BH","name":"Bahrain"},"geometry":{"type":"MultiLineString","coordinates":[[[50.552,26.194],[50.595,26.16],[50.62,26.185],[50.646,26.146],[50.615,26.111],[50.604,25.855],[50.565,25.79],[50.468,25.958],[50.491,26.048],[50.449,26.162],[50.481,26.243],[50.593,26.239],[50.604,26.198],[50.552,26.194]],[[50.398,26.175],[50.423,26.12],[50.386,26.123],[50.398,26.175]],[[50.602,26.279],[50.655,26.277],[50.679,26.208],[50.612,26.241],[50.602,26.279]],[[50.774,25.722],[50.801,25.725],[50.762,25.668],[50.757,25.58],[50.741,25.674],[50.774,25.722]]]}}]}