tree
version=v4
num_class=1
num_tree_per_iteration=1
label_index=0
max_feature_idx=23
objective=regression
feature_names=v0 dv_past12 abs_lat arabian_sea month_sin month_cos land_frac land_at_lead hours_to_land on_land_now dv_AIFS dv_GFS dv_IFS dv_IFS-ENSM dv_AIFS-ENSM dv_HWRF dv_CTCX dv_COTC dv_UKM dv_CMC dv_AEMN dv_ecmwf_mean dv_all_mean rule
feature_infos=[25:145] [-30:65] [4.5999999999999996:24.100000000000001] [0:1] [-1:0.86602540378443871] [-1:1] [0:1] [0:1] [12:999] none none [-51:54] [-36.200000000000003:50.900000000000006] [-28.490196078431371:22] none [-74:51] [-91:76] [-96:82] [-21:24] [-26:25] [-56:30] [-32.232196078431372:30.896078431372551] [-93.5:82] [-51:54]
tree_sizes=732 753 714 735 753 719 738 761 738 751 724 741 750 754 745 735 736 725 724 728 732 754 725 723 752 724 725 731 719 766 737 729 719 756 727 728 746 745 738 731 728 725 746 726 751 731 743 739 745 735 721 747 722 706 742 744 726 760 770 743 772 728 745 767 741 747 772 750 747 760 756 726 749 709 749 741 739 721 751 780 732 744 744 747 751 722 735 750 750 748 750 729 778 759 726 760 761 758 753 746 739 734 746 728 775 729 728 737 733 750 743 745 750 761 738 770 759 722 721 740 730 727 720 748 738 751 797 754 746 756 735 754 745 761 764 741 735 739 729 762 743 773 737 772 737 738 739 753 768 725 751 744 746 754 746 779 757 758 737 732 748 729 750 745 736 738 748 746 742 736 762 751 749 710 747 772 731 778 758 759 762 755 761 707 741 733 760 726 728 758 753 756 740 794 743 750 741 737 764 741 745 738 788 748 736 724 778 771 721 757 742 751 751 739 747 739 745 758 741 751 778 732 735 761 747 752 734 747 772 777 784 758 721 718 749 767 722 759 741 731 715 768 786 760 756 764 739 748 770 735 746 736 744 765 745 748 735 743 765 734 773 732 751 765 762 776 752 740 781 752 756 741 739 756 734 750 750 768 735 759 776 751 753 753 766 743 729 764 750 744 752 733 752 750 749 737 741 737 754 744 770 759 754 770 780 755 732 744 705 733 745 733 781 762 756 778 770 730 736 757 752 724 733 740 780 734 791 727 757 759 754 768 780 770 775 770 755 764 757 757 742 784 789 749 756 758 735 754 762 742

Tree=0
num_leaves=7
num_cat=0
split_feature=22 2 22 11 22 22
split_gain=115779 38986.4 41892.8 15535.2 5886.95 4259.06
threshold=-17.654901960784311 17.350000000000005 14.382843137254905 -7.4999999999999991 -8.4999999999999982 -31.499999999999996
decision_type=8 2 8 10 10 10
left_child=5 2 4 -3 -2 -1
right_child=1 3 -4 -5 -6 -7
leaf_value=-1.2795845011673255 -0.13971874861057906 -0.55817513807393859 1.1302911953203274 0.45451289156175889 0.33476002541478933 -0.56279549212843427
leaf_weight=37 33 43 69 14.999999999999998 59 27
leaf_count=37 33 43 69 15 59 27
internal_value=0.0312963 0.362478 0.598356 -0.284398 0.163922 -1.043
internal_weight=283 219 161 58 92 64
internal_count=283 219 161 58 92 64
is_linear=0
shrinkage=1


Tree=1
num_leaves=7
num_cat=0
split_feature=22 0 22 22 1 1
split_gain=108091 43156 32040.2 16989.7 14436.2 4343
threshold=-12.224999999999998 82.500000000000014 7.5000000000000009 -31.499999999999996 -1.0000000180025095e-35 7.5000000000000009
decision_type=8 2 8 10 10 10
left_child=3 2 -2 -1 -4 -3
right_child=1 5 4 -5 -6 -7
leaf_value=-1.3382450908567847 0.082218278058587696 -0.72167335397667354 0.086179523553167076 -0.44177300473776732 1.1010800152023632 -0.07251724792378289
leaf_weight=36 68 22 15.999999999999998 50 76 15.999999999999998
leaf_count=36 68 22 16 50 76 16
internal_value=-0.0109842 0.374341 0.587874 -0.869951 0.938116 -0.488559
internal_weight=284 198 160 86 92 38
internal_count=284 198 160 86 92 38
is_linear=0
shrinkage=0.03


Tree=2
num_leaves=7
num_cat=0
split_feature=22 0 22 0 2 22
split_gain=116077 43357.3 36431.5 10477.7 6284.03 2695.54
threshold=-12.224999999999998 82.500000000000014 4.291176470588236 82.500000000000014 16.650000000000002 23.500000000000004
decision_type=8 2 8 2 2 8
left_child=3 2 -2 -1 5 -4
right_child=1 -3 4 -5 -6 -7
leaf_value=-0.56639139727271837 0.032070275535934591 -0.52721029291301957 0.67203475547107783 -1.3421437048912048 0.28547896572134707 1.232589184396407
leaf_weight=53 68 35 39 31 17 46
leaf_count=53 68 35 39 31 17 46
internal_value=-0.00409198 0.380785 0.577447 -0.911999 0.922543 1.02702
internal_weight=289 205 170 84 102 85
internal_count=289 205 170 84 102 85
is_linear=0
shrinkage=0.03


Tree=3
num_leaves=7
num_cat=0
split_feature=22 0 22 1 22 1
split_gain=109130 42652.8 30309.6 12677.3 9599.67 2417.12
threshold=-12.224999999999998 82.500000000000014 7.5000000000000009 -1.0000000180025095e-35 -31.499999999999996 7.5000000000000009
decision_type=8 2 8 10 10 10
left_child=4 2 -2 -4 -1 -3
right_child=1 5 3 -5 -6 -7
leaf_value=-1.1846898334366933 0.10036784660390445 -0.63904342064490682 0.0943662570118904 1.0710534144787305 -0.4844808872122513 -0.1295570888302543
leaf_weight=37 65 21 14.999999999999998 84 52 17
leaf_count=37 65 21 15 84 52 17
internal_value=0.0249968 0.409524 0.616786 0.934722 -0.82311 -0.452683
internal_weight=291 202 164 99 89 38
internal_count=291 202 164 99 89 38
is_linear=0
shrinkage=0.03


Tree=4
num_leaves=7
num_cat=0
split_feature=22 2 22 22 22 4
split_gain=101097 34158 17176.4 14983.6 8921.69 4355.26
threshold=-8.4999999999999982 17.100000000000005 -20.504901960784313 7.5000000000000009 -6.9820871205625101 1.0000000180025095e-35
decision_type=8 2 10 8 10 2
left_child=2 3 -1 -2 -3 -6
right_child=1 4 -4 -5 5 -7
leaf_value=-1.0480001691768042 0.19148940664965933 -0.68495600697398173 -0.2772949587409535 0.94901311927966858 0.37688238561801291 -0.22415170035191945
leaf_weight=52 36 14.999999999999998 57 84 18 15.999999999999998
leaf_count=52 36 15 57 84 18 16
internal_value=0.0199538 0.47457 -0.67481 0.738506 -0.180334 0.101567
internal_weight=278 169 109 120 49 34
internal_count=278 169 109 120 49 34
is_linear=0
shrinkage=0.03


Tree=5
num_leaves=7
num_cat=0
split_feature=22 0 22 22 1 1
split_gain=95302.8 52670.4 27785.7 12390.6 8259.16 2223.91
threshold=-12.224999999999998 82.500000000000014 7.5000000000000009 -37.499999999999993 1.0000000180025095e-35 7.5000000000000009
decision_type=8 2 8 10 8 10
left_child=3 2 5 -1 -4 -2
right_child=1 -3 4 -5 -6 -7
leaf_value=-1.2850792381980201 0.016009385660290719 -0.57651206587042125 0.40613204038318462 -0.45685269687856944 1.1123396230325715 0.3808490193973888
leaf_weight=28 49 37 29 51 68 17
leaf_count=28 49 37 29 51 68 17
internal_value=0.0424211 0.390434 0.62055 -0.809421 0.931464 0.130186
internal_weight=279 200 163 79 97 66
internal_count=279 200 163 79 97 66
is_linear=0
shrinkage=0.03


Tree=6
num_leaves=7
num_cat=0
split_feature=22 2 22 22 22 20
split_gain=86788.8 35355.8 25461.7 13036.9 9441.11 5493.64
threshold=-12.224999999999998 17.100000000000005 23.500000000000004 -44.499999999999993 56.750000000000007 -7.4999999999999991
decision_type=8 2 8 10 8 8
left_child=3 2 5 -1 -3 -2
right_child=1 4 -4 -5 -6 -7
leaf_value=-1.3725218141995943 -0.16385293106022089 -0.014080370234118567 1.1277116856322837 -0.50340557958628673 -0.78903819349408144 0.38352733375014442
leaf_weight=21 18 49 47 69 14.999999999999998 71
leaf_count=21 18 49 47 69 15 71
internal_value=-0.0185024 0.329168 0.59589 -0.767764 -0.239726 0.269994
internal_weight=290 200 136 90 64 89
internal_count=290 200 136 90 64 89
is_linear=0
shrinkage=0.03


Tree=7
num_leaves=7
num_cat=0
split_feature=22 1 22 22 22 2
split_gain=79369.9 29354 17767.4 13786.6 3410.02 3365.78
threshold=-8.4999999999999982 -1.0000000180025095e-35 -39.833333333333321 23.500000000000004 -2.4166666666666665 17.100000000000005
decision_type=8 8 10 10 10 2
left_child=2 4 -1 5 -2 -3
right_child=1 3 -4 -5 -6 -7
leaf_value=-1.2157875740912654 -0.62226657918521333 0.48528048577460831 -0.34345517623683675 1.1065442407453383 -0.030734351703098843 0.081448452530368684
leaf_weight=26 15.999999999999998 89 87 32 15.999999999999998 26
leaf_count=26 16 89 87 32 16 26
internal_value=0.0204818 0.409622 -0.58718 0.586075 -0.370622 0.401177
internal_weight=292 179 113 147 32 115
internal_count=292 179 113 147 32 115
is_linear=0
shrinkage=0.03


Tree=8
num_leaves=7
num_cat=0
split_feature=22 0 0 2 11 22
split_gain=73173.9 30433.3 13323.7 10672.2 8017.93 7643.61
threshold=-4.1462418300653576 57.500000000000007 72.500000000000014 14.250000000000002 7.0000000000000009 -4.9372549019607819
decision_type=10 2 2 2 8 8
left_child=1 5 4 -3 -2 -1
right_child=2 3 -4 -5 -6 -7
leaf_value=-0.13693264820746012 0.13963858558581424 -0.19395429117926236 -0.056786788528965362 -0.97744698919679807 0.83971207333849629 0.53476404717990333
leaf_weight=51 21 24 26 64 72 15.999999999999998
leaf_count=51 21 24 26 64 72 16
internal_value=-0.0106762 -0.434417 0.536516 -0.785683 0.696821 0.0494697
internal_weight=274 155 119 88 93 67
internal_count=274 155 119 88 93 67
is_linear=0
shrinkage=0.03


Tree=9
num_leaves=7
num_cat=0
split_feature=22 0 22 22 2 22
split_gain=73572.2 29905.2 16696.8 10246.3 3445.34 1134.17
threshold=-8.4999999999999982 82.500000000000014 -31.499999999999996 7.5000000000000009 17.100000000000005 23.500000000000004
decision_type=8 2 10 8 2 8
left_child=2 3 -1 -2 5 -5
right_child=1 -3 -4 4 -6 -7
leaf_value=-1.1004602174068752 0.19743337171582073 -0.41993574713082876 -0.30194565906941173 0.5269465139252798 0.24258394414186479 0.99004036288261399
leaf_weight=33 47 29 78 30.000000000000004 14.999999999999998 45
leaf_count=33 47 29 78 30 15 45
internal_value=0.00676088 0.402255 -0.576543 0.584953 0.766282 0.849314
internal_weight=277 166 111 137 90 75
internal_count=277 166 111 137 90 75
is_linear=0
shrinkage=0.03


Tree=10
num_leaves=7
num_cat=0
split_feature=22 2 22 20 20 22
split_gain=66963.2 26975.1 25344.2 7384.28 4467.3 2781.83
threshold=-20.504901960784313 17.450000000000003 23.500000000000004 -19.499999999999996 -7.4999999999999991 -44.499999999999993
decision_type=8 2 8 10 8 10
left_child=5 2 4 -3 -2 -1
right_child=1 3 -4 -5 -6 -7
leaf_value=-1.2335198889838324 -0.16627948869019746 -0.51847129676652992 0.95608864709453756 0.17295403312553059 0.25418653998264046 -0.57764464238711766
leaf_weight=22 27 41 48 17 81 30
leaf_count=22 27 41 48 17 81 30
internal_value=-0.023452 0.215375 0.417465 -0.31817 0.146364 -0.938993
internal_weight=266 214 156 58 108 52
internal_count=266 214 156 58 108 52
is_linear=0
shrinkage=0.03


Tree=11
num_leaves=7
num_cat=0
split_feature=22 2 22 22 22 22
split_gain=61703.8 24438.3 15995.5 12137.3 6524.54 2899.58
threshold=-8.4999999999999982 17.450000000000003 -31.499999999999996 23.500000000000004 -5.7869281045751633 7.5000000000000009
decision_type=8 2 10 10 10 8
left_child=2 3 -1 5 -3 -2
right_child=1 4 -4 -5 -6 -7
leaf_value=-1.0489826481217561 0.11775872802734375 -0.68236673212051391 -0.28864261815181141 1.0369789756428112 0.014775434885706219 0.4694193151368406
leaf_weight=38 40 14.999999999999998 73 28 30 53
leaf_count=38 40 15 73 28 30 53
internal_value=-0.0496624 0.313541 -0.582934 0.529728 -0.262604 0.331892
internal_weight=277 166 111 121 45 93
internal_count=277 166 111 121 45 93
is_linear=0
shrinkage=0.03


Tree=12
num_leaves=7
num_cat=0
split_feature=0 16 11 1 17 12
split_gain=65272.1 20974.2 19310.7 11284.9 7327.05 9708.31
threshold=82.500000000000014 -8.4999999999999982 4.5000000000000009 -1.0000000180025095e-35 -46.999999999999993 -5.8999999999999977
decision_type=2 8 8 8 10 10
left_child=1 -1 -3 -4 5 -2
right_child=4 2 3 -5 -6 -7
leaf_value=-0.3824891118014731 -1.1909344187804631 -0.088807032346725462 -0.079092301726341241 0.69392396312241156 -0.18922785945560622 -0.23244482287338802
leaf_weight=36 37 55 19 104 18 15.999999999999998
leaf_count=36 37 55 19 104 18 16
internal_value=-0.0224959 0.240772 0.373831 0.57609 -0.779642 -0.946562
internal_weight=285 214 178 123 71 53
internal_count=285 214 178 123 71 53
is_linear=0
shrinkage=0.03


Tree=13
num_leaves=7
num_cat=0
split_feature=22 0 22 22 4 17
split_gain=63541 29287.9 12506 10747.9 3133.48 2389.49
threshold=-8.4999999999999982 82.500000000000014 7.5000000000000009 -40.499999999999993 0.25000000000000011 -39.499999999999993
decision_type=8 2 10 10 2 10
left_child=3 2 4 -1 -2 -5
right_child=1 -3 -4 5 -6 -7
leaf_value=-1.0823148176405164 0.1224856564744574 -0.41037203957637153 0.83154078159332268 -0.42285391915696008 0.57716786438226697 -0.012490774409047195
leaf_weight=22 56 31 70 65 14.999999999999998 15.999999999999998
leaf_count=22 56 31 70 65 15 16
internal_value=0.0268663 0.376312 0.557401 -0.547079 0.250197 -0.347233
internal_weight=275 172 141 103 71 81
internal_count=275 172 141 103 71 81
is_linear=0
shrinkage=0.03


Tree=14
num_leaves=7
num_cat=0
split_feature=22 0 22 22 1 0
split_gain=67581.7 31885.8 15627.8 10529.7 4253.82 3672.44
threshold=-8.4999999999999982 82.500000000000014 18.219607843137258 -31.499999999999996 -1.0000000180025095e-35 97.500000000000014
decision_type=8 2 10 10 8 2
left_child=3 2 4 -1 -2 -3
right_child=1 5 -4 -5 -6 -7
leaf_value=-0.94841919940710062 -0.0723470156843012 -0.084991586087987958 1.0343913114895211 -0.31197997800710542 0.42519607527424458 -0.67708050665259356
leaf_weight=35 17 21 42 77 87 14.999999999999998
leaf_count=35 17 21 42 77 87 15
internal_value=0.0229842 0.376425 0.570482 -0.542899 0.344279 -0.38418
internal_weight=294 182 146 112 104 36
internal_count=294 182 146 112 104 36
is_linear=0
shrinkage=0.03


Tree=15
num_leaves=7
num_cat=0
split_feature=2 16 11 23 1 16
split_gain=30271.5 19173.3 16692.1 14419.9 2748.43 2582.09
threshold=17.750000000000004 10.500000000000002 -15.499999999999998 -1.0000000180025095e-35 1.0000000180025095e-35 -10.499999999999998
decision_type=2 8 10 2 8 10
left_child=1 5 -2 -3 -5 -1
right_child=2 3 -4 4 -6 -7
leaf_value=-0.35875835383577009 -0.7873824482504278 -0.21444727766513824 0.14507715359330176 0.22327772042443675 0.64086089332292717 -0.0061553147205939658
leaf_weight=37 51 25 23 26 77 34
leaf_count=37 51 25 23 26 77 34
internal_value=-0.00827475 0.184955 -0.506725 0.398788 0.550669 -0.20142
internal_weight=273 199 74 128 103 71
internal_count=273 199 74 128 103 71
is_linear=0
shrinkage=0.03


Tree=16
num_leaves=7
num_cat=0
split_feature=22 0 0 17 0 20
split_gain=42473.7 22959.9 7177.41 7064.84 5723 3282.11
threshold=7.5000000000000009 52.500000000000007 72.500000000000014 -39.499999999999993 82.500000000000014 -7.4999999999999991
decision_type=10 2 2 10 2 8
left_child=1 5 -2 4 -3 -1
right_child=2 3 -4 -5 -6 -7
leaf_value=-0.11875330719564642 0.7213525751509493 -0.34756961776681666 0.019624345844442195 0.052035216808319087 -0.87359966448375148 0.22597065743236314
leaf_weight=37 57 48 17 14.999999999999998 44 58
leaf_count=37 57 48 17 15 44 58
internal_value=-0.0205792 -0.246079 0.57159 -0.537383 -0.631212 0.0924851
internal_weight=276 202 74 107 92 95
internal_count=276 202 74 107 92 95
is_linear=0
shrinkage=0.03


Tree=17
num_leaves=7
num_cat=0
split_feature=22 0 22 22 4 1
split_gain=44399.7 18459.2 12185.9 7415.26 5200.51 4922.25
threshold=-12.224999999999998 82.500000000000014 4.291176470588236 -44.499999999999993 0.25000000000000011 1.0000000180025095e-35
decision_type=8 2 8 10 2 8
left_child=3 2 -2 -1 -5 -4
right_child=1 -3 5 4 -6 -7
leaf_value=-1.0514418937683105 0.031473249533902042 -0.35881462431911915 0.20220570392468395 -0.53748368704319005 0.022087642925977709 0.71963075398481813
leaf_weight=20 64 37 29 50 20 60
leaf_count=20 64 37 29 50 20 60
internal_value=-0.0510282 0.208987 0.353308 -0.582057 -0.386792 0.570755
internal_weight=280 190 153 90 70 89
internal_count=280 190 153 90 70 89
is_linear=0
shrinkage=0.03


Tree=18
num_leaves=7
num_cat=0
split_feature=22 22 0 1 6 22
split_gain=43040.7 17438.2 10703.3 9658.1 4895.87 4282.46
threshold=4.291176470588236 -19.199999999999996 77.500000000000014 1.0000000180025095e-35 0.87500000000000011 18.219607843137258
decision_type=10 8 2 8 8 10
left_child=1 -1 5 -3 -5 -2
right_child=2 3 -4 4 -6 -7
leaf_value=-0.66571944199759381 0.39201732516288756 -0.31513269484960116 -0.11293723566965623 -0.041438673548400397 0.41841667092763457 0.92377736737088456
leaf_weight=53 40 60 17 43 34 36
leaf_count=53 40 60 17 43 34 36
internal_value=0.0286975 -0.22957 0.541133 -0.0433411 0.174746 0.685378
internal_weight=283 190 93 137 77 76
internal_count=283 190 93 137 77 76
is_linear=0
shrinkage=0.03


Tree=19
num_leaves=7
num_cat=0
split_feature=22 0 0 22 16 22
split_gain=53424.1 16211.7 12599.8 7046.42 6372.7 5658.96
threshold=-4.1462418300653576 67.500000000000014 77.500000000000014 -31.499999999999996 10.500000000000002 -37.499999999999993
decision_type=10 2 2 10 8 10
left_child=1 5 4 -3 -2 -1
right_child=2 3 -4 -5 -6 -7
leaf_value=0.25956844382815891 0.093903507939700426 -0.91863983128430704 -0.22887317276000976 -0.24240080994367597 0.67108628403709591 -0.25039914710521693
leaf_weight=22 24 48 20 25 78 70
leaf_count=22 24 48 20 25 78 70
internal_value=-0.0514726 -0.398421 0.414973 -0.717435 0.546013 -0.121357
internal_weight=287 165 122 73 102 92
internal_count=287 165 122 73 102 92
is_linear=0
shrinkage=0.03


Tree=20
num_leaves=7
num_cat=0
split_feature=22 22 22 1 20 5
split_gain=35053.7 18246.1 6656.95 5596.87 7627.77 2762.74
threshold=5.2000000000000011 -31.499999999999996 25.390522875817002 1.0000000180025095e-35 -18.499999999999996 0.6830127018922193
decision_type=10 8 10 8 8 2
left_child=1 -1 -2 5 -5 -3
right_child=2 3 -4 4 -6 -7
leaf_value=-0.78811571377079659 0.23051949496452623 -0.42064499063925309 0.79807825932135945 -0.41898208095268769 0.21489792741261995 -0.033050639954480258
leaf_weight=36 47 39 34 17 73 28
leaf_count=36 47 39 34 17 73 28
internal_value=-0.00449927 -0.224078 0.501303 -0.0744112 0.0794151 -0.272209
internal_weight=274 193 81 157 90 67
internal_count=274 193 81 157 90 67
is_linear=0
shrinkage=0.03


Tree=21
num_leaves=7
num_cat=0
split_feature=22 22 0 1 2 22
split_gain=36812.4 14842.7 7710.4 6075.74 2653.89 2454.06
threshold=7.5000000000000009 -19.199999999999996 72.500000000000014 1.0000000180025095e-35 18.000000000000004 17.138235294117653
decision_type=10 8 2 8 2 10
left_child=1 -1 5 -3 -5 -2
right_child=2 3 -4 4 -6 -7
leaf_value=-0.59175992090855867 0.33648976273834702 -0.25477623865248694 -0.067789358854293824 0.22192801862955092 -0.1709791212422507 0.8102060939436373
leaf_weight=57 27 57 14.999999999999998 63 15.999999999999998 41
leaf_count=57 27 57 15 63 16 41
internal_value=0.0202728 -0.206993 0.53047 -0.0304651 0.136911 0.658043
internal_weight=276 193 83 136 79 68
internal_count=276 193 83 136 79 68
is_linear=0
shrinkage=0.03


Tree=22
num_leaves=7
num_cat=0
split_feature=22 0 22 22 11 1
split_gain=41731 20420 13297.8 6266.75 4142.56 2913.99
threshold=-12.224999999999998 82.500000000000014 27.219019607843141 -31.499999999999996 2.5000000000000004 1.0000000180025095e-35
decision_type=8 2 10 10 8 8
left_child=3 2 4 -1 -2 -6
right_child=1 -3 -4 -5 5 -7
leaf_value=-0.85052093003477369 -0.029039731796668924 -0.40467973427474502 0.94475407435976222 -0.28553484152774422 0.094572875645102514 0.44835220447741447
leaf_weight=37 41 35 24 44 36 59
leaf_count=37 41 35 24 44 36 59
internal_value=-0.0258584 0.212234 0.355358 -0.578059 0.221533 0.32572
internal_weight=276 195 160 81 136 95
internal_count=276 195 160 81 136 95
is_linear=0
shrinkage=0.03


Tree=23
num_leaves=7
num_cat=0
split_feature=22 22 0 1 6 2
split_gain=36722.7 19565.6 12753.3 7298.94 4647.52 3363.59
threshold=-19.199999999999996 23.500000000000004 92.500000000000014 1.0000000180025095e-35 0.87500000000000011 14.250000000000002
decision_type=8 10 2 8 8 2
left_child=5 2 3 -2 -5 -1
right_child=1 -3 -4 4 -6 -7
leaf_value=-0.2384402100936226 -0.11932747919817228 0.72340189804864485 -0.5929999529653126 0.047341791397333147 0.46779137573363083 -0.81819356171290081
leaf_weight=18 69 38 22 45 48 40
leaf_count=18 69 38 22 45 48 40
internal_value=-0.03115 0.147247 0.0122688 0.109759 0.277143 -0.671474
internal_weight=280 222 184 162 93 58
internal_count=280 222 184 162 93 58
is_linear=0
shrinkage=0.03


Tree=24
num_leaves=7
num_cat=0
split_feature=22 0 22 1 22 22
split_gain=41484.2 16946.9 17221.8 7532.09 2744.58 2588.19
threshold=-17.654901960784311 82.500000000000014 -1.0000000180025095e-35 -1.0000000180025095e-35 -51.999999999999993 23.500000000000004
decision_type=8 2 8 8 10 8
left_child=4 2 -2 -4 -1 -5
right_child=1 -3 3 5 -6 -7
leaf_value=-1.0067665178125556 -0.090021360377742818 -0.38917164331529197 -0.099471863508224484 0.3836299969508486 -0.46339902030160796 0.76141662118569853
leaf_weight=17 68 36 14.999999999999998 54 47 48
leaf_count=17 68 36 15 54 47 48
internal_value=-0.0268048 0.170231 0.286464 0.499998 -0.670226 0.588685
internal_weight=285 221 185 117 64 102
internal_count=285 221 185 117 64 102
is_linear=0
shrinkage=0.03


Tree=25
num_leaves=7
num_cat=0
split_feature=22 0 22 5 4 0
split_gain=41273.7 16554.6 9123.61 6039.58 5021.91 2474.12
threshold=7.5000000000000009 92.500000000000014 -8.4999999999999982 -0.9330127018922193 0.25000000000000011 52.500000000000007
decision_type=10 2 8 2 2 2
left_child=1 2 5 -2 -4 -1
right_child=3 -3 4 -5 -6 -7
leaf_value=-0.09961398288244154 0.088330542766130893 -0.79063057129199676 -0.012673732217620401 0.69828030243515971 0.50429982817691299 -0.4385710991753472
leaf_weight=36 21 34 63 59 18 49
leaf_count=36 21 34 63 59 18 49
internal_value=-0.00308066 -0.233485 -0.0995902 0.552783 0.12485 -0.308522
internal_weight=280 200 166 80 81 85
internal_count=280 200 166 80 81 85
is_linear=0
shrinkage=0.03


Tree=26
num_leaves=7
num_cat=0
split_feature=22 4 0 22 22 22
split_gain=37331.4 13972.5 8926.8 6909.82 4204.07 3279.67
threshold=-12.224999999999998 0.25000000000000011 82.500000000000014 -47.246439215686266 7.5000000000000009 21.578758169934641
decision_type=8 2 2 10 10 8
left_child=3 2 4 -1 -2 -3
right_child=1 5 -4 -5 -6 -7
leaf_value=-0.99228285702792063 0.043812947376416278 0.25772125444241933 -0.34708479842624151 -0.3298147474470976 0.41597620614369712 0.80276223758856458
leaf_weight=17 73 23 32 69 40 31
leaf_count=17 73 23 32 69 40 31
internal_value=-0.00285061 0.222597 0.0619613 -0.508094 0.187596 0.612129
internal_weight=285 199 145 86 113 54
internal_count=285 199 145 86 113 54
is_linear=0
shrinkage=0.03


Tree=27
num_leaves=7
num_cat=0
split_feature=0 22 22 1 22 1
split_gain=27645.4 23126.3 9043.18 5145.92 4642.44 1020.39
threshold=82.500000000000014 7.5000000000000009 -43.499999999999993 1.0000000180025095e-35 -17.654901960784311 7.5000000000000009
decision_type=2 8 10 8 10 10
left_child=1 4 -2 -3 -1 -6
right_child=2 3 -4 -5 5 -7
leaf_value=-0.39696125045060537 -1.0101898780235876 0.098614845468151954 -0.22611801481246949 0.61126616874256645 -0.070754189081490032 0.13073180228471754
leaf_weight=34 21 26 35 69 67 28
leaf_count=34 21 26 35 69 67 28
internal_value=-0.0115107 0.139865 -0.578847 0.482908 -0.121356 -0.00780152
internal_weight=280 224 56 95 129 95
internal_count=280 224 56 95 129 95
is_linear=0
shrinkage=0.03


Tree=28
num_leaves=7
num_cat=0
split_feature=22 2 22 0 17 0
split_gain=40984.4 13559.6 11341.8 4474.13 4148.23 1938.89
threshold=-18.541666666666661 17.100000000000005 21.578758169934641 67.500000000000014 20.500000000000004 82.500000000000014
decision_type=8 2 8 2 8 2
left_child=5 2 4 -3 -2 -1
right_child=1 3 -4 -5 -6 -7
leaf_value=-0.37875367730855941 0.50888452410697937 0.089057280327144411 0.70228472491662042 -0.39058343310566507 0.054803767209543899 -0.83600304885344079
leaf_weight=32 19 33 53 29 80 28
leaf_count=32 19 33 53 29 80 28
internal_value=0.0218868 0.217847 0.366905 -0.147696 0.162226 -0.640031
internal_weight=274 214 152 62 99 60
internal_count=274 214 152 62 99 60
is_linear=0
shrinkage=0.03


Tree=29
num_leaves=7
num_cat=0
split_feature=22 1 0 22 22 22
split_gain=31632.9 14819.1 6753.62 6485.79 4322.77 2242.94
threshold=-8.4999999999999982 -1.0000000180025095e-35 77.500000000000014 -44.499999999999993 23.500000000000004 17.138235294117653
decision_type=8 8 2 10 8 8
left_child=3 5 4 -1 -3 -2
right_child=1 2 -4 -5 -6 -7
leaf_value=-0.87897274443081441 -0.020779871073636141 0.29992360056252093 -0.083563421486088862 -0.26439203393161298 0.71469140390865504 -0.49075298207146772
leaf_weight=15.999999999999998 17 69 21 95 43 15.999999999999998
leaf_count=16 17 69 21 95 43 16
internal_value=-0.00472949 0.25476 0.393673 -0.387049 0.482902 -0.283236
internal_weight=277 166 133 111 112 33
internal_count=277 166 133 111 112 33
is_linear=0
shrinkage=0.03


Tree=30
num_leaves=7
num_cat=0
split_feature=22 2 22 22 11 11
split_gain=27815.4 15132.5 9719.42 5593.4 5387.21 1853.4
threshold=-12.224999999999998 17.350000000000005 27.219019607843141 -47.246439215686266 -10.499999999999998 2.5000000000000004
decision_type=8 2 8 10 10 8
left_child=3 2 5 -1 -3 -2
right_child=1 4 -4 -5 -6 -7
leaf_value=-0.87903848648071281 -0.054100181135264311 -0.4156691560469864 0.67488818841321119 -0.29707184336449899 0.18418944043772562 0.22481473105717195
leaf_weight=19 28 39 44 66 15.999999999999998 68
leaf_count=19 28 39 44 66 16 68
internal_value=-0.03128 0.166371 0.328936 -0.468767 -0.240358 0.144814
internal_weight=280 195 140 85 55 96
internal_count=280 195 140 85 55 96
is_linear=0
shrinkage=0.03


Tree=31
num_leaves=7
num_cat=0
split_feature=0 22 22 1 22 22
split_gain=29680.9 19044.4 6611.22 5926.1 2251.84 1392.72
threshold=82.500000000000014 4.291176470588236 -27.499999999999996 1.0000000180025095e-35 -8.4999999999999982 17.138235294117653
decision_type=2 8 10 8 10 8
left_child=1 4 -2 -3 -1 -5
right_child=2 3 -4 5 -6 -7
leaf_value=-0.20417413005122431 -0.83328441505899298 0.065721251287975832 -0.20145191950572502 0.27962294363975521 0.058870671223849057 0.64797821840271352
leaf_weight=76 32 32 32 25 43 55
leaf_count=76 32 32 32 25 43 55
internal_value=-0.00766163 0.152486 -0.554859 0.424778 -0.110583 0.556087
internal_weight=295 231 64 112 119 80
internal_count=295 231 64 112 119 80
is_linear=0
shrinkage=0.03


Tree=32
num_leaves=7
num_cat=0
split_feature=22 0 22 0 4 22
split_gain=31584.7 12526.9 7663.01 6990.14 5717.37 3021.77
threshold=4.291176470588236 52.500000000000007 -43.499999999999993 77.500000000000014 0.25000000000000011 27.219019607843141
decision_type=10 2 10 2 2 10
left_child=1 -1 -3 5 -4 -2
right_child=3 2 4 -5 -6 -7
leaf_value=0.03727239699809106 0.34803184462805919 -0.78217037987709037 -0.39506841397490994 -0.10921163393692536 0.15413911810288061 0.7989771854877471
leaf_weight=86 54 35 53 17 21 25
leaf_count=86 54 35 53 17 21 25
internal_value=-0.0158812 -0.234007 -0.440291 0.416837 -0.239321 0.5298
internal_weight=291 195 109 96 74 79
internal_count=291 195 109 96 74 79
is_linear=0
shrinkage=0.03


Tree=33
num_leaves=7
num_cat=0
split_feature=0 22 1 22 22 22
split_gain=25073.9 16933.6 6807.84 4978.13 2078.62 2027.75
threshold=82.500000000000014 -1.0000000180025095e-35 -1.0000000180025095e-35 -31.499999999999996 -17.654901960784311 28.780555555555562
decision_type=2 8 8 10 10 10
left_child=1 4 -3 -2 -1 -4
right_child=3 2 5 -5 -6 -7
leaf_value=-0.30959818198130679 -0.75164892254648974 -0.16734798324108124 0.35689471479724433 -0.18835067003858941 -0.03065508756839054 0.72649765184947412
leaf_weight=34 32 14.999999999999998 80 30 66 23
leaf_count=34 32 15 80 30 66 23
internal_value=-0.00464245 0.148342 0.384805 -0.513482 -0.135722 0.469241
internal_weight=280 218 118 62 100 103
internal_count=280 218 118 62 100 103
is_linear=0
shrinkage=0.03


Tree=34
num_leaves=7
num_cat=0
split_feature=22 0 22 22 1 4
split_gain=23665.7 11813.7 6800.85 6251.8 1930.66 1831.4
threshold=-8.4999999999999982 77.500000000000014 -31.499999999999996 17.138235294117653 7.5000000000000009 0.25000000000000011
decision_type=8 2 10 10 10 2
left_child=2 3 -1 -2 -3 -4
right_child=1 4 5 -5 -6 -7
leaf_value=-0.70260257527634895 0.18424604849322981 -0.40099723247381353 -0.26374681901473263 0.65514951749145978 0.0024966538729874984 0.063268399536609649
leaf_weight=32 87 21 60 35 18 18
leaf_count=32 87 21 60 35 18 18
internal_value=-0.0322339 0.197519 -0.362475 0.339816 -0.235648 -0.189017
internal_weight=271 161 110 122 39 78
internal_count=271 161 110 122 39 78
is_linear=0
shrinkage=0.03


Tree=35
num_leaves=7
num_cat=0
split_feature=22 0 22 1 22 4
split_gain=17934.2 7125.33 6028.6 3082.5 2783.85 2485.24
threshold=-12.224999999999998 82.500000000000014 27.219019607843141 1.0000000180025095e-35 -43.499999999999993 0.25000000000000011
decision_type=8 2 10 8 10 2
left_child=4 2 3 -2 -1 -6
right_child=1 -3 -4 -5 5 -7
leaf_value=-0.65033640117645253 -0.024652956543398684 -0.2555525422773578 0.65527588329063013 0.25867197740180736 -0.34796700227767863 0.053428362685701121
leaf_weight=20 56 28 21 82 42 18
leaf_count=20 56 28 21 82 42 18
internal_value=-0.00654204 0.15419 0.231938 0.146858 -0.369224 -0.232701
internal_weight=267 187 159 138 80 60
internal_count=267 187 159 138 80 60
is_linear=0
shrinkage=0.03


Tree=36
num_leaves=7
num_cat=0
split_feature=22 4 0 22 22 2
split_gain=18374.3 12539.2 4419.19 3429.05 2573.4 2915.86
threshold=-19.199999999999996 0.25000000000000011 87.500000000000014 -51.999999999999993 -1.8274509803921559 14.850000000000003
decision_type=8 2 2 10 8 2
left_child=3 2 4 -1 -2 -6
right_child=1 -3 -4 -5 5 -7
leaf_value=-0.79551956040518623 -0.093878314291889017 0.47977480233676972 -0.35063819664716717 -0.26535244670478586 -0.003016945794224739 0.34755660057067866
leaf_weight=15.999999999999998 61 57 25 42 47 34
leaf_count=16 61 57 25 42 47 34
internal_value=-0.00957744 0.115409 -0.0192866 -0.463135 0.0489922 0.155789
internal_weight=282 224 167 58 142 81
internal_count=282 224 167 58 142 81
is_linear=0
shrinkage=0.03


Tree=37
num_leaves=7
num_cat=0
split_feature=22 2 0 22 22 16
split_gain=21304.1 9645.53 6357.09 5331.02 4104.93 2825.03
threshold=3.113529411764707 18.000000000000004 72.500000000000014 -40.499999999999993 -13.749999999999998 -35.999999999999993
decision_type=10 2 2 8 10 10
left_child=1 3 -2 -1 -3 -5
right_child=2 4 -4 5 -6 -7
leaf_value=-0.49169620692729948 0.45493471410539416 -0.68005557468959255 -0.10040858772065904 0.19174206352925727 -0.14849807634435849 -0.1087683746140254
leaf_weight=14.999999999999998 76 37 22 51 24 52
leaf_count=15 76 37 22 51 24 52
internal_value=-0.0142775 -0.207418 0.331443 -0.0430583 -0.498012 0.0420163
internal_weight=277 179 98 118 61 103
internal_count=277 179 98 118 61 103
is_linear=0
shrinkage=0.03


Tree=38
num_leaves=7
num_cat=0
split_feature=22 2 22 22 17 0
split_gain=21338.2 9622.61 8948.21 3672.36 3056.48 3432.3
threshold=-11.914901960784311 17.350000000000005 23.500000000000004 15.157843137254906 -44.499999999999993 82.500000000000014
decision_type=8 2 8 8 10 2
left_child=4 2 -2 -3 5 -1
right_child=1 3 -4 -5 -6 -7
leaf_value=-0.23644055062357117 0.10938130026873277 0.04086113785207271 0.58701116216182703 -0.43005244660377501 0.020664954900741578 -0.67910660326480865
leaf_weight=46 93 35 55 20 14.999999999999998 29
leaf_count=46 93 35 55 20 15 29
internal_value=0.00700798 0.177034 0.300262 -0.151948 -0.365629 -0.439351
internal_weight=293 203 148 55 90 75
internal_count=293 203 148 55 90 75
is_linear=0
shrinkage=0.03


Tree=39
num_leaves=7
num_cat=0
split_feature=22 22 22 2 0 23
split_gain=16217.4 5445.48 5048.24 3434.42 2913.64 1808.45
threshold=-10.16862745098039 -31.499999999999996 23.500000000000004 18.000000000000004 77.500000000000014 -1.0000000180025095e-35
decision_type=10 8 10 2 2 2
left_child=1 -1 4 5 -2 -3
right_child=2 3 -4 -5 -6 -7
leaf_value=-0.57306450641155238 0.15330729564521894 -0.16729846856423786 0.47237670591473574 -0.40810805452281029 -0.20554505447546642 0.1316579473802918
leaf_weight=35 81 30 35 24 22 33
leaf_count=35 81 30 35 24 22 33
internal_value=-0.0342656 -0.280395 0.185523 -0.137908 0.0706918 -0.0125359
internal_weight=260 122 138 87 103 63
internal_count=260 122 138 87 103 63
is_linear=0
shrinkage=0.03


Tree=40
num_leaves=7
num_cat=0
split_feature=22 22 2 6 0 22
split_gain=17354.3 7092.71 3818.91 3839.73 3157.67 2607.52
threshold=7.5000000000000009 -31.499999999999996 17.350000000000005 0.87500000000000011 72.500000000000014 -16.291666666666661
decision_type=10 8 2 8 2 10
left_child=1 -1 3 -3 -2 -4
right_child=4 2 5 -5 -6 -7
leaf_value=-0.50014503763272211 0.46358346848384191 -0.10883691340921668 -0.46434336717312152 0.24217809137370852 0.013553482345912768 -0.055566042356479627
leaf_weight=34 64 54 21 49 18 34
leaf_count=34 64 54 21 49 18 34
internal_value=0.0186723 -0.13751 -0.0465262 0.0616318 0.371253 -0.237333
internal_weight=274 192 158 103 82 55
internal_count=274 192 158 103 82 55
is_linear=0
shrinkage=0.03


Tree=41
num_leaves=7
num_cat=0
split_feature=0 22 22 4 5 16
split_gain=19183.9 11512.2 3463.11 1685.63 1487.64 2145.25
threshold=97.500000000000014 7.5000000000000009 -19.199999999999996 0.25000000000000011 -0.9330127018922193 64.500000000000014
decision_type=2 10 8 2 2 8
left_child=1 2 -1 -4 -3 -6
right_child=-2 4 3 -5 5 -7
leaf_value=-0.32666843017866443 -0.6309265657717531 0.10114136742220985 -0.070655868804520544 0.18522941476106644 0.17839438503608107 0.58920676057988941
leaf_weight=38 39 22 97 25 27 28
leaf_count=38 39 22 97 25 27 28
internal_value=-0.0554244 0.0503574 -0.0951319 -0.0129923 0.34004 0.419207
internal_weight=276 237 160 122 77 55
internal_count=276 237 160 122 77 55
is_linear=0
shrinkage=0.03


Tree=42
num_leaves=7
num_cat=0
split_feature=22 22 0 11 22 1
split_gain=19397.1 8401.8 6345.78 3154.04 2298.12 757.359
threshold=-12.224999999999998 23.500000000000004 77.500000000000014 4.5000000000000009 -37.499999999999993 -1.0000000180025095e-35
decision_type=8 10 2 8 10 10
left_child=4 2 3 -2 -1 -5
right_child=1 -3 -4 5 -6 -7
leaf_value=-0.54607500188490921 -0.024221287433803081 0.58035097377374767 -0.28738133441318164 0.061987234488129622 -0.19840583088994027 0.32051330986022947
leaf_weight=29 45 35 28 14.999999999999998 55 70
leaf_count=29 45 35 28 15 55 70
internal_value=0.0259813 0.190897 0.0894699 0.178275 -0.34237 0.280869
internal_weight=277 193 158 130 84 85
internal_count=277 193 158 130 84 85
is_linear=0
shrinkage=0.03


Tree=43
num_leaves=7
num_cat=0
split_feature=22 2 22 4 22 2
split_gain=15934.6 6796.49 4848.21 4696.59 2037.2 1516.7
threshold=-4.9372549019607819 18.000000000000004 -9.4999999999999982 0.25000000000000011 -37.499999999999993 13.550000000000002
decision_type=10 2 8 2 10 2
left_child=1 2 -1 5 -3 -2
right_child=3 4 -4 -5 -6 -7
leaf_value=-0.20218808365526136 -0.057036684340721851 -0.67333664787226699 0.21675599020880623 0.49724466091249048 -0.22799591493606566 0.1845219259467763
leaf_weight=72 32 24 32 36 25 66
leaf_count=72 32 24 32 36 25 66
internal_value=-0.0086898 -0.214653 -0.0692524 0.225739 -0.488271 0.106706
internal_weight=287 153 104 134 49 98
internal_count=287 153 104 134 49 98
is_linear=0
shrinkage=0.03


Tree=44
num_leaves=7
num_cat=0
split_feature=0 22 1 22 17 6
split_gain=16213.8 13076.5 5722.16 3763.98 3041.4 1809.08
threshold=97.500000000000014 -4.1462418300653576 -1.0000000180025095e-35 18.219607843137258 -53.999999999999993 1.0000000180025095e-35
decision_type=2 8 8 8 10 8
left_child=1 -1 -3 5 -2 -4
right_child=4 2 3 -5 -6 -7
leaf_value=-0.16635752574224374 -0.67325199398127467 -0.11734526268897517 -0.01632590063582029 0.52055370705468318 -0.11261657810211181 0.29705448929856465
leaf_weight=101 28 26 27 58 14.999999999999998 36
leaf_count=101 28 26 27 58 15 36
internal_value=-0.00435662 0.0916209 0.268513 0.352791 -0.509784 0.171424
internal_weight=291 248 147 121 43 63
internal_count=291 248 147 121 43 63
is_linear=0
shrinkage=0.03


Tree=45
num_leaves=7
num_cat=0
split_feature=0 22 1 22 22 1
split_gain=18958.6 10343.8 5626.92 2867.53 2153.32 1615.52
threshold=97.500000000000014 -0.99999999999999989 1.0000000180025095e-35 18.219607843137258 -18.541666666666661 7.5000000000000009
decision_type=2 8 10 8 10 10
left_child=1 4 -3 -4 -1 -6
right_child=-2 2 3 -5 5 -7
leaf_value=-0.27050189070879144 -0.6115555391907691 0.0050553715369611408 0.18360670488454742 0.56123938879545998 -0.10037562900459615 0.176403593059097
leaf_weight=42 35 48 39 46 54 23
leaf_count=42 35 48 39 46 54 23
internal_value=-0.00407135 0.0905579 0.267897 0.407799 -0.110455 -0.0119861
internal_weight=287 252 133 85 119 77
internal_count=287 252 133 85 119 77
is_linear=0
shrinkage=0.03


Tree=46
num_leaves=7
num_cat=0
split_feature=0 22 4 2 2 22
split_gain=15184.3 8349.07 4664.3 2088.94 4729.62 1841.19
threshold=97.500000000000014 -4.1462418300653576 0.25000000000000011 14.850000000000003 16.850000000000005 -19.199999999999996
decision_type=2 8 2 2 2 10
left_child=1 5 3 -3 -5 -1
right_child=-2 2 -4 4 -6 -7
leaf_value=-0.26845173954455692 -0.54850204807519909 -0.029582326923097882 0.47277226328849786 0.5846956724779947 -0.0019894502418381825 -0.016551360473246641
leaf_weight=39 35 51 43 15.999999999999998 30 66
leaf_count=39 35 51 43 16 30 66
internal_value=-0.00590059 0.0810337 0.229279 0.103455 0.239392 -0.118064
internal_weight=280 245 140 97 46 105
internal_count=280 245 140 97 46 105
is_linear=0
shrinkage=0.03


Tree=47
num_leaves=7
num_cat=0
split_feature=0 16 17 1 23 16
split_gain=12501.7 5663.41 4365.37 3607.23 4690.21 1351.11
threshold=82.500000000000014 15.500000000000002 -53.999999999999993 -1.0000000180025095e-35 -1.0000000180025095e-35 -49.499999999999993
decision_type=2 8 10 8 2 10
left_child=1 -1 5 -3 -5 -2
right_child=2 3 -4 4 -6 -7
leaf_value=-0.10196871182286596 -0.65091097631762107 -0.1230071388516161 -0.013571891401495251 -0.037528543391743219 0.37694777351617814 -0.21573038870638067
leaf_weight=78 26 22 23 32 90 17
leaf_count=78 26 22 23 32 90 17
internal_value=-0.00910387 0.099722 -0.356399 0.208727 0.271035 -0.519256
internal_weight=288 222 66 144 122 43
internal_count=288 222 66 144 122 43
is_linear=0
shrinkage=0.03


Tree=48
num_leaves=7
num_cat=0
split_feature=0 22 2 22 22 22
split_gain=12262.9 7336.8 3461.43 1932.37 1652.48 1406.08
threshold=97.500000000000014 4.291176470588236 17.350000000000005 -20.504901960784313 -31.499999999999996 20.612549019607847
decision_type=2 8 2 10 10 8
left_child=1 3 5 -1 -2 -3
right_child=4 2 -4 -5 -6 -7
leaf_value=-0.25934010021780668 -0.66489015460014345 0.15573981058384689 -0.088434845602512357 -0.0066027759968796196 -0.17714533567428589 0.42774075150489804
leaf_weight=33 19 37 20 97 14.999999999999998 51
leaf_count=33 19 37 20 97 15 51
internal_value=-0.00629962 0.073067 0.250298 -0.0779882 -0.500007 0.327898
internal_weight=272 238 108 130 34 88
internal_count=272 238 108 130 34 88
is_linear=0
shrinkage=0.03


Tree=49
num_leaves=7
num_cat=0
split_feature=22 22 2 22 20 22
split_gain=10817.7 5473.6 4830.67 4032.36 1740.27 1681.7
threshold=-12.224999999999998 26.292156862745099 17.750000000000004 -12.224999999999998 -4.4999999999999991 -31.499999999999996
decision_type=10 10 2 8 10 10
left_child=2 4 3 5 -2 -1
right_child=1 -3 -4 -5 -6 -7
leaf_value=-0.41910107539250302 -0.0093930125526622329 0.48313218557741489 -0.51410999590158468 0.20459169796534946 0.26797566846013066 -0.095580791628899722
leaf_weight=21 108 27 35 23 20 42
leaf_count=21 108 27 35 23 20 42
internal_value=-0.0324788 0.131864 -0.239879 -0.106158 0.0423908 -0.226308
internal_weight=276 155 121 86 128 63
internal_count=276 155 121 86 128 63
is_linear=0
shrinkage=0.03


Tree=50
num_leaves=7
num_cat=0
split_feature=22 0 22 17 0 22
split_gain=11206 6946.61 3416.77 3197.15 2684.48 1208.36
threshold=-8.4999999999999982 87.500000000000014 7.5000000000000009 -39.499999999999993 97.500000000000014 27.219019607843141
decision_type=8 2 8 10 2 10
left_child=3 2 -2 4 -1 -4
right_child=1 -3 5 -5 -6 -7
leaf_value=-0.17342751356661321 0.053077129102472601 -0.23441357244144784 0.2528096315361883 0.13226465658708053 -0.55985146894454951 0.53164981618523599
leaf_weight=70 53 28 64 17 20 27
leaf_count=70 53 28 64 17 20 27
internal_value=0.0200914 0.168359 0.251914 -0.215121 -0.284246 0.358924
internal_weight=279 172 144 107 90 91
internal_count=279 172 144 107 90 91
is_linear=0
shrinkage=0.03


Tree=51
num_leaves=7
num_cat=0
split_feature=22 20 0 4 16 0
split_gain=9548.73 5216.39 3560.8 5484.83 2760.67 2079.64
threshold=-12.224999999999998 2.5000000000000004 107.50000000000001 0.25000000000000011 -68.499999999999986 57.500000000000007
decision_type=10 10 2 2 10 2
left_child=2 -2 3 5 -5 -1
right_child=1 -3 -4 4 -6 -7
leaf_value=-0.061189245945390526 0.07479398639582388 0.57370511087504295 -0.56414178541728421 0.39405721534382215 -0.087511510771253839 -0.39802596081858094
leaf_weight=29 149 17 15.999999999999998 17 18 41
leaf_count=29 149 17 16 17 18 41
internal_value=-0.00493262 0.141168 -0.203017 -0.124847 0.166412 -0.271862
internal_weight=287 166 121 105 35 70
internal_count=287 166 121 105 35 70
is_linear=0
shrinkage=0.03


Tree=52
num_leaves=7
num_cat=0
split_feature=0 4 0 16 2 2
split_gain=11470.3 9620.16 6438.67 5162.71 2930.79 3343.67
threshold=107.50000000000001 0.25000000000000011 57.500000000000007 7.5000000000000009 18.850000000000005 15.300000000000002
decision_type=2 2 2 8 2 2
left_child=1 2 -1 -3 5 -4
right_child=-2 3 4 -5 -6 -7
leaf_value=0.11285707785023584 -0.58112407042429992 -0.035620739070268775 -0.30103953728309046 0.50661319544440819 -0.43398845804365055 0.17705591297811932
leaf_weight=103 21 21 21 52 33 22
leaf_count=103 21 21 21 52 33 22
internal_value=0.0197557 0.0801607 -0.039943 0.358344 -0.241211 -0.0634691
internal_weight=273 252 179 73 76 43
internal_count=273 252 179 73 76 43
is_linear=0
shrinkage=0.03


Tree=53
num_leaves=7
num_cat=0
split_feature=0 22 4 2 2 16
split_gain=10767.8 9031.72 3332.38 2810.02 2890.48 2574.35
threshold=97.500000000000014 -4.1462418300653576 0.25000000000000011 13.65 17.350000000000005 39.000000000000007
decision_type=2 8 2 2 2 8
left_child=1 -1 3 -3 5 -5
right_child=-2 2 -4 4 -6 -7
leaf_value=-0.12448570685351595 -0.4508476928660744 -0.087638254238141547 0.44674096834659577 0.091920479942451824 -0.011865144863981625 0.61151791738427197
leaf_weight=97 33 32 45 17 24 18
leaf_count=97 33 32 45 17 24 18
internal_value=0.0184788 0.0930251 0.247075 0.130213 0.245986 0.402179
internal_weight=266 233 136 91 59 35
internal_count=266 233 136 91 59 35
is_linear=0
shrinkage=0.03


Tree=54
num_leaves=7
num_cat=0
split_feature=22 2 22 22 22 4
split_gain=9461.83 5715.81 3849.82 3643.65 3302.91 2538.59
threshold=-12.224999999999998 17.350000000000005 18.219607843137258 23.500000000000004 -56.999999999999993 0.25000000000000011
decision_type=8 2 8 8 10 2
left_child=4 3 -3 -2 -1 -6
right_child=1 2 -4 -5 5 -7
leaf_value=-0.61248386907577512 0.065753490732562161 0.033711311526076738 -0.44763632461428637 0.37079381640880338 -0.25954754155306586 0.09737977961699168
leaf_weight=14.999999999999998 88 38 19 57 58 22
leaf_count=15 88 38 19 57 58 22
internal_value=-0.0204017 0.0957034 -0.149898 0.194029 -0.259719 -0.161438
internal_weight=297 202 57 145 95 80
internal_count=297 202 57 145 95 80
is_linear=0
shrinkage=0.03


Tree=55
num_leaves=7
num_cat=0
split_feature=22 0 20 2 16 0
split_gain=7485.05 5850.89 3663.48 4349.1 5346.28 3932.97
threshold=23.500000000000004 107.50000000000001 -13.499999999999998 18.000000000000004 -68.499999999999986 57.500000000000007
decision_type=10 2 8 2 10 2
left_child=1 2 -1 4 -4 -5
right_child=-2 -3 3 5 -6 -7
leaf_value=-0.25543348335261856 0.37955710206180809 -0.53724534416198733 0.34083025618699875 0.13313925118446351 -0.02704175655798214 -0.36913354192461284
leaf_weight=37 39 14.999999999999998 60 20 77 30
leaf_count=37 39 15 60 20 77 30
internal_value=0.0196917 -0.0456056 -0.00167186 0.053882 0.140398 -0.174385
internal_weight=278 239 224 187 137 50
internal_count=278 239 224 187 137 50
is_linear=0
shrinkage=0.03


Tree=56
num_leaves=7
num_cat=0
split_feature=2 17 6 22 0 2
split_gain=9129.34 7334.37 5507.56 5236.4 2645.85 1984.28
threshold=18.000000000000004 -30.499999999999996 0.37500000000000006 18.219607843137258 52.500000000000007 15.950000000000001
decision_type=2 10 8 8 2 2
left_child=1 3 -2 4 -1 -3
right_child=2 5 -4 -5 -6 -7
leaf_value=0.033697725520247503 0.059434659630060192 0.53720371852602278 -0.45708177644970283 0.27025091350575287 -0.24565531588369799 0.11051954656191494
leaf_weight=58 27 30 48 40 57 18
leaf_count=58 27 30 48 40 57 18
internal_value=-0.00680469 0.0980659 -0.279043 -0.00591489 -0.109231 0.402718
internal_weight=278 203 75 155 115 48
internal_count=278 203 75 155 115 48
is_linear=0
shrinkage=0.03


Tree=57
num_leaves=7
num_cat=0
split_feature=22 0 0 17 11 0
split_gain=9888.32 3383.27 2793.07 2167.12 1897.36 1818.94
threshold=-4.1462418300653576 107.50000000000001 77.500000000000014 -30.499999999999996 7.0000000000000009 52.500000000000007
decision_type=10 2 2 10 8 2
left_child=1 3 4 5 -2 -1
right_child=2 -3 -4 -5 -6 -7
leaf_value=0.0081097269936331682 0.026226491715226855 -0.49305309244564594 -0.084075601221277163 0.2083810326031276 0.337276011852568 -0.23046304744940535
leaf_weight=51 23 15.999999999999998 21 15.999999999999998 86 60
leaf_count=51 23 16 21 16 86 60
internal_value=0.031426 -0.138541 0.216596 -0.0768936 0.275671 -0.125224
internal_weight=273 143 130 127 109 111
internal_count=273 143 130 127 109 111
is_linear=0
shrinkage=0.03


Tree=58
num_leaves=7
num_cat=0
split_feature=2 17 7 20 16 0
split_gain=8454.22 6105.52 4333.03 3847.25 1987.08 1985.18
threshold=18.000000000000004 -30.499999999999996 1.0000000180025095e-35 -1.0000000180025095e-35 -10.499999999999998 57.500000000000007
decision_type=2 10 8 10 8 2
left_child=1 3 -2 4 -1 -4
right_child=2 -3 5 -5 -6 -7
leaf_value=-0.20053028400825418 0.068225237905979147 0.38902620967829005 -0.070889841288328162 0.40692261207103725 0.035338932190918264 -0.5003295039704867
leaf_weight=41 25 48 14.999999999999998 14.999999999999998 103 37
leaf_count=41 25 48 15 15 103 37
internal_value=0.0102567 0.110137 -0.248596 0.0166504 -0.0362939 -0.393537
internal_weight=284 207 77 159 144 52
internal_count=284 207 77 159 144 52
is_linear=0
shrinkage=0.03


Tree=59
num_leaves=7
num_cat=0
split_feature=22 4 11 1 2 2
split_gain=7202.98 4664.12 3366.31 1816.17 3054.41 1664.85
threshold=-31.499999999999996 0.25000000000000011 29.000000000000004 1.0000000180025095e-35 14.450000000000001 17.450000000000003
decision_type=8 2 8 10 2 2
left_child=-1 3 -3 -2 -5 -6
right_child=1 2 -4 4 5 -7
leaf_value=-0.36822291313111777 -0.12419627842561501 -0.096687266869204383 0.36865814536683639 -0.10125697125345469 0.39188093629148268 0.035848228761128018
leaf_weight=35 77 15.999999999999998 54 45 22 23
leaf_count=35 77 16 54 45 22 23
internal_value=0.0047981 0.0663553 0.262939 -0.0212931 0.0686493 0.231691
internal_weight=272 237 70 167 90 45
internal_count=272 237 70 167 90 45
is_linear=0
shrinkage=0.03


Tree=60
num_leaves=7
num_cat=0
split_feature=0 20 17 17 13 0
split_gain=10260.6 3443.07 3607.47 3016.29 3788.58 1336.27
threshold=82.500000000000014 1.0000000180025095e-35 -1.0000000180025095e-35 -53.999999999999993 -6.714705882352944 47.500000000000007
decision_type=2 10 10 10 10 2
left_child=1 2 5 4 -2 -1
right_child=3 -3 -4 -5 -6 -7
leaf_value=0.04934765009717508 -0.61461808786942407 0.44387878006696696 0.29587444257897294 -0.033633021116256712 -0.039555381953716273 -0.12042094392701982
leaf_weight=83 34 14.999999999999998 32 22 14.999999999999998 75
leaf_count=83 34 15 32 22 15 75
internal_value=-0.039628 0.0692088 0.0290065 -0.337754 -0.458541 -0.0324606
internal_weight=276 205 190 71 49 158
internal_count=276 205 190 71 49 158
is_linear=0
shrinkage=0.03


Tree=61
num_leaves=7
num_cat=0
split_feature=22 2 22 22 17 0
split_gain=7048.51 4096.94 3127.25 2244.31 1770.06 2105.11
threshold=-12.224999999999998 16.850000000000005 23.500000000000004 -4.9372549019607819 -53.999999999999993 82.500000000000014
decision_type=8 2 8 10 10 2
left_child=4 2 -2 -3 5 -1
right_child=1 3 -4 -5 -6 -7
leaf_value=-0.14261957049369811 0.060994124759601642 -0.29092159056663514 0.36181150430127196 0.060315480442766689 0.012360783053769005 -0.50716281625959614
leaf_weight=43 74 25 52 33 22 22
leaf_count=43 74 25 52 33 22 22
internal_value=-0.00434515 0.100562 0.194212 -0.102153 -0.219624 -0.293416
internal_weight=271 184 126 58 87 65
internal_count=271 184 126 58 87 65
is_linear=0
shrinkage=0.03


Tree=62
num_leaves=7
num_cat=0
split_feature=22 0 20 17 2 16
split_gain=7779.37 3504.15 2674.33 2513.01 1679.4 1463.74
threshold=5.2000000000000011 97.500000000000014 1.0000000180025095e-35 31.500000000000004 18.000000000000004 -68.499999999999986
decision_type=10 2 10 10 2 10
left_child=1 4 3 -2 5 -1
right_child=2 -3 -4 -5 -6 -7
leaf_value=0.13752126132448514 0.02622437739656085 -0.3848531675338745 0.52296318964524691 0.41180973580905372 -0.18004030768437818 -0.071188631537167923
leaf_weight=49 58 28 17 15.999999999999998 50 64
leaf_count=49 58 28 17 16 50 64
internal_value=0.0059829 -0.102491 0.227139 0.130382 -0.0439767 0.0213062
internal_weight=282 191 91 74 163 113
internal_count=282 191 91 74 163 113
is_linear=0
shrinkage=0.03


Tree=63
num_leaves=7
num_cat=0
split_feature=22 20 22 22 4 1
split_gain=6603.36 4405.06 2665.15 1922.31 2224.84 1529.31
threshold=-12.224999999999998 1.0000000180025095e-35 33.873333333333342 -51.999999999999993 0.25000000000000011 7.5000000000000009
decision_type=8 10 10 10 2 8
left_child=3 2 5 -1 -5 -2
right_child=1 -3 -4 4 -6 -7
leaf_value=-0.48551970148086548 -0.077022856965034012 0.49064573147080165 0.35685606462614877 -0.2360703275291757 0.10771894172980234 0.1054343834561961
leaf_weight=14.999999999999998 96 17 15.999999999999998 50 21 65
leaf_count=15 96 17 16 50 21 65
internal_value=-0.00703259 0.0898959 0.0389839 -0.218611 -0.133989 -0.00240302
internal_weight=280 194 177 86 71 161
internal_count=280 194 177 86 71 161
is_linear=0
shrinkage=0.03


Tree=64
num_leaves=7
num_cat=0
split_feature=0 4 11 0 3 22
split_gain=7543.67 4970.48 3305.12 2277.57 1716.98 1023.36
threshold=97.500000000000014 0.25000000000000011 29.000000000000004 57.500000000000007 1.0000000180025095e-35 -4.6277777777777773
decision_type=2 2 8 2 2 10
left_child=1 3 -3 -1 -4 -5
right_child=-2 2 4 5 -6 -7
leaf_value=0.041883703789927736 -0.39541843217398437 -0.1094222440464156 0.50305975545197723 -0.26914495667745897 0.14022463878616689 -0.03989657855347583
leaf_weight=105 37 15.999999999999998 27 38 27 33
leaf_count=105 37 16 27 38 27 33
internal_value=-0.0236196 0.0390643 0.24383 -0.0468624 0.3489 -0.172228
internal_weight=283 246 70 176 54 71
internal_count=283 246 70 176 54 71
is_linear=0
shrinkage=0.03


Tree=65
num_leaves=7
num_cat=0
split_feature=22 22 4 20 22 16
split_gain=7845.35 3132.66 3423.81 2301.35 2772.71 1856.7
threshold=5.2000000000000011 -27.499999999999996 0.25000000000000011 -2.4999999999999996 31.900000000000002 -25.999999999999996
decision_type=10 8 2 10 10 10
left_child=1 -1 -3 4 -2 -4
right_child=3 2 5 -5 -6 -7
leaf_value=-0.32106657498953289 -0.0017599939306577046 -0.11976542940953883 0.3675930444896221 0.49717688278718419 0.39164047464728352 -0.04467881539463997
leaf_weight=44 49 118 19 17 19 14.999999999999998
leaf_count=44 49 118 19 17 19 15
internal_value=-0.00801584 -0.112113 -0.043328 0.224914 0.127457 0.203299
internal_weight=281 196 152 85 68 34
internal_count=281 196 152 85 68 34
is_linear=0
shrinkage=0.03


Tree=66
num_leaves=7
num_cat=0
split_feature=20 17 22 22 16 1
split_gain=5566.73 5468.85 2760.18 1045.45 904.67 1504.37
threshold=1.0000000180025095e-35 -30.499999999999996 -17.654901960784311 31.900000000000002 -5.4999999999999991 1.0000000180025095e-35
decision_type=10 10 8 10 10 8
left_child=1 2 -1 -3 5 -4
right_child=-2 3 4 -5 -6 -7
leaf_value=-0.25853725138440059 0.47789643321718484 0.11374146285653114 -0.10198128908872604 0.40805530582155503 -0.11959094109279768 0.13106543984135677
leaf_weight=62 15.999999999999998 35 39 15.999999999999998 51 53
leaf_count=62 16 35 39 16 51 53
internal_value=0.00812338 -0.0298301 -0.0995451 0.234265 -0.0242059 0.0321095
internal_weight=272 256 205 51 143 92
internal_count=272 256 205 51 143 92
is_linear=0
shrinkage=0.03


Tree=67
num_leaves=7
num_cat=0
split_feature=0 22 22 4 17 5
split_gain=6654.51 4897.59 1545.13 1262.16 1140.06 672.806
threshold=97.500000000000014 7.5000000000000009 -18.541666666666661 0.25000000000000011 -59.499999999999993 -0.9330127018922193
decision_type=2 10 8 2 10 2
left_child=1 2 -1 -4 -2 -3
right_child=4 5 3 -5 -6 -7
leaf_value=-0.21210088849067688 -0.49619955281416578 0.053697072371192596 -0.055325415620826324 0.1547466942098211 -0.12305056882756096 0.28130772395659298
leaf_weight=38 22 18 101 29 15.999999999999998 54
leaf_count=38 22 18 101 29 16 54
internal_value=-0.0278187 0.0330969 -0.0562049 -0.00446746 -0.371662 0.231587
internal_weight=278 240 168 130 38 72
internal_count=278 240 168 130 38 72
is_linear=0
shrinkage=0.03


Tree=68
num_leaves=7
num_cat=0
split_feature=0 4 0 20 22 2
split_gain=6855.41 4349.98 3340.06 2944.58 2390.33 2193.63
threshold=107.50000000000001 0.25000000000000011 57.500000000000007 1.0000000180025095e-35 -5.7869281045751633 15.050000000000002
decision_type=2 2 2 8 10 2
left_child=1 2 5 -3 -4 -1
right_child=-2 3 4 -5 -6 -7
leaf_value=-0.038485784244863951 -0.48886417737007132 -0.11875095074716956 -0.32272449454482721 0.31986790341883897 0.0016479469835758208 0.23499206415244511
leaf_weight=68 20 14.999999999999998 44 55 35 37
leaf_count=68 20 15 44 55 35 37
internal_value=-0.0146664 0.0313887 -0.045965 0.224227 -0.187471 0.0641837
internal_weight=274 254 184 70 79 105
internal_count=274 254 184 70 79 105
is_linear=0
shrinkage=0.03


Tree=69
num_leaves=7
num_cat=0
split_feature=22 17 0 0 13 0
split_gain=5413.38 3764.92 4015.88 2361.66 1524.99 1284.85
threshold=5.2000000000000011 -39.499999999999993 67.500000000000014 77.500000000000014 -6.714705882352944 42.500000000000007
decision_type=10 10 2 2 10 2
left_child=1 2 -1 5 -4 -2
right_child=3 -3 4 -5 -6 -7
leaf_value=-0.012613373622298241 0.078105124735063119 0.26551503007801674 -0.37714853169189555 -0.11343090393394231 -0.025993848502635954 0.35544481729085625
leaf_weight=115 26 21 49 14.999999999999998 14.999999999999998 47
leaf_count=115 26 21 49 15 15 47
internal_value=0.0107156 -0.0755908 -0.121736 0.200385 -0.302694 0.268005
internal_weight=288 200 179 88 64 73
internal_count=288 200 179 88 64 73
is_linear=0
shrinkage=0.03


Tree=70
num_leaves=7
num_cat=0
split_feature=20 17 2 17 20 1
split_gain=4012.56 4066.12 2455.37 1620.71 1124.99 956.557
threshold=2.5000000000000004 -30.499999999999996 16.850000000000005 -35.999999999999993 -18.499999999999996 -1.0000000180025095e-35
decision_type=10 10 2 8 8 8
left_child=1 3 -3 -1 -5 -6
right_child=-2 2 -4 4 5 -7
leaf_value=-0.34242632627487185 0.39490150733292101 0.34113735805539525 -0.054839408248662951 -0.23711752692237495 -0.174615294833978 0.0017998755218521241
leaf_weight=19 14.999999999999998 29 22 27 31 119
leaf_count=19 15 29 22 27 31 119
internal_value=-0.0144304 -0.0466308 0.180679 -0.108801 -0.075004 -0.0391159
internal_weight=262 247 51 196 177 150
internal_count=262 247 51 196 177 150
is_linear=0
shrinkage=0.03


Tree=71
num_leaves=7
num_cat=0
split_feature=0 22 0 1 22 5
split_gain=6329.92 3537.26 1685.25 2459.5 1552.14 1154.93
threshold=97.500000000000014 7.5000000000000009 37.500000000000007 7.5000000000000009 -9.4999999999999982 -0.9330127018922193
decision_type=2 10 2 10 8 2
left_child=1 2 -1 -4 -5 -3
right_child=-2 5 3 4 -6 -7
leaf_value=0.11129617005130465 -0.35378280546776081 0.017695486664772032 -0.21097807197844329 -0.10929911203922764 0.18339178733314787 0.26244267726937931
leaf_weight=44 38 25 68 26 30 58
leaf_count=44 38 25 68 26 30 58
internal_value=-0.0172291 0.0396379 -0.0399852 -0.0958989 0.0496793 0.193918
internal_weight=289 251 168 124 56 83
internal_count=289 251 168 124 56 83
is_linear=0
shrinkage=0.03


Tree=72
num_leaves=7
num_cat=0
split_feature=20 17 2 22 22 2
split_gain=5461.96 4339.47 3331.7 2375.48 1015.65 1789.42
threshold=1.0000000180025095e-35 -30.499999999999996 17.450000000000003 -12.224999999999998 1.2916666666666667 18.000000000000004
decision_type=10 10 2 8 10 2
left_child=1 3 -3 -1 5 -5
right_child=-2 2 -4 4 -6 -7
leaf_value=-0.22065503891456772 0.48659936615398952 0.32750963035970926 -0.12436290512914241 0.14712267986086547 -0.11355098372697831 -0.13719061660766599
leaf_weight=69 15.999999999999998 43 18 56 45 25
leaf_count=69 16 43 18 56 45 25
internal_value=0.0214132 -0.0164258 0.19485 -0.0857363 -0.00625026 0.0564973
internal_weight=272 256 61 195 126 81
internal_count=272 256 61 195 126 81
is_linear=0
shrinkage=0.03


Tree=73
num_leaves=7
num_cat=0
split_feature=22 2 22 22 5 0
split_gain=5212.72 2897.56 2639.89 2538.45 847.967 836.074
threshold=-12.224999999999998 17.450000000000003 18.219607843137258 31.900000000000002 -0.5 82.500000000000014
decision_type=8 2 8 8 2 2
left_child=5 3 -3 4 -2 -1
right_child=1 2 -4 -5 -6 -7
leaf_value=-0.097182988610022281 0.17835330305898445 0.080319103928139582 -0.3125560172246053 0.35561367216706274 0.010235623189381191 -0.30710488848388195
leaf_weight=53 42 34 21 40 65 27
leaf_count=53 42 34 21 40 65 27
internal_value=0.0161803 0.0971387 -0.0832335 0.165143 0.081242 -0.181929
internal_weight=282 202 55 147 107 80
internal_count=282 202 55 147 107 80
is_linear=0
shrinkage=0.03


Tree=74
num_leaves=7
num_cat=0
split_feature=0 17 11 2 0 16
split_gain=5451.74 4214.29 4999.49 4045.11 1823.37 1148.2
threshold=107.50000000000001 -39.499999999999993 7.0000000000000009 17.450000000000003 42.500000000000007 1.0000000180025095e-35
decision_type=2 10 10 2 2 10
left_child=1 2 4 -3 5 -1
right_child=-2 3 -4 -5 -6 -7
leaf_value=0.11238692459307217 -0.43709679335355761 0.40363978089888891 0.42152451431751248 -0.097088788896799089 -0.148518366946046 -0.12902040178959184
leaf_weight=52 19 40 14.999999999999998 19 116 21
leaf_count=52 19 40 15 19 116 21
internal_value=-0.00399084 0.0348692 -0.0310464 0.247401 -0.0769031 0.0391221
internal_weight=282 263 204 59 189 73
internal_count=282 263 204 59 189 73
is_linear=0
shrinkage=0.03


Tree=75
num_leaves=7
num_cat=0
split_feature=0 2 11 16 7 0
split_gain=5948.54 3901.99 4653.53 3090.93 2122.37 1153.44
threshold=107.50000000000001 18.000000000000004 2.5000000000000004 18.500000000000004 1.0000000180025095e-35 57.500000000000007
decision_type=2 2 8 8 8 2
left_child=1 2 -1 -4 -3 -6
right_child=-2 4 3 -5 5 -7
leaf_value=-0.11309898675571788 -0.40704608122507729 0.10882112994790077 0.035318779810782401 0.31932317881814892 -0.010444366335868835 -0.31745650122040198
leaf_weight=50 22 21 57 88 15.999999999999998 33
leaf_count=50 22 21 57 88 16 33
internal_value=0.0178863 0.0600483 0.128332 0.212579 -0.126044 -0.227457
internal_weight=287 265 195 145 70 49
internal_count=287 265 195 145 70 49
is_linear=0
shrinkage=0.03


Tree=76
num_leaves=7
num_cat=0
split_feature=0 4 11 22 0 2
split_gain=4434.08 5431.03 4777.59 2388.97 1779.38 774.918
threshold=107.50000000000001 0.25000000000000011 29.000000000000004 -8.4999999999999982 42.500000000000007 13.250000000000002
decision_type=2 2 8 10 2 2
left_child=1 3 -3 4 -1 -6
right_child=-2 2 -4 -5 5 -7
leaf_value=0.065562143581254131 -0.36684276044368741 -0.1141072978079319 0.41040354148337715 0.070203233209191529 -0.39650266796350475 -0.13687067019178512
leaf_weight=23 19 19 52 93 14.999999999999998 42
leaf_count=23 19 19 52 93 15 42
internal_value=0.0231451 0.0602695 0.271769 -0.0317265 -0.147379 -0.231661
internal_weight=263 244 71 173 80 57
internal_count=263 244 71 173 80 57
is_linear=0
shrinkage=0.03


Tree=77
num_leaves=7
num_cat=0
split_feature=0 4 11 0 2 22
split_gain=4838.46 4910.56 3746.92 2806.98 2685.5 2807.35
threshold=107.50000000000001 0.25000000000000011 29.000000000000004 67.500000000000014 14.850000000000003 -2.4166666666666665
decision_type=2 2 8 2 2 8
left_child=1 3 -3 4 -1 -6
right_child=-2 2 -4 -5 5 -7
leaf_value=-0.091734359169006338 -0.417557472884655 -0.12782420949502424 0.34892477727141868 -0.21830468546776544 -0.054711270085696519 0.36184074190529913
leaf_weight=70 19 17 53 58 24 28
leaf_count=70 19 17 53 58 24 28
internal_value=-0.0104928 0.0280249 0.23234 -0.055563 0.0273547 0.181651
internal_weight=269 250 70 180 122 52
internal_count=269 250 70 180 122 52
is_linear=0
shrinkage=0.03


Tree=78
num_leaves=7
num_cat=0
split_feature=22 2 20 16 0 22
split_gain=4853.65 2257.22 2169.02 1909.52 1496.76 1024.42
threshold=-4.9372549019607819 18.000000000000004 2.5000000000000004 1.0000000180025095e-35 67.500000000000014 -9.4999999999999982
decision_type=10 2 10 10 2 8
left_child=1 5 3 4 -2 -1
right_child=2 -3 -4 -5 -6 -7
leaf_value=-0.11536986454000955 0.27111334712006324 -0.31058806307937786 0.40334658622741698 -0.076424600978692372 -0.01749579906463623 0.075710592811044891
leaf_weight=74 38 41 14.999999999999998 49 25 33
leaf_count=74 38 41 15 49 25 33
internal_value=-0.0194688 -0.134146 0.114189 0.059881 0.163721 -0.0556894
internal_weight=275 148 127 112 63 107
internal_count=275 148 127 112 63 107
is_linear=0
shrinkage=0.03


Tree=79
num_leaves=7
num_cat=0
split_feature=0 2 17 23 0 20
split_gain=3677.71 3003.21 2998.38 2375.03 1998.64 1652.31
threshold=107.50000000000001 18.000000000000004 -53.999999999999993 6.1553921568627468 47.500000000000007 -14.499999999999998
decision_type=2 2 10 2 2 10
left_child=1 2 3 -1 -4 -3
right_child=-2 5 4 -5 -6 -7
leaf_value=-0.055622992522236125 -0.38241307668685914 -0.23948193465841228 -0.015377486944198607 0.28754206793648857 0.3847345597743988 0.090095615297555928
leaf_weight=129 20 53 15.999999999999998 15.999999999999998 30 14.999999999999998
leaf_count=129 20 53 16 16 30 15
internal_value=-0.034932 -0.00136498 0.0598351 -0.00943398 0.257702 -0.16559
internal_weight=279 259 191 145 46 68
internal_count=279 259 191 145 46 68
is_linear=0
shrinkage=0.03


Tree=80
num_leaves=7
num_cat=0
split_feature=0 1 23 16 2 2
split_gain=4636.06 2430.2 1712.69 1049.18 1055.25 1664.74
threshold=97.500000000000014 -12.499999999999998 -1.0000000180025095e-35 10.500000000000002 16.850000000000005 10.250000000000002
decision_type=2 8 2 8 2 2
left_child=1 -1 -3 -4 5 -5
right_child=-2 2 3 4 -6 -7
leaf_value=-0.25062420859336854 -0.31801106567680831 -0.067769149186006225 -0.0062837575638995443 -0.024090899205207825 -0.007883490145206451 0.28111190562662869
leaf_weight=20 35 62 46 20 25 64
leaf_count=20 35 62 46 20 25 64
internal_value=-0.0190943 0.030708 0.0616979 0.113984 0.162789 0.211174
internal_weight=272 237 217 155 109 84
internal_count=272 237 217 155 109 84
is_linear=0
shrinkage=0.03


Tree=81
num_leaves=7
num_cat=0
split_feature=20 2 6 16 6 2
split_gain=3444.87 2021.44 1409.47 1124.55 696.395 510.724
threshold=2.5000000000000004 18.000000000000004 0.37500000000000006 -28.499999999999996 inf 19.650000000000002
decision_type=10 2 8 10 8 2
left_child=1 3 -3 4 -1 -4
right_child=-2 2 5 -5 -6 -7
leaf_value=-0.034943495331139399 0.38664014526775903 0.045471621751785277 -0.31942335103788683 -0.04041046508587897 0.14208992094333681 -0.077656638792582916
leaf_weight=24 15.999999999999998 20 26 91 79 15.999999999999998
leaf_count=24 16 20 26 91 79 16
internal_value=0.0172062 -0.012848 -0.155166 0.0353909 0.101131 -0.245381
internal_weight=272 256 62 194 103 42
internal_count=272 256 62 194 103 42
is_linear=0
shrinkage=0.03


Tree=82
num_leaves=7
num_cat=0
split_feature=17 11 2 0 0 2
split_gain=3256.1 2839.78 2539.76 1490.26 1073.55 716.373
threshold=-30.499999999999996 2.5000000000000004 17.100000000000005 32.500000000000007 92.500000000000014 10.250000000000002
decision_type=10 10 2 2 2 2
left_child=1 3 -2 -1 5 -5
right_child=2 -3 -4 4 -6 -7
leaf_value=0.15993404691573232 0.32615744359609561 0.26002966590549631 -0.057017321070390085 0.06386767010603632 -0.27192384860094854 -0.10635156177942243
leaf_weight=14.999999999999998 36 18 23 23 29 135
leaf_count=15 36 18 23 23 29 135
internal_value=-0.00489789 -0.0585199 0.184 -0.0925007 -0.116387 -0.0803738
internal_weight=279 220 59 202 187 158
internal_count=279 220 59 202 187 158
is_linear=0
shrinkage=0.03


Tree=83
num_leaves=7
num_cat=0
split_feature=2 22 0 17 22 22
split_gain=2554.39 2683.63 1541.67 1419.44 1535.49 1114.65
threshold=18.000000000000004 23.500000000000004 57.500000000000007 -53.999999999999993 -20.504901960784313 5.8924836601307211
decision_type=2 8 2 10 10 10
left_child=1 3 -2 4 -1 -5
right_child=2 -3 -4 5 -6 -7
leaf_value=-0.21879549627644673 0.03413275082265177 0.23644655795703673 -0.24903846105803612 0.29806373915889045 0.013038701945543289 -0.028671718820929525
leaf_weight=30 26 53 41 17 95 14.999999999999998
leaf_count=30 26 53 41 17 95 15
internal_value=0.0104477 0.0620646 -0.144412 -0.00228398 -0.0488767 0.161729
internal_weight=277 210 67 157 125 32
internal_count=277 210 67 157 125 32
is_linear=0
shrinkage=0.03


Tree=84
num_leaves=7
num_cat=0
split_feature=11 17 2 22 4 2
split_gain=2981.47 2624.44 2420.34 1746.18 1583.96 828.776
threshold=7.0000000000000009 -39.499999999999993 16.850000000000005 -51.999999999999993 0.25000000000000011 10.250000000000002
decision_type=10 10 2 8 2 2
left_child=1 3 -3 -1 5 -5
right_child=-2 2 -4 4 -6 -7
leaf_value=-0.35268638610839842 0.31678239490674892 0.26912441868607589 -0.095120365373019516 0.056850703756014503 0.11288015202834055 -0.13196169937573948
leaf_weight=15.999999999999998 18 36 24 22 34 125
leaf_count=16 18 36 24 22 34 125
internal_value=-0.0109376 -0.0394982 0.127317 -0.0921987 -0.0603104 -0.102763
internal_weight=275 257 60 197 181 147
internal_count=275 257 60 197 181 147
is_linear=0
shrinkage=0.03


Tree=85
num_leaves=7
num_cat=0
split_feature=0 4 2 1 2 22
split_gain=3902.64 2906.71 1969.76 1738.06 2234.38 2655
threshold=107.50000000000001 0.25000000000000011 14.250000000000002 -12.499999999999998 13.550000000000002 5.8924836601307211
decision_type=2 2 2 10 2 8
left_child=1 3 -3 -1 -5 -6
right_child=-2 2 -4 4 5 -7
leaf_value=-0.22264658105373383 -0.34199278621673584 0.29621313173519936 -0.035887311616769203 -0.11028743552125017 -0.02594511112800011 0.26652833147960547
leaf_weight=25 20 52 21 64 60 46
leaf_count=25 20 52 21 64 60 46
internal_value=0.0171281 0.049701 0.204501 -0.0119136 0.0245525 0.107266
internal_weight=288 268 73 195 170 106
internal_count=288 268 73 195 170 106
is_linear=0
shrinkage=0.03


Tree=86
num_leaves=7
num_cat=0
split_feature=0 4 0 0 2 2
split_gain=3740.77 2860.06 2056.42 1698.16 1243.96 1090.22
threshold=107.50000000000001 0.25000000000000011 57.500000000000007 57.500000000000007 12.550000000000002 18.850000000000005
decision_type=2 2 2 2 2 2
left_child=1 3 4 -1 -3 -5
right_child=-2 2 -4 5 -6 -7
leaf_value=0.037587487157260145 -0.385471859628504 0.14446661962675197 0.3596647651400417 -0.037988053938107828 -0.1530806840211153 -0.26256613263958378
leaf_weight=102 17 30 27 44 14.999999999999998 33
leaf_count=102 17 30 27 44 15 33
internal_value=-0.0102324 0.0222145 0.175376 -0.0424841 0.0398944 -0.144377
internal_weight=268 251 72 179 45 77
internal_count=268 251 72 179 45 77
is_linear=0
shrinkage=0.03


Tree=87
num_leaves=7
num_cat=0
split_feature=1 22 20 2 2 4
split_gain=3038.31 2274.96 1243.62 974.568 941.632 846.481
threshold=-1.0000000180025095e-35 23.500000000000004 -13.499999999999998 13.450000000000001 14.250000000000002 -0.6830127018922193
decision_type=8 8 10 2 2 2
left_child=5 2 3 -2 -5 -1
right_child=1 -3 -4 4 -6 -7
leaf_value=-0.31845805149078371 -0.14164753843484254 0.215289199128747 0.13361939279238383 0.19961222881078719 -0.034414448421246011 -0.085506429523229593
leaf_weight=20 53 52 40 14.999999999999998 64 45
leaf_count=20 53 52 40 15 64 45
internal_value=-0.00187185 0.0510325 -0.00330529 -0.0481599 0.0192577 -0.174811
internal_weight=289 224 172 132 79 65
internal_count=289 224 172 132 79 65
is_linear=0
shrinkage=0.03


Tree=88
num_leaves=7
num_cat=0
split_feature=22 1 23 20 4 5
split_gain=3476.34 2801.8 2043.64 1945.28 1251.44 1188.32
threshold=-27.499999999999996 1.0000000180025095e-35 1.7372549019607819 -13.499999999999998 -0.6830127018922193 -0.9330127018922193
decision_type=8 8 2 8 2 2
left_child=-1 2 4 -3 -2 -5
right_child=1 3 -4 5 -6 -7
leaf_value=-0.24432190034459245 -0.29109556117478541 -0.11404607398756619 0.19098226279020308 -0.051388503692072374 -0.048921795780008485 0.19885022166457059
leaf_weight=42 29 24 14.999999999999998 18 50 108
leaf_count=42 29 24 15 18 50 108
internal_value=-0.00780285 0.036998 -0.0885687 0.116005 -0.149857 0.162505
internal_weight=286 244 94 150 79 126
internal_count=286 244 94 150 79 126
is_linear=0
shrinkage=0.03


Tree=89
num_leaves=7
num_cat=0
split_feature=2 20 6 17 11 2
split_gain=2536.09 2674.11 1874.13 1285.88 1161.86 1061.28
threshold=18.000000000000004 -13.499999999999998 1.0000000180025095e-35 -46.999999999999993 1.0000000180025095e-35 15.950000000000001
decision_type=2 8 8 10 10 2
left_child=1 -1 -2 4 -3 -5
right_child=2 3 -4 5 -6 -7
leaf_value=-0.1825511560720556 0.099503835284191627 0.018019468492416084 -0.23374267762562012 0.32192681985932431 0.25661228494210675 0.016858559053391217
leaf_weight=29 18 117 48 32 17 14.999999999999998
leaf_count=29 18 117 48 32 17 15
internal_value=0.0134726 0.064584 -0.14225 0.108023 0.0564305 0.235547
internal_weight=276 210 66 181 134 47
internal_count=276 210 66 181 134 47
is_linear=0
shrinkage=0.03


Tree=90
num_leaves=7
num_cat=0
split_feature=22 1 23 2 2 16
split_gain=3445.66 2912.38 2170.84 1417.25 1931.48 3705.49
threshold=-31.499999999999996 -12.499999999999998 -1.0000000180025095e-35 16.850000000000005 9.4500000000000011 -28.499999999999996
decision_type=8 10 2 2 2 10
left_child=-1 -2 -3 4 -4 -6
right_child=1 2 3 -5 5 -7
leaf_value=-0.23427912912658744 -0.23430035482943057 -0.027432016896966255 -0.078172277580946678 0.0018484345078468322 0.45383766117095947 0.091182320742380044
leaf_weight=32 20 71 14.999999999999998 35 45 58
leaf_count=32 20 71 15 35 45 58
internal_value=0.0367836 0.0763234 0.108568 0.17055 0.218479 0.2633
internal_weight=276 244 224 153 118 103
internal_count=276 244 224 153 118 103
is_linear=0
shrinkage=0.03


Tree=91
num_leaves=7
num_cat=0
split_feature=0 4 11 0 3 2
split_gain=3026.85 2401.8 3055.73 1720.38 1488.97 1242.03
threshold=107.50000000000001 0.25000000000000011 29.000000000000004 57.500000000000007 1.0000000180025095e-35 14.65
decision_type=2 2 8 2 2 2
left_child=1 3 -3 5 -4 -1
right_child=-2 2 4 -5 -6 -7
leaf_value=-0.034940126560352468 -0.32420756478309631 -0.16128191658428737 0.41523702702214638 -0.14042568745436493 0.088796388264745466 0.15952422831286775
leaf_weight=76 20 15.999999999999998 26 76 27 42
leaf_count=76 20 16 26 76 27 42
internal_value=-0.00862941 0.0209699 0.16658 -0.0337035 0.270928 0.0379471
internal_weight=283 263 69 194 53 118
internal_count=283 263 69 194 53 118
is_linear=0
shrinkage=0.03


Tree=92
num_leaves=7
num_cat=0
split_feature=0 17 20 2 0 0
split_gain=3111.98 2384.72 3464.31 1978.28 2662.42 812.858
threshold=107.50000000000001 -39.499999999999993 2.5000000000000004 16.850000000000005 47.500000000000007 42.500000000000007
decision_type=2 10 10 2 2 2
left_child=1 2 5 4 -3 -1
right_child=-2 3 -4 -5 -6 -7
leaf_value=0.01827401641756296 -0.35538309999874662 -0.015995237231254577 0.35204540562629699 -0.036277435656104765 0.47414990723133088 -0.10681245468900753
leaf_weight=71 15.999999999999998 14.999999999999998 14.999999999999998 23 23 125
leaf_count=71 16 15 15 23 23 125
internal_value=-0.00333927 0.0234102 -0.0252587 0.180917 0.301309 -0.0621731
internal_weight=288 272 211 61 38 196
internal_count=288 272 211 61 38 196
is_linear=0
shrinkage=0.03


Tree=93
num_leaves=7
num_cat=0
split_feature=22 2 20 22 2 16
split_gain=2116.45 1843.97 2158.93 1624.11 1361.53 1331.45
threshold=-51.999999999999993 18.000000000000004 -15.499999999999998 25.390522875817002 9.0500000000000025 64.500000000000014
decision_type=8 2 8 8 2 8
left_child=-1 2 -2 -3 -4 -6
right_child=1 3 4 -5 5 -7
leaf_value=-0.29135757344109675 -0.17146842730045317 -0.019434647936570015 -0.1130577939003706 -0.33963976165652271 0.051791180369378388 0.22954223591375023
leaf_weight=15.999999999999998 25 52 19 14.999999999999998 87 68
leaf_count=16 25 52 19 15 87 68
internal_value=-0.00123745 0.021267 0.0669801 -0.10973 0.105073 0.134509
internal_weight=282 266 199 67 174 155
internal_count=282 266 199 67 174 155
is_linear=0
shrinkage=0.03


Tree=94
num_leaves=7
num_cat=0
split_feature=0 4 11 3 0 2
split_gain=3124.46 2098.46 2160.98 2269.96 1647.67 1332.6
threshold=107.50000000000001 0.25000000000000011 29.000000000000004 1.0000000180025095e-35 67.500000000000014 14.65
decision_type=2 2 8 2 2 2
left_child=1 4 -3 -4 5 -1
right_child=-2 2 3 -5 -6 -7
leaf_value=-0.017324367690086363 -0.29866900682449338 -0.1077522562276572 0.42350129246711726 0.055674172717913549 -0.11588348005624378 0.17992311048838827
leaf_weight=70 19 14.999999999999998 31 29 63 49
leaf_count=70 19 15 31 29 63 49
internal_value=0.0297235 0.059238 0.187299 0.263676 0.00286868 0.0678752
internal_weight=276 257 75 60 182 119
internal_count=276 257 75 60 182 119
is_linear=0
shrinkage=0.03


Tree=95
num_leaves=7
num_cat=0
split_feature=0 1 17 20 22 16
split_gain=3200.55 1781.36 1306.86 1610.17 822.957 1159.97
threshold=107.50000000000001 -12.499999999999998 -39.499999999999993 1.0000000180025095e-35 -20.504901960784313 1.0000000180025095e-35
decision_type=2 8 10 10 8 10
left_child=1 -1 3 4 -3 -6
right_child=-2 2 -4 -5 5 -7
leaf_value=-0.23348572479641955 -0.34389103211462496 -0.14408749964833259 0.17594082148315815 0.25954459905624389 0.069239452653564515 -0.11682863427664746
leaf_weight=18 19 35 47 14.999999999999998 91 39
leaf_count=18 19 35 47 15 91 39
internal_value=-0.0131625 0.0188507 0.0434605 0.00504821 -0.025041 0.0111595
internal_weight=264 245 227 180 165 130
internal_count=264 245 227 180 165 130
is_linear=0
shrinkage=0.03


Tree=96
num_leaves=7
num_cat=0
split_feature=0 20 1 2 5 16
split_gain=3052.77 1886.49 1695.02 2280.8 1505.14 1574.43
threshold=107.50000000000001 -13.499999999999998 1.0000000180025095e-35 9.6500000000000004 -0.9330127018922193 74.500000000000014
decision_type=2 8 10 2 2 8
left_child=1 -1 -3 -4 -5 -6
right_child=-2 2 3 4 5 -7
leaf_value=-0.13076820206868908 -0.31631083791670594 -0.028828824015288818 -0.15464033913399491 -0.068479743093252179 0.095578768450134202 0.3438101890683174
leaf_weight=41 18 77 15.999999999999998 14.999999999999998 48 51
leaf_count=41 18 77 16 15 48 51
internal_value=0.0149356 0.0447538 0.0817832 0.145941 0.192853 0.233837
internal_weight=266 248 207 130 114 99
internal_count=266 248 207 130 114 99
is_linear=0
shrinkage=0.03


Tree=97
num_leaves=7
num_cat=0
split_feature=22 20 17 1 16 22
split_gain=3357.09 1973.12 2346.33 599.237 595.123 752.714
threshold=-56.999999999999993 5.5000000000000009 -53.999999999999993 1.0000000180025095e-35 2.5000000000000004 -11.389921218487393
decision_type=10 10 10 10 10 10
left_child=-1 2 4 -4 5 -2
right_child=1 -3 3 -5 -6 -7
leaf_value=-0.22597111880779266 -0.080863966566778842 0.33389396452903747 0.015314068776369094 0.2107038492533112 -0.12639019769780774 0.066607626405629242
leaf_weight=43 54 14.999999999999998 20 51 46 61
leaf_count=43 54 15 20 51 46 61
internal_value=0.00404326 0.0477753 0.0226223 0.160293 -0.041089 -0.00312392
internal_weight=290 247 232 71 161 115
internal_count=290 247 232 71 161 115
is_linear=0
shrinkage=0.03


Tree=98
num_leaves=7
num_cat=0
split_feature=0 1 17 20 2 22
split_gain=2367.29 1363.37 1318.33 1742.84 1369.44 1445.97
threshold=107.50000000000001 -1.0000000180025095e-35 -53.999999999999993 1.0000000180025095e-35 14.850000000000003 -2.4166666666666665
decision_type=2 8 10 10 2 8
left_child=1 -1 3 4 -3 -6
right_child=-2 2 -4 -5 5 -7
leaf_value=-0.116616090666187 -0.2949709149956703 -0.10469747527806382 0.16132942552367846 0.25794297149777412 -0.064405252899114904 0.27170455634593965
leaf_weight=54 20 90 58 14.999999999999998 21 17
leaf_count=54 20 90 58 15 21 17
internal_value=-0.0163404 0.0107653 0.046987 -0.00327322 -0.0424308 0.100069
internal_weight=275 255 201 143 128 38
internal_count=275 255 201 143 128 38
is_linear=0
shrinkage=0.03


Tree=99
num_leaves=7
num_cat=0
split_feature=20 0 2 16 2 0
split_gain=2598.97 1808.82 1319.37 1349.32 1589.21 1202.38
threshold=2.5000000000000004 107.50000000000001 18.000000000000004 74.500000000000014 13.450000000000001 57.500000000000007
decision_type=10 2 2 8 2 2
left_child=1 2 3 -1 -5 -4
right_child=-2 -3 5 4 -6 -7
leaf_value=-0.041276104127135227 0.31158060431480411 -0.2780514387130737 0.047076028340782686 0.0096241609454154973 0.27420769255501881 -0.22149400657841137
leaf_weight=102 15.999999999999998 20 21 50 30 37
leaf_count=102 16 20 21 50 30 37
internal_value=-0.00988189 -0.0351698 -0.00966823 0.0305351 0.119136 -0.128234
internal_weight=276 260 240 182 80 58
internal_count=276 260 240 182 80 58
is_linear=0
shrinkage=0.03


Tree=100
num_leaves=7
num_cat=0
split_feature=1 22 20 16 2 2
split_gain=2203.66 2090.78 1256.94 1515.22 1213.51 1580.14
threshold=-12.499999999999998 -27.499999999999996 5.5000000000000009 1.0000000180025095e-35 9.0500000000000025 11.15
decision_type=8 8 10 10 2 2
left_child=-1 -2 3 4 -3 -6
right_child=1 2 -4 -5 5 -7
leaf_value=-0.26189701080322264 -0.17647677879248347 -0.12394342404790221 0.2817434494681656 -0.10383512853511741 0.32757850112915038 0.059864127728618488
leaf_weight=23 37 19 14.999999999999998 51 20 114
leaf_count=23 37 19 15 51 20 114
internal_value=-0.009107 0.0181867 0.0542801 0.0312148 0.0780927 0.110168
internal_weight=279 256 219 204 153 134
internal_count=279 256 219 204 153 134
is_linear=0
shrinkage=0.03


Tree=101
num_leaves=7
num_cat=0
split_feature=20 2 22 17 22 17
split_gain=1716.79 1503.8 1299.58 1097.08 1079.19 927.195
threshold=2.5000000000000004 18.000000000000004 56.750000000000007 -53.999999999999993 -37.499999999999993 16.000000000000004
decision_type=10 2 8 10 10 10
left_child=1 2 3 -1 -3 -5
right_child=-2 4 -4 5 -6 -7
leaf_value=-0.060010296443320864 0.24945920738306912 -0.31801218260889469 0.2086126200358073 0.21118321272730825 -0.05383252325646104 -0.046583474278450013
leaf_weight=126 17 18 22 25 42 19
leaf_count=126 17 18 22 25 42 19
internal_value=-0.00499132 -0.026676 0.015171 -0.0151077 -0.151452 0.106479
internal_weight=269 252 192 170 60 44
internal_count=269 252 192 170 60 44
is_linear=0
shrinkage=0.03


Tree=102
num_leaves=7
num_cat=0
split_feature=0 17 20 0 5 0
split_gain=2350.54 1892.55 1902.45 1366.86 1263.3 2340.47
threshold=107.50000000000001 -39.499999999999993 1.0000000180025095e-35 42.500000000000007 -0.9330127018922193 47.500000000000007
decision_type=2 10 10 2 2 2
left_child=1 2 3 -1 -3 -6
right_child=-2 4 -4 -5 5 -7
leaf_value=0.062355218057055024 -0.28562420880421996 -0.063684304646216328 0.24252108116041532 -0.10859997563368427 -0.037535555129465853 0.37389564133541925
leaf_weight=59 19 14.999999999999998 17 122 18 30
leaf_count=59 19 15 17 122 18 30
internal_value=-0.00130399 0.0243735 -0.022 -0.052696 0.16102 0.230623
internal_weight=280 261 198 181 63 48
internal_count=280 261 198 181 63 48
is_linear=0
shrinkage=0.03


Tree=103
num_leaves=7
num_cat=0
split_feature=0 4 2 22 0 22
split_gain=2029.13 2129.24 1798.79 1301.21 874.966 798.781
threshold=107.50000000000001 0.25000000000000011 14.65 -24.913071895424832 57.500000000000007 26.292156862745099
decision_type=2 2 2 10 2 8
left_child=1 3 4 -1 5 -3
right_child=-2 2 -4 -5 -6 -7
leaf_value=-0.18182204592015061 -0.25443056142848469 -0.037133774667978285 -0.075900031950162802 0.020943525204701084 0.3825397984186808 0.23133877284824847
leaf_weight=30 18 14.999999999999998 18 149 22 19
leaf_count=30 18 15 18 149 22 19
internal_value=0.0159491 0.0397436 0.169523 -0.0170569 0.248164 0.123319
internal_weight=271 253 74 179 56 34
internal_count=271 253 74 179 56 34
is_linear=0
shrinkage=0.03


Tree=104
num_leaves=7
num_cat=0
split_feature=1 22 20 22 22 16
split_gain=1742.08 1584.79 1172.15 705.476 765.62 922.827
threshold=-12.499999999999998 31.900000000000002 2.5000000000000004 17.138235294117653 -43.499999999999993 2.5000000000000004
decision_type=8 8 10 10 10 10
left_child=-1 2 3 4 -2 -6
right_child=1 -3 -4 -5 5 -7
leaf_value=-0.22355340529519777 -0.17615244135260583 0.18591078171283007 0.21743973317742346 -0.16309224818434032 0.055423890834881195 -0.11765012145893913
leaf_weight=21 14.999999999999998 45 14.999999999999998 23 130 30
leaf_count=21 15 45 15 23 130 30
internal_value=0.0109394 0.0339132 -0.00172645 -0.0232767 -0.000880988 0.0203907
internal_weight=279 258 213 198 175 160
internal_count=279 258 213 198 175 160
is_linear=0
shrinkage=0.03


Tree=105
num_leaves=7
num_cat=0
split_feature=20 2 20 0 2 16
split_gain=1838.25 1353.64 1604.37 1240.44 1038.25 1597.66
threshold=2.5000000000000004 18.000000000000004 -19.499999999999996 57.500000000000007 13.450000000000001 5.5000000000000009
decision_type=10 2 8 2 2 8
left_child=1 2 -1 -3 -4 -6
right_child=-2 3 4 -5 5 -7
leaf_value=-0.21033277762972791 0.27194540506059472 0.041577033884823325 -0.013120736077520996 -0.21100235096045902 -0.044499442580555167 0.21655397843142024
leaf_weight=18 17 25 95 44 30 56
leaf_count=18 17 25 95 44 30 56
internal_value=0.00825372 -0.0131473 0.0269735 -0.122862 0.0555927 0.128047
internal_weight=285 268 199 69 181 86
internal_count=285 268 199 69 181 86
is_linear=0
shrinkage=0.03


Tree=106
num_leaves=7
num_cat=0
split_feature=0 20 1 2 16 2
split_gain=2526.11 1647.22 1476.91 1431.39 1053.7 1905.74
threshold=107.50000000000001 -18.499999999999996 -1.0000000180025095e-35 9.6500000000000004 74.500000000000014 16.850000000000005
decision_type=2 8 10 2 8 2
left_child=1 -1 -3 -4 -5 -6
right_child=-2 2 3 4 5 -7
leaf_value=-0.17165273023769259 -0.2971447776970656 -0.090387983781722719 -0.10834779416876179 0.048251325313387244 0.31707220170427769 0.016087644596894581
leaf_weight=27 18 44 23 82 46 31
leaf_count=27 18 44 23 82 46 31
internal_value=0.0041947 0.030977 0.0583764 0.0957966 0.12773 0.204266
internal_weight=271 253 226 182 159 77
internal_count=271 253 226 182 159 77
is_linear=0
shrinkage=0.03


Tree=107
num_leaves=7
num_cat=0
split_feature=22 1 11 0 22 17
split_gain=1297.04 1059.85 808.358 915.981 660.876 855.474
threshold=31.900000000000002 -12.499999999999998 2.5000000000000004 52.500000000000007 11.591176470588238 -30.499999999999996
decision_type=10 8 8 2 10 8
left_child=1 -1 3 -3 5 -4
right_child=-2 2 4 -5 -6 -7
leaf_value=-0.20036383618600664 0.208126171508597 0.0032093021048689783 -0.093560057308362879 -0.21755604464023445 -0.053586737101382398 0.11151034078255972
leaf_weight=19 22 48 18 21 42 105
leaf_count=19 22 48 18 21 42 105
internal_value=0.0104285 -0.0104629 0.00882559 -0.0741401 0.0446805 0.0790176
internal_weight=275 253 234 69 165 123
internal_count=275 253 234 69 165 123
is_linear=0
shrinkage=0.03


Tree=108
num_leaves=7
num_cat=0
split_feature=22 11 0 2 0 0
split_gain=1492.82 1174.41 863.026 762.414 693.715 541.829
threshold=-56.999999999999993 7.0000000000000009 67.500000000000014 19.800000000000001 57.500000000000007 87.500000000000014
decision_type=10 8 2 2 2 2
left_child=2 4 -1 5 -2 -3
right_child=1 3 -4 -5 -6 -7
leaf_value=-0.019035314983791775 -0.023142978511194682 0.056642872867000808 -0.27289485553215287 -0.083221851505082226 -0.21836890977361928 0.21362774587594544
leaf_weight=22 62 113 24 24 18 21
leaf_count=22 62 113 24 24 18 21
internal_value=-0.0179108 0.0133814 -0.165253 0.0602745 -0.0773302 0.0880445
internal_weight=284 238 46 158 80 134
internal_count=284 238 46 158 80 134
is_linear=0
shrinkage=0.03


Tree=109
num_leaves=7
num_cat=0
split_feature=22 20 1 16 2 2
split_gain=1326.27 1401.95 747.838 1104.4 1073.63 1898.58
threshold=-43.499999999999993 -20.499999999999996 -12.499999999999998 -28.499999999999996 9.8500000000000032 16.850000000000005
decision_type=8 8 8 10 2 2
left_child=-1 -2 -3 4 -4 -6
right_child=1 2 3 -5 5 -7
leaf_value=-0.22434456203294836 -0.22892265692353247 -0.13228853931893475 -0.065183867037296297 -0.029647715271636843 0.2514381986004966 0.0035007771321318363
leaf_weight=18 14.999999999999998 18 25 95 58 50
leaf_count=18 15 18 25 95 58 50
internal_value=-0.00587378 0.013127 0.0321523 0.0476947 0.102012 0.141886
internal_weight=279 261 246 228 133 108
internal_count=279 261 246 228 133 108
is_linear=0
shrinkage=0.03


Tree=110
num_leaves=7
num_cat=0
split_feature=1 1 23 2 22 2
split_gain=1331.32 1996.91 1198.24 1177.34 755.668 545.055
threshold=17.500000000000004 7.5000000000000009 2.1975490196078487 10.250000000000002 17.138235294117653 18.600000000000005
decision_type=8 10 2 2 10 2
left_child=1 2 5 -3 -5 -1
right_child=-2 3 -4 4 -6 -7
leaf_value=-0.034488547380688121 -0.16840363127154273 -0.082689346793506827 0.14052900335618426 0.10742220847837387 0.3265715528279543 -0.16624032748597009
leaf_weight=98 32 15.999999999999998 23 57 19 37
leaf_count=98 32 16 23 57 19 37
internal_value=-0.000240831 0.024164 -0.0404884 0.131561 0.178986 -0.0752458
internal_weight=282 250 158 92 76 135
internal_count=282 250 158 92 76 135
is_linear=0
shrinkage=0.03


Tree=111
num_leaves=7
num_cat=0
split_feature=22 0 20 16 2 2
split_gain=1538.22 1033.65 870.525 762.501 1318.99 1677.82
threshold=-31.499999999999996 82.500000000000014 -13.499999999999998 -28.499999999999996 8.4500000000000011 16.850000000000005
decision_type=10 2 8 10 2 2
left_child=1 -1 -2 4 -4 -6
right_child=2 -3 3 -5 5 -7
leaf_value=-0.03188934398442507 -0.11690181946212595 -0.26038199561834335 -0.12664468254361833 -0.031890037599104373 0.28376640264804548 0.0015441403591207096
leaf_weight=35 39 35 15.999999999999998 83 34 37
leaf_count=35 39 35 16 83 34 37
internal_value=-0.0393262 -0.155878 0.0024402 0.0323765 0.0920892 0.14647
internal_weight=279 70 209 170 87 71
internal_count=279 70 209 170 87 71
is_linear=0
shrinkage=0.03


Tree=112
num_leaves=7
num_cat=0
split_feature=13 0 1 0 17 2
split_gain=1916.35 1284.38 1417.78 1047.19 989.968 800.77
threshold=1.0000000180025095e-35 107.50000000000001 7.5000000000000009 32.500000000000007 16.000000000000004 10.250000000000002
decision_type=10 2 10 2 8 2
left_child=1 2 3 -1 -4 -5
right_child=-2 -3 4 5 -6 -7
leaf_value=0.11017850920557976 0.23167963062102595 -0.23840304322242736 0.25551102076257975 0.059816060908462684 0.023712259744604426 -0.1445187897754438
leaf_weight=19 22 20 15.999999999999998 18 85 94
leaf_count=19 22 20 16 18 85 94
internal_value=-0.00893261 -0.0340372 -0.0117615 -0.075642 0.0707532 -0.110526
internal_weight=274 252 232 131 101 112
internal_count=274 252 232 131 101 112
is_linear=0
shrinkage=0.03


Tree=113
num_leaves=7
num_cat=0
split_feature=0 17 2 11 0 2
split_gain=1665.51 1146.87 1666.17 1288.65 924.83 760.621
threshold=107.50000000000001 -53.999999999999993 15.950000000000001 7.0000000000000009 32.500000000000007 12.550000000000002
decision_type=2 10 2 10 2 2
left_child=1 3 5 4 -1 -3
right_child=-2 2 -4 -5 -6 -7
leaf_value=0.14144179599625725 -0.25876593394712966 0.071570713743567466 -0.038536408837884666 0.20454128819704054 -0.070930618017392089 0.3504117105901241
leaf_weight=15.999999999999998 17 19 35 14.999999999999998 167 19
leaf_count=16 17 19 35 15 167 19
internal_value=-0.00766448 0.0124897 0.110078 -0.0253151 -0.0490946 0.235525
internal_weight=288 271 73 198 183 38
internal_count=288 271 73 198 183 38
is_linear=0
shrinkage=0.03


Tree=114
num_leaves=7
num_cat=0
split_feature=0 20 13 1 0 22
split_gain=1657.9 1424.11 1066.61 1015.05 746.881 630.647
threshold=107.50000000000001 -18.499999999999996 1.0000000180025095e-35 12.500000000000002 32.500000000000007 25.390522875817002
decision_type=2 8 10 10 2 8
left_child=1 -1 3 4 -3 -6
right_child=-2 2 -4 -5 5 -7
leaf_value=-0.17006162894424051 -0.2277758271164364 0.14070283184051513 0.21732027540781668 0.1455674470766731 -0.0037765985586545397 -0.14631126064807176
leaf_weight=27 22 20 23 41 126 31
leaf_count=27 22 20 23 41 126 31
internal_value=-0.00357701 0.018662 0.0428321 0.0199629 -0.0123317 -0.0355675
internal_weight=290 268 241 218 177 157
internal_count=290 268 241 218 177 157
is_linear=0
shrinkage=0.03


Tree=115
num_leaves=7
num_cat=0
split_feature=20 22 20 1 2 4
split_gain=1900.34 1019.18 772.668 624.131 743.379 1034.69
threshold=2.5000000000000004 -47.246439215686266 -15.499999999999998 -12.499999999999998 9.0500000000000025 0.25000000000000011
decision_type=10 8 8 10 2 2
left_child=1 -1 -3 -4 -5 -6
right_child=-2 2 3 4 5 -7
leaf_value=-0.20641628282410757 0.28445769326253373 -0.11021995516866445 -0.10610557271884039 -0.12061089451823916 0.023339541464819945 0.18428896689458804
leaf_weight=15.999999999999998 17 35 21 15.999999999999998 128 46
leaf_count=16 17 35 21 16 128 46
internal_value=0.0166403 -0.00573864 0.0111654 0.0333858 0.0511286 0.0698486
internal_weight=279 262 246 211 190 174
internal_count=279 262 246 211 190 174
is_linear=0
shrinkage=0.03


Tree=116
num_leaves=7
num_cat=0
split_feature=1 22 23 16 22 4
split_gain=1069.01 988.661 1074.93 891.564 700.031 590.165
threshold=-12.499999999999998 56.750000000000007 5.2264705882352951 9.5000000000000018 -47.246439215686266 0.25000000000000011
decision_type=8 8 2 10 10 2
left_child=-1 2 3 4 -2 -6
right_child=1 -3 -4 -5 5 -7
leaf_value=-0.17214935690164565 -0.17348605182766916 0.16787793327780332 0.13325850957206317 -0.17883538434281945 -0.019537575430259472 0.10861092373390088
leaf_weight=25 14.999999999999998 29 37 27 118 39
leaf_count=25 15 29 37 27 118 39
internal_value=-0.00229311 0.0166223 -0.00506156 -0.0334152 -0.00618058 0.0146652
internal_weight=290 265 236 199 172 157
internal_count=290 265 236 199 172 157
is_linear=0
shrinkage=0.03


Tree=117
num_leaves=7
num_cat=0
split_feature=0 16 21 2 4 2
split_gain=1446.31 786.339 875.259 640.736 1150.18 1711.66
threshold=97.500000000000014 1.0000000180025095e-35 -1.0749999999999973 8.4500000000000011 0.25000000000000011 13.15
decision_type=2 10 10 2 2 2
left_child=1 3 -3 -1 -5 -6
right_child=-2 2 -4 4 5 -7
leaf_value=-0.1136741797084158 -0.18134621500968934 -0.17062664155897342 0.059830451928652252 0.013074637418207915 0.34301700241035882 -0.014754411199918159
leaf_weight=17 35 33 21 133 22 21
leaf_count=17 35 33 21 133 22 21
internal_value=-0.0139399 0.0129091 -0.0835292 0.0413198 0.0590174 0.184955
internal_weight=282 247 54 193 176 43
internal_count=282 247 54 193 176 43
is_linear=0
shrinkage=0.03


Tree=118
num_leaves=7
num_cat=0
split_feature=0 4 0 0 22 23
split_gain=1349.03 1618.07 1478.01 1173.36 709.408 633.104
threshold=107.50000000000001 0.25000000000000011 72.500000000000014 52.500000000000007 18.219607843137258 2.1975490196078487
decision_type=2 2 2 2 8 2
left_child=1 3 4 -1 -3 -5
right_child=-2 2 -4 5 -6 -7
leaf_value=0.041105627676490508 -0.22477720810019453 -0.071991770622031437 0.3337524124720822 -0.14112338384985923 0.13256375101479614 0.048820463418960569
leaf_weight=96 18 24 18 75 28 17
leaf_count=96 18 24 18 75 28 17
internal_value=-0.0045227 0.0148251 0.132842 -0.0314205 0.04012 -0.105318
internal_weight=276 258 70 188 52 92
internal_count=276 258 70 188 52 92
is_linear=0
shrinkage=0.03


Tree=119
num_leaves=7
num_cat=0
split_feature=11 17 0 22 1 0
split_gain=1606.09 1294.99 1130.22 358.323 273.666 226.707
threshold=4.5000000000000009 -30.499999999999996 97.500000000000014 11.591176470588238 1.0000000180025095e-35 52.500000000000007
decision_type=10 10 2 8 10 2
left_child=1 2 3 5 -3 -1
right_child=-2 4 -4 -5 -6 -7
leaf_value=0.024902807988903739 0.20617125997176539 -0.011052565548730933 -0.23251304835932596 -0.11277335543185472 0.12642275286520399 -0.053090550510779669
leaf_weight=61 21 18 30 43 36 64
leaf_count=61 21 18 30 43 36 64
internal_value=-0.018997 -0.0414071 -0.0767032 -0.0429641 0.0835445 -0.0155359
internal_weight=273 252 198 168 54 125
internal_count=273 252 198 168 54 125
is_linear=0
shrinkage=0.03


Tree=120
num_leaves=7
num_cat=0
split_feature=11 0 2 16 2 2
split_gain=1436.31 1138.35 813.17 1197.37 1003.95 820.85
threshold=4.5000000000000009 107.50000000000001 18.450000000000003 64.500000000000014 9.0500000000000025 13.450000000000001
decision_type=10 2 2 8 2 2
left_child=1 2 3 5 -5 -1
right_child=-2 -3 -4 4 -6 -7
leaf_value=-0.14921839034557344 0.18798536347018346 -0.24384233267410937 -0.12337037557092578 -0.087710496336221688 0.14124647117836375 0.016697484111932458
leaf_weight=45 22 18 50 19 66 56
leaf_count=45 22 18 50 19 66 56
internal_value=-0.0207725 -0.0421339 -0.0220095 0.00775432 0.0880383 -0.0607771
internal_weight=276 254 236 186 85 101
internal_count=276 254 236 186 85 101
is_linear=0
shrinkage=0.03


Tree=121
num_leaves=7
num_cat=0
split_feature=0 1 23 2 16 4
split_gain=2159.83 1479.89 1164.84 988.098 1266.06 1003.61
threshold=97.500000000000014 7.5000000000000009 5.2264705882352951 10.950000000000001 -8.4999999999999982 -0.6830127018922193
decision_type=2 10 2 2 8 2
left_child=1 2 -1 -3 -5 -6
right_child=-2 3 -4 4 5 -7
leaf_value=-0.061866104958409607 -0.20460410707272017 -0.053477624522315123 0.1618421633720398 -0.046321721524000166 0.37867801465988155 0.12038938346963662
leaf_weight=127 34 22 20 19 20 47
leaf_count=127 34 22 20 19 20 47
internal_value=0.00364541 0.0348127 -0.0271071 0.116563 0.16061 0.218433
internal_weight=289 255 147 108 86 67
internal_count=289 255 147 108 86 67
is_linear=0
shrinkage=0.03


Tree=122
num_leaves=7
num_cat=0
split_feature=0 4 2 0 1 2
split_gain=1324.59 881.631 1812.38 1332.81 1721.64 1571.24
threshold=107.50000000000001 0.25000000000000011 14.250000000000002 47.500000000000007 1.0000000180025095e-35 14.15
decision_type=2 2 2 2 10 2
left_child=1 3 -3 4 -1 -5
right_child=-2 2 -4 5 -6 -7
leaf_value=-0.054885320808949332 -0.22114219665527343 0.19525790777277541 -0.11326807087430586 -0.25874865163775052 0.19906967392936351 -0.0099885126203298567
leaf_weight=48 18 50 21 29 40 71
leaf_count=48 18 50 21 29 40 71
internal_value=-0.00283483 0.0162381 0.102555 -0.0181729 0.0650453 -0.0910151
internal_weight=277 259 71 188 88 100
internal_count=277 259 71 188 88 100
is_linear=0
shrinkage=0.03


Tree=123
num_leaves=7
num_cat=0
split_feature=20 17 0 5 0 0
split_gain=1110.87 854.261 1109.76 617.997 574.799 566.858
threshold=2.5000000000000004 -53.999999999999993 37.500000000000007 -0.9330127018922193 52.500000000000007 87.500000000000014
decision_type=10 10 2 2 2 2
left_child=1 2 -1 -3 -5 -4
right_child=-2 3 5 4 -6 -7
leaf_value=0.058071428800247744 0.19644644004958017 -0.081338668357242239 -0.06581507163090182 -0.011298237706606205 0.18578750273760625 -0.20734452455027683
leaf_weight=48 15.999999999999998 17 111 21 29 32
leaf_count=48 16 17 111 21 29 32
internal_value=-0.0138694 -0.030399 -0.0623904 0.0587996 0.109509 -0.103421
internal_weight=274 258 191 67 50 143
internal_count=274 258 191 67 50 143
is_linear=0
shrinkage=0.03


Tree=124
num_leaves=7
num_cat=0
split_feature=20 17 0 2 2 16
split_gain=1305.08 1219.21 1003.64 1060.54 1733.42 1248.47
threshold=5.5000000000000009 -30.499999999999996 32.500000000000007 9.9500000000000011 13.65 2.5000000000000004
decision_type=10 10 2 2 2 8
left_child=1 2 -1 -4 5 -5
right_child=-2 -3 3 4 -6 -7
leaf_value=0.13599423566914123 0.22182964264282157 0.10213934543143426 0.091391979552084404 -0.04456407767534256 -0.027816631118647562 -0.32265792029244561
leaf_weight=18 15.999999999999998 51 26 25 112 37
leaf_count=18 16 51 26 25 112 37
internal_value=-0.00622019 -0.023585 -0.0546282 -0.0746827 -0.101358 -0.222217
internal_weight=285 269 218 200 174 62
internal_count=285 269 218 200 174 62
is_linear=0
shrinkage=0.03


Tree=125
num_leaves=7
num_cat=0
split_feature=20 0 1 2 16 3
split_gain=1246.73 1300.58 891.876 1512.32 1285.19 1087.35
threshold=-19.499999999999996 107.50000000000001 1.0000000180025095e-35 9.6500000000000004 74.500000000000014 1.0000000180025095e-35
decision_type=8 2 10 2 8 2
left_child=-1 2 -2 -4 -5 -6
right_child=1 -3 3 4 5 -7
leaf_value=-0.18918276336457993 -0.024287842378438076 -0.18753966812044381 -0.16147081911563874 0.017458532669428567 0.36571179600862358 0.1104787626618455
leaf_weight=22 102 19 14.999999999999998 62 21 53
leaf_count=22 102 19 15 62 21 53
internal_value=0.0055147 0.0243929 0.0436348 0.0888242 0.121177 0.201472
internal_weight=294 272 253 151 136 74
internal_count=294 272 253 151 136 74
is_linear=0
shrinkage=0.03


Tree=126
num_leaves=7
num_cat=0
split_feature=0 20 5 22 2 22
split_gain=1115.9 884.469 851.569 668.907 774.905 603.346
threshold=97.500000000000014 5.5000000000000009 1.0000000180025095e-35 42.750000000000007 15.050000000000002 25.390522875817002
decision_type=2 10 2 8 2 10
left_child=1 3 -2 5 -5 -1
right_child=2 -3 -4 4 -6 -7
leaf_value=0.0064871278264500357 0.0067968391205953512 0.21614390613777296 -0.27257069553647723 -0.035437086405498641 0.21851493166552649 -0.16691504725813863
leaf_weight=183 18 15.999999999999998 15.999999999999998 15.999999999999998 22 14.999999999999998
leaf_count=183 18 16 16 16 22 15
internal_value=0.00690161 0.0294787 -0.14276 0.0126017 0.119901 -0.010437
internal_weight=286 252 34 236 38 198
internal_count=286 252 34 236 38 198
is_linear=0
shrinkage=0.03


Tree=127
num_leaves=7
num_cat=0
split_feature=22 19 4 0 16 23
split_gain=1471.59 836.085 693.266 773.578 421.179 378.118
threshold=-56.999999999999993 -1.0000000180025095e-35 0.25000000000000011 47.500000000000007 15.500000000000002 5.2264705882352951
decision_type=10 8 2 2 8 2
left_child=-1 -2 5 -4 -5 -3
right_child=1 2 3 4 -6 -7
leaf_value=-0.14917492402907537 -0.11567407779635921 -0.0039494684969421726 -0.012672699411213397 0.060932076215744008 0.28728177588003184 0.11729028730453656
leaf_weight=44 26 132 20 14.999999999999998 21 23
leaf_count=44 26 132 20 15 21 23
internal_value=0.000764802 0.0311087 0.0514546 0.137232 0.211902 0.0171441
internal_weight=281 237 211 56 36 155
internal_count=281 237 211 56 36 155
is_linear=0
shrinkage=0.03


Tree=128
num_leaves=7
num_cat=0
split_feature=0 1 11 3 4 2
split_gain=1535.73 1191.17 1145.87 769.534 1202.55 853.459
threshold=107.50000000000001 -12.499999999999998 29.000000000000004 1.0000000180025095e-35 0.25000000000000011 14.850000000000003
decision_type=2 10 8 2 2 2
left_child=1 -1 -3 4 -4 -5
right_child=-2 2 3 5 -6 -7
leaf_value=-0.1612881806067058 -0.24112503835133142 -0.0430713073277239 0.011315492788950601 -0.037998892170239662 0.30211823988240211 0.12039168584914434
leaf_weight=23 15.999999999999998 84 22 56 27 58
leaf_count=23 16 84 22 56 27 58
internal_value=0.00627837 0.0250568 0.0452647 0.0907146 0.184691 0.0442584
internal_weight=286 270 247 163 49 114
internal_count=286 270 247 163 49 114
is_linear=0
shrinkage=0.03


Tree=129
num_leaves=7
num_cat=0
split_feature=20 22 17 22 1 6
split_gain=1371.17 992.592 751.602 898.123 655.955 794.877
threshold=5.5000000000000009 -27.499999999999996 31.500000000000004 14.382843137254905 1.0000000180025095e-35 0.87500000000000011
decision_type=10 8 10 10 10 8
left_child=1 -1 3 4 -3 -6
right_child=-2 2 -4 -5 5 -7
leaf_value=-0.13508666942162173 0.25668210172466932 -0.028985527769987841 0.18623911939237428 -0.12317469508945941 0.0068019666342899717 0.17892496192455293
leaf_weight=37 14.999999999999998 78 18 35 53 40
leaf_count=37 15 78 18 35 53 40
internal_value=0.0172842 -0.00104056 0.023567 0.00527654 0.0343201 0.0861851
internal_weight=276 261 224 206 171 93
internal_count=276 261 224 206 171 93
is_linear=0
shrinkage=0.03


Tree=130
num_leaves=7
num_cat=0
split_feature=21 22 22 2 4 2
split_gain=1014.32 955.276 645.995 581.643 1248.31 1095.45
threshold=5.2264705882352969 31.900000000000002 18.219607843137258 13.250000000000002 -0.25000000000000028 18.000000000000004
decision_type=10 10 10 2 2 2
left_child=1 2 3 4 -1 -5
right_child=-2 -3 -4 5 -6 -7
leaf_value=-0.22020927244617092 0.18294819449556285 0.17518448151648044 -0.17838231601498344 0.10452681684723267 0.027931788538364651 -0.061205183131926098
leaf_weight=26 24 19 17 73 42 62
leaf_count=26 24 19 17 73 42 62
internal_value=0.0153887 -0.00484153 -0.0239367 -0.00702572 -0.07553 0.0289453
internal_weight=263 239 220 203 68 135
internal_count=263 239 220 203 68 135
is_linear=0
shrinkage=0.03


Tree=131
num_leaves=7
num_cat=0
split_feature=0 17 2 22 16 3
split_gain=1235.71 564.806 526.167 559.874 689.684 1265.02
threshold=87.500000000000014 -53.999999999999993 8.4500000000000011 -0.99999999999999989 19.500000000000004 1.0000000180025095e-35
decision_type=2 10 2 10 10 2
left_child=2 -2 -1 -4 5 -5
right_child=1 -3 3 4 -6 -7
leaf_value=-0.12826418331691197 -0.20693502682996423 0.00085050442002036352 -0.011546021014451981 0.31192059174180031 -0.03826488852981598 0.032933451355961353
leaf_weight=15.999999999999998 33 17 125 19 26 41
leaf_count=16 33 17 125 19 26 41
internal_value=-0.0149806 -0.142633 0.0156047 0.0292307 0.0858772 0.138477
internal_weight=277 50 227 211 86 60
internal_count=277 50 227 211 86 60
is_linear=0
shrinkage=0.03


Tree=132
num_leaves=7
num_cat=0
split_feature=0 4 0 0 23 22
split_gain=1247.02 728.001 1494.54 598.982 813.443 495.662
threshold=107.50000000000001 0.25000000000000011 57.500000000000007 52.500000000000007 2.1975490196078487 25.390522875817002
decision_type=2 2 2 2 2 10
left_child=1 3 5 -1 -5 -3
right_child=-2 2 -4 4 -6 -7
leaf_value=0.031100803712010381 -0.22038505927376123 -0.10652016255259514 0.23273902713826725 -0.1158983528218232 0.090061010420322413 0.084429204293659757
leaf_weight=95 18 25 30 75 18 15.999999999999998
leaf_count=95 18 25 30 75 18 16
internal_value=-0.00863818 0.00997307 0.0884641 -0.0211937 -0.0734741 -0.0309259
internal_weight=277 259 71 188 93 41
internal_count=277 259 71 188 93 41
is_linear=0
shrinkage=0.03


Tree=133
num_leaves=7
num_cat=0
split_feature=12 1 16 16 4 17
split_gain=1105.87 624.937 825.452 586.672 532.957 454.624
threshold=7.4500000000000002 -1.0000000180025095e-35 15.500000000000002 -8.4999999999999982 -0.6830127018922193 -8.4999999999999982
decision_type=10 8 10 8 2 8
left_child=1 4 3 -3 -1 -5
right_child=-2 2 -4 5 -6 -7
leaf_value=-0.20362818655040529 0.18155470980538263 -0.077898125694348258 -0.17666471126675604 0.17989512371745978 -0.022485175620764491 0.02987384075515492
leaf_weight=22 22 34 14.999999999999998 17 35 124
leaf_count=22 22 34 15 17 35 124
internal_value=-0.000931729 -0.0204654 0.00635947 0.0265188 -0.103183 0.0535029
internal_weight=269 247 190 175 57 141
internal_count=269 247 190 175 57 141
is_linear=0
shrinkage=0.03


Tree=134
num_leaves=7
num_cat=0
split_feature=20 2 2 22 22 16
split_gain=1125.32 751.884 1964.69 1658.52 1475.69 853.976
threshold=5.5000000000000009 13.450000000000001 18.000000000000004 56.750000000000007 -23.846274509803916 5.5000000000000009
decision_type=10 2 2 8 10 10
left_child=1 4 3 -3 -1 -6
right_child=-2 2 -4 -5 5 -7
leaf_value=-0.2911309858471155 0.20594334465265274 0.034473828118422936 -0.11087654233950636 0.34190949583053587 0.037639793576229187 -0.15949512535128099
leaf_weight=20 14.999999999999998 82 64 14.999999999999998 58 24
leaf_count=20 15 82 64 15 58 24
internal_value=-0.0114012 -0.0274082 0.0131743 0.0964452 -0.0890872 -0.0259086
internal_weight=278 263 161 97 102 82
internal_count=278 263 161 97 102 82
is_linear=0
shrinkage=0.03


Tree=135
num_leaves=7
num_cat=0
split_feature=2 0 2 11 16 7
split_gain=1070.26 1021.9 924.881 1064.78 694.345 546.957
threshold=18.000000000000004 57.500000000000007 7.9500000000000011 29.000000000000004 18.500000000000004 inf
decision_type=2 2 2 8 8 8
left_child=2 -2 -1 -4 -5 -3
right_child=1 5 3 4 -6 -7
leaf_value=-0.1504663667678833 0.057004226773977276 -0.017529931157827378 -0.041059085343565262 0.020605933706639178 0.15828236723075739 -0.24450555758250336
leaf_weight=14.999999999999998 25 14.999999999999998 58 54 87 26
leaf_count=15 25 15 58 54 87 26
internal_value=0.0139001 -0.0876077 0.0464917 0.0646618 0.108067 -0.172397
internal_weight=280 66 214 199 141 41
internal_count=280 66 214 199 141 41
is_linear=0
shrinkage=0.03


Tree=136
num_leaves=7
num_cat=0
split_feature=22 2 16 2 22 16
split_gain=760.883 705.856 948.706 951.864 948.63 782.115
threshold=-27.499999999999996 18.000000000000004 2.5000000000000004 9.6500000000000004 18.219607843137258 -7.4999999999999991
decision_type=8 2 10 2 8 8
left_child=-1 2 3 -2 -3 -5
right_child=1 4 -4 5 -6 -7
leaf_value=-0.12648289925285747 -0.075481440557873453 0.0099076384504636125 -0.065311692148447023 -0.0053811262796322505 -0.23419181743806058 0.17158315910945965
leaf_weight=37 24 40 50 31 17 74
leaf_count=37 24 40 50 31 17 74
internal_value=-0.00877127 0.0119248 0.041197 0.083376 -0.0759093 0.121467
internal_weight=273 236 179 129 57 105
internal_count=273 236 179 129 57 105
is_linear=0
shrinkage=0.03


Tree=137
num_leaves=7
num_cat=0
split_feature=22 4 11 0 0 2
split_gain=1156.81 1220.4 1126.71 697.07 435.636 398.519
threshold=-56.999999999999993 0.25000000000000011 29.000000000000004 87.500000000000014 67.500000000000014 11.950000000000001
decision_type=10 2 8 2 2 2
left_child=4 3 -3 -2 -1 -4
right_child=1 2 5 -5 -6 -7
leaf_value=-0.02249921535366568 0.028569433628920688 -0.058321933865547175 0.10320652225921893 -0.1255744395777583 -0.20864603463560341 0.30717224094602796
leaf_weight=24 146 14.999999999999998 24 27 19 22
leaf_count=24 146 15 24 27 19 22
internal_value=0.0168646 0.0435808 0.153336 0.00166069 -0.117916 0.221307
internal_weight=277 234 61 173 43 46
internal_count=277 234 61 173 43 46
is_linear=0
shrinkage=0.03


Tree=138
num_leaves=7
num_cat=0
split_feature=0 16 13 1 6 17
split_gain=897.396 1289.87 1190 1124.69 503.696 499.215
threshold=107.50000000000001 64.500000000000014 -6.0519607843137235 -7.4999999999999991 inf 12.000000000000002
decision_type=2 8 10 10 8 10
left_child=1 2 -1 -3 -5 -6
right_child=-2 3 -4 4 5 -7
leaf_value=-0.10724895861588027 -0.17612907864153385 -0.12806207771812167 0.09870985592263086 0.028291601771488782 0.21991037979023528 0.0474881792999804
leaf_weight=90 19 15.999999999999998 30 43 43 27
leaf_count=90 19 16 30 43 43 27
internal_value=-0.000794472 0.0157882 -0.0538704 0.0801792 0.113842 0.161004
internal_weight=268 249 120 129 113 70
internal_count=268 249 120 129 113 70
is_linear=0
shrinkage=0.03


Tree=139
num_leaves=7
num_cat=0
split_feature=0 20 2 0 1 5
split_gain=1184.74 901.877 823.709 619.395 605.044 1126.55
threshold=107.50000000000001 -14.499999999999998 8.4500000000000011 57.500000000000007 7.5000000000000009 -0.9330127018922193
decision_type=2 8 2 2 10 2
left_child=1 3 -3 -1 -4 -6
right_child=-2 2 4 -5 5 -7
leaf_value=-0.0033379670679569242 -0.20002951666712759 -0.1429152137003839 0.014280982555023261 -0.22800777214765547 -0.080128123831489817 0.16618598607583687
leaf_weight=25 19 14.999999999999998 121 14.999999999999998 18 73
leaf_count=25 19 15 121 15 18 73
internal_value=0.00206068 0.0198543 0.0433649 -0.103562 0.0595344 0.115829
internal_weight=286 267 227 40 212 91
internal_count=286 267 227 40 212 91
is_linear=0
shrinkage=0.03


Tree=140
num_leaves=7
num_cat=0
split_feature=0 20 4 0 2 2
split_gain=870.896 924.008 805.904 1233.22 1078.33 1111.15
threshold=112.50000000000001 -14.499999999999998 0.25000000000000011 52.500000000000007 13.550000000000002 17.350000000000005
decision_type=2 8 2 2 2 2
left_child=1 -1 4 -4 -3 -6
right_child=-2 2 3 -5 5 -7
leaf_value=-0.094033436703941084 -0.17033644105706897 -0.090162749645011184 0.005210758906144362 0.25469492205271593 0.16225835249341766 -0.017799985081605289
leaf_weight=41 15.999999999999998 53 34 33 53 64
leaf_count=41 16 53 34 33 53 64
internal_value=0.0164962 0.0300687 0.0530371 0.137245 0.0168763 0.067072
internal_weight=294 278 237 67 170 117
internal_count=294 278 237 67 170 117
is_linear=0
shrinkage=0.03


Tree=141
num_leaves=7
num_cat=0
split_feature=23 16 22 17 22 4
split_gain=739.009 752.634 696.172 561.447 321.738 634.578
threshold=2.1975490196078487 9.5000000000000018 -56.999999999999993 -23.999999999999996 -8.4999999999999982 -0.25000000000000028
decision_type=2 10 8 8 10 2
left_child=1 2 -1 -4 -5 -6
right_child=-2 -3 3 4 5 -7
leaf_value=-0.1819121441245079 0.1064171656312012 -0.17771399744919367 0.15472928917407988 -0.043716626467183231 0.11357111717320301 -0.042557852548711445
leaf_weight=14.999999999999998 36 23 14.999999999999998 115 39 46
leaf_count=15 36 23 15 115 39 46
internal_value=-0.0121628 -0.0307712 -0.0126084 0.00306941 -0.0118015 0.0314075
internal_weight=289 253 230 215 200 85
internal_count=289 253 230 215 200 85
is_linear=0
shrinkage=0.03


Tree=142
num_leaves=7
num_cat=0
split_feature=13 16 2 2 17 2
split_gain=815.88 712.641 1024.16 673.958 369.307 314.465
threshold=1.0000000180025095e-35 -28.499999999999996 18.000000000000004 9.6500000000000004 -46.999999999999993 13.450000000000001
decision_type=10 10 2 2 10 2
left_child=1 2 3 -1 -5 -3
right_child=-2 5 -4 4 -6 -7
leaf_value=-0.061097799319541082 0.15340962429642677 -0.14909927401853643 -0.087103658496052949 0.045631220211922112 0.17400085979386379 -0.034475872123016504
leaf_weight=27 20 41 59 54 33 48
leaf_count=27 20 41 59 54 33 48
internal_value=-0.0107179 -0.0258849 0.00996916 0.0617575 0.101133 -0.092402
internal_weight=282 262 173 114 87 89
internal_count=282 262 173 114 87 89
is_linear=0
shrinkage=0.03


Tree=143
num_leaves=7
num_cat=0
split_feature=0 4 17 1 3 17
split_gain=702.713 653.123 696.891 411.914 791.873 426.584
threshold=52.500000000000007 -0.25000000000000028 -46.999999999999993 1.0000000180025095e-35 1.0000000180025095e-35 42.000000000000007
decision_type=2 2 10 10 2 8
left_child=3 2 -2 4 -1 -5
right_child=1 -3 -4 5 -6 -7
leaf_value=0.11917910173055132 -0.18452994160030198 0.0036143928870212196 0.039680189430713657 -0.044677953064441681 -0.099039659195579582 0.1209659493794808
leaf_weight=19 41 81 14.999999999999998 14.999999999999998 35 60
leaf_count=19 41 81 15 15 35 60
internal_value=-0.00559408 -0.0519995 -0.126144 0.0437906 -0.0186659 0.0871153
internal_weight=266 137 56 129 54 75
internal_count=266 137 56 129 54 75
is_linear=0
shrinkage=0.03


Tree=144
num_leaves=7
num_cat=0
split_feature=23 17 22 16 1 4
split_gain=1103.32 746.201 625.414 829.316 943.565 908.508
threshold=5.2264705882352951 -53.999999999999993 -24.913071895424832 -2.4999999999999996 7.5000000000000009 -0.6830127018922193
decision_type=2 10 8 10 10 2
left_child=1 2 -1 4 5 -4
right_child=-2 -3 3 -5 -6 -7
leaf_value=-0.16523839885989824 0.15497611304795419 0.060793183183246474 -0.17191519683599471 -0.13733563248600278 0.13906511462651763 0.035719876737808284
leaf_weight=31 32 68 25 37 34 48
leaf_count=31 32 68 25 37 34 48
internal_value=0.00219492 -0.0206433 -0.0530969 -0.0242205 0.0192789 -0.04185
internal_weight=275 243 175 144 107 73
internal_count=275 243 175 144 107 73
is_linear=0
shrinkage=0.03


Tree=145
num_leaves=7
num_cat=0
split_feature=13 22 22 0 17 4
split_gain=840.283 758.883 1211.83 886.36 997.968 768.797
threshold=-6.0519607843137235 31.900000000000002 18.219607843137258 42.500000000000007 -53.999999999999993 -0.25000000000000028
decision_type=10 10 10 2 10 2
left_child=1 2 3 5 -5 -1
right_child=-2 -3 -4 4 -6 -7
leaf_value=0.15763508918881414 0.13878732101275371 0.1430425710288378 -0.22979245051741598 -0.10164114987082554 0.068570992979018586 -0.030676080745619696
leaf_weight=40 34 21 19 94 41 32
leaf_count=40 34 21 19 94 41 32
internal_value=0.0093257 -0.0108951 -0.0279856 -0.00447945 -0.0493443 0.0773839
internal_weight=281 247 226 207 135 72
internal_count=281 247 226 207 135 72
is_linear=0
shrinkage=0.03


Tree=146
num_leaves=7
num_cat=0
split_feature=22 23 22 17 0 1
split_gain=710.579 696.094 628.735 699.042 826.781 346.414
threshold=31.900000000000002 5.2264705882352951 14.382843137254905 -53.999999999999993 97.500000000000014 7.5000000000000009
decision_type=10 2 10 10 2 8
left_child=1 2 3 4 5 -1
right_child=-2 -3 -4 -5 -6 -7
leaf_value=-0.047045867990474312 0.15383403014391661 0.10077842049873792 -0.17559823944018435 0.095338908534497016 -0.19021713011223693 0.047724891271856099
leaf_weight=93 19 34 21 35 24 49
leaf_count=93 19 34 21 35 24 49
internal_value=-0.00242597 -0.0167482 -0.0365711 -0.0181364 -0.04415 -0.0138323
internal_weight=275 256 222 201 166 142
internal_count=275 256 222 201 166 142
is_linear=0
shrinkage=0.03


Tree=147
num_leaves=7
num_cat=0
split_feature=20 2 0 2 16 13
split_gain=723.878 858.153 592.901 484.644 644.369 645.196
threshold=-18.499999999999996 18.450000000000003 57.500000000000007 9.6500000000000004 -21.999999999999996 1.0000000180025095e-35
decision_type=8 2 2 2 10 10
left_child=-1 3 -3 -2 -5 -6
right_child=1 2 -4 4 5 -7
leaf_value=-0.12906568214735564 -0.066928320568183361 0.048923755592107772 -0.13789040582378703 0.12352251038122712 -0.034858155070918877 0.15750230589509009
leaf_weight=29 24 20 40 84 68 14.999999999999998
leaf_count=29 24 20 40 84 68 15
internal_value=0.00100974 0.0182657 -0.0766458 0.0492754 0.0674355 0.00687955
internal_weight=280 251 60 191 167 83
internal_count=280 251 60 191 167 83
is_linear=0
shrinkage=0.03


Tree=148
num_leaves=7
num_cat=0
split_feature=0 1 20 16 12 2
split_gain=609.1 661.067 677.654 603.774 942.13 730.689
threshold=107.50000000000001 -12.499999999999998 -14.499999999999998 1.0000000180025095e-35 -1.3999999999999984 9.4500000000000011
decision_type=2 10 8 10 10 2
left_child=1 -1 -3 5 -5 -4
right_child=-2 2 3 4 -6 -7
leaf_value=-0.12086615363135933 -0.14992263793945312 -0.088614943002661067 -0.088649303657667974 -0.11993489755690098 0.10510405053352487 0.1057262828392567
leaf_weight=23 15.999999999999998 31 15.999999999999998 35 24 137
leaf_count=23 16 31 16 35 24 137
internal_value=0.0058514 0.0178145 0.0331128 0.0525443 -0.027334 0.0832373
internal_weight=282 266 243 212 59 153
internal_count=282 266 243 212 59 153
is_linear=0
shrinkage=0.03


Tree=149
num_leaves=7
num_cat=0
split_feature=0 4 2 2 22 2
split_gain=1327.62 1200.65 1744.33 737.231 1077.23 867.521
threshold=107.50000000000001 0.25000000000000011 14.450000000000001 13.250000000000002 3.3908431372549033 18.600000000000005
decision_type=2 2 2 2 8 2
left_child=1 3 -3 4 -1 -5
right_child=-2 2 -4 5 -6 -7
leaf_value=0.0012414999191577617 -0.21683534168678781 0.19851683904230594 -0.12045471912080591 0.08393746080879981 -0.25799001460075383 -0.070216902684616403
leaf_weight=34 18 55 17 73 20 52
leaf_count=34 18 55 17 73 20 52
internal_value=0.0015227 0.0211111 0.120273 -0.0209596 -0.108497 0.0195751
internal_weight=269 251 72 179 54 125
internal_count=269 251 72 179 54 125
is_linear=0
shrinkage=0.03


Tree=150
num_leaves=7
num_cat=0
split_feature=13 1 0 2 2 4
split_gain=1004.05 737.784 1186.77 729.067 908.809 670.263
threshold=-2.9990196078431341 7.5000000000000009 32.500000000000007 9.9500000000000011 13.65 -0.6830127018922193
decision_type=10 10 2 2 2 2
left_child=1 2 -1 -4 -5 -3
right_child=-2 5 3 4 -6 -7
leaf_value=0.14903333932161331 0.15187462417518391 0.15180620020086114 0.075530040306704377 -0.27794767657915753 -0.071912275104129564 -0.011824200002325548
leaf_weight=15.999999999999998 29 28 15.999999999999998 22 89 69
leaf_count=16 29 28 16 22 89 69
internal_value=-0.00091299 -0.0220975 -0.064517 -0.096047 -0.122968 0.0405354
internal_weight=269 240 143 127 111 97
internal_count=269 240 143 127 111 97
is_linear=0
shrinkage=0.03


Tree=151
num_leaves=7
num_cat=0
split_feature=20 0 0 13 0 1
split_gain=714.362 802.235 722.638 568.39 319.358 397.92
threshold=-18.499999999999996 112.50000000000001 92.500000000000014 1.0000000180025095e-35 32.500000000000007 1.0000000180025095e-35
decision_type=8 2 2 10 2 10
left_child=-1 2 3 4 -2 -6
right_child=1 -3 -4 -5 5 -7
leaf_value=-0.13275024079252035 0.096977444234490381 -0.15179973799249399 0.18332162489684728 0.14640404036411869 -0.072295303199912453 0.019852679499558039
leaf_weight=27 20 18 21 21 66 100
leaf_count=27 20 18 21 21 66 100
internal_value=0.000753477 0.0177589 0.0341153 0.0150118 -0.00326701 -0.0178271
internal_weight=273 246 228 207 186 166
internal_count=273 246 228 207 186 166
is_linear=0
shrinkage=0.03


Tree=152
num_leaves=7
num_cat=0
split_feature=2 22 11 2 22 0
split_gain=709.954 536.951 499.704 720.216 1291.46 802.873
threshold=18.450000000000003 -4.9372549019607819 29.000000000000004 13.250000000000002 23.500000000000004 107.50000000000001
decision_type=2 10 8 2 10 2
left_child=2 -2 -1 4 -4 -5
right_child=1 -3 3 5 -6 -7
leaf_value=-0.054090376159486669 -0.15614443258877764 0.019444739421208699 -0.11868837538864463 0.13932978289352882 0.14250110431359364 -0.081474454164505009
leaf_weight=67 42 22 45 69 21 14.999999999999998
leaf_count=67 42 22 45 69 21 15
internal_value=-0.0148838 -0.0987504 0.0115181 0.0416227 -0.0313999 0.0975384
internal_weight=281 64 217 150 66 84
internal_count=281 64 217 150 66 84
is_linear=0
shrinkage=0.03


Tree=153
num_leaves=7
num_cat=0
split_feature=12 1 22 22 2 16
split_gain=858.123 660.773 552.381 947.86 415.292 1222.9
threshold=-19.449999999999996 -1.0000000180025095e-35 15.157843137254906 33.873333333333342 13.450000000000001 5.5000000000000009
decision_type=10 10 10 10 2 8
left_child=1 -1 4 -4 -3 -6
right_child=-2 2 3 -5 5 -7
leaf_value=-0.11833285333999133 0.10022765974564986 -0.02879204660654068 -0.20712966124216714 0.068133449831179208 -0.084351612752483734 0.1546319306227896
leaf_weight=54 50 65 22 15.999999999999998 26 49
leaf_count=54 50 65 22 16 26 49
internal_value=-0.00665866 -0.031323 -0.00241485 -0.0967837 0.0256537 0.0716903
internal_weight=282 232 178 38 140 75
internal_count=282 232 178 38 140 75
is_linear=0
shrinkage=0.03


Tree=154
num_leaves=7
num_cat=0
split_feature=22 2 20 2 4 22
split_gain=711.941 542.038 1252.89 528.587 840.784 480.255
threshold=23.500000000000004 13.450000000000001 -15.499999999999998 12.250000000000002 -0.25000000000000028 -47.246439215686266
decision_type=10 2 10 2 2 8
left_child=1 2 3 4 -1 -3
right_child=-2 5 -4 -5 -6 -7
leaf_value=-0.17646091885864734 0.1151411060616374 -0.122427647624697 0.10405922271884405 -0.23457011620514093 0.07980342046722122 0.031202350947106709
leaf_weight=19 35 15.999999999999998 21 27 18 140
leaf_count=19 35 16 21 27 18 140
internal_value=-0.00228215 -0.021329 -0.0800032 -0.143563 -0.0571329 0.0121327
internal_weight=276 241 85 64 37 156
internal_count=276 241 85 64 37 156
is_linear=0
shrinkage=0.03


Tree=155
num_leaves=7
num_cat=0
split_feature=20 12 0 17 0 17
split_gain=604.627 659.462 439.906 644.873 720.156 442.935
threshold=-20.499999999999996 1.0000000180025095e-35 112.50000000000001 16.000000000000004 82.500000000000014 -39.499999999999993
decision_type=8 10 2 8 2 10
left_child=-1 2 3 5 -5 -2
right_child=1 -3 -4 4 -6 -7
leaf_value=-0.16286452770233154 -0.024395312581743513 0.12999911508776923 -0.14091673590920187 -0.0025085153360411803 -0.17927081152796745 0.16224590160883962
leaf_weight=15.999999999999998 15.999999999999998 28 17 154 19 27
leaf_count=16 16 28 17 154 19 27
internal_value=-0.00798631 0.00439104 -0.0131175 -9.85798e-05 -0.0264121 0.097491
internal_weight=277 261 233 216 173 43
internal_count=277 261 233 216 173 43
is_linear=0
shrinkage=0.03


Tree=156
num_leaves=7
num_cat=0
split_feature=22 4 16 1 22 19
split_gain=1230.09 1157.65 919.195 707.961 458.099 321.823
threshold=-51.999999999999993 0.25000000000000011 -28.499999999999996 17.500000000000004 -17.654901960784311 3.5000000000000004
decision_type=10 2 10 10 10 8
left_child=-1 3 -3 4 -2 -6
right_child=1 2 -4 -5 5 -7
leaf_value=-0.12247072341923529 -0.077078883111476898 0.26590065112998407 0.02942801432684064 -0.16488099437739165 -0.050737451728847284 0.066805885217745206
leaf_weight=47 30 26 31 15.999999999999998 22 105
leaf_count=47 30 26 31 16 22 105
internal_value=0.00976002 0.0388119 0.150038 -0.00101981 0.0202529 0.0452935
internal_weight=277 230 57 173 157 127
internal_count=277 230 57 173 157 127
is_linear=0
shrinkage=0.03


Tree=157
num_leaves=7
num_cat=0
split_feature=3 2 2 5 2 2
split_gain=646.679 763.455 873.075 1177.83 747.231 1969.08
threshold=1.0000000180025095e-35 15.550000000000002 9.6500000000000004 0.6830127018922193 14.850000000000003 16.850000000000005
decision_type=2 2 2 2 2 2
left_child=1 2 -1 -4 -2 -6
right_child=4 -3 3 -5 5 -7
leaf_value=-0.081261687704495031 -0.093372977982190519 -0.10895323880016804 0.25052128505779475 0.0046980374803145724 0.24102790446153705 -0.054093803437799216
leaf_weight=15.999999999999998 83 14.999999999999998 36 31 23 70
leaf_count=16 83 15 36 31 23 70
internal_value=0.00369128 0.0636402 0.0992501 0.145007 -0.0305253 0.0274668
internal_weight=274 98 83 67 176 93
internal_count=274 98 83 67 176 93
is_linear=0
shrinkage=0.03


Tree=158
num_leaves=7
num_cat=0
split_feature=13 0 2 2 16 4
split_gain=692.936 528.529 368.487 963.175 1305.59 815.174
threshold=1.0000000180025095e-35 107.50000000000001 13.250000000000002 17.350000000000005 64.500000000000014 -0.25000000000000028
decision_type=10 2 2 2 8 2
left_child=1 2 5 4 -4 -1
right_child=-2 -3 3 -5 -6 -7
leaf_value=-0.18365804066828317 0.12370514068338606 -0.17073634773492813 -0.01366439079329119 -0.072557489445080628 0.2270003779605031 -0.0028522672591840522
leaf_weight=30 22 19 54 69 27 63
leaf_count=30 22 19 54 69 27 63
internal_value=-0.0217684 -0.0360715 -0.0223122 0.00702296 0.0750908 -0.0675713
internal_weight=284 262 243 150 81 93
internal_count=284 262 243 150 81 93
is_linear=0
shrinkage=0.03


Tree=159
num_leaves=7
num_cat=0
split_feature=22 2 1 0 4 2
split_gain=537.235 535.537 732.307 580.147 881.108 1398.81
threshold=31.900000000000002 10.750000000000002 7.5000000000000009 107.50000000000001 0.25000000000000011 14.450000000000001
decision_type=10 2 10 2 2 2
left_child=1 2 -1 4 -3 -6
right_child=-2 3 -4 -5 5 -7
leaf_value=0.01622448790818453 0.11869743318557739 -0.028497695130737202 -0.22483980953693389 -0.14369682937189937 0.21670330225637083 -0.082221834808588024
leaf_weight=19 20 147 21 20 33 19
leaf_count=19 20 147 21 20 33 19
internal_value=-0.0146186 -0.0269663 -0.121254 -0.00742263 0.00945957 0.109849
internal_weight=279 259 40 219 199 52
internal_count=279 259 40 219 199 52
is_linear=0
shrinkage=0.03


Tree=160
num_leaves=7
num_cat=0
split_feature=22 2 2 22 17 22
split_gain=568.171 945.538 906.986 578.652 544.749 317.627
threshold=-27.499999999999996 13.450000000000001 18.000000000000004 -34.243233208176882 -17.499999999999996 33.873333333333342
decision_type=10 2 2 8 10 10
left_child=1 -1 3 -3 -2 -6
right_child=4 2 -4 -5 5 -7
leaf_value=-0.23966719730347397 0.03815601069331169 -0.035292421504855155 -0.1381453858911991 0.1942252342700958 -0.11426930638296263 0.031817516095258971
leaf_weight=20 145 17 25 14.999999999999998 37 17
leaf_count=20 145 17 25 15 37 17
internal_value=-0.0192309 -0.085707 -0.0167144 0.0840019 0.00796116 -0.0694801
internal_weight=276 77 57 32 199 54
internal_count=276 77 57 32 199 54
is_linear=0
shrinkage=0.03


Tree=161
num_leaves=7
num_cat=0
split_feature=2 22 0 22 12 17
split_gain=754.784 578.3 707.9 563.666 310.562 287.979
threshold=18.000000000000004 31.900000000000002 47.500000000000007 -37.499999999999993 18.600000000000001 -17.499999999999996
decision_type=2 8 2 10 8 8
left_child=1 4 -3 -2 -1 -6
right_child=3 2 -4 -5 5 -7
leaf_value=0.10023275070720249 -0.1953219783782959 0.013235857412219047 0.24940773221579465 -0.016933967402348152 0.091348598274317655 -0.025516799893230198
leaf_weight=22 20 25 17 47 17 135
leaf_count=22 20 25 17 47 17 135
internal_value=0.004389 0.0317993 0.125192 -0.0800502 0.00638883 -0.00995339
internal_weight=283 216 42 67 174 152
internal_count=283 216 42 67 174 152
is_linear=0
shrinkage=0.03


Tree=162
num_leaves=7
num_cat=0
split_feature=20 22 2 4 16 2
split_gain=555.581 706.133 727.891 841.436 905.755 442.845
threshold=-19.499999999999996 -56.999999999999993 9.0500000000000025 0.25000000000000011 -25.999999999999996 18.000000000000004
decision_type=8 10 2 2 10 2
left_child=-1 5 -3 -4 -5 -2
right_child=1 2 3 4 -6 -7
leaf_value=-0.12902205570704406 -0.011746323009332021 -0.12405373976282449 0.015001505273458076 0.26615973317623137 0.024109437736597926 -0.19224629359585899
leaf_weight=22 31 18 141 25 28 15.999999999999998
leaf_count=22 31 18 141 25 28 16
internal_value=0.000607524 0.0138536 0.0374073 0.0551288 0.151386 -0.08577
internal_weight=281 259 212 194 53 47
internal_count=281 259 212 194 53 47
is_linear=0
shrinkage=0.03


Tree=163
num_leaves=7
num_cat=0
split_feature=17 23 16 0 17 13
split_gain=553.668 385.808 865.186 305.103 368.542 254.539
threshold=31.500000000000004 6.1553921568627468 7.5000000000000009 107.50000000000001 18.500000000000004 -27.541019607843136
decision_type=10 2 10 2 8 10
left_child=1 2 3 4 -1 -6
right_child=-2 -3 -4 -5 5 -7
leaf_value=0.077571544975042331 0.13421795453714289 0.073825964518955775 -0.18654375172894577 -0.11111397294327617 -0.040926988428008966 0.055081914402544493
leaf_weight=40 18 30 24 19 111 27
leaf_count=40 18 30 24 19 111 27
internal_value=-0.00693348 -0.0194796 -0.0334986 -0.0106976 0.00276399 -0.0208735
internal_weight=269 251 221 197 178 138
internal_count=269 251 221 197 178 138
is_linear=0
shrinkage=0.03


Tree=164
num_leaves=7
num_cat=0
split_feature=2 2 20 1 16 5
split_gain=412.742 492.518 466.413 496.78 764.773 949.502
threshold=9.0500000000000025 9.9500000000000011 -16.499999999999996 7.5000000000000009 -7.4999999999999991 -0.5
decision_type=2 2 8 10 8 2
left_child=-1 -2 -3 -4 -5 -6
right_child=1 2 3 4 5 -7
leaf_value=-0.13338446600870651 0.14511402609944343 -0.12052235913276672 -0.032691585671855136 -0.10213636652989821 0.00041937178373336795 0.21284266561269757
leaf_weight=17 14.999999999999998 25 123 17 40 31
leaf_count=17 15 25 123 17 40 31
internal_value=-0.00878448 0.0020949 -0.00981737 0.00578558 0.0584323 0.101069
internal_weight=268 251 236 211 88 71
internal_count=268 251 236 211 88 71
is_linear=0
shrinkage=0.03


Tree=165
num_leaves=7
num_cat=0
split_feature=1 22 13 16 1 0
split_gain=788.909 660.263 344.174 577.783 418.51 333.331
threshold=17.500000000000004 -51.999999999999993 -1.7088235294117629 10.500000000000002 12.500000000000002 57.500000000000007
decision_type=8 10 10 10 10 2
left_child=1 5 3 4 -3 -1
right_child=-2 2 -4 -5 -6 -7
leaf_value=-0.0084819669276475895 -0.14503299519016935 0.0080235535936467595 0.13372613217519677 -0.10911838470928131 0.12271371282637118 -0.17903556935489179
leaf_weight=19 32 144 18 26 31 19
leaf_count=19 32 144 18 26 31 19
internal_value=-0.0155116 0.00307562 0.0236885 0.0108278 0.0311845 -0.104661
internal_weight=289 257 219 201 175 38
internal_count=289 257 219 201 175 38
is_linear=0
shrinkage=0.03


Tree=166
num_leaves=7
num_cat=0
split_feature=22 1 2 2 0 16
split_gain=889.831 550.462 675.902 825.552 697.023 600.344
threshold=-27.499999999999996 17.500000000000004 18.450000000000003 8.4500000000000011 47.500000000000007 -28.499999999999996
decision_type=8 8 2 2 2 10
left_child=-1 2 3 -2 -4 -5
right_child=1 -3 4 5 -6 -7
leaf_value=-0.11621455885926071 -0.11150782402072634 -0.098671536980004138 0.075156755853782994 0.1585375279363464 -0.15008468341827394 0.034438383537180282
leaf_weight=44 15.999999999999998 24 17 63 25 80
leaf_count=44 16 24 17 63 25 80
internal_value=-0.000142079 0.0245895 0.0413449 0.0693058 -0.060619 0.0926204
internal_weight=269 225 201 159 42 143
internal_count=269 225 201 159 42 143
is_linear=0
shrinkage=0.03


Tree=167
num_leaves=7
num_cat=0
split_feature=20 17 22 2 22 19
split_gain=804.071 522.904 481.723 582.646 315.172 368.275
threshold=-2.4999999999999996 31.500000000000004 1.2916666666666667 13.15 -27.499999999999996 -3.4999999999999996
decision_type=10 10 10 2 10 8
left_child=1 2 4 -4 -1 -6
right_child=-2 -3 3 -5 5 -7
leaf_value=-0.050389770817011591 0.15410189945250749 0.12352825479848042 -0.19372264312114565 -0.018338338177312504 -0.076882195174694065 0.056989509930505472
leaf_weight=75 21 15.999999999999998 27 39 19 80
leaf_count=75 21 16 27 39 19 80
internal_value=-0.00509757 -0.0208589 -0.0328092 -0.0986762 -0.00576674 0.0288359
internal_weight=277 256 240 66 174 99
internal_count=277 256 240 66 174 99
is_linear=0
shrinkage=0.03


Tree=168
num_leaves=7
num_cat=0
split_feature=17 0 22 22 20 16
split_gain=341.099 660.287 544.737 642.848 535.004 551.051
threshold=-53.999999999999993 42.500000000000007 -9.4999999999999982 31.900000000000002 -20.499999999999996 1.0000000180025095e-35
decision_type=10 2 10 10 10 8
left_child=1 -1 -2 -4 5 -3
right_child=2 4 3 -5 -6 -7
leaf_value=0.042240918001958297 0.15947602980666692 -0.019639246542420649 -0.077011202323000599 0.11601501188278197 0.063021059989929198 -0.16028142046386545
leaf_weight=79 22 49 36 20 20 50
leaf_count=79 22 49 36 20 20 50
internal_value=-0.00250343 -0.02341 0.0487803 -0.00421449 -0.0669393 -0.0949615
internal_weight=276 198 78 56 119 99
internal_count=276 198 78 56 119 99
is_linear=0
shrinkage=0.03


Tree=169
num_leaves=7
num_cat=0
split_feature=16 2 0 20 2 16
split_gain=588.589 757.092 605.485 587.461 498.825 444.076
threshold=1.0000000180025095e-35 18.000000000000004 47.500000000000007 -14.499999999999998 9.6500000000000004 -10.499999999999998
decision_type=10 2 2 8 2 8
left_child=1 3 -3 -1 -5 -6
right_child=-2 2 -4 4 5 -7
leaf_value=-0.043890896865299768 -0.068287189579568794 0.086689649781455158 -0.098329315554011948 -0.03348784807920456 0.017488117033944411 0.15696865573525429
leaf_weight=30 59 18 50 20 29 79
leaf_count=30 59 18 50 20 29 79
internal_value=0.0124895 0.0345989 -0.0467706 0.0699791 0.097314 0.121947
internal_weight=285 226 68 158 128 108
internal_count=285 226 68 158 128 108
is_linear=0
shrinkage=0.03


Tree=170
num_leaves=7
num_cat=0
split_feature=2 6 2 0 2 17
split_gain=528.113 656.115 605.565 555.925 481.632 558.138
threshold=18.000000000000004 1.0000000180025095e-35 9.0500000000000025 57.500000000000007 9.9500000000000011 -53.999999999999993
decision_type=2 8 2 2 2 10
left_child=2 -2 -1 -3 -4 -6
right_child=1 3 4 -5 5 -7
leaf_value=-0.10143318441898926 0.079836638356958117 0.045870106671005481 0.20028125550065723 -0.1539037491693053 0.014262489962081114 0.13265019074386478
leaf_weight=18 23 14.999999999999998 15.999999999999998 38 139 44
leaf_count=18 23 15 16 38 139 44
internal_value=0.023361 -0.0427782 0.0469667 -0.0982838 0.0625469 0.0454982
internal_weight=293 76 217 53 199 183
internal_count=293 76 217 53 199 183
is_linear=0
shrinkage=0.03


Tree=171
num_leaves=7
num_cat=0
split_feature=22 1 21 0 22 16
split_gain=445.333 498.161 745.024 1038.58 852.96 658.878
threshold=-27.499999999999996 7.5000000000000009 2.6049019607843129 32.500000000000007 14.382843137254905 1.0000000180025095e-35
decision_type=8 10 10 2 8 10
left_child=-1 2 3 -2 -5 -3
right_child=1 5 -4 4 -6 -7
leaf_value=-0.08019650953943315 0.13391869227290154 0.1227718058217849 0.15125510079520088 -0.023402716122906314 -0.21153176508843899 -0.047000248518682293
leaf_weight=41 20 65 15.999999999999998 72 27 26
leaf_count=41 20 65 16 72 27 26
internal_value=0.00515176 0.022036 -0.0146193 -0.0421214 -0.0824137 0.0743439
internal_weight=267 226 135 119 99 91
internal_count=267 226 135 119 99 91
is_linear=0
shrinkage=0.03


Tree=172
num_leaves=7
num_cat=0
split_feature=2 2 22 3 16 16
split_gain=529.951 626.767 1463.82 1373.22 856.333 691.28
threshold=18.000000000000004 14.850000000000003 31.900000000000002 1.0000000180025095e-35 1.0000000180025095e-35 -1.4999999999999998
decision_type=2 2 8 2 8 8
left_child=1 3 -3 5 -5 -1
right_child=-2 2 -4 4 -6 -7
leaf_value=-0.04687055635249375 -0.061373259983485258 0.0038892766971920806 0.32149377657473083 0.0680335747718811 -0.14491164400692907 0.13844858610315713
leaf_weight=23 74 38 14.999999999999998 20 57 55
leaf_count=23 74 38 15 20 57 55
internal_value=0.00508531 0.0296149 0.113743 -0.00180714 -0.0888254 0.0842716
internal_weight=282 208 53 155 77 78
internal_count=282 208 53 155 77 78
is_linear=0
shrinkage=0.03


Tree=173
num_leaves=7
num_cat=0
split_feature=0 3 2 2 2 5
split_gain=534.743 463.202 1183.68 1243.99 1046.42 1668.73
threshold=107.50000000000001 1.0000000180025095e-35 14.850000000000003 18.450000000000003 13.950000000000001 -0.5
decision_type=2 2 2 2 2 2
left_child=1 4 -3 -4 5 -1
right_child=-2 2 3 -5 -6 -7
leaf_value=0.32422159818851432 -0.14338647302985191 -0.109760988457998 0.19450708767907185 -0.036659287508513966 -0.092941526743498717 0.016513245040229683
leaf_weight=18 20 78 28 54 28 53
leaf_count=18 20 78 28 54 28 53
internal_value=-0.0108845 0.0018692 -0.0294202 0.0489177 0.0514211 0.110722
internal_weight=279 259 160 82 99 71
internal_count=279 259 160 82 99 71
is_linear=0
shrinkage=0.03


Tree=174
num_leaves=7
num_cat=0
split_feature=1 13 0 17 16 20
split_gain=428.779 516.514 451.931 873.314 347.146 264.454
threshold=22.500000000000004 1.0000000180025095e-35 82.500000000000014 -59.499999999999993 1.0000000180025095e-35 -13.499999999999998
decision_type=8 10 2 10 10 8
left_child=1 2 4 -4 5 -1
right_child=-2 -3 3 -5 -6 -7
leaf_value=-0.014199991057316463 -0.10788802745640277 0.15810818397480508 -0.15031281457919823 0.086890869373860563 -0.044416296641031902 0.073593486005631398
leaf_weight=40 20 18 33 18 40 112
leaf_count=40 20 18 33 18 40 112
internal_value=0.0111839 0.0221646 0.00911011 -0.0663107 0.0303183 0.0507735
internal_weight=281 261 243 51 192 152
internal_count=281 261 243 51 192 152
is_linear=0
shrinkage=0.03


Tree=175
num_leaves=7
num_cat=0
split_feature=20 1 0 12 22 5
split_gain=600.476 594.724 651.685 787.238 784.023 505.757
threshold=-20.499999999999996 7.5000000000000009 32.500000000000007 1.0000000180025095e-35 14.382843137254905 -0.9330127018922193
decision_type=8 10 2 10 8 2
left_child=-1 2 -2 4 -4 -3
right_child=1 5 3 -5 -6 -7
leaf_value=-0.14180625248168197 0.13314566969871519 -0.063035321703978936 -0.016373958073948557 0.12362276852130889 -0.18310228702922662 0.10459379450418055
leaf_weight=15.999999999999998 19 15.999999999999998 90 19 31 91
leaf_count=16 19 16 90 19 31 91
internal_value=0.0130821 0.0248432 -0.0121022 -0.0357259 -0.0646604 0.0778327
internal_weight=282 266 159 140 121 107
internal_count=282 266 159 140 121 107
is_linear=0
shrinkage=0.03


Tree=176
num_leaves=7
num_cat=0
split_feature=22 0 20 2 22 2
split_gain=482.781 622.065 506.377 783.221 965.333 464.283
threshold=31.900000000000002 57.500000000000007 -15.499999999999998 13.450000000000001 1.6935294117647064 13.550000000000002
decision_type=8 2 10 2 10 2
left_child=2 -2 3 4 -1 -4
right_child=1 -3 5 -5 -6 -7
leaf_value=-0.0083994368154828147 0.1615739104577473 -0.045379463071408478 0.13540972029899848 0.012109347571884947 -0.23425224848768927 -0.037000297514291909
leaf_weight=36 30 18 29 107 28 21
leaf_count=36 30 18 29 107 28 21
internal_value=0.00560156 0.0870068 -0.013613 -0.038173 -0.117025 0.0662168
internal_weight=269 48 221 171 64 50
internal_count=269 48 221 171 64 50
is_linear=0
shrinkage=0.03


Tree=177
num_leaves=7
num_cat=0
split_feature=1 2 1 2 17 2
split_gain=708.287 549.084 501.559 508.091 582.674 1034.43
threshold=17.500000000000004 14.850000000000003 -12.499999999999998 8.4500000000000011 -39.499999999999993 15.950000000000001
decision_type=8 2 10 2 10 2
left_child=2 -2 -1 -4 -5 -6
right_child=1 -3 3 4 5 -7
leaf_value=-0.089941695162228177 -0.21592345011234279 0.015416135447365897 -0.10208220514655113 0.030546228975483345 0.27318706156478983 -0.0061274085595057559
leaf_weight=23 15.000000000000002 15.999999999999998 14.999999999999998 170 22 21
leaf_count=23 15 16 15 170 22 21
internal_value=0.0139637 -0.110965 0.031259 0.0451532 0.0576254 0.150349
internal_weight=282 31 251 228 213 43
internal_count=282 31 251 228 213 43
is_linear=0
shrinkage=0.03


Tree=178
num_leaves=7
num_cat=0
split_feature=21 16 22 2 20 16
split_gain=728.126 545.037 669.447 427.624 534.878 411.788
threshold=5.2264705882352969 9.5000000000000018 -56.999999999999993 8.4500000000000011 -14.499999999999998 -28.499999999999996
decision_type=10 10 10 2 8 10
left_child=1 2 -1 -4 -5 -6
right_child=-2 -3 3 4 5 -7
leaf_value=-0.11458014121635797 0.12070872193202375 -0.14509957348758523 -0.11903463099896908 -0.076137988517681748 0.093033035665073177 -0.014836362645311175
leaf_weight=42 27 28 14.999999999999998 31 83 48
leaf_count=42 27 28 15 31 83 48
internal_value=-0.0144514 -0.0313279 -0.0138676 0.0125215 0.0279019 0.054416
internal_weight=274 247 219 177 162 131
internal_count=274 247 219 177 162 131
is_linear=0
shrinkage=0.03


Tree=179
num_leaves=7
num_cat=0
split_feature=11 17 22 1 22 16
split_gain=454.388 446.753 604.891 485.85 367.052 389.418
threshold=10.500000000000002 31.500000000000004 18.219607843137258 17.500000000000004 10.27091503267974 1.0000000180025095e-35
decision_type=10 10 8 10 10 10
left_child=1 2 3 4 5 -1
right_child=-2 -3 -4 -5 -6 -7
leaf_value=0.02076974550126404 0.13209713186536517 0.11772411005063491 -0.10690657344460487 -0.12035633205221248 0.13028007018825283 -0.10493669945460099
leaf_weight=146 15.999999999999998 17 55 21 18 21
leaf_count=146 16 17 55 21 18 21
internal_value=-0.00259321 -0.0125421 -0.0230802 0.00130358 0.0179175 0.00237138
internal_weight=294 278 261 206 185 167
internal_count=294 278 261 206 185 167
is_linear=0
shrinkage=0.03


Tree=180
num_leaves=7
num_cat=0
split_feature=0 20 16 0 4 0
split_gain=664.073 447.595 695.401 314.492 297.337 1022.41
threshold=107.50000000000001 1.0000000180025095e-35 1.0000000180025095e-35 42.500000000000007 0.25000000000000011 57.500000000000007
decision_type=2 10 10 2 2 2
left_child=1 2 3 -1 -5 -6
right_child=-2 -3 -4 4 5 -7
leaf_value=0.077292893026024101 -0.17629436498880385 0.13266588872129265 -0.10525453406965957 -0.030494915039862611 -0.10024402206594293 0.17545757656650882
leaf_weight=51 14.999999999999998 17 48 113 17 23
leaf_count=51 15 17 48 113 17 23
internal_value=-0.00950963 0.00283797 -0.00833091 0.0164471 -0.00563896 0.0601654
internal_weight=284 269 252 204 153 40
internal_count=284 269 252 204 153 40
is_linear=0
shrinkage=0.03


Tree=181
num_leaves=7
num_cat=0
split_feature=20 2 1 12 1 16
split_gain=581.15 646.558 671.723 1033.93 685.668 670.279
threshold=-13.499999999999998 7.9500000000000011 7.5000000000000009 1.0000000180025095e-35 17.500000000000004 -2.4999999999999996
decision_type=8 2 10 10 10 10
left_child=-1 -2 3 5 -4 -3
right_child=1 2 4 -5 -6 -7
leaf_value=-0.08186680600047111 -0.13207804812490939 0.0059412943122201948 0.15209593764723164 0.18345719016116599 -0.025426955074071882 -0.16152732658874372
leaf_weight=43 14.999999999999998 82 68 18 25 24
leaf_count=43 15 82 68 18 25 24
internal_value=0.0136469 0.0327036 0.0468122 0.000403996 0.105512 -0.0375441
internal_weight=275 232 217 124 93 106
internal_count=275 232 217 124 93 106
is_linear=0
shrinkage=0.03


Tree=182
num_leaves=7
num_cat=0
split_feature=0 3 2 1 2 2
split_gain=323.646 412.264 583.569 981.212 839.256 576.188
threshold=112.50000000000001 1.0000000180025095e-35 14.850000000000003 12.500000000000002 17.350000000000005 9.4500000000000011
decision_type=2 2 2 8 2 2
left_child=1 5 3 -3 -4 -1
right_child=-2 2 4 -5 -6 -7
leaf_value=-0.091563861608505243 -0.10823691747405312 -0.014697605087421834 0.16163992842118585 -0.25925492405891415 -0.024885138120703601 0.089635064069351011
leaf_weight=14.999999999999998 17 59 26 14.999999999999998 69 83
leaf_count=15 17 59 26 15 69 83
internal_value=0.00248785 0.0113978 -0.0169908 -0.0775411 0.0316934 0.058802
internal_weight=284 267 169 74 95 98
internal_count=284 267 169 74 95 98
is_linear=0
shrinkage=0.03


Tree=183
num_leaves=7
num_cat=0
split_feature=22 0 2 22 2 5
split_gain=477.777 478.429 451.29 538.194 407.399 791.479
threshold=1.2916666666666667 67.500000000000014 18.000000000000004 -1.0000000180025095e-35 14.65 -0.5
decision_type=10 2 2 8 2 2
left_child=2 4 3 -1 5 -2
right_child=1 -3 -4 -5 -6 -7
leaf_value=0.020093580086372399 0.076938793129391128 -0.15366474913012598 -0.040934377538881468 0.16476799635216594 0.09297614697366953 -0.13628295994292083
leaf_weight=90 22 26 57 27 19 34
leaf_count=90 22 26 57 27 19 34
internal_value=-0.00402262 -0.0544327 0.0259415 0.0588645 -0.0125783 -0.0530769
internal_weight=275 101 174 117 75 56
internal_count=275 101 174 117 75 56
is_linear=0
shrinkage=0.03


Tree=184
num_leaves=7
num_cat=0
split_feature=2 20 2 22 2 4
split_gain=1004.88 1013.79 873.129 1329.77 702.075 496.551
threshold=13.450000000000001 -38.999999999999993 18.000000000000004 56.750000000000007 13.950000000000001 0.25000000000000011
decision_type=2 10 2 8 2 2
left_child=1 5 3 4 -2 -1
right_child=2 -3 -4 -5 -6 -7
leaf_value=-0.27642291130690738 0.17155610695481299 0.0053323937245473574 -0.058052425218263155 0.28065989467230712 -0.03050022215298984 -0.07989009429426755
leaf_weight=24 14.999999999999998 44 76 17 64 29
leaf_count=24 15 44 76 17 64 29
internal_value=-0.0280013 -0.102659 0.0158129 0.0742686 0.0157929 -0.185044
internal_weight=269 97 172 96 79 53
internal_count=269 97 172 96 79 53
is_linear=0
shrinkage=0.03


Tree=185
num_leaves=7
num_cat=0
split_feature=0 4 16 17 11 16
split_gain=603.872 414.92 522.477 386.956 283.503 306.684
threshold=67.500000000000014 1.0000000180025095e-35 -5.4999999999999991 12.000000000000002 29.000000000000004 -5.4999999999999991
decision_type=2 2 8 8 8 10
left_child=4 -2 -3 -4 5 -1
right_child=1 2 3 -5 -6 -7
leaf_value=0.019910412344033828 -0.14437295407056808 0.081921949283187745 0.01302654817700386 -0.16677810990292091 0.057646913285745248 -0.10094655540254381
leaf_weight=59 34 24 19 18 96 22
leaf_count=59 34 24 19 18 96 22
internal_value=-0.0086896 -0.0677807 -0.0173867 -0.0838871 0.0240167 -0.0168755
internal_weight=272 95 61 37 177 81
internal_count=272 95 61 37 177 81
is_linear=0
shrinkage=0.03


Tree=186
num_leaves=7
num_cat=0
split_feature=20 13 22 0 22 0
split_gain=428.018 361.207 497.142 440.21 433.669 487.683
threshold=-20.499999999999996 1.0000000180025095e-35 1.2916666666666667 37.500000000000007 -56.999999999999993 77.500000000000014
decision_type=8 10 10 2 10 2
left_child=-1 2 3 -2 -5 -6
right_child=1 -3 -4 4 5 -7
leaf_value=-0.13785788851124897 0.11688112094572611 0.10292822032139218 -0.063945088921748897 -0.084975509756222006 -0.017805758112595535 0.11601685058717665
leaf_weight=15.999999999999998 30 24 89 36 66 33
leaf_count=16 30 24 89 36 66 33
internal_value=-0.00725639 0.00256309 -0.00872418 0.0220663 -0.00242546 0.0302349
internal_weight=294 278 254 165 135 99
internal_count=294 278 254 165 135 99
is_linear=0
shrinkage=0.03


Tree=187
num_leaves=7
num_cat=0
split_feature=13 16 2 2 2 2
split_gain=424.118 662.443 397.545 287.611 220.668 370.132
threshold=-2.9990196078431341 9.5000000000000018 18.000000000000004 19.650000000000002 9.6500000000000004 11.15
decision_type=10 10 2 2 2 2
left_child=1 2 4 -4 -1 -6
right_child=-2 -3 3 -5 5 -7
leaf_value=-0.051237516723573205 0.097830507105047051 -0.15702739387750625 -0.11789622916160403 0.0034204256377722087 0.14411042118072509 0.016631478486192782
leaf_weight=25 28 22 32 33 20 124
leaf_count=25 28 22 32 33 20 124
internal_value=-0.00357239 -0.016325 -8.82366e-05 -0.0604598 0.0242017 0.0385787
internal_weight=284 256 234 65 169 144
internal_count=284 256 234 65 169 144
is_linear=0
shrinkage=0.03


Tree=188
num_leaves=7
num_cat=0
split_feature=0 4 2 2 22 0
split_gain=350.372 779.977 1212.62 883.434 930.019 807.589
threshold=107.50000000000001 0.25000000000000011 14.250000000000002 14.450000000000001 28.780555555555562 42.500000000000007
decision_type=2 2 2 2 8 2
left_child=1 2 5 4 -3 -1
right_child=-2 3 -4 -5 -6 -7
leaf_value=-0.0005843092975291339 -0.096731257009506216 0.2704994655959308 0.052339519544761494 -0.062455714609135279 0.00074189178321672526 -0.19024360873869486
leaf_weight=39 20 27 111 17 18 37
leaf_count=39 20 27 111 17 18 37
internal_value=0.010716 0.0210806 -0.0101279 0.108941 0.173461 -0.0989622
internal_weight=269 249 187 62 45 76
internal_count=269 249 187 62 45 76
is_linear=0
shrinkage=0.03


Tree=189
num_leaves=7
num_cat=0
split_feature=0 11 4 0 0 22
split_gain=485.125 318.873 499.933 767.66 746.941 423.357
threshold=107.50000000000001 29.000000000000004 0.25000000000000011 52.500000000000007 37.500000000000007 8.8750000000000018
decision_type=2 8 2 2 2 10
left_child=1 -1 4 -4 -3 -6
right_child=-2 2 3 -5 5 -7
leaf_value=-0.024518849982554655 -0.12792042490839958 0.18051081418991088 0.008014886218148309 0.21554249466820197 -0.055835747230483825 0.063213588349521149
leaf_weight=78 14.999999999999998 14.999999999999998 32 28 78 35
leaf_count=78 15 15 32 28 78 35
internal_value=0.0151062 0.025383 0.0461857 0.113992 0.0113112 -0.017846
internal_weight=281 266 188 60 128 113
internal_count=281 266 188 60 128 113
is_linear=0
shrinkage=0.03


Tree=190
num_leaves=7
num_cat=0
split_feature=2 2 17 2 2 0
split_gain=331.709 446.652 514.386 719.328 400.142 312.681
threshold=8.4500000000000011 9.9500000000000011 -53.999999999999993 15.950000000000001 11.450000000000001 82.500000000000014
decision_type=2 2 10 2 2 2
left_child=-1 -2 4 -4 -3 -6
right_child=1 2 3 -5 5 -7
leaf_value=-0.11179656616279056 0.13014934916908924 -0.13396350873841179 0.17936593919992447 -0.015329595083414123 0.017819827294502502 -0.075288396096477903
leaf_weight=15.999999999999998 21 22 25 38 112 40
leaf_count=16 21 22 25 38 112 40
internal_value=0.00300318 0.0121126 -0.000819286 0.0694383 -0.0274864 -0.00829973
internal_weight=274 258 237 63 174 152
internal_count=274 258 237 63 174 152
is_linear=0
shrinkage=0.03


Tree=191
num_leaves=7
num_cat=0
split_feature=13 1 2 16 2 17
split_gain=489.676 305.296 280.067 341.969 574.895 530
threshold=1.0000000180025095e-35 17.500000000000004 8.4500000000000011 -5.4999999999999991 16.350000000000005 -53.999999999999993
decision_type=10 8 2 10 2 10
left_child=1 2 -1 4 5 -4
right_child=-2 -3 3 -5 -6 -7
leaf_value=-0.10772345642745494 0.11993247359991073 -0.098871402544900774 0.034673561802158102 -0.056932461824682021 -0.028621923918233198 0.19848594838678837
leaf_weight=14.999999999999998 23 27 72 49 80 20
leaf_count=15 23 27 72 49 80 20
internal_value=0.00056547 -0.0119163 -0.000123123 0.00940175 0.0293737 0.0786805
internal_weight=286 263 236 221 172 92
internal_count=286 263 236 221 172 92
is_linear=0
shrinkage=0.03


Tree=192
num_leaves=7
num_cat=0
split_feature=13 22 22 0 5 17
split_gain=610.112 375.941 378.918 440.362 399.368 273.637
threshold=1.0000000180025095e-35 17.138235294117653 31.900000000000002 92.500000000000014 -0.5 -53.999999999999993
decision_type=10 8 10 2 2 10
left_child=1 5 3 4 -3 -1
right_child=-2 2 -4 -5 -6 -7
leaf_value=-0.031600412501864239 0.117014866906863 -0.051342462897300718 0.021797873042523862 0.011051019787788391 -0.24849072221252649 0.051736939740664463
leaf_weight=141 21 19 19 14.999999999999998 22 42
leaf_count=141 21 19 19 15 22 42
internal_value=-0.0223132 -0.0356628 -0.0899662 -0.126565 -0.172641 -0.0116065
internal_weight=279 258 75 56 41 183
internal_count=279 258 75 56 41 183
is_linear=0
shrinkage=0.03


Tree=193
num_leaves=7
num_cat=0
split_feature=22 22 17 4 0 13
split_gain=457.202 275.327 418.586 297.114 236.101 259.819
threshold=-27.499999999999996 31.900000000000002 18.500000000000004 -0.6830127018922193 32.500000000000007 1.0000000180025095e-35
decision_type=8 10 10 2 2 10
left_child=-1 2 3 -2 -5 -6
right_child=1 -3 -4 4 5 -7
leaf_value=-0.10190000267575183 -0.046399100852864132 0.10613063250269208 -0.13853531545400619 0.12454334110021591 -0.0058560717383683734 0.10080332515239715
leaf_weight=40 65 15.999999999999998 14.999999999999998 14.999999999999998 113 20
leaf_count=40 65 16 15 15 113 20
internal_value=-0.0140328 0.00212865 -0.0072906 0.00491741 0.0282349 0.0132541
internal_weight=284 244 228 213 148 133
internal_count=284 244 228 213 148 133
is_linear=0
shrinkage=0.03


Tree=194
num_leaves=7
num_cat=0
split_feature=1 22 11 16 4 22
split_gain=546.316 603.47 378.134 435.711 260.403 352.122
threshold=17.500000000000004 -62.999999999999993 29.000000000000004 -42.999999999999993 0.25000000000000011 28.780555555555562
decision_type=8 10 8 10 2 10
left_child=1 -1 3 -3 -4 -6
right_child=-2 2 4 -5 5 -7
leaf_value=-0.1052288920538766 -0.11320577285378365 0.042410840715499637 0.02993786037880547 -0.09093307229025023 0.1872084918618202 0.004413722723722458
leaf_weight=30 32 42 93 37 22 14.999999999999998
leaf_count=30 32 42 93 37 22 15
internal_value=-0.00587207 0.0105243 0.02921 -0.0217367 0.0598283 0.12245
internal_weight=271 239 209 79 130 37
internal_count=271 239 209 79 130 37
is_linear=0
shrinkage=0.03


Tree=195
num_leaves=7
num_cat=0
split_feature=1 1 16 0 2 2
split_gain=369.395 430.523 654.152 345.06 366.629 460.705
threshold=17.500000000000004 12.500000000000002 -49.499999999999993 32.500000000000007 11.950000000000001 9.0500000000000025
decision_type=8 10 10 2 2 2
left_child=1 3 -3 -1 5 -5
right_child=-2 2 -4 4 -6 -7
leaf_value=0.098804291151463983 -0.10015834112651646 0.19008115013631491 -0.039640282175757671 -0.069064030604703078 -0.043962156954844289 0.10999774321913719
leaf_weight=19 27 21 17 15.999999999999998 152 31
leaf_count=19 27 21 17 16 152 31
internal_value=-0.00401467 0.00784997 0.0946517 -0.00906359 -0.0215318 0.048261
internal_weight=283 256 38 218 199 47
internal_count=283 256 38 218 199 47
is_linear=0
shrinkage=0.03


Tree=196
num_leaves=7
num_cat=0
split_feature=0 23 2 4 2 3
split_gain=505.514 277.916 353.488 1041.16 1041.85 657.971
threshold=97.500000000000014 13.585784313725492 14.65 1.0000000180025095e-35 16.850000000000005 1.0000000180025095e-35
decision_type=2 2 2 2 2 2
left_child=1 2 5 4 -4 -1
right_child=-2 -3 3 -5 -6 -7
leaf_value=0.037304110260496674 -0.098033354682001195 0.11661362937518528 0.29043348083272574 -0.060696490135788914 0.029114538113276162 -0.091400238526602312
leaf_weight=66 39 15.999999999999998 17 45 40 68
leaf_count=66 39 16 17 45 40 68
internal_value=-0.00413291 0.0120238 0.00266075 0.0435969 0.124189 -0.0289469
internal_weight=291 252 236 102 57 134
internal_count=291 252 236 102 57 134
is_linear=0
shrinkage=0.03


Tree=197
num_leaves=7
num_cat=0
split_feature=22 1 20 4 22 16
split_gain=460.151 433.647 329.723 419.514 366.411 349.919
threshold=-27.499999999999996 -12.499999999999998 5.5000000000000009 -0.6830127018922193 11.591176470588238 -5.4999999999999991
decision_type=8 10 8 2 8 10
left_child=-1 -2 5 -4 -5 -3
right_child=1 2 3 4 -6 -7
leaf_value=-0.079911782570341788 -0.091718385136789746 0.025758639247053197 0.14745144861309151 0.087853266250003476 -0.015997746355936562 -0.11224014788866042
leaf_weight=42 22 49 33 50 66 19
leaf_count=42 22 49 33 50 66 19
internal_value=0.00616852 0.0226232 0.03602 0.0603847 0.0305462 -0.0178465
internal_weight=281 239 217 149 116 68
internal_count=281 239 217 149 116 68
is_linear=0
shrinkage=0.03


Tree=198
num_leaves=7
num_cat=0
split_feature=1 5 16 2 0 12
split_gain=467.41 731.42 565.31 939.641 494.316 630.558
threshold=7.5000000000000009 -0.9330127018922193 -8.4999999999999982 11.450000000000001 32.500000000000007 1.0000000180025095e-35
decision_type=8 2 8 2 2 10
left_child=4 -2 -3 -4 -1 -6
right_child=1 2 3 -5 5 -7
leaf_value=0.12309678885340689 -0.095893140163110652 -0.043869908340275286 -0.0082122919489355656 0.2021332365936703 -0.060020553296006564 0.12223020744323732
leaf_weight=14.999999999999998 18 19 29 49 122 14.999999999999998
leaf_count=15 18 19 29 49 122 15
internal_value=0.0171378 0.0614796 0.093952 0.128144 -0.0172998 -0.0364648
internal_weight=267 115 97 78 152 137
internal_count=267 115 97 78 152 137
is_linear=0
shrinkage=0.03


Tree=199
num_leaves=7
num_cat=0
split_feature=0 17 0 4 22 2
split_gain=348.395 512.419 382.256 711.823 607.056 405.202
threshold=112.50000000000001 -8.4999999999999982 67.500000000000014 1.0000000180025095e-35 1.2916666666666667 12.950000000000001
decision_type=2 8 2 2 10 2
left_child=1 -1 5 -4 -5 -3
right_child=-2 2 3 4 -6 -7
leaf_value=0.11078918180682443 -0.12442403977567498 0.054433494594625445 -0.2116579003551084 0.084952668666839593 -0.11991973042488098 -0.032872972119067395
leaf_weight=28 17 83 18 25 18 100
leaf_count=28 17 83 18 25 18 100
internal_value=-0.00959356 -0.000300278 -0.0150169 -0.0769349 -0.00436612 0.0071196
internal_weight=289 272 244 61 43 183
internal_count=289 272 244 61 43 183
is_linear=0
shrinkage=0.03


Tree=200
num_leaves=7
num_cat=0
split_feature=0 12 3 2 2 2
split_gain=522.281 391.665 241.16 793.904 589.805 942.644
threshold=112.50000000000001 12.050000000000002 1.0000000180025095e-35 13.950000000000001 14.850000000000003 16.850000000000005
decision_type=2 10 2 2 2 2
left_child=1 2 3 -1 -4 -6
right_child=-2 -3 4 -5 5 -7
leaf_value=0.10435706529154705 -0.1402251373529434 0.13443978048861027 -0.079728828297617529 -0.068403682926375609 0.18842424839161909 -0.022250699775444492
leaf_weight=62 14.999999999999998 19 67 33 21 69
leaf_count=62 15 19 67 33 21 69
internal_value=0.00799532 0.0185911 0.00741084 0.0439258 -0.015358 0.0342366
internal_weight=286 271 252 95 157 90
internal_count=286 271 252 95 157 90
is_linear=0
shrinkage=0.03


Tree=201
num_leaves=7
num_cat=0
split_feature=0 17 1 2 0 5
split_gain=330.604 409.462 251.172 234.934 362.092 307.538
threshold=107.50000000000001 -8.4999999999999982 17.500000000000004 19.450000000000003 62.500000000000007 -0.5
decision_type=2 8 8 2 2 2
left_child=1 -1 3 5 -5 -3
right_child=-2 2 -4 4 -6 -7
leaf_value=0.10824184851348401 -0.1147830625720646 0.060889513322005144 -0.10594868107275529 0.036466585814952844 -0.14339569174725075 -0.016756223581540278
leaf_weight=25 18 71 17 14.999999999999998 18 112
leaf_count=25 18 71 17 15 18 112
internal_value=-0.00578388 0.00385833 -0.00938032 0.000445048 -0.0675992 0.0141868
internal_weight=276 258 233 216 33 183
internal_count=276 258 233 216 33 183
is_linear=0
shrinkage=0.03


Tree=202
num_leaves=7
num_cat=0
split_feature=1 13 16 1 0 16
split_gain=422.953 360.194 409.941 338.148 592.425 457.221
threshold=17.500000000000004 1.0000000180025095e-35 19.500000000000004 7.5000000000000009 32.500000000000007 -7.4999999999999991
decision_type=10 10 10 8 2 8
left_child=1 2 3 4 -1 -5
right_child=-2 -3 -4 5 -6 -7
leaf_value=0.14518331591784955 -0.09529171087088123 0.14451698595285414 -0.11555201981748854 -0.054970110492272808 -0.031102922016096664 0.10743153489448808
leaf_weight=14.999999999999998 26 14.999999999999998 15.999999999999998 17 116 61
leaf_count=15 26 15 16 17 116 61
internal_value=0.00933969 0.0223882 0.0112816 0.0234643 -0.00632197 0.0708571
internal_weight=266 240 225 209 131 78
internal_count=266 240 225 209 131 78
is_linear=0
shrinkage=0.03


Tree=203
num_leaves=7
num_cat=0
split_feature=20 2 5 1 2 17
split_gain=295.059 394.58 339.639 674.268 839.608 735.717
threshold=-14.499999999999998 9.8500000000000032 -0.9330127018922193 7.5000000000000009 12.450000000000001 -30.499999999999996
decision_type=8 2 2 10 2 10
left_child=-1 -2 -3 -4 -5 -6
right_child=1 2 3 4 5 -7
leaf_value=-0.066304060628880612 -0.084287005854890712 -0.039952808117866515 -0.0058715555286605143 0.24232814731269048 -0.034171115390279075 0.18635591465234755
leaf_weight=41 26 45 93 24 39 14.999999999999998
leaf_count=41 26 45 93 24 39 15
internal_value=0.00352489 0.0164581 0.0302174 0.0492937 0.111459 0.037688
internal_weight=283 242 216 171 78 54
internal_count=283 242 216 171 78 54
is_linear=0
shrinkage=0.03


Tree=204
num_leaves=7
num_cat=0
split_feature=16 2 2 2 2 1
split_gain=279.138 291.888 619.337 381.915 638.013 577.641
threshold=19.500000000000004 9.6500000000000004 11.15 13.250000000000002 13.950000000000001 7.5000000000000009
decision_type=10 2 2 2 2 10
left_child=1 -1 -3 5 -5 -4
right_child=-2 2 3 4 -6 -7
leaf_value=-0.074791623860597609 -0.086247927897742813 0.16277224591145148 -0.18590277475970132 0.17515406047520429 0.0045701604959082929 0.020579372830688954
leaf_weight=25 23 21 15.999999999999998 18 141 27
leaf_count=25 23 21 16 18 141 27
internal_value=0.00370926 0.0135917 0.024923 0.00700661 0.0286328 -0.0676129
internal_weight=271 248 223 202 159 43
internal_count=271 248 223 202 159 43
is_linear=0
shrinkage=0.03


Tree=205
num_leaves=7
num_cat=0
split_feature=1 2 2 5 22 22
split_gain=253.617 309.112 685.727 839.727 949.459 583.636
threshold=-12.499999999999998 13.450000000000001 12.850000000000003 -0.5 5.8924836601307211 56.750000000000007
decision_type=10 2 2 2 8 8
left_child=-1 2 3 -2 -5 -3
right_child=1 5 -4 4 -6 -7
leaf_value=-0.095426609691764613 0.10752451439201831 0.0036593964878174896 -0.18016520950943232 0.015852701524470714 -0.22224529406298763 0.17052813624793831
leaf_weight=23 35 134 19 42 18 17
leaf_count=23 35 134 19 42 18 17
internal_value=-0.00956048 -0.000478793 -0.036887 -0.000655842 -0.0671779 0.0273095
internal_weight=288 265 114 95 60 151
internal_count=288 265 114 95 60 151
is_linear=0
shrinkage=0.03


Tree=206
num_leaves=7
num_cat=0
split_feature=11 1 16 22 5 1
split_gain=487.172 640.921 448.449 359.548 459.852 422.753
threshold=29.000000000000004 -12.499999999999998 5.5000000000000009 -44.499999999999993 -0.9330127018922193 -1.0000000180025095e-35
decision_type=8 10 10 8 2 10
left_child=2 -2 -1 -3 5 -5
right_child=1 3 -4 4 -6 -7
leaf_value=-0.0069147254816621919 -0.086139144705187881 -0.062168209411203858 -0.16753974813222883 0.083960170412063592 0.10782901537155026 -0.085808341396706442
leaf_weight=74 26 14.999999999999998 14.999999999999998 20 111 23
leaf_count=74 26 15 15 20 111 23
internal_value=0.0152035 0.0414543 -0.0414581 0.0629952 0.0767581 -0.00632561
internal_weight=284 195 89 169 154 43
internal_count=284 195 89 169 154 43
is_linear=0
shrinkage=0.03


Tree=207
num_leaves=7
num_cat=0
split_feature=20 2 3 22 22 6
split_gain=423.189 532.16 745.557 752.513 604.584 638.308
threshold=2.5000000000000004 13.450000000000001 1.0000000180025095e-35 -12.224999999999998 11.591176470588238 1.0000000180025095e-35
decision_type=10 2 2 10 8 10
left_child=1 2 4 -4 5 -1
right_child=-2 -3 3 -5 -6 -7
leaf_value=-0.14628369066450328 0.13067906409502028 0.020895683145942444 -0.27624618716861887 -0.033159064556802474 0.14613676933944225 0.073773469667543057
leaf_weight=22 14.999999999999998 162 18 26 14.999999999999998 17
leaf_count=22 15 162 18 26 15 17
internal_value=-0.00243693 -0.0124374 -0.0658787 -0.150645 0.0101033 -0.0528783
internal_weight=275 260 98 44 54 39
internal_count=275 260 98 44 54 39
is_linear=0
shrinkage=0.03


Tree=208
num_leaves=7
num_cat=0
split_feature=1 13 22 2 2 22
split_gain=407.317 401.362 376.266 480.076 1307.2 453.791
threshold=17.500000000000004 1.0000000180025095e-35 11.591176470588238 14.65 18.250000000000004 23.500000000000004
decision_type=8 10 8 2 2 10
left_child=1 2 -1 5 -5 -4
right_child=-2 -3 3 4 -6 -7
leaf_value=0.02211050086362543 -0.099251016099986281 0.12863198559392583 -0.20471374511718748 0.17804478912249855 -0.14571959690614181 -0.009265371598303318
leaf_weight=148 33 17 21 18 17 19
leaf_count=148 33 17 21 18 17 19
internal_value=-0.00796567 0.00635544 -0.00558255 -0.0581966 0.02223 -0.123221
internal_weight=273 240 223 75 35 40
internal_count=273 240 223 75 35 40
is_linear=0
shrinkage=0.03


Tree=209
num_leaves=7
num_cat=0
split_feature=12 16 1 22 22 4
split_gain=287.312 415.723 362.292 568.31 704.778 402.047
threshold=-5.8999999999999977 19.500000000000004 -1.0000000180025095e-35 31.900000000000002 17.138235294117653 -0.6830127018922193
decision_type=10 8 10 8 10 2
left_child=2 -2 5 4 -4 -1
right_child=1 -3 3 -5 -6 -7
leaf_value=-0.1606625921279192 0.1623151295185089 -0.02644977842058454 0.018155708639743796 0.11953210213780402 -0.16097971504149228 0.0024946521967649459
leaf_weight=19 20 15.999999999999998 136 35 18 31
leaf_count=19 20 16 136 35 18 31
internal_value=0.0120537 0.0854252 -0.000522087 0.0187562 -0.00718603 -0.0684744
internal_weight=275 36 239 189 154 50
internal_count=275 36 239 189 154 50
is_linear=0
shrinkage=0.03


Tree=210
num_leaves=7
num_cat=0
split_feature=12 16 22 4 0 0
split_gain=534.943 450.817 417.632 326.871 697.734 578.964
threshold=12.050000000000002 18.500000000000004 -56.999999999999993 0.25000000000000011 47.500000000000007 72.500000000000014
decision_type=10 10 10 2 2 2
left_child=1 2 -1 4 -4 -5
right_child=-2 -3 3 5 -6 -7
leaf_value=-0.081503090608119957 0.13468693676202195 -0.14016367763280868 0.056531581700994413 -0.0082901072998841606 -0.069209150985159257 0.18448663222789763
leaf_weight=45 18 19 73 31 76 20
leaf_count=45 18 19 73 31 76 20
internal_value=-0.00426494 -0.0160663 -0.00383164 0.0152061 -0.00776934 0.0770307
internal_weight=282 264 245 200 149 51
internal_count=282 264 245 200 149 51
is_linear=0
shrinkage=0.03


Tree=211
num_leaves=7
num_cat=0
split_feature=1 21 16 2 2 16
split_gain=310.399 289.455 432.054 420.581 498.854 500.151
threshold=17.500000000000004 5.2264705882352969 9.5000000000000018 18.000000000000004 8.4500000000000011 -8.4999999999999982
decision_type=8 10 10 2 2 8
left_child=1 2 3 4 -1 -6
right_child=-2 -3 -4 -5 5 -7
leaf_value=-0.089592003471084994 -0.074785238240773863 0.11766004800796509 -0.10503010399639606 -0.039515077297886211 -0.03058959290385246 0.1035609476448854
leaf_weight=15.999999999999998 34 18 23 67 31 93
leaf_count=16 34 18 23 67 31 93
internal_value=0.00407646 0.0161524 0.00587399 0.0203832 0.0494229 0.0701376
internal_weight=282 248 230 207 140 124
internal_count=282 248 230 207 140 124
is_linear=0
shrinkage=0.03


Tree=212
num_leaves=7
num_cat=0
split_feature=2 4 22 22 22 22
split_gain=535.506 939.639 873.575 741.962 692.521 566.491
threshold=13.450000000000001 -0.25000000000000028 18.219607843137258 -0.99999999999999989 -11.261573295985059 56.750000000000007
decision_type=2 2 8 8 10 8
left_child=1 4 3 -3 -1 -2
right_child=5 2 -4 -5 -6 -7
leaf_value=-0.28485249012708663 0.012767900145493897 0.040138695406563139 0.14899092340469361 -0.18271459933208384 -0.038598267897963522 0.15470374265024739
leaf_weight=14.999999999999998 144 29 25 18 25 26
leaf_count=15 144 29 25 18 25 26
internal_value=0.00514022 -0.0446409 0.0211949 -0.0545715 -0.152333 0.0382756
internal_weight=282 112 72 47 40 170
internal_count=282 112 72 47 40 170
is_linear=0
shrinkage=0.03


Tree=213
num_leaves=7
num_cat=0
split_feature=0 20 16 0 22 22
split_gain=320.13 377.451 644.177 317.404 459.96 320.595
threshold=32.500000000000007 -7.4999999999999991 2.5000000000000004 42.500000000000007 -11.914901960784311 -56.999999999999993
decision_type=2 10 10 2 10 10
left_child=-1 2 3 4 -2 -5
right_child=1 -3 -4 5 -6 -7
leaf_value=0.083143834003380365 0.15678331310098823 0.07953138211677814 -0.1423906545979636 -0.10723316903961332 -0.039221178617166431 -0.0081469946402868768
leaf_weight=23 17 24 37 33 18 134
leaf_count=23 17 24 37 33 18 134
internal_value=-0.0137667 -0.0236349 -0.0354121 -0.012851 0.0636786 -0.030275
internal_weight=286 263 239 202 35 167
internal_count=286 263 239 202 35 167
is_linear=0
shrinkage=0.03


Tree=214
num_leaves=7
num_cat=0
split_feature=0 2 11 2 5 2
split_gain=266.773 361.407 378.779 419.876 1029.21 531.449
threshold=82.500000000000014 8.4500000000000011 29.000000000000004 13.450000000000001 1.0000000180025095e-35 11.850000000000003
decision_type=2 2 8 2 2 2
left_child=1 -1 -3 4 5 -4
right_child=-2 2 3 -5 -6 -7
leaf_value=-0.094798539064147258 -0.044157065199436366 -0.020033678684670191 0.1720307030280431 0.11066950927972792 -0.15513666816055774 -0.036701928206852502
leaf_weight=17 69 73 22 70 19 15.999999999999998
leaf_count=17 69 73 22 70 19 16
internal_value=0.00527562 0.0216344 0.0336019 0.0640229 0.00243239 0.0900951
internal_weight=286 217 200 127 57 38
internal_count=286 217 200 127 57 38
is_linear=0
shrinkage=0.03


Tree=215
num_leaves=7
num_cat=0
split_feature=20 1 4 5 2 16
split_gain=487.162 387.589 685.201 666.716 868.741 888.817
threshold=-18.499999999999996 1.0000000180025095e-35 -0.6830127018922193 -0.9330127018922193 9.8500000000000032 -8.4999999999999982
decision_type=8 10 2 2 2 8
left_child=-1 2 -2 -3 -5 -6
right_child=1 3 -4 4 5 -7
leaf_value=-0.099787293249560927 -0.13698496970438187 -0.087051587176322928 0.031264575139896285 -0.093485234230756761 -0.055321400649845601 0.15932766326542558
leaf_weight=26 26 20 69 17 19 82
leaf_count=26 26 20 69 17 19 82
internal_value=0.0124033 0.0267558 -0.0193296 0.0580478 0.0851798 0.118243
internal_weight=259 233 95 138 118 101
internal_count=259 233 95 138 118 101
is_linear=0
shrinkage=0.03


Tree=216
num_leaves=7
num_cat=0
split_feature=19 1 1 2 17 2
split_gain=318.755 248.509 257.516 310.082 516.097 891.795
threshold=-1.0000000180025095e-35 17.500000000000004 -12.499999999999998 9.0500000000000025 -39.499999999999993 15.950000000000001
decision_type=10 8 10 2 10 2
left_child=1 2 -1 -4 -5 -6
right_child=-2 -3 3 4 5 -7
leaf_value=-0.075940576370420121 0.11366687380749246 -0.076168553059299787 -0.085851930444655208 0.0044744268741924312 0.24564574822783469 -0.015506151235765882
leaf_weight=24 18 31 18 155 19 22
leaf_count=24 18 31 18 155 19 22
internal_value=0.00646623 -0.00265036 0.00829576 0.0192609 0.0308097 0.119062
internal_weight=287 269 238 214 196 41
internal_count=287 269 238 214 196 41
is_linear=0
shrinkage=0.03


Tree=217
num_leaves=7
num_cat=0
split_feature=0 0 1 1 4 4
split_gain=264.101 174.9 341.907 236.215 505.796 475.376
threshold=32.500000000000007 97.500000000000014 1.0000000180025095e-35 1.0000000180025095e-35 -0.6830127018922193 -0.6830127018922193
decision_type=2 2 10 10 2 2
left_child=-1 3 -3 4 -2 -5
right_child=1 2 -4 5 -6 -7
leaf_value=0.089244187418371437 -0.16072980292141437 0.03145434129238129 -0.14116369972229004 0.10105306514284827 0.0048381582313570485 -0.016314486382163571
leaf_weight=19 19 14.999999999999998 20 39 53 102
leaf_count=19 19 15 20 39 53 102
internal_value=-0.00600869 -0.0149258 -0.0725001 -0.00401935 -0.0464533 0.0184978
internal_weight=267 248 35 213 72 141
internal_count=267 248 35 213 72 141
is_linear=0
shrinkage=0.03


Tree=218
num_leaves=7
num_cat=0
split_feature=1 12 1 0 16 1
split_gain=361.21 360.294 356.892 411.158 266.059 597.632
threshold=17.500000000000004 1.0000000180025095e-35 12.500000000000002 32.500000000000007 -28.499999999999996 7.5000000000000009
decision_type=8 10 10 2 10 10
left_child=1 2 3 -1 -5 -6
right_child=-2 -3 -4 4 5 -7
leaf_value=0.10776121804490686 -0.088306408639877071 0.11607432211599042 0.097706233804876155 0.002421130924289968 -0.13543719880960203 0.057744012034457663
leaf_weight=19 26 26 28 114 39 18
leaf_count=19 26 26 28 114 39 18
internal_value=0.0084668 0.0203449 0.00658101 -0.00900893 -0.0246762 -0.0746956
internal_weight=270 244 218 190 171 57
internal_count=270 244 218 190 171 57
is_linear=0
shrinkage=0.03


Tree=219
num_leaves=7
num_cat=0
split_feature=22 19 4 16 22 2
split_gain=438.642 396.229 251.555 383.933 306.057 265.494
threshold=-27.499999999999996 3.5000000000000004 0.25000000000000011 64.500000000000014 4.291176470588236 13.65
decision_type=10 8 2 8 10 2
left_child=-1 -2 4 -4 -3 -6
right_child=1 2 3 -5 5 -7
leaf_value=-0.058480112291872499 -0.071960324401205228 0.057604837441960204 0.021489302432164549 0.19717689173562183 -0.11894899308681488 0.012040357183326373
leaf_weight=75 28 73 27 15.999999999999998 15.999999999999998 39
leaf_count=75 28 73 27 16 16 39
internal_value=0.00107633 0.0244054 0.0417807 0.100591 0.0189851 -0.0328026
internal_weight=274 199 171 43 128 55
internal_count=274 199 171 43 128 55
is_linear=0
shrinkage=0.03


Tree=220
num_leaves=7
num_cat=0
split_feature=22 19 21 1 16 20
split_gain=474.547 393.875 440.646 326.391 360.655 217.834
threshold=56.750000000000007 -1.0000000180025095e-35 7.9769607843137225 17.500000000000004 15.500000000000002 -11.499999999999998
decision_type=8 10 8 10 10 8
left_child=1 2 5 4 -4 -1
right_child=-2 -3 3 -5 -6 -7
leaf_value=-0.036402097684996464 0.085379237696528429 0.099610653359975126 -0.018942293218043568 -0.14863241487741471 -0.14360230121612547 0.09006661902774464
leaf_weight=15.999999999999998 35 15.999999999999998 141 25 20 28
leaf_count=16 35 16 141 25 20 28
internal_value=-0.0108387 -0.0259563 -0.0366249 -0.056621 -0.0382869 0.0450562
internal_weight=281 246 230 186 161 44
internal_count=281 246 230 186 161 44
is_linear=0
shrinkage=0.03


Tree=221
num_leaves=7
num_cat=0
split_feature=2 20 2 17 2 0
split_gain=517.47 1093.41 729.437 415.64 357.471 298.08
threshold=13.250000000000002 -13.499999999999998 13.950000000000001 18.500000000000004 18.000000000000004 47.500000000000007
decision_type=2 10 2 10 2 2
left_child=1 -1 -2 4 -4 -6
right_child=2 -3 3 -5 5 -7
leaf_value=-0.10705237401492265 0.17805353838663834 0.10069110496435314 0.069611437901070244 -0.11545195690610191 0.054928099122540701 -0.066547784364223483
leaf_weight=78 21 27 71 17 24 45
leaf_count=78 21 27 71 17 24 45
internal_value=-6.17632e-05 -0.0514839 0.0308494 0.00627193 0.0245241 -0.0234388
internal_weight=283 105 178 157 140 69
internal_count=283 105 178 157 140 69
is_linear=0
shrinkage=0.03


Tree=222
num_leaves=7
num_cat=0
split_feature=2 2 4 16 17 22
split_gain=311.677 446.103 675.745 674.017 394.937 437.887
threshold=9.9500000000000011 13.450000000000001 0.25000000000000011 18.500000000000004 18.500000000000004 3.113529411764707
decision_type=2 2 2 8 10 8
left_child=-1 2 3 -2 5 -3
right_child=1 4 -4 -5 -6 -7
leaf_value=0.073440907110528253 -0.027979550546567353 -0.0078562249908748182 0.023978953315661505 -0.26463419398535848 -0.099234916448593141 0.098179929388893972
leaf_weight=36 23 98 34 18 20 49
leaf_count=36 23 98 34 18 20 49
internal_value=-0.00322299 -0.0158833 -0.0741854 -0.149348 0.0116957 0.0295561
internal_weight=278 242 75 41 167 147
internal_count=278 242 75 41 167 147
is_linear=0
shrinkage=0.03


Tree=223
num_leaves=7
num_cat=0
split_feature=13 16 2 2 4 22
split_gain=529.665 459.374 293.318 579.733 1200.08 906.144
threshold=1.0000000180025095e-35 9.5000000000000018 18.000000000000004 15.300000000000002 1.0000000180025095e-35 -51.999999999999993
decision_type=10 10 2 2 2 10
left_child=1 2 3 5 -5 -1
right_child=-2 -3 -4 4 -6 -7
leaf_value=-0.19609589248895645 0.14154608081687581 -0.1221829885840416 -0.046819077789783482 0.22603448279442323 -0.067333806694849674 0.023817631144904428
leaf_weight=14.999999999999998 17 25 70 26 18 103
leaf_count=15 17 25 70 26 18 103
internal_value=0.000164412 -0.0117105 0.00252045 0.0246035 0.111396 -0.0109725
internal_weight=274 257 232 162 44 118
internal_count=274 257 232 162 44 118
is_linear=0
shrinkage=0.03


Tree=224
num_leaves=7
num_cat=0
split_feature=1 2 22 2 2 5
split_gain=327.814 394.258 272.02 337.599 752.145 436.609
threshold=17.500000000000004 14.850000000000003 1.2916666666666667 9.8500000000000032 12.450000000000001 -0.5
decision_type=8 2 8 2 2 2
left_child=2 -2 -1 -4 -5 -6
right_child=1 -3 3 4 5 -7
leaf_value=0.032345663693547244 -0.18493166148662563 0.01151195296219417 -0.13693298366936768 0.13148713509241738 -0.12271027109026909 0.011076879913990314
leaf_weight=120 15.000000000000002 15.999999999999998 17 22 35 47
leaf_count=120 15 16 17 22 35 47
internal_value=-0.0115829 -0.0960245 0.00100985 -0.0301173 -0.0071767 -0.0497979
internal_weight=272 31 241 121 104 82
internal_count=272 31 241 121 104 82
is_linear=0
shrinkage=0.03


Tree=225
num_leaves=7
num_cat=0
split_feature=22 2 22 1 1 22
split_gain=419.864 509.88 810.441 262.906 381.546 368.481
threshold=26.292156862745099 16.050000000000004 31.179215686274514 17.500000000000004 7.5000000000000009 3.3908431372549033
decision_type=8 2 10 10 10 10
left_child=3 2 -2 4 -1 -6
right_child=1 -3 -4 -5 5 -7
leaf_value=-0.0042619742913281213 -0.24253885718492363 0.024827587989068801 0.026442371428012847 -0.071580818295478812 0.14531127227319252 -0.0080016462008158373
leaf_weight=131 21 26 14.999999999999998 25 32 22
leaf_count=131 21 26 15 25 32 22
internal_value=-0.00929274 -0.0747389 -0.140906 0.0113182 0.0241097 0.0874656
internal_weight=272 62 36 210 185 54
internal_count=272 62 36 210 185 54
is_linear=0
shrinkage=0.03


Tree=226
num_leaves=7
num_cat=0
split_feature=22 22 2 2 0 1
split_gain=208.211 354.368 247.314 338.288 331.202 215.77
threshold=1.2916666666666667 31.900000000000002 13.15 14.450000000000001 42.500000000000007 7.5000000000000009
decision_type=10 10 2 2 2 10
left_child=5 2 4 -4 -2 -1
right_child=1 -3 3 -5 -6 -7
leaf_value=-0.0057289254093276605 -0.0032979665994644167 0.070610682964324947 0.082125563621521 -0.065190544357666594 -0.18411951273679733 0.06120453166464964
leaf_weight=107 14.999999999999998 20 17 34 19 67
leaf_count=107 15 20 17 34 19 67
internal_value=0.00109105 -0.0314112 -0.0580055 -0.0131369 -0.114996 0.021034
internal_weight=279 105 85 51 34 174
internal_count=279 105 85 51 34 174
is_linear=0
shrinkage=0.03


Tree=227
num_leaves=7
num_cat=0
split_feature=20 1 2 2 20 17
split_gain=341.327 365.503 435.355 284.584 442.768 236.224
threshold=-20.499999999999996 -12.499999999999998 9.8500000000000032 18.850000000000005 1.0000000180025095e-35 -1.0000000180025095e-35
decision_type=8 10 2 2 8 10
left_child=-1 -2 -3 4 -4 -6
right_child=1 2 3 -5 5 -7
leaf_value=-0.091844836771488192 -0.074003371728791123 -0.065424807682633396 -0.021151539987247243 -0.016255224579718053 0.11849723370557805 0.017310852191664956
leaf_weight=17 22 25 33 36 104 28
leaf_count=17 22 25 33 36 104 28
internal_value=0.0223549 0.0318435 0.0435259 0.0583361 0.07461 0.0984486
internal_weight=265 248 226 201 165 132
internal_count=265 248 226 201 165 132
is_linear=0
shrinkage=0.03


Tree=228
num_leaves=7
num_cat=0
split_feature=20 2 1 5 22 2
split_gain=296.558 292.573 340.622 335.947 325.738 516.109
threshold=-20.499999999999996 8.4500000000000011 7.5000000000000009 -0.9330127018922193 18.219607843137258 13.250000000000002
decision_type=8 2 10 2 10 2
left_child=-1 -2 4 -4 5 -3
right_child=1 2 3 -5 -6 -7
leaf_value=-0.0963470735238946 -0.089845070903274135 -0.084252702185982145 -0.050931293453489027 0.085756049845367666 -0.11811222624778747 0.044380170955426165
leaf_weight=18 17 33 15.999999999999998 91 14.999999999999998 103
leaf_count=18 17 33 16 91 15 103
internal_value=0.00738141 0.0157702 0.0243051 0.0639556 -0.00494095 0.0112869
internal_weight=293 275 258 107 151 136
internal_count=293 275 258 107 151 136
is_linear=0
shrinkage=0.03


Tree=229
num_leaves=7
num_cat=0
split_feature=20 16 3 0 22 22
split_gain=285.492 408.878 395.642 365.604 1012.15 408.439
threshold=2.5000000000000004 1.0000000180025095e-35 1.0000000180025095e-35 42.500000000000007 -86.499999999999986 -11.914901960784311
decision_type=10 10 2 2 10 10
left_child=1 3 -3 5 -5 -1
right_child=-2 2 -4 4 -6 -7
leaf_value=0.16398411595395632 0.11620157879590988 0.041644466774804254 -0.1246531649082899 -0.16728723049163818 0.029027564566786165 0.007071005222632697
leaf_weight=23 14.999999999999998 15.999999999999998 35 24 123 33
leaf_count=23 15 16 35 24 123 33
internal_value=0.00706894 -0.00149475 -0.0734213 0.017906 -0.00747238 0.0796763
internal_weight=269 254 51 203 147 56
internal_count=269 254 51 203 147 56
is_linear=0
shrinkage=0.03


Tree=230
num_leaves=7
num_cat=0
split_feature=16 22 22 22 16 22
split_gain=249.042 308.821 448.842 484.01 269.247 199.531
threshold=19.500000000000004 23.500000000000004 11.591176470588238 5.8924836601307211 1.0000000180025095e-35 -27.499999999999996
decision_type=10 10 10 10 10 10
left_child=1 2 3 4 5 -1
right_child=-2 -3 -4 -5 -6 -7
leaf_value=-0.037183745108455055 -0.092670357227325431 0.097823025655746451 -0.14541590060506546 0.13353492346676912 -0.11636944472789765 0.02532870378670762
leaf_weight=78 26 20 15.999999999999998 17 15.999999999999998 98
leaf_count=78 26 20 16 17 16 98
internal_value=-0.0125519 -0.00236617 -0.0132049 7.76431e-05 -0.0148282 -0.00263754
internal_weight=271 245 225 209 192 176
internal_count=271 245 225 209 192 176
is_linear=0
shrinkage=0.03


Tree=231
num_leaves=7
num_cat=0
split_feature=17 20 22 4 22 2
split_gain=361.913 255.093 331.752 314.318 460.553 321.345
threshold=25.500000000000004 -15.499999999999998 -86.499999999999986 0.25000000000000011 18.219607843137258 11.850000000000003
decision_type=10 8 10 2 10 2
left_child=1 -1 -3 4 -4 -5
right_child=-2 2 3 5 -6 -7
leaf_value=-0.072036307348924522 -0.11869039255639781 -0.0597657066041773 0.026543525222955004 -0.0073357137680053709 -0.12740870654582978 0.13819399131461976
leaf_weight=29 18 39 135 20 14.999999999999998 35
leaf_count=29 18 39 135 20 15 35
internal_value=-0.00438013 0.00515597 0.0155928 0.0310109 0.00753496 0.0890728
internal_weight=291 273 244 205 150 55
internal_count=291 273 244 205 150 55
is_linear=0
shrinkage=0.03


Tree=232
num_leaves=7
num_cat=0
split_feature=2 5 20 5 1 22
split_gain=294.889 1257.74 476.538 353.523 1070.76 695.153
threshold=12.250000000000002 -0.5 -38.999999999999993 -0.68301270189221952 7.5000000000000009 -1.0000000180025095e-35
decision_type=2 2 10 2 10 8
left_child=1 -1 -3 5 -5 -2
right_child=3 2 -4 4 -6 -7
leaf_value=0.2200273118019104 0.014782263070953134 -0.13543312640190125 0.038463499407996149 -0.057118990370317507 0.12890503638169981 -0.15139733906586966
leaf_weight=20 44 20 29 71 39 40
leaf_count=20 44 20 29 71 39 40
internal_value=-0.00498193 0.0462515 -0.0384828 -0.0239084 0.011572 -0.0684107
internal_weight=263 69 49 194 110 84
internal_count=263 69 49 194 110 84
is_linear=0
shrinkage=0.03


Tree=233
num_leaves=7
num_cat=0
split_feature=20 22 2 5 2 2
split_gain=222.674 264.532 378.302 1226.43 922.511 431.972
threshold=-14.499999999999998 1.2916666666666667 12.250000000000002 -0.5 13.450000000000001 18.000000000000004
decision_type=8 8 2 2 2 2
left_child=-1 -2 3 -3 -4 -6
right_child=1 2 4 -5 5 -7
leaf_value=-0.080322301207404384 0.030836102904848242 0.19117676377296447 -0.23508754556829278 -0.1101211081624031 0.045368948392570017 -0.10299015947750637
leaf_weight=33 111 19 17 20 43 23
leaf_count=33 111 19 17 20 43 23
internal_value=-0.0129815 -0.00195688 -0.0318325 0.0417094 -0.0667948 -0.00994387
internal_weight=266 233 122 39 83 66
internal_count=266 233 122 39 83 66
is_linear=0
shrinkage=0.03


Tree=234
num_leaves=7
num_cat=0
split_feature=0 22 2 4 2 2
split_gain=390.462 526.458 500.934 497.469 473.005 313.628
threshold=42.500000000000007 -11.389921218487393 12.050000000000002 -0.25000000000000028 13.950000000000001 18.000000000000004
decision_type=2 10 2 2 2 2
left_child=1 -1 3 -2 -3 -4
right_child=2 4 5 -5 -6 -7
leaf_value=0.16863508021831514 -0.22317942452430725 0.073287612903256735 0.032651262357831001 -0.019832097138127971 -0.075289645212037223 -0.053981814579717041
leaf_weight=20 14.999999999999998 38 102 26 30 53
leaf_count=20 15 38 102 26 30 53
internal_value=5.69658e-05 0.0508829 -0.0234609 -0.1104 0.00707164 0.00226712
internal_weight=284 88 196 41 68 155
internal_count=284 88 196 41 68 155
is_linear=0
shrinkage=0.03


Tree=235
num_leaves=7
num_cat=0
split_feature=13 16 16 6 16 2
split_gain=242.976 198.89 356.988 301.124 280.436 280.685
threshold=1.0000000180025095e-35 1.0000000180025095e-35 -8.4999999999999982 0.62500000000000011 -28.499999999999996 9.6500000000000004
decision_type=10 10 10 8 10 2
left_child=1 2 4 -3 5 -1
right_child=-2 3 -4 -5 -6 -7
leaf_value=-0.072318987473845478 0.090020133267555924 -0.1327049095928669 0.12591293487165656 0.026001372147690164 -0.078932958720503626 0.028285188728215678
leaf_weight=25 23 19 15.999999999999998 17 32 146
leaf_count=25 23 19 16 17 32 146
internal_value=0.00612305 -0.00302978 0.00814797 -0.063729 -0.00393762 0.0119403
internal_weight=278 255 219 36 203 171
internal_count=278 255 219 36 203 171
is_linear=0
shrinkage=0.03


Tree=236
num_leaves=7
num_cat=0
split_feature=21 2 22 22 21 5
split_gain=462.317 216.834 583.877 434.559 167.694 136.955
threshold=-11.552509803921568 14.850000000000003 56.750000000000007 36.000000000000007 9.3867647058823547 -0.5
decision_type=10 2 8 8 10 2
left_child=1 3 -3 5 -2 -1
right_child=4 2 -4 -5 -6 -7
leaf_value=0.019988236991982711 0.1138427155344717 -0.036917089787198272 0.12176152161189487 -0.17715773284435271 -0.001003537540850432 -0.049426606084894513
leaf_weight=33 26 77 23 17 18 82
leaf_count=33 26 77 23 17 18 82
internal_value=-0.012633 -0.0297718 0.00363925 -0.0542922 0.0715519 -0.0295047
internal_weight=276 232 100 132 44 115
internal_count=276 232 100 132 44 115
is_linear=0
shrinkage=0.03


Tree=237
num_leaves=7
num_cat=0
split_feature=0 20 16 4 0 22
split_gain=256.388 409.508 232.087 354.131 288.944 320.805
threshold=32.500000000000007 -2.4999999999999996 -28.499999999999996 -0.25000000000000028 107.50000000000001 -11.914901960784311
decision_type=2 10 10 2 2 8
left_child=-1 2 4 -4 5 -2
right_child=1 -3 3 -5 -6 -7
leaf_value=0.094556739869713774 0.076615938965616553 0.12477714773174375 -0.12743086278438567 -0.007356910253874957 -0.090193754434585577 -0.014855202888620309
leaf_weight=20 53 14.999999999999998 31 59 19 82
leaf_count=20 53 15 31 59 19 82
internal_value=0.00277387 -0.00597022 -0.0163521 -0.0532458 0.00620548 0.0225094
internal_weight=279 259 244 90 154 135
internal_count=279 259 244 90 154 135
is_linear=0
shrinkage=0.03


Tree=238
num_leaves=7
num_cat=0
split_feature=22 12 22 2 2 4
split_gain=340.235 260.801 442.645 226.46 552.409 199.336
threshold=31.900000000000002 7.4500000000000002 17.138235294117653 18.000000000000004 16.050000000000004 -0.6830127018922193
decision_type=10 10 10 2 2 2
left_child=1 2 3 4 5 -1
right_child=-2 -3 -4 -5 -6 -7
leaf_value=-0.081730780972745914 0.10694624483585358 0.071376336947564151 -0.1357091048028734 -0.052483980401473881 0.13671375761429469 0.0065243456355835259
leaf_weight=24 19 26 22 63 22 109
leaf_count=24 19 26 22 63 22 109
internal_value=-0.00134078 -0.010906 -0.0210947 -0.00674465 0.0129053 -0.0117856
internal_weight=285 266 240 218 155 133
internal_count=285 266 240 218 155 133
is_linear=0
shrinkage=0.03


Tree=239
num_leaves=7
num_cat=0
split_feature=2 22 22 20 2 22
split_gain=417.758 636.068 962.137 522.053 710.891 616.422
threshold=13.250000000000002 23.500000000000004 3.3908431372549033 23.500000000000004 18.000000000000004 14.382843137254905
decision_type=2 10 8 8 2 10
left_child=1 2 -1 -2 5 -5
right_child=3 -3 -4 4 -6 -7
leaf_value=0.0075055741152859163 -0.050283466078797169 0.09040906773673163 -0.19120917826694878 0.16595018242155352 -0.028564787471294404 -0.01094946674231825
leaf_weight=51 44 22 33 57 45 24
leaf_count=51 44 22 33 57 45 24
internal_value=0.00595963 -0.039681 -0.0769173 0.0347386 0.0652148 0.115946
internal_weight=276 106 84 170 126 81
internal_count=276 106 84 170 126 81
is_linear=0
shrinkage=0.03


Tree=240
num_leaves=7
num_cat=0
split_feature=12 2 0 11 2 5
split_gain=504.156 363.677 434.879 300.056 296.618 586.5
threshold=7.4500000000000002 18.000000000000004 57.500000000000007 -15.499999999999998 13.250000000000002 -0.5
decision_type=10 2 2 10 2 2
left_child=1 3 -3 4 -1 -6
right_child=-2 2 -4 -5 5 -7
leaf_value=-0.01238516089618206 0.13134476837184694 0.028768903151635199 -0.12142485591498289 -0.056354104700897419 -0.020553729612986706 0.12924153161676305
leaf_weight=70 22 26 39 37 38 52
leaf_count=70 22 26 39 37 38 52
internal_value=0.00789844 -0.00473281 -0.0635837 0.0157782 0.033661 0.0682417
internal_weight=284 262 65 197 160 90
internal_count=284 262 65 197 160 90
is_linear=0
shrinkage=0.03


Tree=241
num_leaves=7
num_cat=0
split_feature=0 17 0 21 0 22
split_gain=408.818 273.465 268.578 485.755 300.772 297.551
threshold=112.50000000000001 -59.499999999999993 42.500000000000007 9.3867647058823547 77.500000000000014 -12.996313725490195
decision_type=2 10 2 8 2 10
left_child=1 2 5 4 -4 -1
right_child=-2 -3 3 -5 -6 -7
leaf_value=0.11089273892343045 -0.13990357909883772 0.047878464137514433 0.12450942501425742 -0.087165400635364446 -0.035287249684333798 -0.013212322409336383
leaf_weight=19 15.999999999999998 67 14.999999999999998 81 19 60
leaf_count=19 16 67 15 81 19 60
internal_value=-0.0125568 -0.00226713 -0.0203533 -0.0487744 0.0421358 0.0214598
internal_weight=277 261 194 115 34 79
internal_count=277 261 194 115 34 79
is_linear=0
shrinkage=0.03


Tree=242
num_leaves=7
num_cat=0
split_feature=0 19 21 16 1 16
split_gain=325.886 296.696 239.157 383.579 417.046 576.441
threshold=112.50000000000001 -1.0000000180025095e-35 -11.552509803921568 18.500000000000004 -1.0000000180025095e-35 -8.4999999999999982
decision_type=2 8 10 10 10 8
left_child=1 -1 3 4 -3 -6
right_child=-2 2 -4 -5 5 -7
leaf_value=-0.086045746590409963 -0.11873879706859589 -0.060497769968850271 0.082285156037126259 -0.12160653054714203 -0.071449714946177065 0.068911668477058416
leaf_weight=23 14.999999999999998 44 37 14.999999999999998 29 120
leaf_count=23 15 44 37 15 29 120
internal_value=-0.00187477 0.00672104 0.0169765 0.00370022 0.016264 0.0401602
internal_weight=283 268 245 208 193 149
internal_count=283 268 245 208 193 149
is_linear=0
shrinkage=0.03


Tree=243
num_leaves=7
num_cat=0
split_feature=21 16 1 0 4 5
split_gain=271.701 274.48 341.994 335.517 426.362 348.071
threshold=5.2264705882352969 1.0000000180025095e-35 1.0000000180025095e-35 62.500000000000007 -0.6830127018922193 -0.24999999999999994
decision_type=10 10 10 2 2 2
left_child=1 3 -3 5 -5 -1
right_child=-2 2 -4 4 -6 -7
leaf_value=-0.030800723166245478 0.09607367952664693 -0.16395382887125015 0.012999325524205746 -0.13610982033941482 0.0072587530966848135 0.071430267771786959
leaf_weight=41 22 14.999999999999998 18 22 59 87
leaf_count=41 22 15 18 22 59 87
internal_value=0.00579273 -0.0041933 -0.0784235 0.00908573 -0.0373303 0.0387575
internal_weight=264 242 33 209 81 128
internal_count=264 242 33 209 81 128
is_linear=0
shrinkage=0.03


Tree=244
num_leaves=7
num_cat=0
split_feature=17 22 3 2 2 22
split_gain=577.635 295.593 276.639 723.106 1314.59 560.786
threshold=-8.4999999999999982 31.900000000000002 1.0000000180025095e-35 14.850000000000003 18.000000000000004 26.292156862745099
decision_type=10 10 2 2 2 8
left_child=2 -2 -1 5 -5 -4
right_child=1 -3 3 4 -6 -7
leaf_value=0.065905728093053728 -0.13830864218374092 0.0083826143067816019 -0.020143443506104166 0.23477012460048383 -0.018101259149722198 -0.20740889319777486
leaf_weight=74 31 18 56 21 62 14.999999999999998
leaf_count=74 31 18 56 21 62 15
internal_value=-0.000232083 -0.0886354 0.0202612 -0.00305465 0.0555823 -0.0707491
internal_weight=277 49 228 154 83 71
internal_count=277 49 228 154 83 71
is_linear=0
shrinkage=0.03


Tree=245
num_leaves=7
num_cat=0
split_feature=20 0 2 2 16 15
split_gain=469.263 327.944 355.035 543.945 220.265 265.044
threshold=2.5000000000000004 32.500000000000007 13.450000000000001 12.750000000000002 -8.4999999999999982 -30.999999999999996
decision_type=10 2 2 2 10 10
left_child=1 -1 3 4 5 -3
right_child=-2 2 -4 -5 -6 -7
leaf_value=0.10339364272356033 0.1365466051697731 -0.11051256167037145 0.00428650273789059 -0.1962750650351138 0.040580527544021604 0.02532451264236284
leaf_weight=14.999999999999998 14.999999999999998 30 160 18 25 18
leaf_count=15 15 30 160 18 25 18
internal_value=-0.00376332 -0.0140489 -0.0229497 -0.0685665 -0.0265136 -0.0619901
internal_weight=281 266 251 91 73 48
internal_count=281 266 251 91 73 48
is_linear=0
shrinkage=0.03


Tree=246
num_leaves=7
num_cat=0
split_feature=22 2 1 12 2 1
split_gain=286.015 615.923 299.684 309.506 262.716 338.004
threshold=26.292156862745099 13.15 22.500000000000004 7.4500000000000002 13.950000000000001 7.5000000000000009
decision_type=8 2 10 10 2 10
left_child=2 -2 3 4 5 -1
right_child=1 -3 -4 -5 -6 -7
leaf_value=-0.0094511395747298894 0.051850718046937666 -0.13283876751150403 -0.10061330084289823 0.11975590437650681 -0.025427952086819069 0.10695035768718253
leaf_weight=48 23 37 15.999999999999998 19 107 36
leaf_count=48 23 37 16 19 107 36
internal_value=-0.00800695 -0.0634986 0.00778089 0.0181873 0.00528635 0.0436411
internal_weight=286 60 226 210 191 84
internal_count=286 60 226 210 191 84
is_linear=0
shrinkage=0.03


Tree=247
num_leaves=7
num_cat=0
split_feature=22 17 4 2 2 5
split_gain=292.589 451.088 421.573 568.321 337.727 337.084
threshold=31.900000000000002 -17.499999999999996 0.25000000000000011 14.450000000000001 17.350000000000005 -0.5
decision_type=8 10 2 2 2 2
left_child=1 2 -1 -4 5 -2
right_child=4 -3 3 -5 -6 -7
leaf_value=-0.01802636156964206 0.0061287154322085171 -0.10299916446935839 0.15524222490462389 -0.050400409549474716 -0.044153943828174044 0.17816079583168029
leaf_weight=150 18 36 28 15.999999999999998 15.999999999999998 20
leaf_count=150 18 36 28 16 16 20
internal_value=0.00247502 -0.0125637 0.00638442 0.0829507 0.0621652 0.10686
internal_weight=284 230 194 44 54 38
internal_count=284 230 194 44 54 38
is_linear=0
shrinkage=0.03


Tree=248
num_leaves=7
num_cat=0
split_feature=2 20 22 2 13 22
split_gain=309.86 683.854 522.244 375.189 577.068 340.717
threshold=13.450000000000001 -15.499999999999998 56.750000000000007 13.950000000000001 4.3000000000000052 -20.504901960784313
decision_type=2 10 8 2 8 10
left_child=1 5 3 -2 -5 -1
right_child=2 -3 -4 4 -6 -7
leaf_value=-0.19792714512348175 0.11691959157586097 0.072978768771623861 0.1293979594297707 0.076517173922978909 -0.059852718508243558 -0.049773014660032699
leaf_weight=14.999999999999998 14.999999999999998 29 27 34 95 66
leaf_count=15 15 29 27 34 95 66
internal_value=-0.00536057 -0.0435752 0.0197615 -0.00444772 -0.0223963 -0.0871212
internal_weight=281 110 171 144 129 81
internal_count=281 110 171 144 129 81
is_linear=0
shrinkage=0.03


Tree=249
num_leaves=7
num_cat=0
split_feature=0 16 13 2 2 6
split_gain=269.42 262.143 535.309 322.111 489.618 376.594
threshold=32.500000000000007 -28.499999999999996 -3.9147058823529366 16.850000000000005 9.6500000000000004 0.87500000000000011
decision_type=2 10 10 2 2 8
left_child=-1 3 -3 4 -2 -5
right_child=1 2 -4 5 -6 -7
leaf_value=0.094503827828627374 -0.065340569758415221 -0.088506506540595664 0.057005124039509719 0.059977819025516507 0.090860926758446911 -0.078327282607555379
leaf_weight=21 20 68 29 23 68 45
leaf_count=21 20 68 29 23 68 45
internal_value=0.00249694 -0.00682346 -0.0443412 0.0171574 0.0537563 -0.0306436
internal_weight=274 253 97 156 88 68
internal_count=274 253 97 156 88 68
is_linear=0
shrinkage=0.03


Tree=250
num_leaves=7
num_cat=0
split_feature=19 0 4 20 21 2
split_gain=194.156 185.101 417.971 389.417 183.684 267.824
threshold=-1.0000000180025095e-35 37.500000000000007 -0.25000000000000028 -15.499999999999998 7.9769607843137225 18.000000000000004
decision_type=8 2 2 10 8 2
left_child=-1 2 -2 4 -3 -6
right_child=1 3 -4 -5 5 -7
leaf_value=-0.062088281491940671 0.13720707293479673 0.059870103427342003 -0.025156396179106727 0.12151482359590854 -0.0018123119285232141 -0.089989624168814675
leaf_weight=28 26 23 24 17 128 36
leaf_count=28 26 23 24 17 128 36
internal_value=0.00659947 0.0152238 0.0640706 0.00200515 -0.0117409 -0.0232581
internal_weight=282 254 50 204 187 164
internal_count=282 254 50 204 187 164
is_linear=0
shrinkage=0.03


Tree=251
num_leaves=7
num_cat=0
split_feature=22 2 2 2 16 11
split_gain=233.398 443.033 269.886 515.23 493.832 417.554
threshold=17.138235294117653 12.950000000000001 9.9500000000000011 13.250000000000002 2.5000000000000004 -37.999999999999993
decision_type=10 2 2 2 8 10
left_child=2 -2 -1 4 -4 -5
right_child=1 -3 3 5 -6 -7
leaf_value=0.095086864779392877 0.021926542905069166 -0.14645084425806998 0.026408728767057944 0.052117486660761277 -0.14024423496025362 -0.053612415096227162
leaf_weight=22 26 23 24 116 36 42
leaf_count=22 26 23 24 116 36 42
internal_value=-0.00697716 -0.06335 0.00559027 -0.00537098 -0.0766794 0.0232296
internal_weight=289 49 240 218 60 158
internal_count=289 49 240 218 60 158
is_linear=0
shrinkage=0.03


Tree=252
num_leaves=7
num_cat=0
split_feature=4 2 2 20 0 22
split_gain=335.282 1049.96 724.005 883.485 258.434 436.458
threshold=0.25000000000000011 14.250000000000002 13.250000000000002 -38.999999999999993 57.500000000000007 25.390522875817002
decision_type=2 2 2 10 2 8
left_child=2 4 3 -1 5 -2
right_child=1 -3 -4 -5 -6 -7
leaf_value=-0.23673241284158494 -0.060047910958528516 -0.1016457262262702 0.01574227849350256 -0.0032046859147580892 0.18535095621432576 0.13080123095512389
leaf_weight=22 14.999999999999998 25 131 32 23 20
leaf_count=22 15 25 131 32 23 20
internal_value=-0.000585608 0.0478355 -0.0229968 -0.110345 0.115221 0.0517268
internal_weight=268 83 185 54 58 35
internal_count=268 83 185 54 58 35
is_linear=0
shrinkage=0.03


Tree=253
num_leaves=7
num_cat=0
split_feature=16 3 16 0 16 16
split_gain=206.536 299.585 557.389 288.353 262.912 218.674
threshold=19.500000000000004 1.0000000180025095e-35 -1.4999999999999998 37.500000000000007 1.0000000180025095e-35 -20.499999999999996
decision_type=10 2 8 2 10 10
left_child=1 2 -1 -4 5 -3
right_child=-2 4 3 -5 -6 -7
leaf_value=-0.046426905546639412 -0.070019591044295906 -0.014971437304918692 0.0039754729986190796 0.14100086753672741 -0.11221022389151833 0.091752639770507821
leaf_weight=32 28 122 20 42 17 14.999999999999998
leaf_count=32 28 122 20 42 17 15
internal_value=0.000580217 0.00977742 0.0505922 0.100394 -0.015943 -0.00046704
internal_weight=276 248 94 62 154 137
internal_count=276 248 94 62 154 137
is_linear=0
shrinkage=0.03


Tree=254
num_leaves=7
num_cat=0
split_feature=2 2 0 20 22 2
split_gain=360.33 433.513 335.014 394.521 429.886 414.685
threshold=8.4500000000000011 9.9500000000000011 112.50000000000001 23.500000000000004 25.390522875817002 14.450000000000001
decision_type=2 2 2 8 8 2
left_child=-1 -2 3 -3 5 -5
right_child=1 2 -4 4 -6 -7
leaf_value=-0.11467007342459899 0.13334979352355003 -0.048443234165178553 -0.10980757940899241 0.13542962441639023 -0.03524437154801386 0.019568339587264772
leaf_weight=15.999999999999998 20 63 17 44 48 69
leaf_count=16 20 63 17 44 48 69
internal_value=0.00507774 0.0144361 0.00205793 0.0127599 0.0374467 0.0685094
internal_weight=277 261 241 224 161 113
internal_count=277 261 241 224 161 113
is_linear=0
shrinkage=0.03


Tree=255
num_leaves=7
num_cat=0
split_feature=2 2 11 2 2 1
split_gain=257.755 381.291 158.784 273.851 251.077 242.98
threshold=8.4500000000000011 9.9500000000000011 29.000000000000004 20.150000000000002 16.550000000000004 -12.499999999999998
decision_type=2 2 8 2 2 10
left_child=-1 -2 4 5 -3 -4
right_child=1 2 3 -5 -6 -7
leaf_value=-0.097911964628845452 0.13343066168187018 -0.087669444247884185 -0.055517152216699381 -0.083726057897914541 0.029067964052721378 0.043100555307719092
leaf_weight=14.999999999999998 17 33 22 17 26 146
leaf_count=15 17 33 22 17 26 146
internal_value=0.00610018 0.013806 0.0029595 0.0166697 -0.0379739 0.028955
internal_weight=276 261 244 185 59 168
internal_count=276 261 244 185 59 168
is_linear=0
shrinkage=0.03


Tree=256
num_leaves=7
num_cat=0
split_feature=1 17 2 2 4 4
split_gain=411.68 275.62 231.12 333.706 632.082 262.74
threshold=17.500000000000004 -8.4999999999999982 18.600000000000005 15.300000000000002 -0.6830127018922193 -0.6830127018922193
decision_type=8 8 2 2 2 2
left_child=1 -1 3 5 -5 -3
right_child=-2 2 -4 4 -6 -7
leaf_value=0.095956824660301199 -0.094115352985950612 -0.086711384683847426 -0.05734139340765336 0.1960257040936014 -0.026226616239605038 0.012441894145163356
leaf_weight=25 34 25 46 18 21 117
leaf_count=25 34 25 46 18 21 117
internal_value=-0.00334342 0.0104964 -0.000780786 0.0147488 0.0869704 -0.00737028
internal_weight=286 252 227 181 39 142
internal_count=286 252 227 181 39 142
is_linear=0
shrinkage=0.03


Tree=257
num_leaves=7
num_cat=0
split_feature=12 23 22 22 2 22
split_gain=330.984 273.674 319.856 417.925 347.145 562.808
threshold=7.4500000000000002 1.0000000180025095e-35 14.382843137254905 -27.499999999999996 13.250000000000002 5.2000000000000011
decision_type=10 2 10 8 2 8
left_child=1 2 3 -1 -5 -6
right_child=-2 -3 -4 4 5 -7
leaf_value=-0.062972619684135658 0.096370378671021287 -0.10928272735165512 -0.069535874736552331 -0.012344133488728965 0.022869594596665013 0.18389392709732053
leaf_weight=42 24 18 44 66 61 25
leaf_count=42 24 18 44 66 61 25
internal_value=0.000224719 -0.0104624 -0.0008938 0.0160305 0.0391706 0.0772111
internal_weight=280 256 238 194 152 86
internal_count=280 256 238 194 152 86
is_linear=0
shrinkage=0.03


Tree=258
num_leaves=7
num_cat=0
split_feature=22 0 17 2 1 5
split_gain=268.554 292.51 593.578 274.196 467.637 564.13
threshold=-27.499999999999996 47.500000000000007 -86.499999999999986 9.0500000000000025 7.5000000000000009 -0.9330127018922193
decision_type=10 2 10 2 10 2
left_child=1 -1 -3 -2 -5 -6
right_child=3 2 -4 4 5 -7
leaf_value=0.06100972580909729 -0.07371435249745846 -0.14686544491694523 0.032967310449288738 -0.0081318789420264034 -0.060775828744683943 0.12233732692684446
leaf_weight=14.999999999999998 20 34 26 111 15.999999999999998 65
leaf_count=15 20 34 26 111 16 65
internal_value=0.00347806 -0.0435696 -0.0723964 0.0207427 0.0322032 0.0847363
internal_weight=287 75 60 212 192 81
internal_count=287 75 60 212 192 81
is_linear=0
shrinkage=0.03


Tree=259
num_leaves=7
num_cat=0
split_feature=2 2 0 22 2 22
split_gain=255.486 259.385 583.286 173.428 443.063 856.297
threshold=9.0500000000000025 11.950000000000001 42.500000000000007 1.2916666666666667 16.050000000000004 7.5000000000000009
decision_type=2 2 2 8 2 10
left_child=-1 2 -2 -3 5 -5
right_child=1 3 -4 4 -6 -7
leaf_value=-0.10271394701208919 0.16506472241878509 0.0097152280997281452 -0.028638963182182869 -0.24639570041136308 0.023403645998239516 -0.0041273933962771769
leaf_weight=19 20 114 29 17 45 33
leaf_count=19 20 114 29 17 45 33
internal_value=-0.0090904 -0.000373987 0.0583869 -0.0151928 -0.0440736 -0.10141
internal_weight=277 258 49 209 95 50
internal_count=277 258 49 209 95 50
is_linear=0
shrinkage=0.03


Tree=260
num_leaves=7
num_cat=0
split_feature=0 16 3 16 2 20
split_gain=306.836 345.673 381.532 728.767 924.91 681.893
threshold=107.50000000000001 19.500000000000004 1.0000000180025095e-35 -1.4999999999999998 9.8500000000000032 -1.0000000180025095e-35
decision_type=2 10 2 8 2 8
left_child=1 2 3 -1 -5 -6
right_child=-2 -3 -4 4 5 -7
leaf_value=-0.043418545207461794 -0.11022790023258754 -0.089251326867218678 -0.0094211306947959098 -0.061223347619175916 0.030025750466368413 0.27640348918976321
leaf_weight=32 15.999999999999998 24 148 14.999999999999998 17 26
leaf_count=32 16 24 148 15 17 26
internal_value=0.000189449 0.00887041 0.0203979 0.0673486 0.127057 0.192272
internal_weight=278 262 238 90 58 43
internal_count=278 262 238 90 58 43
is_linear=0
shrinkage=0.03


Tree=261
num_leaves=7
num_cat=0
split_feature=1 4 2 3 2 22
split_gain=384.567 292.299 1730.03 720.569 282.795 845.209
threshold=17.500000000000004 0.25000000000000011 14.450000000000001 1.0000000180025095e-35 13.450000000000001 5.8924836601307211
decision_type=8 2 2 2 2 8
left_child=1 4 3 -3 5 -1
right_child=-2 2 -4 -5 -6 -7
leaf_value=0.018648820956548053 -0.097297401761364491 0.25285498295878539 -0.15638380274176597 0.022561367409569877 0.013090992205672792 -0.20450387522578239
leaf_weight=40 31 24 19 23 130 19
leaf_count=40 31 24 19 23 130 19
internal_value=-0.00547429 0.00734496 0.0593141 0.153164 -0.011864 -0.0635765
internal_weight=286 255 66 47 189 59
internal_count=286 255 66 47 189 59
is_linear=0
shrinkage=0.03


Tree=262
num_leaves=7
num_cat=0
split_feature=2 22 4 2 21 20
split_gain=191.9 824.661 449.354 1030.14 378.473 231.805
threshold=13.450000000000001 -31.499999999999996 -0.25000000000000028 16.850000000000005 7.9769607843137225 -38.999999999999993
decision_type=2 10 2 2 8 10
left_child=1 -1 3 -2 -4 -3
right_child=2 5 4 -5 -6 -7
leaf_value=-0.21752434802055359 0.19822892582416535 -0.045164052412427706 0.050339251101016995 -0.014855145046960061 -0.080280719996080732 0.044507037920362133
leaf_weight=14.999999999999998 25 53 25 62 59 42
leaf_count=15 25 53 25 62 59 42
internal_value=-0.0124279 -0.0424189 0.0075215 0.0538214 -0.0407617 -0.00527684
internal_weight=281 110 171 87 84 95
internal_count=281 110 171 87 84 95
is_linear=0
shrinkage=0.03


Tree=263
num_leaves=7
num_cat=0
split_feature=0 22 0 2 20 4
split_gain=238.059 316.172 458.447 844.503 264.609 388.601
threshold=112.50000000000001 27.219019607843141 42.500000000000007 15.300000000000002 -2.4999999999999996 0.25000000000000011
decision_type=2 8 2 2 8 2
left_child=1 4 -3 -4 -1 -6
right_child=-2 2 3 -5 5 -7
leaf_value=-0.032159528066827495 -0.10202986717224122 0.053920659682025078 -0.23079681515693665 0.040012781045266559 0.012966471043509955 0.12339022562299903
leaf_weight=61 15.999999999999998 18 19 15.999999999999998 123 33
leaf_count=61 16 18 19 16 123 33
internal_value=-0.00472611 0.00279028 -0.0596324 -0.117471 0.0190361 0.0394319
internal_weight=286 270 53 35 217 156
internal_count=286 270 53 35 217 156
is_linear=0
shrinkage=0.03


Tree=264
num_leaves=7
num_cat=0
split_feature=20 2 2 2 22 0
split_gain=338.238 396.332 567.552 359.919 522.815 396.606
threshold=1.0000000180025095e-35 13.450000000000001 12.850000000000003 18.000000000000004 56.750000000000007 47.500000000000007
decision_type=10 2 2 2 8 2
left_child=1 2 -1 4 -3 -5
right_child=-2 3 -4 5 -6 -7
leaf_value=-0.018159522697827668 0.11460592082568577 0.019375674221873952 -0.1884325445216635 0.074425508528947831 0.1915594139099121 -0.07046661994984893
leaf_weight=81 15.999999999999998 84 18 19 14.999999999999998 56
leaf_count=81 16 84 18 19 15 56
internal_value=-0.00151555 -0.0102601 -0.0566891 0.0170021 0.0534195 -0.0314031
internal_weight=289 273 99 174 99 75
internal_count=289 273 99 174 99 75
is_linear=0
shrinkage=0.03


Tree=265
num_leaves=7
num_cat=0
split_feature=22 21 22 16 22 16
split_gain=208.423 303.741 277.117 237.531 129.789 100.549
threshold=11.591176470588238 30.842156862745099 31.900000000000002 1.0000000180025095e-35 -4.9372549019607819 -28.499999999999996
decision_type=8 8 8 10 10 10
left_child=3 -2 -3 4 5 -1
right_child=1 2 -4 -5 -6 -7
leaf_value=0.028329234058139741 0.064752722276108607 -0.13236186037009412 -0.017704860203795962 -0.062724282313138244 0.069073425704573685 -0.025857093621124611
leaf_weight=86 15.999999999999998 28.000000000000004 49 27 42 42
leaf_count=86 16 28 49 27 42 42
internal_value=-0.00461778 -0.040451 -0.0649269 0.0128809 0.0263379 0.0102457
internal_weight=290 93 77 197 170 128
internal_count=290 93 77 197 170 128
is_linear=0
shrinkage=0.03


Tree=266
num_leaves=7
num_cat=0
split_feature=13 0 22 22 0 2
split_gain=266.144 240.776 278.324 419.162 550.071 417.815
threshold=4.3000000000000052 32.500000000000007 31.900000000000002 8.8750000000000018 57.500000000000007 16.850000000000005
decision_type=8 2 10 8 2 2
left_child=-1 -2 3 -3 -5 -6
right_child=1 2 -4 4 5 -7
leaf_value=0.053397216983139519 0.06366102954086203 -0.010747375133258283 0.058942487438519792 -0.16769855463504793 0.090810244402715137 -0.096303375231271443
leaf_weight=43 21 128 22 40 15.999999999999998 17
leaf_count=43 21 128 22 40 16 17
internal_value=-0.0115678 -0.0238589 -0.033316 -0.0445995 -0.0994627 -0.00556998
internal_weight=287 244 223 201 73 33
internal_count=287 244 223 201 73 33
is_linear=0
shrinkage=0.03


Tree=267
num_leaves=7
num_cat=0
split_feature=12 23 0 22 2 0
split_gain=298.417 327.173 286.208 186.555 410.835 426.909
threshold=12.050000000000002 1.0000000180025095e-35 57.500000000000007 -1.0000000180025095e-35 10.250000000000002 37.500000000000007
decision_type=10 2 2 10 2 2
left_child=1 2 3 4 -1 -6
right_child=-2 -3 -4 -5 5 -7
leaf_value=0.12295189284719525 0.11742077058011835 -0.091201569549739361 -0.022102267352962179 0.087932417112238273 0.06537255791100588 -0.074534125861768816
leaf_weight=19 17 25 109 46 28 44
leaf_count=19 17 25 109 46 28 44
internal_value=0.0111538 0.00248122 0.0136289 0.0418347 0.0151663 -0.019414
internal_weight=288 271 246 137 91 72
internal_count=288 271 246 137 91 72
is_linear=0
shrinkage=0.03


Tree=268
num_leaves=7
num_cat=0
split_feature=4 2 1 2 2 2
split_gain=215.413 496.882 297.211 237.609 546.258 321.628
threshold=-0.6830127018922193 16.350000000000005 1.0000000180025095e-35 15.550000000000002 17.100000000000005 8.4500000000000011
decision_type=2 2 10 2 2 2
left_child=1 -1 -3 5 -5 -2
right_child=3 2 -4 4 -6 -7
leaf_value=-0.12712894883225948 -0.072661244337047848 -0.066470700055360793 0.083693594813346858 -0.15720373477254596 0.02243541712725633 0.055528066087687428
leaf_weight=29 15.999999999999998 14.999999999999998 25 15.999999999999998 52 124
leaf_count=29 16 15 25 16 52 124
internal_value=0.00168009 -0.0424458 0.0262532 0.0169708 -0.0277049 0.0388775
internal_weight=277 69 40 208 68 140
internal_count=277 69 40 208 68 140
is_linear=0
shrinkage=0.03


Tree=269
num_leaves=7
num_cat=0
split_feature=1 22 4 5 22 11
split_gain=290.836 263.039 352.92 250.683 248.266 235.87
threshold=17.500000000000004 -27.499999999999996 -0.6830127018922193 -0.5 -15.628106060606056 29.000000000000004
decision_type=8 10 2 2 10 8
left_child=1 2 -1 -4 -2 -3
right_child=4 5 3 -5 -6 -7
leaf_value=-0.11420390022212061 0.018389879085123538 -0.0072398220016979247 -0.038382588152227726 0.098323880434036254 -0.13184570118784905 0.061258441669259055
leaf_weight=24 14.999999999999998 73 24 15.999999999999998 19 110
leaf_count=24 15 73 24 16 19 110
internal_value=0.00462695 0.0163484 -0.0342059 0.021149 -0.0717051 0.0344682
internal_weight=281 247 64 40 34 183
internal_count=281 247 64 40 34 183
is_linear=0
shrinkage=0.03


Tree=270
num_leaves=7
num_cat=0
split_feature=2 2 11 22 4 0
split_gain=182.834 327.054 224.129 261.777 486.728 330.215
threshold=7.9500000000000011 9.9500000000000011 29.000000000000004 -56.999999999999993 0.25000000000000011 67.500000000000014
decision_type=2 2 8 10 2 2
left_child=-1 -2 -3 -4 5 -5
right_child=1 2 3 4 -6 -7
leaf_value=-0.10377381674945355 0.087981939201376272 -0.067073826802088246 -0.068360330803053718 0.030023381902621344 0.10901771988131498 -0.072153562631677173
leaf_weight=14.999999999999998 23 62 37 60 33 46
leaf_count=15 23 62 37 60 33 46
internal_value=-0.0162374 -0.00935047 -0.0203733 -0.0025236 0.0167664 -0.0155704
internal_weight=276 261 238 176 139 106
internal_count=276 261 238 176 139 106
is_linear=0
shrinkage=0.03


Tree=271
num_leaves=7
num_cat=0
split_feature=16 21 22 1 2 2
split_gain=288.39 237.353 215.911 252.822 283.225 378.373
threshold=1.0000000180025095e-35 5.2264705882352969 -31.499999999999996 -12.499999999999998 20.750000000000004 9.8500000000000032
decision_type=10 10 8 10 2 2
left_child=2 -2 -1 -4 5 -5
right_child=1 -3 3 4 -6 -7
leaf_value=-0.040481596340735747 -0.0836207485503771 0.034543362012505532 -0.058265202966603369 -0.031563795790556938 -0.034636755622923371 0.089243228513002398
leaf_weight=31 39 20 17 26 26 120
leaf_count=31 39 20 17 26 26 120
internal_value=0.012494 -0.0439958 0.0282845 0.0403162 0.0514304 0.0673969
internal_weight=279 59 220 189 172 146
internal_count=279 59 220 189 172 146
is_linear=0
shrinkage=0.03


Tree=272
num_leaves=7
num_cat=0
split_feature=0 2 2 1 2 1
split_gain=532.433 483.67 352.12 521.524 331.592 230.49
threshold=67.500000000000014 13.65 8.4500000000000011 1.0000000180025095e-35 18.450000000000003 1.0000000180025095e-35
decision_type=2 2 2 10 2 10
left_child=2 -2 -1 -4 5 -3
right_child=1 4 3 -5 -6 -7
leaf_value=-0.099520704075694078 -0.19040888412432236 0.092695439069167426 -0.036593395483990508 0.071769269242618991 -0.10154815045270053 -0.030114320269652772
leaf_weight=14.999999999999998 17 18 58 108 28 30
leaf_count=15 17 18 58 108 28 30
internal_value=-0.0094909 -0.0659397 0.0205061 0.0339447 -0.0280629 0.0203395
internal_weight=274 93 181 166 76 48
internal_count=274 93 181 166 76 48
is_linear=0
shrinkage=0.03


Tree=273
num_leaves=7
num_cat=0
split_feature=20 2 3 0 2 4
split_gain=179.111 234.469 442.303 471.235 377.298 343.287
threshold=2.5000000000000004 13.450000000000001 1.0000000180025095e-35 42.500000000000007 13.950000000000001 0.25000000000000011
decision_type=10 2 2 2 2 2
left_child=1 2 -1 -4 -3 -6
right_child=-2 4 3 -5 5 -7
leaf_value=0.0056537072733044624 0.074545052732740119 0.12245430110530418 0.010676628726979959 -0.17451534863561391 0.014297105147808539 -0.091524585982163745
leaf_weight=61 15.999999999999998 17 18 31 114 31
leaf_count=61 16 17 18 31 114 31
internal_value=-0.0102319 -0.0164743 -0.0492508 -0.111796 0.00658961 -0.0106235
internal_weight=288 272 110 49 162 145
internal_count=288 272 110 49 162 145
is_linear=0
shrinkage=0.03


Tree=274
num_leaves=7
num_cat=0
split_feature=0 11 2 2 16 2
split_gain=285.061 421.772 249.086 293.426 244.313 216.291
threshold=67.500000000000014 29.000000000000004 13.15 19.050000000000004 1.0000000180025095e-35 12.850000000000003
decision_type=2 8 2 2 10 2
left_child=1 4 -2 -4 -1 -3
right_child=2 5 3 -5 -6 -7
leaf_value=0.0090528104111880937 -0.12739494359493256 0.1174286586639937 0.028776277466462205 -0.078079502979914339 -0.10646962945603511 0.025407441992844854
leaf_weight=63 14.999999999999998 43 60 31 17 51
leaf_count=63 15 43 60 31 17 51
internal_value=0.0064714 0.0297913 -0.0314262 -0.00979588 -0.0203146 0.071307
internal_weight=280 174 106 91 80 94
internal_count=280 174 106 91 80 94
is_linear=0
shrinkage=0.03


Tree=275
num_leaves=7
num_cat=0
split_feature=0 22 2 22 2 4
split_gain=182.719 367.912 286.296 525.67 211.101 857.316
threshold=67.500000000000014 -1.0000000180025095e-35 19.450000000000003 -31.499999999999996 12.950000000000001 0.25000000000000011
decision_type=2 10 2 8 2 2
left_child=4 2 3 -2 -1 -6
right_child=1 -3 -4 -5 5 -7
leaf_value=0.041272182045825598 -0.066097438752651214 -0.13343981292227219 -0.10341319870948791 0.10685085717369529 0.021289571688092989 -0.18864726386286995
leaf_weight=82 25 24 14.999999999999998 29 82 17
leaf_count=82 25 24 15 29 82 17
internal_value=-0.0107361 -0.0437552 -0.00565214 0.0279662 0.00694964 -0.0220966
internal_weight=274 93 69 54 181 99
internal_count=274 93 69 54 181 99
is_linear=0
shrinkage=0.03


Tree=276
num_leaves=7
num_cat=0
split_feature=22 2 2 1 0 2
split_gain=495.601 484.052 215.907 189.046 239.346 154.75
threshold=26.292156862745099 16.050000000000004 11.850000000000003 17.500000000000004 92.500000000000014 13.750000000000002
decision_type=8 2 2 10 2 2
left_child=3 2 -2 4 5 -1
right_child=1 -3 -4 -5 -6 -7
leaf_value=0.029057394978177699 -0.066882132679224007 0.020847368538379669 -0.2326910855770111 -0.07121409516222775 0.094470740166994235 -0.026200828005870182
leaf_weight=74 20 19 14.999999999999998 25 21 103
leaf_count=74 20 19 15 25 21 103
internal_value=-0.021418 -0.0987379 -0.158147 -0.000940083 0.00946839 -0.00293492
internal_weight=277 54 35 223 198 177
internal_count=277 54 35 223 198 177
is_linear=0
shrinkage=0.03


Tree=277
num_leaves=7
num_cat=0
split_feature=1 22 22 0 22 4
split_gain=243.333 181.136 153.156 158.918 254.748 144.786
threshold=17.500000000000004 31.900000000000002 21.578758169934641 82.500000000000014 1.2916666666666667 0.25000000000000011
decision_type=8 10 10 2 8 2
left_child=1 2 3 5 -5 -1
right_child=-2 -3 -4 4 -6 -7
leaf_value=0.04794249331028979 -0.062961754296955302 0.098979454325593033 -0.069573416300117971 0.022062591484614782 -0.11333852934837341 -0.016176446497440336
leaf_weight=117 33 18 14.999999999999998 30 14.999999999999998 40
leaf_count=117 33 18 15 30 15 40
internal_value=0.00776182 0.018798 0.0100675 0.0175192 -0.0298916 0.0316114
internal_weight=268 235 217 202 45 157
internal_count=268 235 217 202 45 157
is_linear=0
shrinkage=0.03


Tree=278
num_leaves=7
num_cat=0
split_feature=22 22 2 1 2 2
split_gain=267.57 428.598 276.504 192.143 219.038 572.357
threshold=42.750000000000007 26.292156862745099 17.350000000000005 17.500000000000004 13.950000000000001 13.15
decision_type=8 10 2 10 2 2
left_child=1 3 -2 4 5 -1
right_child=2 -3 -4 -5 -6 -7
leaf_value=0.0056719667519278382 0.11790759665124556 -0.12451354039655999 -0.028822868227958678 -0.067221443716968809 -0.010277334633520095 0.18100328922271727
leaf_weight=63 29 20 14.999999999999998 23 113 18
leaf_count=63 29 20 15 23 113 18
internal_value=0.00620072 -0.00685535 0.070049 0.00654884 0.016764 0.0528927
internal_weight=281 237 44 217 194 81
internal_count=281 237 44 217 194 81
is_linear=0
shrinkage=0.03


Tree=279
num_leaves=7
num_cat=0
split_feature=19 20 22 17 1 22
split_gain=160.957 216.877 232.68 325.521 336.857 190.779
threshold=3.5000000000000004 -15.499999999999998 1.2916666666666667 31.500000000000004 7.5000000000000009 -51.999999999999993
decision_type=8 10 10 10 10 8
left_child=-1 2 5 4 -4 -2
right_child=1 -3 3 -5 -6 -7
leaf_value=-0.060899643643121976 -0.068513211097036092 0.06426284843650848 -0.0042079078766607469 0.050747455066960795 -0.15041971921920777 0.02978531929333348
leaf_weight=33 15.999999999999998 41 26 18 27 116
leaf_count=33 16 41 26 18 27 116
internal_value=-0.00343806 0.00540021 -0.0077473 -0.0496932 -0.0852392 0.0158047
internal_weight=277 244 203 71 53 132
internal_count=277 244 203 71 53 132
is_linear=0
shrinkage=0.03


Tree=280
num_leaves=7
num_cat=0
split_feature=16 17 0 20 2 16
split_gain=252.017 265.948 231.39 423.656 665.033 718.825
threshold=24.500000000000004 22.500000000000004 42.500000000000007 -19.499999999999996 13.450000000000001 1.0000000180025095e-35
decision_type=10 10 2 10 2 8
left_child=1 2 -1 4 5 -4
right_child=-2 -3 3 -5 -6 -7
leaf_value=0.040048657297724624 -0.097730324828827916 0.1031831545010209 0.031112551774297441 0.10626782349177769 0.0052516464455561202 -0.20308387756347657
leaf_weight=77 17 19 15.999999999999998 15.999999999999998 105 30
leaf_count=77 17 19 16 16 105 30
internal_value=-0.000122625 0.00789223 -0.00145091 -0.0211934 -0.0376724 -0.12656
internal_weight=280 263 244 167 151 46
internal_count=280 263 244 167 151 46
is_linear=0
shrinkage=0.03


Tree=281
num_leaves=7
num_cat=0
split_feature=22 0 1 2 1 22
split_gain=432.9 416.959 360.387 335.576 245.802 119.179
threshold=17.138235294117653 47.500000000000007 7.5000000000000009 16.850000000000005 17.500000000000004 -39.833333333333321
decision_type=8 2 10 2 10 10
left_child=4 2 -2 -3 5 -1
right_child=1 3 -4 -5 -6 -7
leaf_value=-0.058961450801445887 -0.058141066569548386 0.049456945040396279 -0.25557449611276384 -0.10405676566064358 -0.096137074430783578 0.010088064627509987
leaf_weight=21 21 23 14.999999999999998 19 22 162
leaf_count=21 21 23 15 19 22 162
internal_value=-0.0353462 -0.0932015 -0.16154 -0.0236717 -0.0116381 0.000806963
internal_weight=283 78 36 42 205 183
internal_count=283 78 36 42 205 183
is_linear=0
shrinkage=0.03


Tree=282
num_leaves=7
num_cat=0
split_feature=2 2 19 20 2 4
split_gain=210.889 427.541 136.545 192.729 314.605 390.303
threshold=8.4500000000000011 9.9500000000000011 3.5000000000000004 -13.499999999999998 13.450000000000001 0.25000000000000011
decision_type=2 2 8 10 2 2
left_child=-1 -2 -3 4 5 -4
right_child=1 2 3 -5 -6 -7
leaf_value=-0.085011444322764862 0.14286924717778507 -0.057875358313322064 -0.11757527570466736 0.084656389037082933 0.025970577943325041 0.025784588245784532
leaf_weight=14.999999999999998 17 23 32 24 145 29
leaf_count=15 17 23 32 24 145 29
internal_value=0.00930827 0.0159986 0.00487017 0.0122426 0.00199989 -0.0526304
internal_weight=285 270 253 230 206 61
internal_count=285 270 253 230 206 61
is_linear=0
shrinkage=0.03


Tree=283
num_leaves=7
num_cat=0
split_feature=22 2 23 0 22 2
split_gain=468.204 204.306 177.696 225.172 463.886 429.315
threshold=26.292156862745099 20.550000000000004 6.1553921568627468 42.500000000000007 -9.9166666666666661 13.450000000000001
decision_type=10 2 2 2 10 2
left_child=1 2 3 4 -1 -5
right_child=-2 -3 -4 5 -6 -7
leaf_value=0.13492201390591535 -0.11272556207396767 -0.061128386241548205 0.10332123309373856 -0.078587066271088329 -0.018582969281777013 0.027466693847723628
leaf_weight=28 28 29 14.999999999999998 50 36 87
leaf_count=28 28 29 15 50 36 87
internal_value=-0.00660688 0.00753293 0.0179258 0.00919986 0.0534859 -0.0126433
internal_weight=273 245 216 201 64 137
internal_count=273 245 216 201 64 137
is_linear=0
shrinkage=0.03


Tree=284
num_leaves=7
num_cat=0
split_feature=22 22 22 19 12 16
split_gain=278.825 279.271 180.296 169.572 98.7857 116.812
threshold=56.750000000000007 26.292156862745099 -27.499999999999996 -3.4999999999999996 21.050000000000004 -1.0000000180025095e-35
decision_type=8 10 10 8 8 8
left_child=1 2 -1 -4 5 -5
right_child=-2 -3 3 4 -6 -7
leaf_value=-0.038980737103606167 0.083191580906510354 -0.088143117755651465 -0.04743945369353661 0.045819735186440599 0.05023661200855193 -0.051155254095792767
leaf_weight=48 35 25 21 15.999999999999998 107 19
leaf_count=48 35 25 21 16 107 19
internal_value=0.00994548 -0.00241788 0.00954437 0.0245688 0.0364693 -0.00663779
internal_weight=271 236 211 163 142 35
internal_count=271 236 211 163 142 35
is_linear=0
shrinkage=0.03


Tree=285
num_leaves=7
num_cat=0
split_feature=19 22 22 2 17 22
split_gain=231.041 309.802 365.616 319.394 265.39 319.422
threshold=-3.4999999999999996 31.900000000000002 11.591176470588238 17.350000000000005 -86.499999999999986 -24.913071895424832
decision_type=10 8 10 2 10 10
left_child=1 2 4 -3 5 -1
right_child=-2 3 -4 -5 -6 -7
leaf_value=-0.12695979131592644 0.076244972878032266 0.089801941444707475 -0.10742256362153137 -0.052995805686170405 0.043681057398969478 -0.0099427245386267231
leaf_weight=22 22 38 41 17 50 99
leaf_count=22 22 38 41 17 50 99
internal_value=-0.007642 -0.0158285 -0.0322624 0.0449263 -0.0117017 -0.0354124
internal_weight=289 267 212 55 171 121
internal_count=289 267 212 55 171 121
is_linear=0
shrinkage=0.03


Tree=286
num_leaves=7
num_cat=0
split_feature=11 1 2 2 2 16
split_gain=371.315 255.873 332.411 859.682 441.539 937.767
threshold=29.000000000000004 -12.499999999999998 13.450000000000001 12.850000000000003 16.850000000000005 64.500000000000014
decision_type=8 10 2 2 2 8
left_child=-1 -2 3 -3 5 -4
right_child=1 2 4 -5 -6 -7
leaf_value=-0.047360204392388451 -0.054449673712253566 0.059281553471088405 0.0074148308688944033 -0.16242107834504999 0.0033134509623050689 0.25431609519890375
leaf_weight=83 25 45 28 18 43 23
leaf_count=83 25 45 28 18 43 23
internal_value=0.00352515 0.0273769 0.0416851 -0.0113472 0.0760059 0.131528
internal_weight=265 182 157 63 94 51
internal_count=265 182 157 63 94 51
is_linear=0
shrinkage=0.03


Tree=287
num_leaves=7
num_cat=0
split_feature=16 3 2 2 2 22
split_gain=169.743 273.184 857.455 789.05 731.242 1249.29
threshold=19.500000000000004 1.0000000180025095e-35 14.850000000000003 13.950000000000001 9.4500000000000011 5.8924836601307211
decision_type=10 2 2 2 2 8
left_child=1 3 -3 4 -1 -6
right_child=-2 2 -4 -5 5 -7
leaf_value=-0.054513124403144632 -0.073067233204841611 -0.099094155191754296 0.038057623840868471 -0.066520166465869321 0.028112125508487223 0.34679657864570618
leaf_weight=15.999999999999998 25 67 91 34 27 14.999999999999998
leaf_count=16 25 67 91 34 27 15
internal_value=-0.00563145 0.00241259 -0.0213573 0.0422315 0.106202 0.166713
internal_weight=275 250 158 92 58 42
internal_count=275 250 158 92 58 42
is_linear=0
shrinkage=0.03


Tree=288
num_leaves=7
num_cat=0
split_feature=0 16 4 21 22 22
split_gain=283.901 219.758 231.28 282.708 198.029 345.868
threshold=57.500000000000007 19.500000000000004 0.25000000000000011 7.9769607843137225 31.179215686274514 14.382843137254905
decision_type=2 8 2 8 8 10
left_child=4 2 3 -2 5 -1
right_child=1 -3 -4 -5 -6 -7
leaf_value=0.026763609411567447 0.035489567518234254 -0.071454592830949015 0.077625390493869781 -0.11927376070618628 0.081765071685249741 -0.09799586391448975
leaf_weight=95 19 72 20 14.999999999999998 32 20
leaf_count=95 19 72 20 15 32 20
internal_value=-0.00663066 -0.0388939 0.00689677 -0.0393263 0.0213932 0.0018872
internal_weight=273 126 54 34 147 115
internal_count=273 126 54 34 147 115
is_linear=0
shrinkage=0.03


Tree=289
num_leaves=7
num_cat=0
split_feature=19 2 17 15 16 2
split_gain=236.739 390.511 340.524 255.516 240.567 345.478
threshold=-1.0000000180025095e-35 13.450000000000001 18.500000000000004 -30.999999999999996 5.5000000000000009 17.100000000000005
decision_type=10 2 10 10 8 2
left_child=1 3 4 -1 -3 -6
right_child=-2 2 -4 -5 5 -7
leaf_value=-0.080077354476369655 0.087380411041819539 -0.017735032204721793 -0.090935676079243424 0.036270049917309179 0.11669884104281664 0.0046218550362085034
leaf_weight=82 18 56 19 18 43 52
leaf_count=82 18 56 19 18 43 52
internal_value=-0.00519479 -0.012843 0.0148611 -0.0584049 0.0306612 0.0586499
internal_weight=288 270 170 100 151 95
internal_count=288 270 170 100 151 95
is_linear=0
shrinkage=0.03


Tree=290
num_leaves=7
num_cat=0
split_feature=22 2 22 2 0 11
split_gain=344.913 371.98 287.743 318.786 340.586 493.579
threshold=31.900000000000002 17.350000000000005 11.591176470588238 11.65 107.50000000000001 10.500000000000002
decision_type=8 2 10 2 2 8
left_child=2 -2 3 -1 5 -5
right_child=1 -3 -4 4 -6 -7
leaf_value=-0.070248111787478668 0.12343616330623626 -0.038208569703357557 -0.074573617354035365 -0.038770870193839069 -0.088109794288873666 0.085688093355433509
leaf_weight=32 35 15.999999999999998 43 39 14.999999999999998 83
leaf_count=32 35 16 43 39 15 83
internal_value=0.00757012 0.0738405 -0.00970634 0.008467 0.0286791 0.045942
internal_weight=263 51 212 169 137 122
internal_count=263 51 212 169 137 122
is_linear=0
shrinkage=0.03


Tree=291
num_leaves=7
num_cat=0
split_feature=22 22 5 20 2 2
split_gain=150.276 246.064 310.262 271.285 293.585 196.417
threshold=1.2916666666666667 31.900000000000002 0.6830127018922193 -20.499999999999996 14.250000000000002 16.850000000000005
decision_type=8 10 2 10 2 2
left_child=-1 2 3 4 -2 -6
right_child=1 -3 -4 -5 5 -7
leaf_value=0.0067942618547842419 -0.16684350613001231 0.051078078787028788 0.028936805278062819 0.021343967752023175 0.02556710824370384 -0.09956299843995467
leaf_weight=140 32 20 28 17 19 18
leaf_count=140 32 20 28 17 19 18
internal_value=-0.014921 -0.0370368 -0.0539922 -0.0810987 -0.106075 -0.0399128
internal_weight=274 134 114 86 69 37
internal_count=274 134 114 86 69 37
is_linear=0
shrinkage=0.03


Tree=292
num_leaves=7
num_cat=0
split_feature=16 21 0 0 2 2
split_gain=196.333 327.052 197.55 184.997 124.022 455.518
threshold=-5.4999999999999991 -3.6467843137254898 112.50000000000001 102.50000000000001 12.350000000000003 9.8500000000000032
decision_type=10 10 2 2 2 2
left_child=2 -2 3 4 5 -1
right_child=1 -3 -4 -5 -6 -7
leaf_value=-0.048244690743499782 -0.10050551580346148 0.028249383520695469 -0.080544419044798074 0.10079094707965851 -0.010720905016759317 0.11754159964621066
leaf_weight=24 41 26 17 14.999999999999998 134 27
leaf_count=24 41 26 17 15 134 27
internal_value=-0.00910606 -0.0520489 0.00502645 0.0140871 0.00458963 0.0421828
internal_weight=284 67 217 200 185 51
internal_count=284 67 217 200 185 51
is_linear=0
shrinkage=0.03


Tree=293
num_leaves=7
num_cat=0
split_feature=16 12 2 3 2 0
split_gain=206.77 299.59 237.773 516.984 482.539 226.894
threshold=-28.499999999999996 14.600000000000003 13.450000000000001 1.0000000180025095e-35 17.100000000000005 37.500000000000007
decision_type=10 10 2 2 2 2
left_child=2 5 3 -1 -4 -2
right_child=1 -3 4 -5 -6 -7
leaf_value=0.0587464742581634 0.016980872104565302 0.079853595882654185 0.12259860140212038 -0.10977060574572534 -0.0029621314120964262 -0.078169977920395983
leaf_weight=29 31 14.999999999999998 42 27 66 65
leaf_count=29 31 15 42 27 66 65
internal_value=0.00276082 -0.0281338 0.0238849 -0.0248406 0.0491312 -0.0481246
internal_weight=275 111 164 56 108 96
internal_count=275 111 164 56 108 96
is_linear=0
shrinkage=0.03


Tree=294
num_leaves=7
num_cat=0
split_feature=1 2 1 2 2 11
split_gain=225.575 223.032 408.622 261.66 247.183 194.949
threshold=12.500000000000002 12.450000000000001 7.5000000000000009 13.250000000000002 9.8500000000000032 -37.999999999999993
decision_type=8 2 10 2 2 10
left_child=1 2 4 -3 -1 -5
right_child=-2 3 -4 5 -6 -7
leaf_value=0.058857426460960816 -0.041535485486189523 -0.096485024148767654 0.15547351327207351 0.037820383120666851 -0.078249790102243422 -0.038305216377431693
leaf_weight=24 67 17 22 94 14.999999999999998 39
leaf_count=24 67 17 22 94 15 39
internal_value=0.0045414 0.0197952 0.0657523 -0.000412143 0.00322431 0.0149188
internal_weight=278 211 61 150 39 133
internal_count=278 211 61 150 39 133
is_linear=0
shrinkage=0.03


Tree=295
num_leaves=7
num_cat=0
split_feature=22 16 13 4 0 22
split_gain=341.934 250.958 281.433 255.67 263.096 131.494
threshold=-56.999999999999993 -28.499999999999996 -6.0519607843137235 0.25000000000000011 57.500000000000007 -9.9166666666666661
decision_type=10 10 10 2 2 10
left_child=-1 3 -3 4 5 -2
right_child=1 2 -4 -5 -6 -7
leaf_value=-0.085821054292761767 0.10394923329818993 -0.064023994110839463 0.041895578258177808 0.10898244407773017 -0.046090816913739494 0.01045365409209178
leaf_weight=41 19 66 29 25 41 34
leaf_count=41 19 66 29 25 41 34
internal_value=-0.0116048 0.00424893 -0.0312125 0.0326756 0.00790199 0.0500427
internal_weight=255 214 95 119 94 53
internal_count=255 214 95 119 94 53
is_linear=0
shrinkage=0.03


Tree=296
num_leaves=7
num_cat=0
split_feature=22 2 22 2 22 23
split_gain=428.923 577.403 401.614 195.775 138.366 174.993
threshold=13.335784313725492 18.000000000000004 26.292156862745099 14.65 1.2916666666666667 1.0000000180025095e-35
decision_type=8 2 10 2 10 2
left_child=4 2 3 -2 -1 -6
right_child=1 -3 -4 -5 5 -7
leaf_value=-0.0077924733087420452 0.074586272951095323 -0.072517817133665077 7.3434233665466305e-05 0.22317584110157832 -0.0032277620067963234 -0.12149125210046768
leaf_weight=145 26 20 25 15.999999999999998 21 20
leaf_count=145 26 20 25 16 21 20
internal_value=0.0032304 0.0563927 0.0972371 0.148912 -0.0224611 -0.0678522
internal_weight=273 87 67 42 186 41
internal_count=273 87 67 42 186 41
is_linear=0
shrinkage=0.03


Tree=297
num_leaves=7
num_cat=0
split_feature=22 4 17 2 22 19
split_gain=265.531 313.06 266.824 291.475 240.88 274.969
threshold=-56.999999999999993 -0.6830127018922193 25.500000000000004 17.100000000000005 14.382843137254905 3.5000000000000004
decision_type=10 2 8 2 10 8
left_child=1 -1 3 -2 5 -4
right_child=2 -3 4 -5 -6 -7
leaf_value=0.019625049304962155 0.13603607714176177 -0.13538891644477843 -0.062010014019906516 0.0012293282422152431 -0.063405653357505795 0.037867637380166394
leaf_weight=20 25 20 27 28 40 108
leaf_count=20 25 20 27 28 40 108
internal_value=0.00245063 -0.0643133 0.0152924 0.0710629 -0.00310295 0.0163909
internal_weight=268 40 228 53 175 135
internal_count=268 40 228 53 175 135
is_linear=0
shrinkage=0.03


Tree=298
num_leaves=7
num_cat=0
split_feature=19 2 4 2 16 2
split_gain=219.986 244.232 523.666 434.081 324.327 321.074
threshold=-1.0000000180025095e-35 13.450000000000001 -0.25000000000000028 12.450000000000001 15.500000000000002 13.950000000000001
decision_type=10 2 2 2 8 2
left_child=1 2 4 -4 -1 -3
right_child=-2 5 3 -5 -6 -7
leaf_value=-0.020736929638819263 0.084377414658665648 0.12209624648094176 0.04989893921917038 -0.10740501490506259 -0.19748469121456147 -0.0029616558423657324
leaf_weight=17 19 15.999999999999998 51 17 20 152
leaf_count=17 19 16 51 17 20 152
internal_value=-0.00282088 -0.0102981 -0.0451082 0.00591 -0.128413 0.0121332
internal_weight=292 273 105 68 37 168
internal_count=292 273 105 68 37 168
is_linear=0
shrinkage=0.03


Tree=299
num_leaves=7
num_cat=0
split_feature=0 11 22 0 2 2
split_gain=199.703 172.812 263.55 335.842 662.634 187.596
threshold=112.50000000000001 14.500000000000002 26.292156862745099 42.500000000000007 15.050000000000002 14.450000000000001
decision_type=2 8 8 2 2 2
left_child=1 -1 5 -4 -5 -3
right_child=-2 2 3 4 -6 -7
leaf_value=-0.024312833245978299 -0.085886993139982229 0.088533186912536616 0.068716186732053749 -0.16646745377116731 0.056773171199728613 0.017077558324844748
leaf_weight=78 14.999999999999998 58 19 22 18 76
leaf_count=78 15 58 19 22 18 76
internal_value=0.00579216 0.0123306 0.0273799 -0.024057 -0.0708631 0.0500782
internal_weight=286 271 193 59 40 134
internal_count=286 271 193 59 40 134
is_linear=0
shrinkage=0.03


Tree=300
num_leaves=7
num_cat=0
split_feature=22 4 2 1 22 2
split_gain=211.425 260.984 505.257 346.573 226.485 250.038
threshold=31.900000000000002 -0.6830127018922193 16.050000000000004 7.5000000000000009 -51.999999999999993 19.800000000000001
decision_type=10 2 2 10 8 2
left_child=1 2 -1 -4 -3 -6
right_child=-2 4 3 -5 5 -7
leaf_value=-0.15442166453599929 0.081430636398436035 -0.086456823221274778 -0.055754715365332524 0.092542942503224243 0.029372915246390869 -0.080791293340069903
leaf_weight=25 19 15.999999999999998 32 18 163 15.999999999999998
leaf_count=25 19 16 32 18 163 16
internal_value=-0.00404868 -0.0114351 -0.0570886 0.00119206 0.0071122 0.017598
internal_weight=289 270 75 50 195 179
internal_count=289 270 75 50 195 179
is_linear=0
shrinkage=0.03


Tree=301
num_leaves=7
num_cat=0
split_feature=0 21 1 15 17 23
split_gain=314.757 254.142 246.083 321.343 201.302 216.502
threshold=32.500000000000007 2.6049019607843129 7.5000000000000009 6.5000000000000009 31.500000000000004 -1.0000000180025095e-35
decision_type=2 10 10 8 8 2
left_child=-1 2 4 -4 -2 -6
right_child=1 -3 3 -5 5 -7
leaf_value=0.11443676202893256 0.025655249278796345 0.089970349669456481 -0.085596785008907314 0.047184386360122989 -0.0089131193914834192 -0.09974147697143694
leaf_weight=20 33 22 14.999999999999998 92 46 46
leaf_count=20 33 22 15 92 46 46
internal_value=0.0128623 0.00280951 -0.00717947 0.0255799 -0.0351268 -0.0571277
internal_weight=274 254 232 107 125 92
internal_count=274 254 232 107 125 92
is_linear=0
shrinkage=0.03


Tree=302
num_leaves=7
num_cat=0
split_feature=20 22 1 16 0 22
split_gain=231.323 371.957 211.241 214.128 184.827 226.548
threshold=2.5000000000000004 1.2916666666666667 12.500000000000002 29.500000000000004 42.500000000000007 -11.914901960784311
decision_type=10 10 10 8 2 10
left_child=1 4 3 -3 5 -1
right_child=-2 2 -4 -5 -6 -7
leaf_value=0.11589036494493483 0.092705423265695572 -0.090316770487818221 -0.12956405602652449 0.015699962951475754 -0.0089100839328020813 -0.0014592915773391723
leaf_weight=24 14.999999999999998 24 24 39 115 30
leaf_count=24 15 24 24 39 115 30
internal_value=-0.00576486 -0.0132 -0.0618016 -0.0283586 0.0128766 0.0560974
internal_weight=271 256 87 63 169 54
internal_count=271 256 87 63 169 54
is_linear=0
shrinkage=0.03


Tree=303
num_leaves=7
num_cat=0
split_feature=2 22 3 2 20 22
split_gain=178.828 422.8 372.078 582.216 249.66 364.499
threshold=14.850000000000003 46.250000000000007 1.0000000180025095e-35 17.350000000000005 -4.4999999999999991 1.2916666666666667
decision_type=2 8 2 2 10 10
left_child=1 4 -2 -4 5 -1
right_child=2 -3 3 -5 -6 -7
leaf_value=0.011170121635476203 -0.098691989481449124 -0.1652012995311192 0.1418176878496043 -0.011512969289735959 0.07728709663663591 -0.090970241552905035
leaf_weight=68 19 15.999999999999998 26 77 15.999999999999998 52
leaf_count=68 19 16 26 77 16 52
internal_value=-0.0183957 -0.0395929 0.00853289 0.0319656 -0.0194812 -0.0349591
internal_weight=274 152 122 103 136 120
internal_count=274 152 122 103 136 120
is_linear=0
shrinkage=0.03


Tree=304
num_leaves=7
num_cat=0
split_feature=13 16 23 0 22 2
split_gain=191.405 147.991 201.865 218.579 348.117 226.081
threshold=1.0000000180025095e-35 18.500000000000004 1.0000000180025095e-35 42.500000000000007 10.27091503267974 13.450000000000001
decision_type=10 10 2 2 8 2
left_child=1 2 3 4 -1 -5
right_child=-2 -3 -4 5 -6 -7
leaf_value=0.0039944549499509423 0.07617149025201797 -0.090855534419417378 -0.084885684657268798 -0.062364323118985703 0.15387727653980254 0.010512211512572863
leaf_weight=47 19 14.999999999999998 21 54 14.999999999999998 106
leaf_count=47 19 15 21 54 15 106
internal_value=-0.00504754 -0.0123632 -0.00578391 0.0034036 0.0490337 -0.0152281
internal_weight=277 258 243 222 62 160
internal_count=277 258 243 222 62 160
is_linear=0
shrinkage=0.03


Tree=305
num_leaves=7
num_cat=0
split_feature=22 1 22 11 2 2
split_gain=213.844 496.214 175.403 128.916 211.116 491.674
threshold=42.750000000000007 1.0000000180025095e-35 26.292156862745099 14.500000000000002 11.850000000000003 14.450000000000001
decision_type=8 10 10 8 2 2
left_child=2 -2 3 -1 -5 -6
right_child=1 -3 -4 4 5 -7
leaf_value=-0.026253506855573504 -0.044115614295005802 0.1442134903217184 -0.077933057317366966 -0.068311483008520954 0.10745565656353445 -0.011406112623267938
leaf_weight=75 19 24 21 15.999999999999998 46 79
leaf_count=75 19 24 21 16 46 79
internal_value=0.0073139 0.0650712 -0.00429321 0.00446744 0.0211478 0.0347856
internal_weight=280 43 237 216 141 125
internal_count=280 43 237 216 141 125
is_linear=0
shrinkage=0.03


Tree=306
num_leaves=7
num_cat=0
split_feature=0 2 2 4 21 17
split_gain=268.714 417.246 362.236 692.963 272.376 267.731
threshold=42.500000000000007 13.250000000000002 12.250000000000002 -0.25000000000000028 9.3867647058823547 -23.999999999999996
decision_type=2 2 2 2 8 10
left_child=2 5 -1 -4 -3 -2
right_child=1 4 3 -5 -6 -7
leaf_value=0.11046375787433456 -0.12381037109038409 0.079322534138336773 0.064208045565500499 -0.13630649560689925 -0.02136984240715251 0.010720854943448847
leaf_weight=29 46 27 36 20 94 17
leaf_count=29 46 27 36 20 94 17
internal_value=-0.00976324 -0.0299247 0.0331182 -0.0127071 0.00335482 -0.0893893
internal_weight=269 184 85 56 121 63
internal_count=269 184 85 56 121 63
is_linear=0
shrinkage=0.03


Tree=307
num_leaves=7
num_cat=0
split_feature=2 22 2 4 0 22
split_gain=217.339 761.118 297.374 437.42 458.884 280.35
threshold=13.450000000000001 -23.846274509803916 9.0500000000000025 0.25000000000000011 47.500000000000007 72.500000000000014
decision_type=2 10 2 2 2 8
left_child=1 -1 -3 4 -4 -2
right_child=5 2 3 -5 -6 -7
leaf_value=-0.18644991531968116 0.00045868440602834403 -0.08593699378520249 0.053449442019829381 0.10733565949104927 -0.13635155831064497 0.10382884996277944
leaf_weight=19 151 20 21 32 15.999999999999998 23
leaf_count=19 151 20 21 32 16 23
internal_value=-0.0039956 -0.0365089 0.00371593 0.033753 -0.035088 0.0166411
internal_weight=282 108 89 69 37 174
internal_count=282 108 89 69 37 174
is_linear=0
shrinkage=0.03


Tree=308
num_leaves=7
num_cat=0
split_feature=0 3 2 2 5 7
split_gain=307.746 362.923 492.219 554.727 773.78 356.35
threshold=112.50000000000001 1.0000000180025095e-35 14.65 13.15 -0.5 inf
decision_type=2 2 2 2 2 8
left_child=1 2 3 4 -1 -6
right_child=-2 -3 -4 -5 5 -7
leaf_value=0.18741644042730329 -0.11719880853380477 -0.026340311321429909 -0.066761581727436611 0.21010635901581157 0.054468469619750971 -0.098967212861584081
leaf_weight=14.999999999999998 15.999999999999998 155 23 17 20 26
leaf_count=15 16 155 23 17 20 26
internal_value=-0.006789 0.00222461 0.0452365 0.0802939 0.0309403 -0.0334563
internal_weight=272 256 101 78 61 46
internal_count=272 256 101 78 61 46
is_linear=0
shrinkage=0.03


Tree=309
num_leaves=7
num_cat=0
split_feature=17 11 0 22 1 1
split_gain=132.301 194.837 176.479 227.858 189.152 122.86
threshold=61.000000000000007 29.000000000000004 67.500000000000014 1.2916666666666667 1.0000000180025095e-35 12.500000000000002
decision_type=8 8 2 8 8 10
left_child=5 -2 4 -4 -3 -1
right_child=1 2 3 -5 -6 -7
leaf_value=0.0047345997710177236 -0.016755688626976573 0.002476918347950639 0.05802896159035819 -0.063009997946875437 0.1058021761507404 -0.072772678360634016
leaf_weight=42 80 24 23 23 44 27
leaf_count=42 80 24 23 23 44 27
internal_value=0.00591879 0.0185549 0.0429972 -0.00273469 0.0720019 -0.0284622
internal_weight=263 194 114 46 68 69
internal_count=263 194 114 46 68 69
is_linear=0
shrinkage=0.03


Tree=310
num_leaves=7
num_cat=0
split_feature=2 0 16 3 4 0
split_gain=269.392 391.809 413.379 1039.38 362.404 625.329
threshold=13.250000000000002 42.500000000000007 12.500000000000002 1.0000000180025095e-35 -0.25000000000000028 37.500000000000007
decision_type=2 2 8 2 2 2
left_child=1 -1 -3 -4 5 -2
right_child=4 2 3 -5 -6 -7
leaf_value=0.03714150544484051 0.19644927345789395 0.015637934803962708 0.010411435824174147 -0.28940436136722564 -0.013607587653857011 0.022167262268066406
leaf_weight=44 21 26 21 14.999999999999998 86 70
leaf_count=44 21 26 21 15 86 70
internal_value=0.00805297 -0.0289431 -0.0751136 -0.13457 0.0303952 0.0705232
internal_weight=283 106 62 36 177 91
internal_count=283 106 62 36 177 91
is_linear=0
shrinkage=0.03


Tree=311
num_leaves=7
num_cat=0
split_feature=0 2 2 15 22 0
split_gain=269.152 226.061 340.334 215.659 200.116 260.848
threshold=67.500000000000014 19.050000000000004 13.15 6.5000000000000009 -44.499999999999993 87.500000000000014
decision_type=2 2 2 8 8 2
left_child=3 2 -2 -1 -4 -6
right_child=1 -3 4 -5 5 -7
leaf_value=-0.036634310869182021 -0.11261748361587524 -0.10354417614398463 -0.043979459955640461 0.042030224450245179 -0.018303376436233521 0.12933073423504829
leaf_weight=36 14.999999999999998 26 18 138 17 20
leaf_count=36 15 26 18 138 17 20
internal_value=0.00314605 -0.0360708 -0.00577711 0.0251861 0.0303178 0.0673951
internal_weight=270 96 70 174 55 37
internal_count=270 96 70 174 55 37
is_linear=0
shrinkage=0.03


Tree=312
num_leaves=7
num_cat=0
split_feature=17 13 16 23 0 4
split_gain=204.681 190.776 243.224 255.342 292.616 227.384
threshold=-23.999999999999996 1.0000000180025095e-35 15.500000000000002 1.0000000180025095e-35 37.500000000000007 -0.25000000000000028
decision_type=8 10 10 2 2 2
left_child=-1 2 3 4 5 -2
right_child=1 -3 -4 -5 -6 -7
leaf_value=0.065262698396559682 0.12485866520404815 0.058290193373603479 -0.1177606131006842 -0.11398785262934065 -0.021126904830203522 -0.017731443196535111
leaf_weight=26 20 23 18 15.999999999999998 163 14.999999999999998
leaf_count=26 20 23 18 16 163 15
internal_value=-0.00779529 -0.0163561 -0.02483 -0.0145033 -0.00385459 0.0691709
internal_weight=281 255 232 214 198 35
internal_count=281 255 232 214 198 35
is_linear=0
shrinkage=0.03


Tree=313
num_leaves=7
num_cat=0
split_feature=2 0 11 22 4 2
split_gain=212.97 310.903 360.081 304.905 283.426 322.991
threshold=9.8500000000000032 67.500000000000014 29.000000000000004 3.3908431372549033 1.0000000180025095e-35 19.800000000000001
decision_type=2 2 8 8 2 2
left_child=3 2 -2 -1 -3 -6
right_child=1 4 -4 -5 5 -7
leaf_value=0.03166155370798978 -0.0076136249624765839 -0.08467652533505414 0.085296724666025225 -0.13386519357562066 0.060599963171930255 -0.080458244692002009
leaf_weight=17 60 32 92 14.999999999999998 44 15.999999999999998
leaf_count=17 60 32 92 15 44 16
internal_value=0.0140388 0.0237978 0.0495471 -0.0535338 -0.0191057 0.0196888
internal_weight=276 244 152 32 92 60
internal_count=276 244 152 32 92 60
is_linear=0
shrinkage=0.03


Tree=314
num_leaves=7
num_cat=0
split_feature=2 17 2 22 2 2
split_gain=163.626 197.731 308.527 233.311 169.089 319.516
threshold=8.4500000000000011 -86.499999999999986 14.250000000000002 -27.499999999999996 19.450000000000003 14.850000000000003
decision_type=2 10 2 8 2 2
left_child=-1 3 -3 -2 5 -5
right_child=1 2 -4 4 -6 -7
leaf_value=-0.072558477638023242 -0.088049539375305172 0.13417821943759917 0.012058020201511681 -0.0041516080995400752 -0.051364561468362803 0.091088079092177476
leaf_weight=15.999999999999998 20 23 59 112 29 39
leaf_count=16 20 23 59 112 29 39
internal_value=0.00851313 0.0142969 0.0520541 -0.00207559 0.00959861 0.0225778
internal_weight=298 282 82 200 180 151
internal_count=298 282 82 200 180 151
is_linear=0
shrinkage=0.03


Tree=315
num_leaves=7
num_cat=0
split_feature=12 23 22 22 22 16
split_gain=124.887 214.967 190.958 362.603 282.789 125.887
threshold=7.4500000000000002 1.0000000180025095e-35 14.382843137254905 31.179215686274514 -24.913071895424832 19.500000000000004
decision_type=10 2 8 8 10 8
left_child=1 2 4 -4 -1 -2
right_child=5 -3 3 -5 -6 -7
leaf_value=-0.044738504120438657 0.094577778680250052 -0.10312989732493524 -0.12477926141672557 0.0036259605470350233 0.039623368674436131 -0.015936229862272736
leaf_weight=48 14.999999999999998 18 26 54 106 15.000000000000002
leaf_count=48 15 18 26 54 106 15
internal_value=-0.00845411 -0.0155609 -0.00680825 -0.0429909 0.0127488 0.044938
internal_weight=282 252 234 80 154 30
internal_count=282 252 234 80 154 30
is_linear=0
shrinkage=0.03


Tree=316
num_leaves=7
num_cat=0
split_feature=22 2 20 2 11 22
split_gain=405.95 317.95 467.965 254.108 171.434 219.398
threshold=23.500000000000004 13.250000000000002 -38.999999999999993 13.250000000000002 14.500000000000002 -51.999999999999993
decision_type=10 2 10 2 8 8
left_child=1 2 -1 -2 -3 -6
right_child=3 4 -4 -5 5 -7
leaf_value=-0.12132798970962058 0.14812636651396749 -0.038487549437128975 0.014459490121706673 -0.0038183546066284176 -0.061459629189755234 0.045545741118012219
leaf_weight=44 20 41 41 15.999999999999998 15.999999999999998 104
leaf_count=44 20 41 41 16 16 104
internal_value=0.000858694 -0.0134523 -0.0586659 0.0883652 0.0114663 0.0293907
internal_weight=282 246 85 36 161 120
internal_count=282 246 85 36 161 120
is_linear=0
shrinkage=0.03


Tree=317
num_leaves=7
num_cat=0
split_feature=1 4 0 11 4 16
split_gain=186.13 502.127 446.048 282.29 278.74 192.965
threshold=1.0000000180025095e-35 -0.6830127018922193 52.500000000000007 29.000000000000004 0.25000000000000011 18.500000000000004
decision_type=10 2 2 8 2 8
left_child=1 -1 3 -2 5 -4
right_child=2 -3 4 -5 -6 -7
leaf_value=-0.11153120352540698 0.012970602833540052 0.024157775203327098 -0.1191867477349613 0.12977773992838909 0.050766171355073039 -0.0093300660845378174
leaf_weight=30 32 78 18 44 36 41
leaf_count=30 32 78 18 44 36 41
internal_value=0.0135615 -0.0168009 0.0326702 0.0844324 -0.0108907 -0.0495387
internal_weight=279 108 171 76 95 59
internal_count=279 108 171 76 95 59
is_linear=0
shrinkage=0.03


Tree=318
num_leaves=7
num_cat=0
split_feature=21 22 0 22 22 1
split_gain=203.152 195.505 359.07 864.06 230.832 242.237
threshold=7.9769607843137225 31.900000000000002 52.500000000000007 14.382843137254905 21.578758169934641 17.500000000000004
decision_type=8 10 2 8 8 10
left_child=-1 2 3 -2 5 -4
right_child=1 -3 4 -5 -6 -7
leaf_value=0.044716271549463268 -0.0049258431994045771 0.05376925883282508 0.0091144417398251031 -0.18292205083828705 0.081466266172272817 -0.10393818013539367
leaf_weight=45 67 23 73 34 23 17
leaf_count=45 67 23 73 34 23 17
internal_value=-0.010599 -0.0218088 -0.0309739 -0.0706474 0.00597747 -0.0165865
internal_weight=282 237 214 101 113 90
internal_count=282 237 214 101 113 90
is_linear=0
shrinkage=0.03


Tree=319
num_leaves=7
num_cat=0
split_feature=22 1 19 23 22 0
split_gain=509.351 198.342 98 165.627 110.228 130.321
threshold=-86.499999999999986 7.5000000000000009 -1.0000000180025095e-35 8.93921568627451 25.390522875817002 37.500000000000007
decision_type=10 10 10 2 10 2
left_child=1 -1 3 4 5 -2
right_child=2 -3 -4 -5 -6 -7
leaf_value=-0.03515081548690796 0.063067728355526917 -0.17877046959740775 0.06160278780893845 -0.081116153792194695 -0.05119750988380662 -6.902111626892205e-05
leaf_weight=20 31 15.999999999999998 17 18 24 161
leaf_count=20 31 16 17 18 24 161
internal_value=-0.0149627 -0.112999 0.00103064 -0.00456661 0.00350341 0.0114669
internal_weight=287 36 251 234 216 192
internal_count=287 36 251 234 216 192
is_linear=0
shrinkage=0.03


Tree=320
num_leaves=7
num_cat=0
split_feature=0 2 4 22 1 22
split_gain=212.634 200.952 560.088 352.208 349.877 391.675
threshold=112.50000000000001 15.550000000000002 1.0000000180025095e-35 -28.759019607843133 12.500000000000002 20.612549019607847
decision_type=2 2 2 10 10 8
left_child=1 2 -1 -4 5 -3
right_child=-2 4 3 -5 -6 -7
leaf_value=-0.011855230190305282 -0.079039987538542064 -0.0020978350804684914 0.20191719564524563 0.054025965868072075 0.080581753711248275 -0.14322404888458548
leaf_weight=87 15.999999999999998 68 17 61 24 19
leaf_count=87 16 68 17 61 24 19
internal_value=0.0134805 0.020155 0.0406895 0.0964806 -0.0108073 -0.0390274
internal_weight=292 276 165 78 111 87
internal_count=292 276 165 78 111 87
is_linear=0
shrinkage=0.03


Tree=321
num_leaves=7
num_cat=0
split_feature=2 22 16 16 2 2
split_gain=227.641 213.343 334.02 258.509 236.636 190.923
threshold=9.0500000000000025 7.5000000000000009 1.0000000180025095e-35 19.500000000000004 18.000000000000004 14.65
decision_type=2 8 10 10 2 2
left_child=-1 2 -2 4 5 -3
right_child=1 3 -4 -5 -6 -7
leaf_value=-0.088506609905849798 0.0077748983426832816 0.038915351346919411 -0.11333064220845698 -0.039552616046534643 -0.019240834512747825 0.15023175304289907
leaf_weight=17 137 33 19 22 19 27
leaf_count=17 137 33 19 22 19 27
internal_value=0.00427761 0.011987 -0.0100366 0.0448726 0.0693383 0.0967108
internal_weight=274 257 156 101 79 60
internal_count=274 257 156 101 79 60
is_linear=0
shrinkage=0.03


Tree=322
num_leaves=7
num_cat=0
split_feature=4 2 16 0 1 1
split_gain=283.397 928.432 315.841 167.406 284.633 201.943
threshold=0.25000000000000011 14.250000000000002 -28.499999999999996 37.500000000000007 1.0000000180025095e-35 7.5000000000000009
decision_type=2 2 10 2 10 10
left_child=3 2 -2 4 -1 -5
right_child=1 -3 -4 5 -6 -7
leaf_value=-0.030016968548297881 0.1762372393409411 -0.091255811641791029 0.026954606936446256 -0.055326202162698415 0.11429701201293779 0.015535976943515595
leaf_weight=23 31 23 23 84 18 58
leaf_count=23 31 23 23 84 18 58
internal_value=0.00900829 0.0554159 0.120327 -0.0114729 0.0388773 -0.0268385
internal_weight=260 77 54 183 41 142
internal_count=260 77 54 183 41 142
is_linear=0
shrinkage=0.03


Tree=323
num_leaves=7
num_cat=0
split_feature=19 1 17 0 2 0
split_gain=166.956 238.663 142.53 224.142 212.898 144.339
threshold=-3.4999999999999996 17.500000000000004 -86.499999999999986 82.500000000000014 15.950000000000001 57.500000000000007
decision_type=10 8 10 2 2 2
left_child=1 2 3 5 -4 -1
right_child=-2 -3 4 -5 -6 -7
leaf_value=-0.027253504675261827 0.055415804540288861 -0.091285254587796891 0.081505817297626945 -0.09919738760282254 -0.023526167607790714 0.037220714033945744
leaf_weight=93 24 32 29 24 32 41
leaf_count=93 24 32 29 24 32 41
internal_value=-0.0132328 -0.0207509 -0.00863699 -0.0235302 0.0287989 -0.00689705
internal_weight=275 251 219 158 61 134
internal_count=275 251 219 158 61 134
is_linear=0
shrinkage=0.03


Tree=324
num_leaves=7
num_cat=0
split_feature=22 2 1 17 2 16
split_gain=267.444 194.012 220.81 313.167 343.338 191.142
threshold=-86.499999999999986 8.4500000000000011 17.500000000000004 -39.499999999999993 14.250000000000002 1.0000000180025095e-35
decision_type=10 2 10 10 2 10
left_child=-1 -2 3 5 -5 -3
right_child=1 2 -4 4 -6 -7
leaf_value=-0.090649575086740347 -0.095463052287697789 0.012530935912540085 -0.071411586517933751 0.17400902956724165 0.015611202735453843 -0.059443668276071546
leaf_weight=34 14.999999999999998 109 27 14.999999999999998 35 42
leaf_count=34 15 109 27 15 35 42
internal_value=-0.0176967 -0.00586745 0.00194907 0.0132976 0.0746296 -0.00875209
internal_weight=277 243 228 201 50 151
internal_count=277 243 228 201 50 151
is_linear=0
shrinkage=0.03


Tree=325
num_leaves=7
num_cat=0
split_feature=16 5 2 1 21 0
split_gain=202.881 381.531 367.144 357.331 346.524 292.67
threshold=39.000000000000007 1.0000000180025095e-35 13.750000000000002 1.0000000180025095e-35 7.2632352941176519 47.500000000000007
decision_type=8 2 2 8 8 2
left_child=2 3 -1 -2 -4 -5
right_child=1 -3 4 5 -6 -7
leaf_value=0.10138375443570753 0.033511278557366339 0.03195146609466154 0.094172884185205807 -0.16868726364203862 -0.04789978744605413 -0.026964247818378841
leaf_weight=46 24 86 17 23 47 29
leaf_count=46 24 86 17 23 47 29
internal_value=0.0107977 -0.0105426 0.0413181 -0.0576321 -0.00607225 -0.0989479
internal_weight=272 162 110 76 64 52
internal_count=272 162 110 76 64 52
is_linear=0
shrinkage=0.03


Tree=326
num_leaves=7
num_cat=0
split_feature=22 22 2 17 17 22
split_gain=281.983 444.742 591.273 201.006 133.083 306.326
threshold=26.292156862745099 15.157843137254906 18.000000000000004 34.500000000000007 -86.499999999999986 -24.913071895424832
decision_type=10 8 2 10 10 10
left_child=1 4 -3 -2 5 -1
right_child=3 2 -4 -5 -6 -7
leaf_value=-0.10991473028293022 -0.13330665504187342 0.14910540469668129 -0.051261648557015829 0.0091461372524499884 0.038694627740316921 0.0030006844550371169
leaf_weight=21 15.000000000000002 39 15.999999999999998 14.999999999999998 49 127
leaf_count=21 15 39 16 15 49 127
internal_value=0.00915941 0.0198909 0.0914024 -0.0709489 -0.00184249 -0.0160895
internal_weight=282 252 55 30 197 148
internal_count=282 252 55 30 197 148
is_linear=0
shrinkage=0.03


Tree=327
num_leaves=7
num_cat=0
split_feature=2 1 0 2 2 5
split_gain=321.785 321.912 531.741 481.964 440.247 248.204
threshold=9.8500000000000032 7.5000000000000009 57.500000000000007 13.250000000000002 13.15 0.6830127018922193
decision_type=2 10 2 2 2 2
left_child=5 3 4 -2 -3 -1
right_child=1 2 -4 -5 -6 -7
leaf_value=-0.14057515646517274 -0.10728287927806376 0.2130939250465097 0.0058358494170448359 0.024117702358426189 0.023473320472240447 0.01034253207237824
leaf_weight=14.999999999999998 27 24 63 112 20 18
leaf_count=15 27 24 63 112 20 18
internal_value=0.0140088 0.026104 0.0639589 -0.00424501 0.138093 -0.067727
internal_weight=279 246 107 139 44 33
internal_count=279 246 107 139 44 33
is_linear=0
shrinkage=0.03


Tree=328
num_leaves=7
num_cat=0
split_feature=22 5 22 17 1 4
split_gain=139.194 288.534 293.553 187.362 180.978 228.902
threshold=1.2916666666666667 0.6830127018922193 21.578758169934641 25.500000000000004 1.0000000180025095e-35 -0.6830127018922193
decision_type=10 2 10 10 10 2
left_child=4 2 -2 -4 5 -1
right_child=1 -3 3 -5 -6 -7
leaf_value=-0.092184408038854596 -0.11362111538648605 0.05000498152204922 0.067255615038531169 -0.056697889566421508 0.032425449165074449 0.010667561988892226
leaf_weight=25 40 23 15.999999999999998 18 109 53
leaf_count=25 40 23 16 18 109 53
internal_value=-0.00711006 -0.0353382 -0.0633498 0.00277735 0.00807129 -0.0258652
internal_weight=284 97 74 34 187 78
internal_count=284 97 74 34 187 78
is_linear=0
shrinkage=0.03


Tree=329
num_leaves=7
num_cat=0
split_feature=19 0 2 17 2 22
split_gain=278.229 211.697 182.692 295.369 298.174 484.34
threshold=-3.4999999999999996 112.50000000000001 20.150000000000002 -86.499999999999986 14.850000000000003 17.138235294117653
decision_type=10 2 2 10 2 8
left_child=1 2 3 4 5 -1
right_child=-2 -3 -4 -5 -6 -7
leaf_value=-0.0077327527248478951 0.094317150122445556 -0.10594069382974079 -0.073588982471264899 0.056650375012647025 0.043105683957829197 -0.14590980470180512
leaf_weight=89 18 15.999999999999998 27 61 46 26
leaf_count=89 18 16 27 61 46 26
internal_value=-0.0059829 -0.0144162 -0.00656542 0.00302745 -0.0183837 -0.0437507
internal_weight=283 265 249 222 161 115
internal_count=283 265 249 222 161 115
is_linear=0
shrinkage=0.03


Tree=330
num_leaves=7
num_cat=0
split_feature=2 22 22 22 2 21
split_gain=137.04 516.645 325.887 362.267 488.108 276.673
threshold=13.250000000000002 -23.846274509803916 56.750000000000007 18.219607843137258 13.950000000000001 7.9769607843137225
decision_type=2 10 8 10 2 8
left_child=1 -1 3 4 -2 -6
right_child=2 -3 -4 -5 5 -7
leaf_value=-0.16046217918395997 0.14587149300358512 0.0042365837773096927 0.1062664315700531 -0.1149860790642825 0.058008462860726001 -0.035584280183238365
leaf_weight=15.999999999999998 17 92 25 17 36 88
leaf_count=16 17 92 25 17 36 88
internal_value=-7.52573e-05 -0.0261837 0.0156196 -0.00154302 0.015604 -0.00721699
internal_weight=291 108 183 158 141 124
internal_count=291 108 183 158 141 124
is_linear=0
shrinkage=0.03


Tree=331
num_leaves=7
num_cat=0
split_feature=22 2 22 22 22 2
split_gain=299.48 310.512 651.246 278.714 369.054 660.903
threshold=31.900000000000002 13.450000000000001 26.292156862745099 11.591176470588238 3.3908431372549033 16.850000000000005
decision_type=10 2 8 10 8 2
left_child=1 2 -1 4 -3 -6
right_child=-2 3 -4 -5 5 -7
leaf_value=-0.023817572744433267 0.085646175779402256 -0.0099615194586416076 -0.20663752425623974 -0.092595555335283269 0.21616158235073085 -0.036956999123096461
leaf_weight=81 19 103 18 19 15.000000000000002 14.999999999999998
leaf_count=81 19 103 18 19 15 15
internal_value=-0.0162164 -0.0254493 -0.065394 0.00182136 0.0181757 0.102403
internal_weight=270 251 99 152 133 30
internal_count=270 251 99 152 133 30
is_linear=0
shrinkage=0.03


Tree=332
num_leaves=7
num_cat=0
split_feature=11 17 2 2 5 22
split_gain=183.011 185.22 261.697 295.55 498.987 240.612
threshold=29.000000000000004 22.500000000000004 13.450000000000001 12.850000000000003 -0.5 -51.999999999999993
decision_type=8 10 2 2 2 8
left_child=-1 2 3 4 -2 -4
right_child=1 -3 5 -5 -6 -7
leaf_value=-0.027903116036738666 0.092223582411634517 0.10142270550727844 -0.060782147750258447 -0.12825915660176959 -0.088818245942776 0.053775332229292906
leaf_weight=79 23.999999999999996 20 14.999999999999998 15.999999999999998 21.000000000000004 110
leaf_count=79 24 20 15 16 21 110
internal_value=0.00976549 0.0245301 0.0138235 -0.0352763 0.00730419 0.0382194
internal_weight=285 206 186 61 45 125
internal_count=285 206 186 61 45 125
is_linear=0
shrinkage=0.03


Tree=333
num_leaves=7
num_cat=0
split_feature=22 1 0 5 16 0
split_gain=326.249 443.705 249.875 297.277 533.671 193.937
threshold=56.750000000000007 1.0000000180025095e-35 32.500000000000007 1.0000000180025095e-35 2.5000000000000004 47.500000000000007
decision_type=8 8 2 2 10 2
left_child=2 -2 -1 -4 5 -5
right_child=1 -3 3 4 -6 -7
leaf_value=0.07874359832704067 -0.033605807286500929 0.1492395709991455 -0.00034625581525746853 0.0168486648319023 -0.20573012028421675 -0.071891181993484501
leaf_weight=14.999999999999998 20 20 119 37 15.999999999999998 45
leaf_count=15 20 20 119 37 16 45
internal_value=-0.0100522 0.064241 -0.0239465 -0.0326585 -0.0699733 -0.0331829
internal_weight=272 40 232 217 98 82
internal_count=272 40 232 217 98 82
is_linear=0
shrinkage=0.03


Tree=334
num_leaves=7
num_cat=0
split_feature=19 16 22 22 2 2
split_gain=172.457 327.007 190.293 232.769 287.543 490.236
threshold=1.0000000180025095e-35 9.5000000000000018 23.500000000000004 1.2916666666666667 15.950000000000001 18.000000000000004
decision_type=10 10 10 8 2 2
left_child=1 2 3 -1 -5 -6
right_child=-2 -3 -4 4 5 -7
leaf_value=0.016978691963778509 0.079010861601148327 -0.090620583272897279 0.081536884117126465 -0.10090133837291172 0.12338871878385545 -0.074341969398351818
leaf_weight=138 15.999999999999998 34 20 37 14.999999999999998 21
leaf_count=138 16 34 20 37 15 21
internal_value=-0.00388662 -0.0102622 0.00323475 -0.00590287 -0.047474 0.0130459
internal_weight=281 265 231 211 73 36
internal_count=281 265 231 211 73 36
is_linear=0
shrinkage=0.03


Tree=335
num_leaves=7
num_cat=0
split_feature=21 16 2 22 16 0
split_gain=211.134 149.88 133.968 145.917 94.0445 268.108
threshold=-3.6467843137254898 19.500000000000004 10.250000000000002 -7.8749999999999991 -5.4999999999999991 37.500000000000007
decision_type=10 8 2 10 10 2
left_child=2 -2 3 -1 -4 -6
right_child=1 -3 4 -5 5 -7
leaf_value=0.10957271844148636 0.12121651910841465 0.00094630663096904758 0.0023187457982388289 -0.0064838895169289212 0.029030323177576062 -0.1172864730461784
leaf_weight=14.999999999999998 20 14.999999999999998 174 18 19 18
leaf_count=15 20 15 174 18 19 18
internal_value=0.0123446 0.0762335 0.00183341 0.0537454 -0.00734169 -0.0476396
internal_weight=279 35 244 33 211 37
internal_count=279 35 244 33 211 37
is_linear=0
shrinkage=0.03


Tree=336
num_leaves=7
num_cat=0
split_feature=20 16 2 17 17 0
split_gain=251.88 325.318 280.655 91.9608 231.45 191.047
threshold=2.5000000000000004 -2.4999999999999996 13.450000000000001 22.500000000000004 -8.4999999999999982 102.50000000000001
decision_type=10 10 2 10 10 2
left_child=1 3 -3 4 5 -1
right_child=-2 2 -4 -5 -6 -7
leaf_value=0.0076485607093012579 0.1094218199327588 -0.11777526303700038 0.01298478727710658 0.070097946453094487 -0.064458019509911535 0.091206627845764165
leaf_weight=144 14.999999999999998 30 24 20 28 25
leaf_count=144 15 30 24 20 28 25
internal_value=0.00668051 -0.000885533 -0.0634843 0.015771 0.00865703 0.0222749
internal_weight=286 271 54 217 197 169
internal_count=286 271 54 217 197 169
is_linear=0
shrinkage=0.03


Tree=337
num_leaves=7
num_cat=0
split_feature=22 17 20 16 22 17
split_gain=247.079 187.952 173.67 215.423 265.043 152.794
threshold=42.750000000000007 -17.499999999999996 -34.499999999999993 1.0000000180025095e-35 -9.4999999999999982 22.500000000000004
decision_type=8 8 10 8 10 10
left_child=1 -1 3 4 -3 -5
right_child=-2 2 -4 5 -6 -7
leaf_value=0.051790169188204928 0.062921395471150221 -0.05127140561288053 0.0077917833926696937 -0.095248244144578484 0.079776696152985091 0.0081347510218620304
leaf_weight=29 39 28 88 62 19 14.999999999999998
leaf_count=29 39 28 88 62 19 15
internal_value=-0.00260425 -0.0142713 -0.0242932 -0.0464826 0.00428239 -0.0758407
internal_weight=280 241 212 124 47 77
internal_count=280 241 212 124 47 77
is_linear=0
shrinkage=0.03


Tree=338
num_leaves=7
num_cat=0
split_feature=1 2 5 22 4 22
split_gain=164.739 156.671 551.009 373.772 425.149 252.813
threshold=17.500000000000004 12.850000000000003 -0.5 25.390522875817002 1.0000000180025095e-35 5.8924836601307211
decision_type=8 2 2 8 2 8
left_child=1 2 -1 -3 -5 -4
right_child=-2 3 5 4 -6 -7
leaf_value=0.14504214757680892 -0.057639793325215578 0.017717721989816602 0.029262748096997918 0.00034308862686157227 -0.18516066956520078 -0.10229678213596344
leaf_weight=25 34 131 34 25 14.999999999999998 14.999999999999998
leaf_count=25 34 131 34 25 15 15
internal_value=-0.000298192 0.00865306 0.0436275 -0.00729154 -0.0820649 -0.0167535
internal_weight=279 245 74 171 40 49
internal_count=279 245 74 171 40 49
is_linear=0
shrinkage=0.03


Tree=339
num_leaves=7
num_cat=0
split_feature=12 16 3 22 6 1
split_gain=176.752 119.307 177.028 354.655 196.325 167.028
threshold=7.4500000000000002 18.500000000000004 1.0000000180025095e-35 11.591176470588238 0.37500000000000006 12.500000000000002
decision_type=10 10 2 8 8 8
left_child=1 2 3 4 -1 -4
right_child=-2 -3 5 -5 -6 -7
leaf_value=0.043283867295831439 0.054303630441427227 -0.092519542604684826 -0.053037999090920808 0.11396226496696472 -0.051839396199759309 0.021755750090689273
leaf_weight=27 26 14.999999999999998 110 20 46 32
leaf_count=27 26 15 110 20 46 32
internal_value=-0.013776 -0.0217822 -0.0154336 0.0162279 -0.0161375 -0.0360164
internal_weight=276 250 235 93 73 142
internal_count=276 250 235 93 73 142
is_linear=0
shrinkage=0.03


Tree=340
num_leaves=7
num_cat=0
split_feature=0 16 2 4 1 0
split_gain=235.557 275.966 271.665 166.198 483.706 564.212
threshold=32.500000000000007 1.0000000180025095e-35 12.850000000000003 -0.6830127018922193 1.0000000180025095e-35 57.500000000000007
decision_type=2 10 2 2 10 2
left_child=-1 3 -3 4 -2 -6
right_child=1 2 -4 -5 5 -7
leaf_value=0.09390252082244209 -0.055186010186488811 0.0076391440341549528 -0.12064820649948986 -0.0069430098074578471 0.20632617212831975 -0.015383389104496346
leaf_weight=18 21 26 28 150 19 17
leaf_count=18 21 26 28 150 19 17
internal_value=0.00182243 -0.00617363 -0.0634674 0.00991694 0.0512671 0.112522
internal_weight=279 261 54 207 57 36
internal_count=279 261 54 207 57 36
is_linear=0
shrinkage=0.03


Tree=341
num_leaves=7
num_cat=0
split_feature=16 1 3 16 17 17
split_gain=162.959 174.656 131.054 239.358 128.051 183.796
threshold=1.0000000180025095e-35 -12.499999999999998 1.0000000180025095e-35 19.500000000000004 22.500000000000004 1.0000000180025095e-35
decision_type=10 8 2 10 10 10
left_child=1 -1 -2 -4 5 -3
right_child=2 4 3 -5 -6 -7
leaf_value=-0.06936480224132538 0.0077000626507732605 0.019409352069480652 -0.14976748943328858 0.0032587007113865441 0.081437172144651418 -0.06385955955301012
leaf_weight=19 22 158 15.999999999999998 15.999999999999998 19 23
leaf_count=19 22 158 16 16 19 23
internal_value=-0.00432874 0.00743479 -0.0486234 -0.0831536 0.0162446 0.007396
internal_weight=273 219 54 32 200 181
internal_count=273 219 54 32 200 181
is_linear=0
shrinkage=0.03


Tree=342
num_leaves=7
num_cat=0
split_feature=20 23 21 0 4 1
split_gain=110.875 82.2823 196.947 133.208 421.651 310.774
threshold=-20.499999999999996 1.0000000180025095e-35 2.6049019607843129 37.500000000000007 -0.25000000000000028 7.5000000000000009
decision_type=8 2 10 2 2 10
left_child=-1 3 -3 4 -2 -5
right_child=1 2 -4 5 -6 -7
leaf_value=-0.067590358469635237 0.12837268629978443 -0.09930586250764982 0.021939578265883029 -0.03447112749964068 -0.054436960905790331 0.042419636842240108
leaf_weight=14.999999999999998 24 15.999999999999998 25 96 14.999999999999998 84
leaf_count=15 24 16 25 96 15 84
internal_value=0.000531391 0.00566263 -0.0310269 0.0130707 0.0598652 0.00158791
internal_weight=275 260 41 219 39 180
internal_count=275 260 41 219 39 180
is_linear=0
shrinkage=0.03


Tree=343
num_leaves=7
num_cat=0
split_feature=22 17 16 23 22 1
split_gain=277.916 216.368 230.48 166.95 157.484 350.606
threshold=26.292156862745099 -30.499999999999996 12.500000000000002 1.0000000180025095e-35 -10.916666666666666 1.0000000180025095e-35
decision_type=10 10 10 2 8 10
left_child=1 2 3 4 -1 -6
right_child=-2 -3 -4 -5 5 -7
leaf_value=-0.017384147962674179 -0.066686970692438383 0.087607763845186967 0.087891571879386898 -0.068062862617702308 -0.033165502799184697 0.088078481666743758
leaf_weight=89 31 34 25 24 33 47
leaf_count=89 31 34 25 24 33 47
internal_value=0.0116826 0.0224331 0.0105319 -0.00145526 0.00968783 0.0390564
internal_weight=283 252 218 193 169 80
internal_count=283 252 218 193 169 80
is_linear=0
shrinkage=0.03


Tree=344
num_leaves=7
num_cat=0
split_feature=22 2 4 0 2 11
split_gain=186.519 372.749 210.045 279.633 185.023 178.887
threshold=1.2916666666666667 10.250000000000002 0.25000000000000011 47.500000000000007 11.65 -5.4999999999999991
decision_type=10 2 2 2 2 8
left_child=1 -1 -2 -4 -3 -6
right_child=2 4 3 -5 5 -7
leaf_value=0.12899724530137102 -0.064729599032713026 -0.085865784555673591 -0.058563158304563587 0.093596410336701769 -0.047797253197059034 0.02867071176855629
leaf_weight=18 64 14.999999999999998 15.999999999999998 18 31 114
leaf_count=18 64 15 16 18 31 114
internal_value=-0.0021449 0.0160696 -0.0344024 0.0236639 -0.000158801 0.0112741
internal_weight=276 178 98 34 160 145
internal_count=276 178 98 34 160 145
is_linear=0
shrinkage=0.03


Tree=345
num_leaves=7
num_cat=0
split_feature=0 20 19 22 0 0
split_gain=223.953 138.228 191.148 119.379 118.596 155.263
threshold=32.500000000000007 -13.499999999999998 23.500000000000004 25.390522875817002 112.50000000000001 92.500000000000014
decision_type=2 10 8 10 2 2
left_child=-1 3 -3 4 5 -2
right_child=1 2 -4 -5 -6 -7
leaf_value=0.094335183880545875 -0.010004754450002856 -0.028304676404222844 0.10088051886297762 -0.070463107616223125 -0.071666864231228825 0.058376256963238116
leaf_weight=17 171 14.999999999999998 19 24 17 31
leaf_count=17 171 15 19 24 17 31
internal_value=0.00217733 -0.0050509 0.0475651 -0.0132234 -0.00551769 0.00164593
internal_weight=294 277 34 243 219 202
internal_count=294 277 34 243 219 202
is_linear=0
shrinkage=0.03


Tree=346
num_leaves=7
num_cat=0
split_feature=2 22 22 0 2 3
split_gain=169.044 843.206 597.516 329.698 210.414 277.79
threshold=13.250000000000002 23.500000000000004 8.8750000000000018 47.500000000000007 13.950000000000001 1.0000000180025095e-35
decision_type=2 10 8 2 2 2
left_child=1 2 3 -1 -2 -6
right_child=4 -3 -4 -5 5 -7
leaf_value=0.052052721122608461 0.094310956746339797 0.12053199985315305 -0.1782333145290613 -0.080302711102892374 -0.075742517893456596 0.022200405356444176
leaf_weight=29 21 21 27 29 28 119
leaf_count=29 21 21 27 29 28 119
internal_value=-0.00295592 -0.031803 -0.0740441 -0.015246 0.0156383 0.00166676
internal_weight=274 106 85 58 168 147
internal_count=274 106 85 58 168 147
is_linear=0
shrinkage=0.03


Tree=347
num_leaves=7
num_cat=0
split_feature=21 17 20 2 4 2
split_gain=201.268 298.939 180.039 150.063 354.909 174.555
threshold=9.3867647058823547 -86.499999999999986 -11.499999999999998 12.950000000000001 0.25000000000000011 15.050000000000002
decision_type=8 10 8 2 2 2
left_child=2 3 -1 -2 5 -5
right_child=1 -3 -4 4 -6 -7
leaf_value=-0.024305847053016937 -0.0068184585116599517 0.029085820737693991 0.093483839092716084 -0.074155649244785307 -0.16315772039294241 0.017919615805149079
leaf_weight=15.999999999999998 68 79 26 31 20 35
leaf_count=16 68 79 26 31 20 35
internal_value=-0.00606687 -0.0171693 0.0507995 -0.0410661 -0.0662831 -0.0275045
internal_weight=275 233 42 154 86 66
internal_count=275 233 42 154 86 66
is_linear=0
shrinkage=0.03


Tree=348
num_leaves=7
num_cat=0
split_feature=12 23 2 4 17 1
split_gain=200.726 105.314 170.604 463.505 263.535 210.856
threshold=7.4500000000000002 1.0000000180025095e-35 13.450000000000001 -0.25000000000000028 42.000000000000007 12.500000000000002
decision_type=10 2 2 2 8 10
left_child=1 2 3 -1 -5 -4
right_child=-2 -3 5 4 -6 -7
leaf_value=-0.11141056524217127 0.070809685032476075 -0.066219445665925733 -0.0032534492270248692 -0.068883092062813886 0.060364360898733135 0.07421827806289806
leaf_weight=35 28 20 118 15.999999999999998 40 38
leaf_count=35 28 20 118 16 40 38
internal_value=0.000952913 -0.00753987 -0.00156889 -0.0331935 0.0208172 0.0173367
internal_weight=295 267 247 91 56 156
internal_count=295 267 247 91 56 156
is_linear=0
shrinkage=0.03


Tree=349
num_leaves=7
num_cat=0
split_feature=22 20 1 22 0 4
split_gain=252.947 197.29 269.581 170.232 286.663 238.883
threshold=42.750000000000007 -13.499999999999998 -1.0000000180025095e-35 1.2916666666666667 47.500000000000007 -0.25000000000000028
decision_type=8 10 10 10 2 2
left_child=1 2 -1 4 -4 -6
right_child=-2 -3 3 -5 5 -7
leaf_value=0.022813962314810071 0.042124898696736413 0.019987778341254363 0.054110514056682581 -0.10625893113428149 -0.1238885666780612 -0.015365586630068718
leaf_weight=37 44 47 20 53 29 43
leaf_count=37 44 47 20 53 29 43
internal_value=-0.0204976 -0.0331729 -0.0470686 -0.0650668 -0.0370824 -0.0642826
internal_weight=273 229 182 145 92 72
internal_count=273 229 182 145 92 72
is_linear=0
shrinkage=0.03


end of trees

feature_importances:
dv_all_mean=461
abs_lat=417
v0=298
dv_past12=166
dv_CTCX=152
month_sin=117
dv_AEMN=108
dv_COTC=107
dv_GFS=52
month_cos=44
rule=30
dv_IFS-ENSM=29
arabian_sea=28
dv_ecmwf_mean=25
dv_IFS=23
dv_CMC=20
land_frac=15
land_at_lead=4
dv_HWRF=4

parameters:
[boosting: gbdt]
[objective: regression]
[metric: l2]
[tree_learner: serial]
[device_type: cpu]
[data_sample_strategy: bagging]
[data: ]
[valid: ]
[num_iterations: 350]
[learning_rate: 0.03]
[num_leaves: 7]
[num_threads: 0]
[seed: 0]
[deterministic: 0]
[force_col_wise: 0]
[force_row_wise: 0]
[histogram_pool_size: -1]
[max_depth: -1]
[min_data_in_leaf: 15]
[min_sum_hessian_in_leaf: 0.001]
[bagging_fraction: 0.8]
[pos_bagging_fraction: 1]
[neg_bagging_fraction: 1]
[bagging_freq: 1]
[bagging_seed: 7719]
[bagging_by_query: 0]
[feature_fraction: 0.8]
[feature_fraction_bynode: 1]
[feature_fraction_seed: 2437]
[extra_trees: 0]
[extra_seed: 11797]
[early_stopping_round: 0]
[early_stopping_min_delta: 0]
[first_metric_only: 0]
[max_delta_step: 0]
[lambda_l1: 0]
[lambda_l2: 5]
[linear_lambda: 0]
[min_gain_to_split: 0]
[drop_rate: 0.1]
[max_drop: 50]
[skip_drop: 0.5]
[xgboost_dart_mode: 0]
[uniform_drop: 0]
[drop_seed: 21238]
[top_rate: 0.2]
[other_rate: 0.1]
[min_data_per_group: 100]
[max_cat_threshold: 32]
[cat_l2: 10]
[cat_smooth: 10]
[max_cat_to_onehot: 4]
[top_k: 20]
[monotone_constraints: ]
[monotone_constraints_method: basic]
[monotone_penalty: 0]
[feature_contri: ]
[forcedsplits_filename: ]
[refit_decay_rate: 0.9]
[cegb_tradeoff: 1]
[cegb_penalty_split: 0]
[cegb_penalty_feature_lazy: ]
[cegb_penalty_feature_coupled: ]
[path_smooth: 0]
[interaction_constraints: ]
[verbosity: -1]
[saved_feature_importance_type: 0]
[use_quantized_grad: 0]
[num_grad_quant_bins: 4]
[quant_train_renew_leaf: 0]
[stochastic_rounding: 1]
[linear_tree: 0]
[max_bin: 255]
[max_bin_by_feature: ]
[min_data_in_bin: 3]
[bin_construct_sample_cnt: 200000]
[data_random_seed: 38]
[is_enable_sparse: 1]
[enable_bundle: 1]
[use_missing: 1]
[zero_as_missing: 0]
[feature_pre_filter: 1]
[pre_partition: 0]
[two_round: 0]
[header: 0]
[label_column: ]
[weight_column: ]
[group_column: ]
[ignore_column: ]
[categorical_feature: ]
[forcedbins_filename: ]
[precise_float_parser: 0]
[parser_config_file: ]
[objective_seed: 8855]
[num_class: 1]
[is_unbalance: 0]
[scale_pos_weight: 1]
[sigmoid: 1]
[boost_from_average: 1]
[reg_sqrt: 0]
[alpha: 0.9]
[fair_c: 1]
[poisson_max_delta_step: 0.7]
[tweedie_variance_power: 1.5]
[lambdarank_truncation_level: 30]
[lambdarank_norm: 1]
[label_gain: ]
[lambdarank_position_bias_regularization: 0]
[eval_at: ]
[multi_error_top_k: 1]
[auc_mu_weights: ]
[num_machines: 1]
[local_listen_port: 12400]
[time_out: 120]
[machine_list_filename: ]
[machines: ]
[gpu_platform_id: -1]
[gpu_device_id: -1]
[gpu_device_id_list: ]
[gpu_use_dp: 0]
[num_gpu: 1]

end of parameters

pandas_categorical:[]
