tree
version=v4
num_class=1
num_tree_per_iteration=1
label_index=0
max_feature_idx=23
objective=regression
feature_names=v0 dv_past12 abs_lat arabian_sea month_sin month_cos land_frac land_at_lead hours_to_land on_land_now dv_AIFS dv_GFS dv_IFS dv_IFS-ENSM dv_AIFS-ENSM dv_HWRF dv_CTCX dv_COTC dv_UKM dv_CMC dv_AEMN dv_ecmwf_mean dv_all_mean rule
feature_infos=[25:150] [-60:65] [4.5999999999999996:24.5] [0:1] [-1:1] [-1:1] [0:1] [0:1] [12:999] [0:1] [-10.100000000000001:2] [-89:26] [-33:20.099999999999994] [-39.896078431372551:16.33725490196079] none [-58:41] [-102:34] [-73:50] [-33:18] [-35:23] [-95:12] [-36.080392156862743:18.168627450980395] [-73:50] [-89:26]
tree_sizes=731 744 759 738 730 737 714 730 763 749 747 744 734 743 749 739 736 737 756 740 756 741 743 748 744 739 761 752 737 731 745 751 735 748 756 742 769 757 744 745 716 734 751 717 774 751 736 751 737 749 734 729 731 738 739 737 772 753 753 758 735 758 743 731 766 741 736 729 748 732 751 749 786 763 752 771 757 751 752 756 738 743 749 758 721 756 732 742 765 762 766 767 742 796 760 769 751 773 754 789 723 736 711 743 747 747 756 790 725 731 742 755 736 772 759 758 724 739 749 741 732 752 760 764 741 748 752 753 746 734 750 771 757 770 778 722 757 736 735 759 775 737 729 736 746 739 762 738 805 738 741 754 753 767 768 737 764 737 749 744 721 758 740 741 758 777 782 757 755 757 760 785 729 758 760 742 762 747 749 809 742 749 785 757 763 739 733 757 767 740 757 773 772 764 796 779 758 748 779 787 756 755 775 765 750 801 773 753 755 748 749 768 725 774 783 736 728 739 726 742 748 733 771 723 761 751 761 755 777 774 748 739 778 749 741 791 761 756 768 722 756 762 732 740 723 755 756 741 766 777 744 760 755 772 730 770 729 772 781 759 749 727 726 764 788 744 742 765 748 726 778 741 733 738 733 747 776 752 779 743 770 759 734 781 756 771 745 730 768 755 742 741 744 727 730 760 749 745 762 755 765 764 744 747 740 767 746 789 792 748 749 762 757 773 779 763 749 753 770 751 774 756 744 757 757 755 770 752 761 809 768 756 738 749 764 775 749 746 766 778 756 758 726 762 743 743 750 743 746 748

Tree=0
num_leaves=7
num_cat=0
split_feature=1 22 22 22 20 1
split_gain=26963.7 10359.3 6347.03 5312.88 1988.85 1952.1
threshold=-1.0000000180025095e-35 -15.124999999999998 -8.0781045751633975 3.2916666666666674 -2.4999999999999996 1.0000000180025095e-35
decision_type=8 8 10 8 8 10
left_child=2 -2 -1 4 -3 -5
right_child=1 3 -4 5 -6 -7
leaf_value=-1.6274691079549948 -1.4330769257914651 -1.1229217666692877 -1.2223466421405098 -1.0078944511122847 -0.90917176617754936 -0.7045468908191671
leaf_weight=68 30 75 74 27 75 117
leaf_count=68 30 75 74 27 75 117
internal_value=-1.08973 -0.93892 -1.42764 -0.883792 -1.01329 -0.756378
internal_weight=466 324 142 294 150 144
internal_count=466 324 142 294 150 144
is_linear=0
shrinkage=1


Tree=1
num_leaves=7
num_cat=0
split_feature=22 1 22 22 1 1
split_gain=26902.3 12015 7120.34 2562.13 2316.57 1864.99
threshold=-6.2446078431372536 1.0000000180025095e-35 -28.499999999999996 3.2916666666666674 -7.4999999999999991 1.0000000180025095e-35
decision_type=8 8 10 10 10 10
left_child=2 4 -1 -3 -2 -4
right_child=1 3 5 -5 -6 -7
leaf_value=-0.73814360011707658 -0.22483668379783628 0.17429514367790783 -0.30342012946804364 0.40441562090601241 0.024231138144220624 -0.038011428561321524
leaf_weight=28 45 97 67 100 100 38
leaf_count=28 45 97 67 100 100 38
internal_value=0.00771813 0.148542 -0.346663 0.298226 -0.0579838 -0.213461
internal_weight=475 342 133 197 145 105
internal_count=475 342 133 197 145 105
is_linear=0
shrinkage=0.03


Tree=2
num_leaves=7
num_cat=0
split_feature=1 22 22 22 13 22
split_gain=25441.3 10739.9 5837.86 5216.62 1705.47 1619.86
threshold=-1.0000000180025095e-35 -15.124999999999998 -27.199999999999996 3.2916666666666674 -3.1588235294117619 -4.0014603758169924
decision_type=10 8 8 10 10 10
left_child=2 -2 -1 -3 -5 -4
right_child=1 3 5 4 -6 -7
leaf_value=-0.79654989310673296 -0.36831139607862989 0.095037173377296141 -0.31783997401248576 0.26524401517665902 0.56280655080621889 -0.095759928145651096
leaf_weight=15.999999999999998 28 168 81 87 28 54
leaf_count=16 28 168 81 87 28 54
internal_value=-0.00524497 0.149564 -0.318664 0.206307 0.358126 -0.235601
internal_weight=462 311 151 283 115 135
internal_count=462 311 151 283 115 135
is_linear=0
shrinkage=0.03


Tree=3
num_leaves=7
num_cat=0
split_feature=1 23 0 0 2 16
split_gain=23746.8 6631.69 3810.1 3011.38 2774.15 2001.57
threshold=-1.0000000180025095e-35 -2.7499999999999996 42.500000000000007 82.500000000000014 17.250000000000004 -1.0000000180025095e-35
decision_type=8 2 2 2 2 10
left_child=2 -2 -1 -3 -5 -4
right_child=1 3 5 4 -6 -7
leaf_value=-0.093195612302848257 -0.15673497536143319 0.24710028830766678 -0.47272286420119436 0.20637938415182047 -0.19583201809362932 -0.095597864752230435
leaf_weight=51 56 195 90 24 28 18
leaf_count=51 56 195 90 24 28 18
internal_value=-0.0277186 0.127863 -0.319063 0.194217 -0.00837639 -0.41688
internal_weight=462 303 159 247 52 108
internal_count=462 303 159 247 52 108
is_linear=0
shrinkage=0.03


Tree=4
num_leaves=7
num_cat=0
split_feature=22 22 22 2 9 2
split_gain=21545 8743.15 3571.73 2978.59 2886.9 1838.61
threshold=-15.124999999999998 3.2916666666666674 -28.499999999999996 16.950000000000003 1.0000000180025095e-35 18.250000000000004
decision_type=8 10 10 2 2 2
left_child=2 4 -1 -3 5 -2
right_child=1 3 -4 -5 -6 -7
leaf_value=-0.72551086382432417 0.075632674565841981 0.3621310916280045 -0.23253743300071128 0.0690989609931906 -0.27010467502049035 -0.10008454964711115
leaf_weight=28 167 97 34 49 30 73
leaf_count=28 167 97 34 49 30 73
internal_value=0.00705271 0.0865018 -0.492699 0.269329 -0.0154598 0.0212336
internal_weight=478 416 62 146 270 240
internal_count=478 416 62 146 270 240
is_linear=0
shrinkage=0.03


Tree=5
num_leaves=7
num_cat=0
split_feature=22 22 9 0 22 23
split_gain=18395.7 6071.12 3177.56 3101.4 2095.42 1565.6
threshold=-15.124999999999998 3.2916666666666674 1.0000000180025095e-35 87.500000000000014 -35.41607843137254 -2.7499999999999996
decision_type=8 10 2 2 10 2
left_child=4 2 5 -3 -1 -2
right_child=1 3 -4 -5 -6 -7
leaf_value=-0.71509389667510992 -0.088561876888076457 0.31797692938192379 -0.2810551468765034 -0.017515651531316137 -0.28372222515039663 0.078890795827444113
leaf_weight=20 67 98 29 32 38 163
leaf_count=20 67 98 29 32 38 163
internal_value=-0.00144366 0.0746824 -0.0101465 0.237804 -0.477419 0.0292647
internal_weight=447 389 259 130 58 230
internal_count=447 389 259 130 58 230
is_linear=0
shrinkage=0.03


Tree=6
num_leaves=7
num_cat=0
split_feature=22 1 22 6 1 0
split_gain=19426.8 10687.2 5166.86 2045.75 1574.27 1224.7
threshold=-6.2446078431372536 1.0000000180025095e-35 -26.124999999999996 inf 12.500000000000002 92.500000000000014
decision_type=8 8 10 8 10 2
left_child=2 -2 -1 -4 -3 -6
right_child=1 4 3 -5 5 -7
leaf_value=-0.63572428827935989 -0.072445435210111292 0.19222399806713356 -0.26167691994171877 0.038875337916035806 0.46448764064230702 0.12976425904294719
leaf_weight=28 136 114 73 26 50 18
leaf_count=28 136 114 73 26 50 18
internal_value=0.00223707 0.127527 -0.304429 -0.18467 0.274899 0.390841
internal_weight=445 318 127 99 182 68
internal_count=445 318 127 99 182 68
is_linear=0
shrinkage=0.03


Tree=7
num_leaves=7
num_cat=0
split_feature=1 23 0 1 22 0
split_gain=19737 6540.86 3780.43 3931.78 2549.72 1743.23
threshold=-1.0000000180025095e-35 -2.7499999999999996 82.500000000000014 12.500000000000002 -8.0781045751633975 52.500000000000007
decision_type=8 2 2 10 10 2
left_child=4 -2 3 -3 5 -1
right_child=1 2 -4 -5 -6 -7
leaf_value=-0.17981782331186183 -0.12156510907670726 0.18599693760182709 -0.02117209206656976 0.50797476785827655 -0.13857823918392131 -0.52524683848671283
leaf_weight=29 64 155 50 44 72 41
leaf_count=29 64 155 50 44 72 41
internal_value=0.00902637 0.141817 0.210574 0.267893 -0.278542 -0.403669
internal_weight=455 313 249 199 142 70
internal_count=455 313 249 199 142 70
is_linear=0
shrinkage=0.03


Tree=8
num_leaves=7
num_cat=0
split_feature=22 1 23 22 1 2
split_gain=21016.7 15027.1 4112.71 1989.17 1893.56 1064.78
threshold=-15.124999999999998 1.0000000180025095e-35 -1.0000000180025095e-35 -26.124999999999996 -1.0000000180025095e-35 20.450000000000003
decision_type=8 8 2 10 10 2
left_child=3 4 -3 -1 -2 -4
right_child=1 2 5 -5 -6 -7
leaf_value=-0.63937168843135606 -0.18236514171285012 -0.0018741461545228957 0.34606702259143457 -0.2265131814479828 0.00592479528432869 0.064779785658632003
leaf_weight=36 119 45 146 25 78 15.999999999999998
leaf_count=36 119 45 146 25 78 16
internal_value=-0.00342205 0.0767757 0.252466 -0.500146 -0.109512 0.321057
internal_weight=465 404 207 61 197 162
internal_count=465 404 207 61 197 162
is_linear=0
shrinkage=0.03


Tree=9
num_leaves=7
num_cat=0
split_feature=2 11 23 16 17 6
split_gain=12386.6 7064.43 6699.98 3972.58 3366.28 1946.94
threshold=17.950000000000003 -3.4999999999999996 -2.7499999999999996 -19.999999999999996 -12.999999999999998 1.0000000180025095e-35
decision_type=2 10 2 8 10 8
left_child=2 4 -1 -4 5 -2
right_child=1 -3 3 -5 -6 -7
leaf_value=-0.14255956808725995 -0.15177116709947586 0.13035493304563123 -0.2207096290588379 0.22030176108273175 -0.032899458841844038 -0.50570209080439343
leaf_weight=67 25 38 15.999999999999998 229 28 60
leaf_count=67 25 38 16 229 28 60
internal_value=0.0080069 -0.210924 0.11562 0.187663 -0.326351 -0.41582
internal_weight=463 151 312 245 113 85
internal_count=463 151 312 245 113 85
is_linear=0
shrinkage=0.03


Tree=10
num_leaves=7
num_cat=0
split_feature=22 22 16 2 2 20
split_gain=18160.9 5819.35 2920.08 2904.45 2268.29 2032.03
threshold=-15.124999999999998 3.2916666666666674 -25.999999999999996 16.950000000000003 18.450000000000003 -7.4999999999999991
decision_type=8 10 10 2 2 10
left_child=2 4 -1 -3 -2 -5
right_child=1 3 -4 5 -6 -7
leaf_value=-0.56618454580037103 0.039907421713694928 0.31022938646078108 -0.08523210525512695 -0.13245929701761766 -0.1547358293047586 0.24515842812401906
leaf_weight=48 175 95 17 28 72 15.999999999999998
leaf_count=48 175 95 17 28 72 16
internal_value=-0.0105572 0.0692296 -0.45547 0.220834 -0.0187751 0.0158606
internal_weight=451 386 65 139 247 44
internal_count=451 386 65 139 247 44
is_linear=0
shrinkage=0.03


Tree=11
num_leaves=7
num_cat=0
split_feature=22 1 22 1 22 1
split_gain=16772.8 7978.83 5654.58 2252.57 1076.89 1050.27
threshold=-6.2949019607843129 7.5000000000000009 -35.41607843137254 -1.0000000180025095e-35 7.1947712418300673 1.0000000180025095e-35
decision_type=8 10 10 8 10 10
left_child=2 3 -1 -2 -3 -4
right_child=1 4 5 -5 -6 -7
leaf_value=-0.65299702035969698 -0.12825685169961717 0.21457788814460077 -0.23570290808553818 0.07271196674407375 0.42856883064905804 -0.043058281325279398
leaf_weight=24 76 88 72 127 40 42
leaf_count=24 76 88 72 127 40 42
internal_value=-0.00139085 0.114436 -0.273495 -0.00380205 0.295048 -0.16952
internal_weight=469 331 138 203 128 114
internal_count=469 331 138 203 128 114
is_linear=0
shrinkage=0.03


Tree=12
num_leaves=7
num_cat=0
split_feature=1 22 1 22 0 6
split_gain=15223.8 7571.12 3894.75 2974.99 1809.23 1447.76
threshold=-1.0000000180025095e-35 -24.499999999999996 12.500000000000002 -10.43156862745098 82.500000000000014 1.0000000180025095e-35
decision_type=8 8 10 10 2 10
left_child=3 -2 5 -1 -4 -3
right_child=1 2 4 -5 -6 -7
leaf_value=-0.38862292186073633 -0.39158290356397629 0.11852573657892644 0.43476286707253287 -0.10813949480114213 0.11048096405225806 -0.13696030484431462
leaf_weight=64 19 195 53 78 27 18
leaf_count=64 19 195 53 78 27 18
internal_value=0.008972 0.125895 0.165459 -0.243473 0.338255 0.0942893
internal_weight=454 312 293 142 80 213
internal_count=454 312 293 142 80 213
is_linear=0
shrinkage=0.03


Tree=13
num_leaves=7
num_cat=0
split_feature=1 22 1 22 23 1
split_gain=16412.1 7063.29 3673.7 2796.8 1701.04 859.269
threshold=-1.0000000180025095e-35 -20.749999999999996 12.500000000000002 -17.874999999999996 -2.7499999999999996 1.0000000180025095e-35
decision_type=8 8 10 10 2 8
left_child=3 -2 4 -1 -3 -6
right_child=1 2 -4 -5 5 -7
leaf_value=-0.45254920095205303 -0.35682085248140188 -0.054329829778311384 0.35297037143366677 -0.16152102784530536 0.037532355622227849 0.18628608486092671
leaf_weight=43 21 48 65 106 53 118
leaf_count=43 21 48 65 106 53 118
internal_value=-0.00437915 0.121423 0.162348 -0.257475 0.0991544 0.142557
internal_weight=454 305 284 149 219 171
internal_count=454 305 284 149 219 171
is_linear=0
shrinkage=0.03


Tree=14
num_leaves=7
num_cat=0
split_feature=1 20 2 1 0 0
split_gain=13640.8 5424.72 1994.3 2489.31 1992.52 1411.8
threshold=-1.0000000180025095e-35 -10.499999999999998 18.150000000000002 1.0000000180025095e-35 42.500000000000007 87.500000000000014
decision_type=8 8 2 10 2 2
left_child=4 -2 3 -3 -1 -4
right_child=1 2 5 -5 -6 -7
leaf_value=-0.066451713545569058 -0.21114691995084284 0.04408189860295833 0.095928268001880493 0.2717450972026394 -0.30024301776519191 -0.20411275219917296
leaf_weight=53 35 63 43 150 99 14.999999999999998
leaf_count=53 35 63 43 150 99 15
internal_value=0.00456806 0.119596 0.165364 0.206964 -0.223436 0.00829051
internal_weight=458 306 271 213 152 58
internal_count=458 306 271 213 152 58
is_linear=0
shrinkage=0.03


Tree=15
num_leaves=7
num_cat=0
split_feature=2 20 11 16 17 6
split_gain=7437.19 5633.59 4057.59 1913.91 1708.94 1062.81
threshold=18.250000000000004 -10.499999999999998 -2.4999999999999996 8.5000000000000018 -12.999999999999998 1.0000000180025095e-35
decision_type=2 8 10 10 10 8
left_child=1 -1 4 -3 5 -2
right_child=2 3 -4 -5 -6 -7
leaf_value=-0.24178253787755966 -0.12619434311985969 0.085088108235504473 0.10800956581408779 0.30691110841063568 -0.024482651097433906 -0.38134669716929043
leaf_weight=40 27 235 31 38 23 66
leaf_count=40 27 235 31 38 23 66
internal_value=-0.0111245 0.0715035 -0.183625 0.120929 -0.262805 -0.317488
internal_weight=460 313 147 273 116 93
internal_count=460 313 147 273 116 93
is_linear=0
shrinkage=0.03


Tree=16
num_leaves=7
num_cat=0
split_feature=22 22 9 20 2 2
split_gain=14157.1 6513.6 2846.19 1795.69 1741.27 1502.71
threshold=-24.499999999999996 5.3091503267973854 1.0000000180025095e-35 -8.4999999999999982 16.950000000000003 18.150000000000002
decision_type=8 10 2 8 2 2
left_child=-1 2 3 -2 -3 -5
right_child=1 4 -4 5 -6 -7
leaf_value=-0.51557482293871937 -0.12965195755332204 0.31411488884481892 -0.24626843341759272 0.10345668608913877 0.046917899009343733 -0.064782685812781834
leaf_weight=38 54 82 37 162 32 63
leaf_count=38 54 82 37 162 32 63
internal_value=0.00374957 0.055042 -0.0159523 0.0183894 0.244235 0.0559654
internal_weight=468 430 316 279 114 225
internal_count=468 430 316 279 114 225
is_linear=0
shrinkage=0.03


Tree=17
num_leaves=7
num_cat=0
split_feature=22 22 22 6 2 11
split_gain=14045.1 5791.39 2146.59 1872.66 1411.41 1487.47
threshold=-15.124999999999998 5.3091503267973854 -35.41607843137254 1.0000000180025095e-35 18.150000000000002 9.5000000000000018
decision_type=8 10 10 10 2 8
left_child=2 3 -1 4 -2 -6
right_child=1 -3 -4 -5 5 -7
leaf_value=-0.6215601380666097 0.080178467789343719 0.25485839273584515 -0.21691370653254646 -0.18147049079800759 0.06494051069207489 -0.19018887086009437
leaf_weight=22 169 109 37 38 35 39
leaf_count=22 169 109 37 38 35 39
internal_value=0.00779403 0.0745088 -0.40457 0.00131864 0.0329853 -0.0730467
internal_weight=449 390 59 281 243 74
internal_count=449 390 59 281 243 74
is_linear=0
shrinkage=0.03


Tree=18
num_leaves=7
num_cat=0
split_feature=1 16 20 0 0 16
split_gain=12791.7 4394.49 3321.49 2886.68 1710.74 1250.04
threshold=-1.0000000180025095e-35 6.5000000000000009 -9.4999999999999982 47.500000000000007 82.500000000000014 -4.4999999999999991
decision_type=8 10 8 2 2 10
left_child=3 2 -2 -1 -4 -5
right_child=1 -3 4 5 -6 -7
leaf_value=-0.074384842323868175 -0.20402378112343805 0.32446827358776525 0.12646959914795813 -0.39813258253610567 -0.076794838458299625 -0.076737575190407886
leaf_weight=64 37 57 181 69 43 15.999999999999998
leaf_count=64 37 57 181 69 43 16
internal_value=-0.0102132 0.0971679 0.0423616 -0.235103 0.0866253 -0.345259
internal_weight=467 318 261 149 224 85
internal_count=467 318 261 149 224 85
is_linear=0
shrinkage=0.03


Tree=19
num_leaves=7
num_cat=0
split_feature=22 1 22 2 23 15
split_gain=15332 5764.64 5118.35 1541.6 1386.86 918.739
threshold=-6.2949019607843129 1.0000000180025095e-35 -35.41607843137254 17.750000000000004 -2.7499999999999996 -10.499999999999998
decision_type=8 8 10 2 2 10
left_child=2 -2 -1 5 -4 -3
right_child=1 3 4 -5 -6 -7
leaf_value=-0.64193009683064051 -0.046170553164556621 0.28348062270742957 -0.24402097661907857 0.047252442034391252 -0.018352972716093062 0.073580640060827138
leaf_weight=23 139 123 73 47 37 27
leaf_count=23 139 123 73 47 37 27
internal_value=-0.00702497 0.101022 -0.273757 0.203452 -0.172213 0.249291
internal_weight=469 336 133 197 110 150
internal_count=469 336 133 197 110 150
is_linear=0
shrinkage=0.03


Tree=20
num_leaves=7
num_cat=0
split_feature=1 22 22 1 15 22
split_gain=13077.3 4115.01 3953.62 2964.15 1104.78 1055.83
threshold=-1.0000000180025095e-35 -28.499999999999996 -15.124999999999998 7.5000000000000009 26.000000000000004 -4.8749999999999991
decision_type=8 8 8 10 8 10
left_child=1 -1 -2 -4 -5 -3
right_child=2 5 3 4 -6 -7
leaf_value=-0.64067734343664984 -0.20796933870230402 -0.2404412601906806 0.03766058055254129 0.013512185234576462 0.26300602652859395 -0.059338136534941827
leaf_weight=15.999999999999998 30 75 151 19 118 52
leaf_count=16 30 75 151 19 118 52
internal_value=-0.010304 -0.243728 0.0968116 0.131567 0.230099 -0.171345
internal_weight=461 143 318 288 137 127
internal_count=461 143 318 288 137 127
is_linear=0
shrinkage=0.03


Tree=21
num_leaves=7
num_cat=0
split_feature=22 1 23 1 22 2
split_gain=13969.6 8228.36 1830.6 1242.56 1236.71 1163.42
threshold=-15.124999999999998 1.0000000180025095e-35 -1.0000000180025095e-35 -12.499999999999998 -26.124999999999996 16.950000000000003
decision_type=8 8 2 10 10 2
left_child=4 3 -3 -2 -1 -4
right_child=1 2 5 -5 -6 -7
leaf_value=-0.54206533651602895 -0.2308267112597823 0.015006750335401676 0.29552898909557945 -0.04083836030048929 -0.19791905779006153 0.10543360037017951
leaf_weight=33 35 42 105 152 24 50
leaf_count=33 35 42 105 152 24 50
internal_value=-0.00666025 0.0600711 0.19313 -0.0814828 -0.424809 0.239419
internal_weight=441 384 197 187 57 155
internal_count=441 384 197 187 57 155
is_linear=0
shrinkage=0.03


Tree=22
num_leaves=7
num_cat=0
split_feature=1 22 22 22 13 0
split_gain=11353.9 3960.04 3952.16 1640.63 1296.55 1027.64
threshold=-1.0000000180025095e-35 2.9568627450980398 -28.499999999999996 -15.124999999999998 -3.1588235294117619 42.500000000000007
decision_type=8 8 8 10 10 2
left_child=2 3 -1 -2 -3 -4
right_child=1 4 5 -5 -6 -7
leaf_value=-0.57856721386313437 -0.2012518690255555 0.15244501078057857 -0.041708522388490578 0.034947772126700451 0.39673576370945995 -0.21195909136533736
leaf_weight=19 28 121 54 129 23 85
leaf_count=19 28 121 54 129 23 85
internal_value=-0.0152249 0.0926744 -0.217317 -0.0120883 0.203468 -0.149563
internal_weight=459 301 158 157 144 139
internal_count=459 301 158 157 144 139
is_linear=0
shrinkage=0.03


Tree=23
num_leaves=7
num_cat=0
split_feature=1 22 22 22 0 1
split_gain=11151.7 3483 3318.52 1740.26 1703.51 1251.62
threshold=-1.0000000180025095e-35 5.3091503267973854 -28.499999999999996 -15.124999999999998 82.500000000000014 12.500000000000002
decision_type=8 10 8 8 2 10
left_child=2 3 -1 -2 -3 -5
right_child=1 4 -4 5 -6 -7
leaf_value=-0.5741328918933869 -0.17709734651175413 0.30823015585541724 -0.15445418501929412 0.01753570620251714 0.022724507585648566 0.199660664844242
leaf_weight=15.999999999999998 28 72 134 154 26 39
leaf_count=16 28 72 134 154 26 39
internal_value=-0.00708588 0.0931087 -0.216296 0.0253497 0.237264 0.0584507
internal_weight=469 319 150 221 98 193
internal_count=469 319 150 221 98 193
is_linear=0
shrinkage=0.03


Tree=24
num_leaves=7
num_cat=0
split_feature=22 1 22 23 20 2
split_gain=6690.06 4178.14 1262.15 1169.04 1143.66 975.07
threshold=-12.481764705882354 1.0000000180025095e-35 -26.124999999999996 -1.0000000180025095e-35 -4.4999999999999991 16.950000000000003
decision_type=8 8 10 2 10 2
left_child=2 4 -1 -3 -2 -5
right_child=1 3 -4 5 -6 -7
leaf_value=-0.42904009944406046 -0.10035095617175102 0.004693333625793457 -0.14486270960496395 0.22591776374627703 0.08137639423514284 0.050610434077680108
leaf_weight=24 135 45 44 107 36 43
leaf_count=24 135 45 44 107 36 43
internal_value=-0.00520816 0.0465069 -0.267677 0.139834 -0.0608676 0.178917
internal_weight=434 366 68 195 171 150
internal_count=434 366 68 195 171 150
is_linear=0
shrinkage=0.03


Tree=25
num_leaves=7
num_cat=0
split_feature=22 22 0 6 22 2
split_gain=7837.74 3304.28 2307.84 1512.22 957.13 841.54
threshold=-20.749999999999996 5.3091503267973854 87.500000000000014 1.0000000180025095e-35 -37.989080100125143 18.150000000000002
decision_type=8 10 2 10 10 2
left_child=4 3 -3 5 -1 -2
right_child=1 2 -4 -5 -6 -7
leaf_value=-0.49728699915970748 0.046753622396115926 0.25271918156304779 -0.040534358024597164 -0.16433961691191565 -0.17855146638808711 -0.072169928872585304
leaf_weight=21 183 80 32 47 26 70
leaf_count=21 183 80 32 47 26 70
internal_value=-0.00787052 0.0355219 0.170781 -0.0169466 -0.355088 0.0130889
internal_weight=459 412 112 300 47 253
internal_count=459 412 112 300 47 253
is_linear=0
shrinkage=0.03


Tree=26
num_leaves=7
num_cat=0
split_feature=22 1 11 1 16 2
split_gain=8414.01 6354.63 1978.48 1286.95 1228.32 1092.84
threshold=-20.749999999999996 1.0000000180025095e-35 -1.0000000180025095e-35 -12.499999999999998 -41.499999999999993 17.750000000000004
decision_type=8 8 8 10 10 2
left_child=4 3 -3 -2 -1 -4
right_child=1 2 5 -5 -6 -7
leaf_value=-0.49497624472660179 -0.2390265773932139 -0.039403500366210931 0.22051068041663968 -0.054776859741189524 -0.11692743180692196 0.040028940933815975
leaf_weight=29 40 45 132 162 14.999999999999998 42
leaf_count=29 40 45 132 162 15 42
internal_value=-0.0190437 0.0239841 0.134469 -0.0961543 -0.391178 0.179281
internal_weight=465 421 219 202 44 174
internal_count=465 421 219 202 44 174
is_linear=0
shrinkage=0.03


Tree=27
num_leaves=7
num_cat=0
split_feature=1 22 22 11 0 0
split_gain=8135.35 3367.22 2386.99 1911.68 1782.9 1163.93
threshold=-1.0000000180025095e-35 7.1947712418300673 -8.0781045751633975 -6.4999999999999991 52.500000000000007 82.500000000000014
decision_type=8 10 10 8 2 2
left_child=2 3 4 -2 -1 -3
right_child=1 5 -4 -5 -6 -7
leaf_value=-0.083579000488800154 -0.16901461179057758 0.32080391208731363 -0.050940502278776056 0.067211900475858288 -0.39633303579162149 0.025319273812430244
leaf_weight=29 31 57 78 215 46 15.999999999999998
leaf_count=29 31 57 78 215 46 16
internal_value=0.00385934 0.0898878 -0.172676 0.0346697 -0.288183 0.261815
internal_weight=472 319 153 246 75 73
internal_count=472 319 153 246 75 73
is_linear=0
shrinkage=0.03


Tree=28
num_leaves=7
num_cat=0
split_feature=1 22 1 22 11 0
split_gain=8157.15 3419.6 2485.51 1608.27 1298.21 1261.93
threshold=-1.0000000180025095e-35 -15.124999999999998 7.5000000000000009 -13.179376068376067 2.5000000000000004 82.500000000000014
decision_type=8 8 8 10 8 2
left_child=3 -2 -3 -1 -4 -6
right_child=1 2 4 -5 5 -7
leaf_value=-0.30629894793033596 -0.18564349566635333 0.032296223276565152 0.031545048356056211 -0.096958948143364226 0.30729445006991368 0.042622014681498212
leaf_weight=54 33 150 31 92 84 22
leaf_count=54 33 150 31 92 84 22
internal_value=0.000234454 0.0848833 0.118635 -0.181965 0.208702 0.256757
internal_weight=466 320 287 146 137 106
internal_count=466 320 287 146 137 106
is_linear=0
shrinkage=0.03


Tree=29
num_leaves=7
num_cat=0
split_feature=22 1 0 0 2 0
split_gain=8098.32 6778.99 1530.76 866.531 826.723 685.668
threshold=-15.124999999999998 7.5000000000000009 37.500000000000007 62.500000000000007 18.250000000000004 82.500000000000014
decision_type=8 10 2 2 2 2
left_child=3 2 -2 -1 5 -4
right_child=1 -3 4 -5 -6 -7
leaf_value=-0.10268796521684398 0.051147632999718189 0.21345448248544516 0.0068156424221358716 -0.38791658457120259 -0.17567957504324508 -0.18352184479886835
leaf_weight=18 95 142 74 40 66 17
leaf_count=18 95 142 74 40 66 17
internal_value=0.00153656 0.0514293 -0.0422472 -0.314573 -0.0985944 -0.0364484
internal_weight=452 394 252 58 157 91
internal_count=452 394 252 58 157 91
is_linear=0
shrinkage=0.03


Tree=30
num_leaves=7
num_cat=0
split_feature=22 1 23 0 2 22
split_gain=6803.06 4511.11 3167.24 1373.25 832.323 830.338
threshold=-28.499999999999996 1.0000000180025095e-35 -1.0000000180025095e-35 47.500000000000007 20.350000000000005 5.0424836601307197
decision_type=8 10 2 2 2 10
left_child=-1 3 -3 -2 -4 -5
right_child=1 2 4 5 -6 -7
leaf_value=-0.4099366350968679 -0.012146026137235916 -0.079345811532169089 0.1974682782677474 -0.22179850642123947 -0.014332368788511856 -0.0082152821620305374
leaf_weight=31 109 56 149 64 18 22
leaf_count=31 109 56 149 64 18 22
internal_value=-0.0141584 0.0196922 0.110703 -0.0845528 0.174886 -0.170614
internal_weight=449 418 223 195 167 86
internal_count=449 418 223 195 167 86
is_linear=0
shrinkage=0.03


Tree=31
num_leaves=7
num_cat=0
split_feature=22 1 16 23 13 1
split_gain=6844.04 4769.25 1554.67 1149.68 761.082 878.777
threshold=-15.124999999999998 1.0000000180025095e-35 -41.499999999999993 -1.0000000180025095e-35 4.0019607843137281 -17.499999999999996
decision_type=8 8 10 2 8 10
left_child=2 4 -1 -3 -2 -6
right_child=1 3 -4 -5 5 -7
leaf_value=-0.40260983386210031 -0.17310348041517579 -0.0025038444995880123 -0.071559032466676498 0.17034311664423771 -0.20975212162191217 -0.0059481978283932547
leaf_weight=37 41 43 22 170 17 144
leaf_count=37 41 43 22 170 17 144
internal_value=-0.0054602 0.038634 -0.294402 0.136192 -0.0650415 -0.0331375
internal_weight=474 415 59 213 202 161
internal_count=474 415 59 213 202 161
is_linear=0
shrinkage=0.03


Tree=32
num_leaves=7
num_cat=0
split_feature=22 22 17 16 0 22
split_gain=6838.75 2889.02 1744.39 1185.74 1047.78 729.207
threshold=-6.2446078431372536 -35.41607843137254 -32.499999999999993 6.5000000000000009 52.500000000000007 6.6001400560224104
decision_type=10 8 10 10 2 10
left_child=1 -1 4 -2 -3 -5
right_child=3 2 -4 5 -6 -7
leaf_value=-0.43483412726172088 0.045849274396553015 -0.060086403074674305 0.15441863081671975 0.05803655880112802 -0.23646356432061444 0.27742046741338872
leaf_weight=24 212 75 17 26 52 34
leaf_count=24 212 75 17 26 52 34
internal_value=-0.0110798 -0.15895 -0.0999203 0.0814723 -0.138525 0.194131
internal_weight=440 168 144 272 127 60
internal_count=440 168 144 272 127 60
is_linear=0
shrinkage=0.03


Tree=33
num_leaves=7
num_cat=0
split_feature=22 1 1 23 16 2
split_gain=6044.6 3981.19 1880.98 1528.61 732.015 708.634
threshold=-20.749999999999996 12.500000000000002 -7.4999999999999991 -2.7499999999999996 -41.499999999999993 16.950000000000003
decision_type=8 10 8 2 10 2
left_child=4 2 -2 -4 -1 -3
right_child=1 5 3 -5 -6 -7
leaf_value=-0.38620325164361435 -0.13305190959324439 0.29044400084018707 -0.080130875420896974 0.079766005214981048 -0.097193451864378791 0.083885796591639514
leaf_weight=28 67 55 68 204 15.999999999999998 27
leaf_count=28 67 55 68 204 16 27
internal_value=0.0139724 0.0501239 0.00360989 0.0390669 -0.30175 0.231161
internal_weight=465 421 339 272 44 82
internal_count=465 421 339 272 44 82
is_linear=0
shrinkage=0.03


Tree=34
num_leaves=7
num_cat=0
split_feature=22 1 1 2 22 23
split_gain=6760.63 4054.2 1496.06 949.594 796.903 716.854
threshold=-20.749999999999996 12.500000000000002 -1.0000000180025095e-35 16.950000000000003 -39.499999999999993 -2.7499999999999996
decision_type=8 10 8 2 10 2
left_child=4 2 -2 -3 -1 -4
right_child=1 3 5 -5 -6 -7
leaf_value=-0.48268615858895436 -0.089491031278102165 0.2963342290489297 -0.059240430733736818 0.062558780677856932 -0.18509040935619459 0.069983309460803861
leaf_weight=15.999999999999998 121 52 46 26 32 163
leaf_count=16 121 52 46 26 32 163
internal_value=-0.00150611 0.0394442 -0.0075819 0.226872 -0.320467 0.0408221
internal_weight=456 408 330 78 48 209
internal_count=456 408 330 78 48 209
is_linear=0
shrinkage=0.03


Tree=35
num_leaves=7
num_cat=0
split_feature=1 22 1 22 16 0
split_gain=6102.99 2630.52 1774.11 1697.21 1170.49 1163.62
threshold=-1.0000000180025095e-35 -24.499999999999996 7.5000000000000009 -8.0781045751633975 8.5000000000000018 52.500000000000007
decision_type=10 8 10 10 10 2
left_child=3 -2 -3 5 -4 -1
right_child=1 2 4 -5 -6 -7
leaf_value=-0.086174342975020399 -0.21110667082998485 0.018521827417867679 0.12161275493393417 -0.051714903162244481 0.33958816682739601 -0.34170896946787838
leaf_weight=30 22 132 126 80 26 45
leaf_count=30 22 132 126 80 26 45
internal_value=-0.00257769 0.0749071 0.100332 -0.153108 0.168526 -0.251269
internal_weight=461 306 284 155 152 75
internal_count=461 306 284 155 152 75
is_linear=0
shrinkage=0.03


Tree=36
num_leaves=7
num_cat=0
split_feature=1 22 20 1 2 15
split_gain=6010.86 2138.17 1989.52 1569.14 1405.83 673.881
threshold=-1.0000000180025095e-35 -28.499999999999996 -2.4999999999999996 12.500000000000002 16.950000000000003 -5.4999999999999991
decision_type=8 8 8 8 2 8
left_child=1 -1 5 -4 -5 -2
right_child=2 -3 3 4 -6 -7
leaf_value=-0.45454759193318228 -0.21298677764832974 -0.11772627579524285 0.053907177498166557 0.31901040080934762 0.023641274505191379 -0.013713539340724683
leaf_weight=15.999999999999998 14.999999999999998 130 154 43 22 68
leaf_count=16 15 130 154 43 22 68
internal_value=-0.0136365 -0.168467 0.0627402 0.109473 0.227869 -0.0597821
internal_weight=448 146 302 219 65 83
internal_count=448 146 302 219 65 83
is_linear=0
shrinkage=0.03


Tree=37
num_leaves=7
num_cat=0
split_feature=1 16 22 6 12 0
split_gain=5707.46 2997.45 2127.5 1392.52 968.894 912.55
threshold=-1.0000000180025095e-35 7.5000000000000009 -28.499999999999996 1.0000000180025095e-35 2.9499999999999997 77.500000000000014
decision_type=8 10 8 10 10 2
left_child=2 3 -1 5 -3 -2
right_child=1 4 -4 -5 -6 -7
leaf_value=-0.45047302496220382 0.076309801323659485 0.12909839795394376 -0.11283709946528077 -0.16808611348271368 0.43277849098498172 -0.06031307033423719
leaf_weight=15.999999999999998 187 28 120 26 17 53
leaf_count=16 187 28 120 26 17 53
internal_value=-0.00849678 0.0624178 -0.167125 0.0219286 0.275627 0.0455238
internal_weight=447 311 136 266 45 240
internal_count=447 311 136 266 45 240
is_linear=0
shrinkage=0.03


Tree=38
num_leaves=7
num_cat=0
split_feature=22 1 22 16 5 20
split_gain=6224.24 3437.39 1500.69 1167.65 1130.74 827.304
threshold=-15.124999999999998 -1.0000000180025095e-35 7.1947712418300673 -41.499999999999993 0.6830127018922193 -2.4999999999999996
decision_type=8 8 10 10 2 8
left_child=3 -2 5 4 -1 -3
right_child=1 2 -4 -5 -6 -7
leaf_value=-0.51044452600479118 -0.094537877803444859 -0.026673898582812397 0.21212411892842756 -0.072239997339248657 -0.14070708588737507 0.094164260753581447
leaf_weight=20 120 75 68 20 18 143
leaf_count=20 120 75 68 20 18 143
internal_value=-0.00497474 0.0376404 0.0937713 -0.282593 -0.372032 0.0529256
internal_weight=464 406 286 58 38 218
internal_count=464 406 286 58 38 218
is_linear=0
shrinkage=0.03


Tree=39
num_leaves=7
num_cat=0
split_feature=1 23 0 22 21 17
split_gain=4817.19 2044.71 1543.68 1015.08 960.883 714.151
threshold=-1.0000000180025095e-35 -2.7499999999999996 42.500000000000007 -7.0813725490196076 1.7490196078431366 -32.499999999999993
decision_type=8 2 2 10 10 10
left_child=2 -2 -1 -4 5 -3
right_child=1 4 3 -5 -6 -7
leaf_value=-0.0010315618291497231 -0.088939605887119577 0.038294402062664365 -0.27474041710081304 -0.058884728357598587 0.25393917591057036 0.15158340177752755
leaf_weight=47 60 158 64 32 28 72
leaf_count=47 60 158 64 32 28 72
internal_value=-0.00145201 0.0635072 -0.143172 -0.209266 0.0999768 0.0762294
internal_weight=461 318 143 96 258 230
internal_count=461 318 143 96 258 230
is_linear=0
shrinkage=0.03


Tree=40
num_leaves=7
num_cat=0
split_feature=1 22 20 2 2 4
split_gain=4998.03 2217.79 1506.2 991.8 1319.06 626.144
threshold=1.0000000180025095e-35 -17.874999999999996 -10.499999999999998 17.950000000000003 14.450000000000001 -0.5
decision_type=8 8 8 2 2 2
left_child=1 -1 -2 4 -4 -5
right_child=2 -3 3 5 -6 -7
leaf_value=-0.32922854484524577 -0.10640221065488355 -0.057557426007354959 0.093757862201384684 0.094998415384973792 0.28538379310696788 -0.099497058872993163
leaf_weight=27 24 199 96 30 51 21
leaf_count=27 24 199 96 30 51 21
internal_value=0.00182421 -0.0964374 0.101777 0.12901 0.167441 0.0131789
internal_weight=448 226 222 198 147 51
internal_count=448 226 222 198 147 51
is_linear=0
shrinkage=0.03


Tree=41
num_leaves=7
num_cat=0
split_feature=1 23 4 1 0 2
split_gain=4728.53 2080.91 1284.84 1190.76 1146.17 1099.86
threshold=-7.4999999999999991 -1.0000000180025095e-35 0.25000000000000011 1.0000000180025095e-35 77.500000000000014 17.950000000000003
decision_type=8 2 2 10 2 2
left_child=2 -2 -1 -3 -5 -6
right_child=1 3 -4 4 5 -7
leaf_value=-0.11036862870315453 -0.066417870521545408 0.0025271590178211531 -0.3827467367182607 0.18245663313407981 0.11070168229937553 -0.14982704214427781
leaf_weight=72 91 85 18 135 35 18
leaf_count=72 91 85 18 135 35 18
internal_value=0.00670097 0.055223 -0.182122 0.0962353 0.13744 0.0169318
internal_weight=454 364 90 273 188 53
internal_count=454 364 90 273 188 53
is_linear=0
shrinkage=0.03


Tree=42
num_leaves=7
num_cat=0
split_feature=16 9 15 0 4 0
split_gain=3646.31 2902.38 1459.36 1610.14 1028.77 1489.49
threshold=-25.999999999999996 1.0000000180025095e-35 -3.9999999999999996 122.50000000000001 0.25000000000000011 82.500000000000014
decision_type=8 2 8 2 2 2
left_child=-1 2 -2 4 5 -4
right_child=1 -3 3 -5 -6 -7
leaf_value=-0.376280213445425 -0.15202037505201391 -0.23092548845812333 0.062150427395139228 -0.21099561503955294 0.14443629003828393 -0.11806196118102354
leaf_weight=19 32 38 215 15.999999999999998 91 46
leaf_count=19 32 38 215 16 91 46
internal_value=-0.0162302 0.00345905 0.0283016 0.0458094 0.060274 0.0287667
internal_weight=457 438 400 368 352 261
internal_count=457 438 400 368 352 261
is_linear=0
shrinkage=0.03


Tree=43
num_leaves=7
num_cat=0
split_feature=22 1 22 2 6 1
split_gain=3563.48 1886.09 1432.88 941.389 937.52 798.426
threshold=-6.2949019607843129 12.500000000000002 -35.41607843137254 16.950000000000003 inf -7.4999999999999991
decision_type=8 10 10 2 8 8
left_child=2 5 -1 -3 -4 -2
right_child=1 3 4 -5 -6 -7
leaf_value=-0.33840722050666805 -0.098910278658504075 0.25370154449681065 -0.14053294992446896 0.0020266068111295284 0.03962378982986723 0.038266698412826934
leaf_weight=20 41 48 70 18 37 222
leaf_count=20 41 48 70 18 37 222
internal_value=0.000636679 0.0527828 -0.131333 0.190039 -0.079248 0.0154353
internal_weight=456 329 127 66 107 263
internal_count=456 329 127 66 107 263
is_linear=0
shrinkage=0.03


Tree=44
num_leaves=7
num_cat=0
split_feature=22 1 20 17 15 0
split_gain=4786.51 2815.41 1658.49 975.569 903.795 719.122
threshold=-28.499999999999996 -1.0000000180025095e-35 -2.4999999999999996 -54.499999999999993 -3.9999999999999996 82.500000000000014
decision_type=8 10 8 10 8 2
left_child=3 -2 4 -1 -3 -4
right_child=1 2 5 -5 -6 -7
leaf_value=-0.48500857906043521 -0.092381887232263885 -0.20087490807880054 0.1490589219002636 -0.11793463655880518 0.016579765906488454 0.013208372943541583
leaf_weight=15.000000000000002 130 17 158 15.999999999999998 76 46
leaf_count=15 130 17 158 16 76 46
internal_value=-0.00594905 0.0218111 0.0724965 -0.338244 -0.0313907 0.119475
internal_weight=458 427 297 31 93 204
internal_count=458 427 297 31 93 204
is_linear=0
shrinkage=0.03


Tree=45
num_leaves=7
num_cat=0
split_feature=1 22 2 20 2 22
split_gain=3913.86 2270.29 1184.13 1157.28 1141.61 725.339
threshold=1.0000000180025095e-35 -24.499999999999996 17.750000000000004 -4.4999999999999991 14.450000000000001 6.3660130718954262
decision_type=10 8 2 10 2 8
left_child=3 -2 4 -1 5 -3
right_child=1 2 -4 -5 -6 -7
leaf_value=-0.10544480989662765 -0.21499483600258826 0.032697235971269473 0.0078703694451938977 0.07440269827097655 0.27490558416435595 0.18564902323942917
leaf_weight=186 14.999999999999998 66 61 35 52 47
leaf_count=186 15 66 61 35 52 47
internal_value=0.0143481 0.0970098 0.121923 -0.0759462 0.162617 0.101485
internal_weight=462 241 226 221 165 113
internal_count=462 241 226 221 165 113
is_linear=0
shrinkage=0.03


Tree=46
num_leaves=7
num_cat=0
split_feature=22 1 20 1 22 2
split_gain=4660.04 2666.25 1894.57 924.93 606.176 525.901
threshold=-37.989080100125143 1.0000000180025095e-35 -8.4999999999999982 12.500000000000002 -4.2299346405228748 17.250000000000004
decision_type=8 10 8 10 10 2
left_child=-1 4 -3 -4 -2 -5
right_child=1 2 3 5 -6 -7
leaf_value=-0.412838845539093 -0.11845627134067749 -0.11271861219406126 0.06113915734671057 0.25190234865782396 -0.014774030102868971 0.059821282890107894
leaf_weight=20 104 35 120 48 98 22
leaf_count=20 104 35 120 48 98 22
internal_value=-0.014723 0.00848655 0.0786941 0.11594 -0.0697269 0.199547
internal_weight=447 427 225 190 202 70
internal_count=447 427 225 190 202 70
is_linear=0
shrinkage=0.03


Tree=47
num_leaves=7
num_cat=0
split_feature=22 1 0 22 17 1
split_gain=3070.05 2835.73 975.075 834.984 594.391 550.391
threshold=-15.124999999999998 7.5000000000000009 37.500000000000007 6.3660130718954262 -39.999999999999993 12.500000000000002
decision_type=8 10 2 10 10 10
left_child=4 2 -2 -4 -1 -3
right_child=1 5 3 -5 -6 -7
leaf_value=-0.22518548620434908 0.06189816194537439 0.087987337124844384 -0.093286738801271391 0.064752966773696241 -0.008052818119525908 0.22315054732419193
leaf_weight=47 90 67 128 35 14.999999999999998 58
leaf_count=47 90 67 128 35 15 58
internal_value=0.010306 0.0429684 -0.0152585 -0.0584346 -0.177175 0.156874
internal_weight=440 378 253 163 62 125
internal_count=440 378 253 163 62 125
is_linear=0
shrinkage=0.03


Tree=48
num_leaves=7
num_cat=0
split_feature=1 16 20 22 0 12
split_gain=3282 1969.61 1946.37 1115.62 895.21 812.217
threshold=-1.0000000180025095e-35 6.5000000000000009 -2.4999999999999996 -27.199999999999996 62.500000000000007 2.9499999999999997
decision_type=8 10 8 10 2 10
left_child=3 2 4 -1 -2 -3
right_child=1 5 -4 -5 -6 -7
leaf_value=-0.27445400327521685 -0.045055388880526306 0.09925556716395588 0.064461546547413248 -0.073835186993128785 -0.26727802665337269 0.35312609358267349
leaf_weight=31 66 36 189 102 18 17
leaf_count=31 66 36 189 102 18 17
internal_value=-0.00599837 0.0453096 0.0113641 -0.128846 -0.105015 0.204108
internal_weight=459 326 273 133 84 53
internal_count=459 326 273 133 84 53
is_linear=0
shrinkage=0.03


Tree=49
num_leaves=7
num_cat=0
split_feature=22 23 1 1 22 20
split_gain=4311.62 1966.95 1748.38 764.942 522.303 438.836
threshold=-28.499999999999996 -2.7499999999999996 17.500000000000004 1.0000000180025095e-35 -12.481764705882354 -2.4999999999999996
decision_type=8 2 10 8 10 10
left_child=-1 4 3 5 -2 -3
right_child=1 2 -4 -5 -6 -7
leaf_value=-0.33444066779180009 -0.18679851504889403 -0.04633057854369009 0.25446292509903778 0.078240917553103737 -0.041300876443382609 0.093406184864044187
leaf_weight=28 28 104 32 150 81 20
leaf_count=28 28 104 32 150 81 20
internal_value=-0.00429727 0.0216937 0.0605389 0.0337364 -0.0852301 -0.0210456
internal_weight=443 415 306 274 109 124
internal_count=443 415 306 274 109 124
is_linear=0
shrinkage=0.03


Tree=50
num_leaves=7
num_cat=0
split_feature=22 23 2 2 0 0
split_gain=3895.07 1497.44 870.033 1547.1 1345.95 838.056
threshold=-24.499999999999996 -1.0000000180025095e-35 17.250000000000004 14.850000000000003 52.500000000000007 72.500000000000014
decision_type=8 2 2 2 2 2
left_child=-1 -2 3 -3 -5 -4
right_child=1 2 5 4 -6 -7
leaf_value=-0.29702809660058271 -0.063630840498540134 0.039716641905845382 0.054865871347719801 0.035291062287158434 0.34540707867154302 -0.11422153762976328
leaf_weight=33 130 148 59 22 29 40
leaf_count=33 130 148 59 22 29 40
internal_value=-0.0058636 0.0197566 0.0565835 0.0920262 0.226727 -0.0156592
internal_weight=461 428 298 199 51 99
internal_count=461 428 298 199 51 99
is_linear=0
shrinkage=0.03


Tree=51
num_leaves=7
num_cat=0
split_feature=1 23 21 0 1 0
split_gain=2058.04 1578.82 839.599 763.564 660.81 456.135
threshold=-7.4999999999999991 -2.7499999999999996 1.1968954248366031 62.500000000000007 17.500000000000004 42.500000000000007
decision_type=8 2 10 2 10 2
left_child=5 3 4 -2 -3 -1
right_child=1 2 -4 -5 -6 -7
leaf_value=0.0013448021033157904 -0.020732466077998928 0.030114261307563988 0.20261481353869806 -0.22757367659698832 0.17187750225407736 -0.1541838543994786
leaf_weight=22 64 216 34 17 30 68
leaf_count=22 64 216 34 17 30 68
internal_value=0.0063962 0.0386224 0.0721858 -0.0748507 0.0504819 -0.118096
internal_weight=451 361 280 81 246 90
internal_count=451 361 280 81 246 90
is_linear=0
shrinkage=0.03


Tree=52
num_leaves=7
num_cat=0
split_feature=2 20 1 0 1 4
split_gain=3524.86 1782.22 1815.8 1614.87 727.003 661.414
threshold=17.950000000000003 -10.499999999999998 12.500000000000002 62.500000000000007 -7.4999999999999991 0.25000000000000011
decision_type=2 8 10 2 10 2
left_child=1 -1 -3 4 -2 -5
right_child=3 2 -4 5 -6 -7
leaf_value=-0.14244901818697794 -0.13992614860485852 0.040132647261455434 0.22080631501972675 -0.13878526074142428 0.042234269238768087 -0.35951185364614835
leaf_weight=30 24 202 63 59 57 17
leaf_count=30 24 202 63 59 57 17
internal_value=0.000231336 0.0611219 0.0863788 -0.112536 -0.0167364 -0.207303
internal_weight=452 295 265 157 81 76
internal_count=452 295 265 157 81 76
is_linear=0
shrinkage=0.03


Tree=53
num_leaves=7
num_cat=0
split_feature=22 6 16 2 20 22
split_gain=3724.1 1802.21 1155.56 659.658 601.506 492.91
threshold=-35.41607843137254 1.0000000180025095e-35 6.5000000000000009 20.250000000000004 -21.499999999999996 9.5647058823529427
decision_type=8 10 10 2 10 10
left_child=-1 2 3 5 -5 -2
right_child=1 -3 -4 4 -6 -7
leaf_value=-0.32975335574150083 0.019480512308723785 -0.13795149490982295 0.15990388208627701 -0.16957445347309111 0.020538630505854433 0.13744656133087907
leaf_weight=25 250 55 55 25 28 32
leaf_count=25 250 55 55 25 28 32
internal_value=-0.00617234 0.0154683 0.0385768 0.0165988 -0.0760252 0.0350281
internal_weight=470 445 390 335 53 282
internal_count=470 445 390 335 53 282
is_linear=0
shrinkage=0.03


Tree=54
num_leaves=7
num_cat=0
split_feature=1 0 1 0 4 6
split_gain=2445.91 1320.92 1273.33 1080.92 778.526 642.157
threshold=-1.0000000180025095e-35 82.500000000000014 17.500000000000004 52.500000000000007 0.25000000000000011 1.0000000180025095e-35
decision_type=8 2 10 2 2 10
left_child=3 2 5 -1 -3 -2
right_child=1 4 -4 -5 -6 -7
leaf_value=-0.023784610162440097 0.057208025491711764 -0.17343139813496514 0.27723264455795288 -0.18471312636642584 0.037266362992853956 -0.10441368856430054
leaf_weight=71 215 34 18 79 24 20
leaf_count=71 215 34 18 79 24 20
internal_value=-0.0142808 0.0337616 0.063379 -0.111765 -0.0902079 0.0415643
internal_weight=461 311 253 150 58 235
internal_count=461 311 253 150 58 235
is_linear=0
shrinkage=0.03


Tree=55
num_leaves=7
num_cat=0
split_feature=22 1 16 0 20 16
split_gain=3593.79 1902.58 1236.46 1019.96 636.123 475.728
threshold=-35.41607843137254 7.5000000000000009 6.5000000000000009 52.500000000000007 -2.4999999999999996 -1.4999999999999998
decision_type=8 8 10 2 8 10
left_child=-1 3 4 -2 -3 -5
right_child=1 2 -4 5 -6 -7
leaf_value=-0.35023966092329761 0.010955291081693292 -0.072805255511775607 0.243523859840173 -0.13907448932353186 0.082808260903837749 0.0082246378511190415
leaf_weight=21 176 27 34 80 92 25
leaf_count=21 176 27 34 80 92 25
internal_value=-0.00760403 0.0127754 0.0962029 -0.0335374 0.045989 -0.105224
internal_weight=455 434 153 281 119 105
internal_count=455 434 153 281 119 105
is_linear=0
shrinkage=0.03


Tree=56
num_leaves=7
num_cat=0
split_feature=22 22 1 0 17 1
split_gain=2677.2 1486.12 1046.83 946.015 827.802 506.875
threshold=-6.2949019607843129 -41.499999999999993 12.500000000000002 87.500000000000014 -32.499999999999993 -12.499999999999998
decision_type=10 8 10 2 10 8
left_child=1 -1 -2 -4 5 -3
right_child=2 4 3 -5 -6 -7
leaf_value=-0.32428622535296847 0.028937080921289524 -0.17711141364397229 0.22538551308716145 -0.034742110133171078 0.10244153718153635 -0.045201887322508773
leaf_weight=15.999999999999998 231 32 47 14.999999999999998 22 110
leaf_count=16 231 32 47 15 22 110
internal_value=0.00430738 -0.0853807 0.0599139 0.164555 -0.0531682 -0.0799411
internal_weight=473 180 293 62 164 142
internal_count=473 180 293 62 164 142
is_linear=0
shrinkage=0.03


Tree=57
num_leaves=7
num_cat=0
split_feature=22 1 20 0 2 22
split_gain=2809.59 1780.2 1218.48 794.657 1152.33 1101.14
threshold=-41.499999999999993 1.0000000180025095e-35 -2.4999999999999996 47.500000000000007 17.250000000000004 1.0000000180025095e-35
decision_type=8 8 8 2 2 8
left_child=-1 -2 -3 -4 -5 -6
right_child=1 2 3 4 5 -7
leaf_value=-0.33026841727170075 -0.046319667113013566 -0.036949552717382338 0.019002414355843756 0.22118105494848836 0.1674455840247018 -0.13311179513516633
leaf_weight=17 205 62 54 77 15.999999999999998 18
leaf_count=17 205 62 54 77 16 18
internal_value=0.000537708 0.0171854 0.0742981 0.115957 0.160273 0.0116612
internal_weight=449 432 227 165 111 34
internal_count=449 432 227 165 111 34
is_linear=0
shrinkage=0.03


Tree=58
num_leaves=7
num_cat=0
split_feature=22 6 2 20 0 20
split_gain=2199 1217.65 840.526 1217.53 910.732 881.052
threshold=-39.499999999999993 1.0000000180025095e-35 17.950000000000003 -10.499999999999998 52.500000000000007 -21.499999999999996
decision_type=8 10 2 8 2 10
left_child=-1 2 3 -2 -5 -4
right_child=1 -3 5 4 -6 -7
leaf_value=-0.31035313095365252 -0.14446794982139879 -0.12513879082704843 -0.11179821979573795 0.022423255364984681 0.14075466591973326 0.053101744945434966
leaf_weight=15.999999999999998 21 52 65 141 98 46
leaf_count=16 21 52 65 141 98 46
internal_value=-0.0107042 0.00412328 0.023664 0.0528881 0.0728341 -0.044118
internal_weight=439 423 371 260 239 111
internal_count=439 423 371 260 239 111
is_linear=0
shrinkage=0.03


Tree=59
num_leaves=7
num_cat=0
split_feature=22 1 11 0 12 17
split_gain=2456.36 1537.56 718.659 580.249 542.396 541.219
threshold=-41.499999999999993 1.0000000180025095e-35 2.5000000000000004 32.500000000000007 -13.049999999999999 12.500000000000002
decision_type=8 8 8 2 10 8
left_child=-1 3 -3 -2 5 -4
right_child=1 2 4 -5 -6 -7
leaf_value=-0.32377566814422609 0.05876636407696284 -0.018634429554882887 0.14886279713848363 -0.069852785927686775 0.20458497390589292 0.021135661763837563
leaf_weight=15.999999999999998 34 69 41 182 29 91
leaf_count=16 34 69 41 182 29 91
internal_value=-0.00667284 0.00816645 0.0615049 -0.0487357 0.0953771 0.0647935
internal_weight=462 446 230 216 161 132
internal_count=462 446 230 216 161 132
is_linear=0
shrinkage=0.03


Tree=60
num_leaves=7
num_cat=0
split_feature=22 0 0 17 22 1
split_gain=1299.35 1256.18 1015.21 1172.17 496.446 445.912
threshold=3.2248366013071892 92.500000000000014 62.500000000000007 -32.499999999999993 9.5647058823529427 7.5000000000000009
decision_type=10 2 2 10 10 10
left_child=2 4 -1 -4 -2 -6
right_child=1 -3 3 -5 5 -7
leaf_value=0.0040644872474343806 0.059193628201745958 -0.11320725664496421 -0.15508925011754035 0.083176211214065543 0.072413686538736019 0.27960007674418963
leaf_weight=214 68 22 85 20 22 21
leaf_count=214 68 22 85 20 22 21
internal_value=-0.00109233 0.0760095 -0.0339151 -0.107988 0.116775 0.192183
internal_weight=452 133 319 105 111 43
internal_count=452 133 319 105 111 43
is_linear=0
shrinkage=0.03


Tree=61
num_leaves=7
num_cat=0
split_feature=22 6 20 17 18 16
split_gain=2784.42 1002.26 488.626 725.382 392.664 390.191
threshold=-35.41607843137254 1.0000000180025095e-35 -2.4999999999999996 12.500000000000002 -4.4999999999999991 6.5000000000000009
decision_type=8 10 10 8 10 10
left_child=-1 2 3 -2 -4 -5
right_child=1 -3 4 5 -6 -7
leaf_value=-0.30003401020398507 0.10758751909522449 -0.10301566482293155 0.15057676400770159 -0.019054658299481327 -0.01844569283723831 0.077903895248969388
leaf_weight=21 63 48 46 215 14.999999999999998 40
leaf_count=21 63 48 46 215 15 40
internal_value=0.00149975 0.0196303 0.0363024 0.0205251 0.110765 -0.00263981
internal_weight=448 427 379 318 61 255
internal_count=448 427 379 318 61 255
is_linear=0
shrinkage=0.03


Tree=62
num_leaves=7
num_cat=0
split_feature=22 1 11 0 0 22
split_gain=2811.32 1643.38 1296.97 701.717 889.175 620.219
threshold=-35.41607843137254 1.0000000180025095e-35 2.5000000000000004 82.500000000000014 47.500000000000007 -4.2299346405228748
decision_type=8 8 8 2 2 10
left_child=-1 5 -3 4 -4 -2
right_child=1 2 3 -5 -6 -7
leaf_value=-0.28620704745424203 -0.092867898136236748 -0.041151404821059917 0.046891342553225426 0.0053968593071807508 0.2144606631956523 0.0091310361806037164
leaf_weight=24 101 61 50 39 74 107
leaf_count=24 101 61 50 39 74 107
internal_value=-0.000170152 0.0188136 0.0744231 0.117612 0.151329 -0.0414147
internal_weight=456 432 224 163 124 208
internal_count=456 432 224 163 124 208
is_linear=0
shrinkage=0.03


Tree=63
num_leaves=7
num_cat=0
split_feature=22 9 0 0 1 5
split_gain=1884.7 1129.05 999.064 706.63 693.492 454.271
threshold=5.0424836601307197 1.0000000180025095e-35 87.500000000000014 52.500000000000007 7.5000000000000009 -0.9330127018922193
decision_type=10 2 2 2 10 2
left_child=1 5 4 -3 -2 -1
right_child=2 3 -4 -5 -6 -7
leaf_value=-0.109909272165969 0.064947983305901277 -0.034609593790152979 -0.037530255636030976 -0.27101052253246305 0.24148512870073316 0.0096408889935248425
leaf_weight=27 43 24 28 20 43 265
leaf_count=27 43 24 28 20 43 265
internal_value=0.0104995 -0.0254927 0.113196 -0.158754 0.161635 -0.00307763
internal_weight=450 336 114 44 86 292
internal_count=450 336 114 44 86 292
is_linear=0
shrinkage=0.03


Tree=64
num_leaves=7
num_cat=0
split_feature=22 22 0 17 0 20
split_gain=2015.43 1224.73 1244.74 865.911 653.053 622.546
threshold=-28.499999999999996 7.1947712418300673 87.500000000000014 -54.499999999999993 47.500000000000007 -2.4999999999999996
decision_type=8 10 2 10 2 10
left_child=3 5 4 -1 -3 -2
right_child=1 2 -4 -5 -6 -7
leaf_value=-0.35119174253940577 -0.026374858987277996 0.034471523647124948 -0.057566592521965498 -0.040429607800074985 0.24654863838354746 0.089864886961877347
leaf_weight=15.000000000000002 302 21 25 15.999999999999998 40 43
leaf_count=15 302 21 25 16 40 43
internal_value=-0.00298174 0.0148633 0.112791 -0.21869 0.181681 -0.0108102
internal_weight=462 431 86 31 61 345
internal_count=462 431 86 31 61 345
is_linear=0
shrinkage=0.03


Tree=65
num_leaves=7
num_cat=0
split_feature=22 23 1 0 1 22
split_gain=2263.51 1446.65 1269.42 565.114 561.932 458.408
threshold=-35.41607843137254 -2.7499999999999996 17.500000000000004 87.500000000000014 -12.499999999999998 -12.914052287581699
decision_type=8 2 8 2 10 10
left_child=-1 5 3 4 -3 -2
right_child=1 2 -4 -5 -6 -7
leaf_value=-0.26418075851031714 -0.17075639925897121 -0.085423262900319596 0.20578147839009761 -0.082570710823548804 0.056040892978531438 -0.036254267595384436
leaf_weight=23 28 24 35 34 219 87
leaf_count=23 28 24 35 34 219 87
internal_value=-0.00281435 0.0141586 0.0475927 0.0243107 0.0406286 -0.0747529
internal_weight=450 427 312 277 243 115
internal_count=450 427 312 277 243 115
is_linear=0
shrinkage=0.03


Tree=66
num_leaves=7
num_cat=0
split_feature=1 11 0 21 2 2
split_gain=1698.79 944.411 877.032 793.764 687.508 780.513
threshold=1.0000000180025095e-35 2.5000000000000004 37.500000000000007 1.1968954248366031 17.950000000000003 14.450000000000001
decision_type=8 8 2 10 2 2
left_child=2 -2 -1 4 5 -3
right_child=1 3 -4 -5 -6 -7
leaf_value=0.036468321269666641 -0.034060435243274852 0.036888113863868255 -0.091942540500072695 0.25397106634882782 -0.035971411236307836 0.19746984902085091
leaf_weight=66 64 68 150 21 39 44
leaf_count=66 64 68 150 21 39 44
internal_value=0.00739026 0.0624033 -0.0527685 0.098245 0.0691417 0.105717
internal_weight=452 236 216 172 151 112
internal_count=452 236 216 172 151 112
is_linear=0
shrinkage=0.03


Tree=67
num_leaves=7
num_cat=0
split_feature=22 0 17 0 1 0
split_gain=2088.6 1709.9 1235.74 617.069 596.759 559.27
threshold=5.0424836601307197 67.500000000000014 -32.499999999999993 87.500000000000014 12.500000000000002 52.500000000000007
decision_type=10 2 10 2 8 2
left_child=1 4 -3 5 -1 -2
right_child=3 2 -4 -5 -6 -7
leaf_value=-0.023080129080180881 0.057512620687484743 -0.20990457403969456 0.058327409733425484 -0.019788579659802571 0.12837129290287311 0.21429112864647407
leaf_weight=232 49 72 17 30 21 38
leaf_count=232 49 72 17 30 21 38
internal_value=-0.0116039 -0.0490253 -0.158292 0.0953082 -0.00826487 0.133915
internal_weight=459 342 89 117 253 87
internal_count=459 342 89 117 253 87
is_linear=0
shrinkage=0.03


Tree=68
num_leaves=7
num_cat=0
split_feature=1 22 22 0 0 5
split_gain=2265.32 1452.41 908.799 796.039 1033.61 579.536
threshold=-7.4999999999999991 7.1947712418300673 -54.398856209150317 87.500000000000014 47.500000000000007 -0.9330127018922193
decision_type=10 8 10 2 2 2
left_child=2 5 -1 4 -3 -2
right_child=1 3 -4 -5 -6 -7
leaf_value=-0.30496228551864618 -0.11761804317274401 0.05922176556878312 -0.068537674924502009 -0.0049711195193231101 0.28403344976347544 0.020038977581553343
leaf_weight=14.999999999999998 26 38 73 27 38 241
leaf_count=15 26 38 73 27 38 241
internal_value=0.00958778 0.0423582 -0.123066 0.135194 0.182222 0.00471849
internal_weight=458 370 88 103 76 267
internal_count=458 370 88 103 76 267
is_linear=0
shrinkage=0.03


Tree=69
num_leaves=7
num_cat=0
split_feature=22 0 22 17 0 3
split_gain=1593.13 921.802 1206.21 796.681 689.61 595.225
threshold=-6.2949019607843129 87.500000000000014 6.6001400560224104 -32.499999999999993 52.500000000000007 1.0000000180025095e-35
decision_type=8 2 10 10 2 2
left_child=3 2 -2 -1 -4 -3
right_child=1 5 4 -5 -6 -7
leaf_value=-0.11039035452246665 0.022947027532176839 0.040348948985338209 0.057729512951695004 0.076118794859458619 0.25503760765257638 -0.14805509557326632
leaf_weight=120 211 23 34 21 33 31
leaf_count=120 211 23 34 21 33 31
internal_value=0.00184 0.0376832 0.0597153 -0.0809569 0.165873 -0.07119
internal_weight=473 332 278 141 67 54
internal_count=473 332 278 141 67 54
is_linear=0
shrinkage=0.03


Tree=70
num_leaves=7
num_cat=0
split_feature=0 2 20 1 6 0
split_gain=1407.31 1182.83 993.362 844.074 554.05 437.065
threshold=122.50000000000001 20.450000000000003 -4.4999999999999991 12.500000000000002 1.0000000180025095e-35 62.500000000000007
decision_type=2 2 8 10 8 2
left_child=1 2 5 -4 -3 -1
right_child=-2 4 3 -5 -6 -7
leaf_value=-0.013948714953660965 -0.24067168763705662 -0.0022641612474734963 0.030304171764909953 0.15155666505189044 -0.16230828957065291 -0.16349697560071944
leaf_weight=70 15.999999999999998 34 221 64 41 19
leaf_count=70 16 34 221 64 41 19
internal_value=-0.000579824 0.0105321 0.032549 0.0596764 -0.094431 -0.0528732
internal_weight=465 449 374 285 75 89
internal_count=465 449 374 285 75 89
is_linear=0
shrinkage=0.03


Tree=71
num_leaves=7
num_cat=0
split_feature=6 1 2 20 2 2
split_gain=1804.26 1506.12 940.457 619.392 573.614 768.644
threshold=1.0000000180025095e-35 -12.499999999999998 20.250000000000004 -18.499999999999996 14.950000000000001 16.950000000000003
decision_type=10 10 2 8 2 2
left_child=1 -1 4 -2 -3 -6
right_child=3 2 -4 -5 5 -7
leaf_value=-0.13542822846072786 -0.28930056119710201 0.029958013730104437 -0.0675130918005417 -0.072535289580676135 0.20188783883872738 0.050042323361424841
leaf_weight=42 14.999999999999998 189 53 42 48 80
leaf_count=42 15 189 53 42 48 80
internal_value=0.00272036 0.025143 0.0449327 -0.148309 0.0644892 0.112433
internal_weight=469 412 370 57 317 128
internal_count=469 412 370 57 317 128
is_linear=0
shrinkage=0.03


Tree=72
num_leaves=7
num_cat=0
split_feature=9 0 23 1 0 0
split_gain=1221.32 1256.7 619.515 554.576 465.609 378.841
threshold=1.0000000180025095e-35 122.50000000000001 -8.7749999999999986 17.500000000000004 62.500000000000007 57.500000000000007
decision_type=2 2 2 10 2 2
left_child=1 2 4 -4 -1 -2
right_child=5 -3 3 -5 -6 -7
leaf_value=-0.0064280710688659117 -0.068471838846388786 -0.23571990752220151 0.0077879463903695696 0.12902722633198688 -0.20580368649959566 -0.27189552783966064
leaf_weight=23 22 14.999999999999998 327 33 14.999999999999998 14.999999999999998
leaf_count=23 22 15 327 33 15 15
internal_value=-0.0193593 -0.00364073 0.00792202 0.0205168 -0.0999084 -0.173492
internal_weight=450 413 398 360 38 37
internal_count=450 413 398 360 38 37
is_linear=0
shrinkage=0.03


Tree=73
num_leaves=7
num_cat=0
split_feature=9 23 0 1 22 2
split_gain=1236.14 757.441 844.018 1058.38 506.142 487.29
threshold=1.0000000180025095e-35 -8.7749999999999986 122.50000000000001 12.500000000000002 -18.933088235294115 17.250000000000004
decision_type=2 2 2 10 10 2
left_child=1 -1 3 -3 -2 -5
right_child=4 2 -4 5 -6 -7
leaf_value=-0.10520533287754426 -0.25586187618970868 0.016436380383698906 -0.1523497245992933 0.18763632070861364 -0.048406244029893596 0.02348185634613037
leaf_weight=34 14.999999999999998 287 15.999999999999998 52 29 25
leaf_count=34 15 287 16 52 29 25
internal_value=0.00460852 0.0212334 0.0337657 0.0439001 -0.138021 0.139021
internal_weight=458 414 380 364 44 77
internal_count=458 414 380 364 44 77
is_linear=0
shrinkage=0.03


Tree=74
num_leaves=7
num_cat=0
split_feature=1 23 16 13 5 3
split_gain=1636.79 1355.66 653.501 661.687 650.176 631.986
threshold=-7.4999999999999991 -2.7499999999999996 6.5000000000000009 -2.2303921568627412 0.6830127018922193 1.0000000180025095e-35
decision_type=8 2 10 10 2 2
left_child=4 -2 -3 -4 5 -1
right_child=1 2 3 -5 -6 -7
leaf_value=-0.31216073391692978 -0.084417304179038505 0.025711455172919607 0.03426433831050589 0.23519744213069638 0.0021548003500158138 -0.096160226745425528
leaf_weight=15.999999999999998 83 226 32 26 28 48
leaf_count=16 83 226 32 26 28 48
internal_value=-0.00972249 0.0190041 0.0501669 0.135856 -0.119389 -0.168868
internal_weight=459 367 284 58 92 64
internal_count=459 367 284 58 92 64
is_linear=0
shrinkage=0.03


Tree=75
num_leaves=7
num_cat=0
split_feature=22 0 22 0 6 13
split_gain=2550.39 810.559 851.671 724.953 527.642 450.343
threshold=-35.41607843137254 117.50000000000001 6.3660130718954262 87.500000000000014 1.0000000180025095e-35 -0.52058823529411657
decision_type=8 2 10 2 10 10
left_child=-1 2 4 5 -2 -4
right_child=1 -3 3 -5 -6 -7
leaf_value=-0.30035749561786651 0.014114915752517325 -0.17558304297924041 0.085292975328496237 -0.062731194198131557 -0.086025179966818549 0.26359060030962739
leaf_weight=20 275 14.999999999999998 56 17 52 15.999999999999998
leaf_count=20 275 15 56 17 52 16
internal_value=-0.00573173 0.0112277 0.019969 0.0995552 -0.00286524 0.139458
internal_weight=451 431 416 89 327 72
internal_count=451 431 416 89 327 72
is_linear=0
shrinkage=0.03


Tree=76
num_leaves=7
num_cat=0
split_feature=22 1 17 1 2 2
split_gain=1730.14 1192.78 501.717 485.876 681.684 346.873
threshold=-26.124999999999996 1.0000000180025095e-35 -54.499999999999993 17.500000000000004 16.850000000000005 14.450000000000001
decision_type=8 8 10 10 2 2
left_child=2 -2 -1 5 -5 -3
right_child=1 3 -4 4 -6 -7
leaf_value=-0.28971622534096242 -0.045709384388850825 -0.0092753724413258687 -0.052249766801084785 0.23521583990918263 -0.0056695153631947251 0.069335125121846794
leaf_weight=19 216 100 15.999999999999998 22 17 95
leaf_count=19 216 100 16 22 17 95
internal_value=-0.0121766 0.00458005 -0.201261 0.0509862 0.141502 0.029798
internal_weight=485 450 35 234 39 195
internal_count=485 450 35 234 39 195
is_linear=0
shrinkage=0.03


Tree=77
num_leaves=7
num_cat=0
split_feature=22 1 6 1 15 0
split_gain=1476.69 995.572 630.656 351.633 434.395 418.066
threshold=-41.499999999999993 17.500000000000004 1.0000000180025095e-35 1.0000000180025095e-35 -41.499999999999993 77.500000000000014
decision_type=8 10 10 8 10 2
left_child=-1 2 3 -2 5 -5
right_child=1 -3 -4 4 -6 -7
leaf_value=-0.23960617490790106 -0.018291808791458607 0.14433951913662579 -0.09850009462071789 0.091093807265554605 -0.048480226286686953 -0.029254884670178095
leaf_weight=17 175 41 49 109 35 31
leaf_count=17 175 41 49 109 35 31
internal_value=0.000322642 0.0121807 -0.00301788 0.0115487 0.0410684 0.0643553
internal_weight=457 440 399 350 175 140
internal_count=457 440 399 350 175 140
is_linear=0
shrinkage=0.03


Tree=78
num_leaves=7
num_cat=0
split_feature=1 23 16 0 0 17
split_gain=1040.3 809.605 457.492 411.747 346.955 388.607
threshold=-12.499999999999998 -4.7499999999999991 14.500000000000002 62.500000000000007 117.50000000000001 -46.499999999999993
decision_type=8 2 10 2 2 10
left_child=-1 3 4 -2 5 -3
right_child=1 2 -4 -5 -6 -7
leaf_value=-0.11467536258286443 -0.021505524352192877 0.015727671059583753 0.15943482478459675 -0.17754633378576146 -0.092713952958583826 0.090971222047148068
leaf_weight=53 55 223 22 17 14.999999999999998 82
leaf_count=53 55 223 22 17 15 82
internal_value=0.00445624 0.0208938 0.0402042 -0.0674851 0.0296804 0.0370981
internal_weight=467 414 342 72 320 305
internal_count=467 414 342 72 320 305
is_linear=0
shrinkage=0.03


Tree=79
num_leaves=7
num_cat=0
split_feature=1 17 16 13 20 2
split_gain=1248.97 797.287 848.248 648.057 569.685 471.639
threshold=-1.0000000180025095e-35 -32.499999999999993 6.5000000000000009 -3.1588235294117619 -13.499999999999998 20.150000000000002
decision_type=8 10 10 10 8 2
left_child=4 2 -2 -4 -1 -6
right_child=1 -3 3 -5 5 -7
leaf_value=-0.21412584049361091 -0.016395531631982409 0.1263570134784095 0.011683394193649291 0.23018121836185454 -0.0026359797868391742 -0.1283437145444063
leaf_weight=15.999999999999998 191 67 25 20 87 34
leaf_count=16 191 67 25 20 87 34
internal_value=0.00504417 0.038926 0.011998 0.122101 -0.0686236 -0.0416501
internal_weight=440 303 236 45 137 121
internal_count=440 303 236 45 137 121
is_linear=0
shrinkage=0.03


Tree=80
num_leaves=7
num_cat=0
split_feature=1 16 4 21 15 5
split_gain=1089.08 772.688 624.511 423.024 380.282 280.253
threshold=-7.4999999999999991 6.5000000000000009 0.25000000000000011 1.1968954248366031 -8.4999999999999982 -0.9330127018922193
decision_type=8 10 2 10 8 2
left_child=2 4 -1 -3 -2 -6
right_child=1 3 -4 -5 5 -7
leaf_value=-0.050414375746495099 -0.12468605249104175 0.029135158595285916 -0.23714246693512667 0.18761261461302636 -0.076538003972348043 0.014970348779687587
leaf_weight=68 17 33 18 27 29 260
leaf_count=68 17 33 18 27 29 260
internal_value=-0.00744427 0.0154515 -0.100379 0.109396 -0.00443165 0.00464235
internal_weight=452 366 86 60 306 289
internal_count=452 366 86 60 306 289
is_linear=0
shrinkage=0.03


Tree=81
num_leaves=7
num_cat=0
split_feature=1 17 22 16 5 2
split_gain=1355.39 656.103 557.211 535.172 540.867 456.764
threshold=-7.4999999999999991 1.0000000180025095e-35 -41.499999999999993 6.5000000000000009 0.9330127018922193 16.950000000000003
decision_type=10 8 10 8 2 2
left_child=2 -2 -1 -3 5 -5
right_child=1 3 -4 4 -6 -7
leaf_value=-0.22243397317253624 0.1452413246327558 -0.037520870157029651 -0.05249407259126504 0.099430069715048364 -0.054037398745616277 -0.0017629050791485986
leaf_weight=21 32 121 67 108 40 62
leaf_count=21 32 121 67 108 40 62
internal_value=-0.000506046 0.025359 -0.102826 0.0117803 0.0403991 0.0635285
internal_weight=451 363 88 331 210 170
internal_count=451 363 88 331 210 170
is_linear=0
shrinkage=0.03


Tree=82
num_leaves=7
num_cat=0
split_feature=22 1 2 23 5 2
split_gain=1127.07 695.034 575.748 488.33 490.038 361.3
threshold=-41.499999999999993 17.500000000000004 16.850000000000005 5.9235294117647053 -0.9330127018922193 14.950000000000001
decision_type=8 10 2 2 2 2
left_child=-1 3 -3 4 -2 -6
right_child=1 2 -4 -5 5 -7
leaf_value=-0.22721949869936162 -0.11668445387307336 0.18490944089560674 -0.03431785883009434 0.076817812143370162 -0.043522182980703338 0.020223128487828226
leaf_weight=17 46 24 14.999999999999998 38 180 137
leaf_count=17 46 24 15 38 180 137
internal_value=-0.0176417 -0.00708235 0.106273 -0.01928 -0.0302468 -0.0160867
internal_weight=457 440 39 401 363 317
internal_count=457 440 39 401 363 317
is_linear=0
shrinkage=0.03


Tree=83
num_leaves=7
num_cat=0
split_feature=22 15 5 17 2 13
split_gain=1487.94 675.517 516.057 393.606 345.995 286.753
threshold=-41.499999999999993 -12.999999999999998 -0.9330127018922193 1.0000000180025095e-35 17.250000000000004 -9.0696078431372502
decision_type=8 8 2 8 2 8
left_child=-1 -2 4 -4 -3 -5
right_child=1 2 3 5 -6 -7
leaf_value=-0.25419969763074601 -0.15410038279450458 0.040171722796830268 0.12235469880274363 -0.084350608326494686 -0.10857226562626818 0.023490664277403126
leaf_weight=15.999999999999998 18 17 30 19 42 310
leaf_count=16 18 17 30 19 42 310
internal_value=-0.00753624 0.00429508 0.0128568 0.0265318 -0.0659237 0.0160932
internal_weight=452 436 418 359 59 329
internal_count=452 436 418 359 59 329
is_linear=0
shrinkage=0.03


Tree=84
num_leaves=7
num_cat=0
split_feature=0 22 0 22 7 1
split_gain=834.453 789.697 428.887 364.694 442.913 298.906
threshold=102.50000000000001 2.9568627450980398 37.500000000000007 -35.41607843137254 inf 7.5000000000000009
decision_type=2 10 2 10 8 10
left_child=1 2 -1 -4 -5 -3
right_child=-2 5 3 4 -6 -7
leaf_value=0.036262269910348921 -0.13435894877502794 0.020986188710667191 -0.1258085134061607 -0.054205153680662005 0.048624334256899986 0.11396744450069453
leaf_weight=93 33 59 32 108 52 68
leaf_count=93 33 59 32 108 52 68
internal_value=0.000227315 0.012489 -0.0153614 -0.0406523 -0.0203248 0.0732026
internal_weight=445 412 285 192 160 127
internal_count=445 412 285 192 160 127
is_linear=0
shrinkage=0.03


Tree=85
num_leaves=7
num_cat=0
split_feature=1 7 4 2 2 2
split_gain=1141.05 636.878 564.248 587.293 384.48 802.857
threshold=1.0000000180025095e-35 1.0000000180025095e-35 0.25000000000000011 18.950000000000003 14.450000000000001 17.550000000000004
decision_type=8 10 2 2 2 2
left_child=2 4 -1 -4 -2 -6
right_child=1 -3 3 -5 5 -7
leaf_value=-0.024079550716234611 0.016726891314120668 -0.10818806867884552 -0.034159961527791514 -0.25996051056044439 0.17646343572257922 0.02157348977847838
leaf_weight=188 109 18 24 15.999999999999998 53 66
leaf_count=188 109 18 24 16 53 66
internal_value=0.000183662 0.0445623 -0.0476273 -0.143329 0.0586844 0.0948919
internal_weight=474 246 228 40 228 119
internal_count=474 246 228 40 228 119
is_linear=0
shrinkage=0.03


Tree=86
num_leaves=7
num_cat=0
split_feature=6 1 1 0 16 0
split_gain=947.793 603.066 421.97 623.437 513.188 349.371
threshold=1.0000000180025095e-35 -17.499999999999996 12.500000000000002 82.500000000000014 12.500000000000002 42.500000000000007
decision_type=10 10 10 2 8 2
left_child=1 -1 -3 4 -4 -2
right_child=5 2 3 -5 -6 -7
leaf_value=-0.11823779851198196 -0.0080736562583980896 0.014034053595564044 0.012605348378419876 -0.015273834788485577 0.20473806867512259 -0.15396567051185339
leaf_weight=21 24 308 19 33 36 36
leaf_count=21 24 308 19 33 36 36
internal_value=0.00599197 0.0223575 0.0311946 0.0872729 0.144946 -0.100719
internal_weight=477 417 396 88 55 60
internal_count=477 417 396 88 55 60
is_linear=0
shrinkage=0.03


Tree=87
num_leaves=7
num_cat=0
split_feature=22 6 22 0 1 20
split_gain=1203.77 596.034 482.738 412.173 361.255 307.242
threshold=-20.749999999999996 inf 5.3091503267973854 72.500000000000014 -1.0000000180025095e-35 -2.4999999999999996
decision_type=8 8 10 2 10 10
left_child=1 -1 3 -2 -4 -6
right_child=2 -3 4 -5 5 -7
leaf_value=-0.27017884987592694 0.011188132555782795 -0.04939491060872872 -0.041667293569316033 -0.079539448759772549 0.13218636388661431 0.0011485060056050619
leaf_weight=14.999999999999998 245 31 18 50 56 22
leaf_count=15 245 31 18 50 56 22
internal_value=-0.00367285 -0.140819 0.0140363 -0.00525879 0.0706538 0.0975226
internal_weight=437 46 391 295 96 78
internal_count=437 46 391 295 96 78
is_linear=0
shrinkage=0.03


Tree=88
num_leaves=7
num_cat=0
split_feature=0 2 2 1 21 17
split_gain=681.559 912.352 1933.08 650.269 506.39 451.983
threshold=72.500000000000014 14.850000000000003 16.850000000000005 17.500000000000004 1.7490196078431366 -54.499999999999993
decision_type=2 2 2 8 10 10
left_child=3 -2 -3 4 -1 -4
right_child=1 2 5 -5 -6 -7
leaf_value=0.0014007480200028642 -0.18775318533182145 0.24731154646192277 -0.15298598315264725 0.1876365909576416 0.15032751893455332 -0.0041261122269289838
leaf_weight=313 31 15.999999999999998 32 14.999999999999998 17 37
leaf_count=313 31 16 32 15 17 37
internal_value=0.000227521 -0.0611517 -0.00711373 0.0214439 0.0112019 -0.0788348
internal_weight=461 116 85 345 330 69
internal_count=461 116 85 345 330 69
is_linear=0
shrinkage=0.03


Tree=89
num_leaves=7
num_cat=0
split_feature=22 15 2 21 20 22
split_gain=841.513 497.116 472.768 378.116 291.222 424.305
threshold=-41.499999999999993 -12.999999999999998 20.750000000000004 2.1720588235294138 -2.4999999999999996 -0.26666666666666661
decision_type=8 8 2 10 8 10
left_child=-1 -2 3 4 -3 -6
right_child=1 2 -4 -5 5 -7
leaf_value=-0.18367262916905538 -0.12529218726831934 -0.025738468486194807 -0.055475847916816597 0.12401835439105828 0.078830934113416906 -0.00048856994122949268
leaf_weight=15.999999999999998 18 85 62 31 112 126
leaf_count=16 18 85 62 31 112 126
internal_value=0.00187184 0.0107262 0.0180298 0.031497 0.0208621 0.0376922
internal_weight=450 434 416 354 323 238
internal_count=450 434 416 354 323 238
is_linear=0
shrinkage=0.03


Tree=90
num_leaves=7
num_cat=0
split_feature=0 1 20 0 1 2
split_gain=1109.68 721.153 627.301 474.889 415.892 512.164
threshold=122.50000000000001 -22.499999999999996 -10.499999999999998 52.500000000000007 12.500000000000002 17.250000000000004
decision_type=2 8 8 2 10 2
left_child=1 -1 3 -3 -4 -6
right_child=-2 2 4 -5 5 -7
leaf_value=-0.17750871666840146 -0.2290804873406887 0.0078796433636120385 0.0028357863551090384 -0.14963720664955102 0.13856537763029336 -0.034891340732574459
leaf_weight=15.999999999999998 15.999999999999998 30 303 34 43 20
leaf_count=16 16 30 303 34 43 20
internal_value=-0.0159447 -0.00584361 0.00251084 -0.0805806 0.0179307 0.0849832
internal_weight=462 446 430 64 366 63
internal_count=462 446 430 64 366 63
is_linear=0
shrinkage=0.03


Tree=91
num_leaves=7
num_cat=0
split_feature=1 0 13 2 2 1
split_gain=703.117 567.18 721.035 419.025 527.048 355.795
threshold=-22.499999999999996 82.500000000000014 0.42450980392156273 14.950000000000001 17.250000000000004 12.500000000000002
decision_type=10 2 10 2 2 10
left_child=-1 2 5 -3 -5 -2
right_child=1 3 -4 4 -6 -7
leaf_value=-0.17956740487899098 -0.0084510404741639025 -0.17342169656753539 0.17107717301845551 0.10791525578498841 -0.072111983343160588 0.084114166359568754
leaf_weight=15.999999999999998 281 20 20 14.999999999999998 51 38
leaf_count=16 281 20 20 15 51 38
internal_value=-0.0101112 -0.00171783 0.015921 -0.0683023 -0.0264784 0.00370343
internal_weight=441 425 339 86 66 319
internal_count=441 425 339 86 66 319
is_linear=0
shrinkage=0.03


Tree=92
num_leaves=7
num_cat=0
split_feature=0 22 0 4 21 4
split_gain=1572.54 1006.01 711.687 453.324 363.331 279.609
threshold=117.50000000000001 9.3212418300653628 67.500000000000014 0.25000000000000011 -2.9222222222222203 -0.5
decision_type=2 10 2 2 10 2
left_child=1 2 4 -4 5 -1
right_child=-2 -3 3 -5 -6 -7
leaf_value=0.027184330130238896 -0.25970128306320733 0.12021504236757755 -0.12645776556296781 0.021791073536050729 0.094780186995863921 -0.034503984123351067
leaf_weight=133 15.999999999999998 55 61 24 35 122
leaf_count=133 16 55 61 24 35 122
internal_value=-0.00619613 0.00611326 -0.0119832 -0.0857141 0.010714 -0.00242526
internal_weight=446 430 375 85 290 255
internal_count=446 430 375 85 290 255
is_linear=0
shrinkage=0.03


Tree=93
num_leaves=7
num_cat=0
split_feature=22 20 22 17 1 1
split_gain=954.46 474.283 347.058 540.208 498.568 475.356
threshold=-41.499999999999993 -2.4999999999999996 5.0424836601307197 1.0000000180025095e-35 1.0000000180025095e-35 -12.499999999999998
decision_type=8 10 8 8 10 8
left_child=-1 2 3 4 -2 -4
right_child=1 -3 5 -5 -6 -7
leaf_value=-0.20343964826847824 -0.05984220572880336 0.072421210852265355 -0.10318163786615644 -0.050144333731835689 0.13186128063127397 0.052811136226291237
leaf_weight=15.999999999999998 15.999999999999998 70 15.999999999999998 209 27 110
leaf_count=16 16 70 16 209 27 110
internal_value=-0.0057616 0.00346588 -0.0100824 -0.0302257 0.0617266 0.0298204
internal_weight=464 448 378 252 43 126
internal_count=464 448 378 252 43 126
is_linear=0
shrinkage=0.03


Tree=94
num_leaves=7
num_cat=0
split_feature=0 9 22 22 6 5
split_gain=1771.64 935.485 480.525 403.529 403.155 338.189
threshold=127.50000000000001 1.0000000180025095e-35 -4.2299346405228748 -20.749999999999996 inf -0.9330127018922193
decision_type=2 2 8 10 8 2
left_child=1 2 4 -3 -1 -4
right_child=-2 3 5 -5 -6 -7
leaf_value=-0.073650409595607078 -0.28104662065207958 -0.22075377702713012 -0.028120122299744532 -0.027146774997504858 0.033908718245636141 0.057611300859164119
leaf_weight=68 14.999999999999998 15.999999999999998 47 21 51 232
leaf_count=68 15 16 47 21 51 232
internal_value=-0.00494184 0.00766453 0.0216229 -0.127182 -0.0280451 0.0429283
internal_weight=450 435 398 37 119 279
internal_count=450 435 398 37 119 279
is_linear=0
shrinkage=0.03


Tree=95
num_leaves=7
num_cat=0
split_feature=22 15 5 1 17 0
split_gain=1037.28 610.009 688.189 642.996 491.214 361.267
threshold=-41.499999999999993 -12.999999999999998 -0.9330127018922193 -12.499999999999998 16.500000000000004 52.500000000000007
decision_type=8 8 2 10 8 2
left_child=-1 -2 -3 -4 5 -5
right_child=1 2 3 4 -6 -7
leaf_value=-0.21348460516759327 -0.15979228641092777 -0.079822445972399278 -0.086069246567785737 0.0026223196766593238 0.022004927517390332 0.1684940661638975
leaf_weight=15.999999999999998 14.999999999999998 61 37 17 281 35
leaf_count=16 15 61 37 17 281 35
internal_value=-0.0074333 0.00224352 0.00965063 0.0252692 0.0387304 0.119254
internal_weight=462 446 431 370 333 52
internal_count=462 446 431 370 333 52
is_linear=0
shrinkage=0.03


Tree=96
num_leaves=7
num_cat=0
split_feature=6 1 0 4 0 1
split_gain=1030.95 528.878 430.785 318.993 316.202 308.34
threshold=1.0000000180025095e-35 12.500000000000002 72.500000000000014 0.25000000000000011 52.500000000000007 -12.499999999999998
decision_type=10 10 2 2 2 10
left_child=1 5 4 -4 -3 -1
right_child=-2 2 3 -5 -6 -7
leaf_value=-0.077423184247953553 -0.11657909532062342 0.030643037472452436 -0.076423040953549459 0.080281911993026728 0.20920194539640632 0.0095892624087476463
leaf_weight=37 56 15.999999999999998 17 20 23 283
leaf_count=37 56 16 17 20 23 283
internal_value=-0.00169473 0.0158026 0.0842827 0.00775574 0.147754 -0.0015079
internal_weight=452 396 76 37 39 320
internal_count=452 396 76 37 39 320
is_linear=0
shrinkage=0.03


Tree=97
num_leaves=7
num_cat=0
split_feature=22 22 15 1 0 4
split_gain=555.268 467.608 328.721 289.205 491.78 535.643
threshold=-41.499999999999993 19.500000000000004 7.5000000000000009 1.0000000180025095e-35 82.500000000000014 0.25000000000000011
decision_type=8 10 8 8 2 2
left_child=-1 2 -2 -4 -5 -6
right_child=1 -3 3 4 5 -7
leaf_value=-0.15272093222290278 -0.055140978500340138 0.14705495885440278 -0.013456742759773184 0.066031592922991711 -0.13878625074258219 0.062217316964398264
leaf_weight=14.999999999999998 70 15.999999999999998 174 140 21 18
leaf_count=15 70 16 174 140 21 18
internal_value=0.00193146 0.00887604 0.00199254 0.013934 0.0402018 -0.0494874
internal_weight=454 439 423 353 179 39
internal_count=454 439 423 353 179 39
is_linear=0
shrinkage=0.03


Tree=98
num_leaves=7
num_cat=0
split_feature=1 6 0 12 16 5
split_gain=936.299 470.484 430.303 420.138 603.125 510.242
threshold=-7.4999999999999991 1.0000000180025095e-35 42.500000000000007 2.1500000000000026 6.5000000000000009 -0.9330127018922193
decision_type=8 10 2 10 10 2
left_child=2 3 -1 5 -5 -2
right_child=1 -3 -4 4 -6 -7
leaf_value=0.024425765242841506 -0.091318976388258088 -0.076316260404703087 -0.12284461060166357 -0.022619130849838257 0.20947320878505707 0.031941921786266432
leaf_weight=22 29 36 65 14.999999999999998 21 277
leaf_count=22 29 36 65 15 21 277
internal_value=-0.000365737 0.0202813 -0.0863003 0.0314026 0.121803 0.01898
internal_weight=465 378 87 342 36 306
internal_count=465 378 87 342 36 306
is_linear=0
shrinkage=0.03


Tree=99
num_leaves=7
num_cat=0
split_feature=15 1 1 2 21 11
split_gain=772.612 555.382 432.854 782.617 250.479 264.399
threshold=-5.4999999999999991 -22.499999999999996 17.500000000000004 16.950000000000003 1.1968954248366031 -2.4999999999999996
decision_type=8 10 10 2 10 10
left_child=-1 -2 4 -4 -3 -6
right_child=1 2 3 -5 5 -7
leaf_value=-0.12785197056648206 -0.14186601775033134 -0.0038461550480784162 0.19271610998338268 -0.042582758814096448 -0.0086807493652616211 0.15239311051368715
leaf_weight=36 15.999999999999998 318 26 19 16.000000000000004 14.999999999999998
leaf_count=36 16 318 26 19 16 15
internal_value=-0.00364888 0.00866575 0.0164799 0.0990443 0.00458548 0.0795991
internal_weight=446 410 394 45 349 31
internal_count=446 410 394 45 349 31
is_linear=0
shrinkage=0.03


Tree=100
num_leaves=7
num_cat=0
split_feature=11 22 0 0 4 16
split_gain=879.998 563.46 462.561 517.913 276.172 545.665
threshold=-18.499999999999996 9.3212418300653628 87.500000000000014 47.500000000000007 -0.5 -49.999999999999993
decision_type=8 10 2 2 2 10
left_child=-1 4 3 -3 -2 -6
right_child=1 2 -4 -5 5 -7
leaf_value=-0.17250807292759418 0.025545590133583373 0.0092805421295697275 -0.029639957676763119 0.2131286789663136 -0.08204037160547667 0.019372461853771034
leaf_weight=19 179 18 18 27 81 104
leaf_count=19 179 18 18 27 81 104
internal_value=0.00436402 0.0141397 0.0934096 0.140671 -0.000659851 -0.0260204
internal_weight=446 427 63 45 364 185
internal_count=446 427 63 45 364 185
is_linear=0
shrinkage=0.03


Tree=101
num_leaves=7
num_cat=0
split_feature=22 1 16 2 2 2
split_gain=978.493 725.089 677.707 324.292 281.671 635.826
threshold=-15.124999999999998 17.500000000000004 -49.999999999999993 16.850000000000005 12.15 9.3500000000000032
decision_type=8 10 10 2 2 2
left_child=2 4 -1 -3 5 -2
right_child=1 3 -4 -5 -6 -7
leaf_value=-0.18815379072725774 -0.061290941214987203 0.20978826735330663 0.0092014859318733221 0.022119480550289151 -0.014421886509324577 0.098221858177672733
leaf_weight=35 30 18 25 14.999999999999998 273 61
leaf_count=35 30 18 25 15 273 61
internal_value=-0.00358098 0.0139196 -0.11154 0.138619 0.000889364 0.0451819
internal_weight=457 397 60 33 364 91
internal_count=457 397 60 33 364 91
is_linear=0
shrinkage=0.03


Tree=102
num_leaves=7
num_cat=0
split_feature=22 15 1 2 2 0
split_gain=1354 469.931 604.784 463.993 368.704 303.98
threshold=-35.41607843137254 -12.999999999999998 17.500000000000004 12.15 10.750000000000002 82.500000000000014
decision_type=8 8 10 2 2 2
left_child=-1 -2 3 4 -3 -4
right_child=1 2 5 -5 -6 -7
leaf_value=-0.20467319784419877 -0.11096824910905626 0.015379766550171993 0.19585259765386581 -0.012491023740588629 0.14365061148562852 0.030621270858324494
leaf_weight=23 22 53 19 289 29 21
leaf_count=23 22 53 19 289 29 21
internal_value=-0.0024438 0.010512 0.0182702 0.00559518 0.0663925 0.122147
internal_weight=456 433 411 371 82 40
internal_count=456 433 411 371 82 40
is_linear=0
shrinkage=0.03


Tree=103
num_leaves=7
num_cat=0
split_feature=0 2 15 0 0 17
split_gain=1249.69 748.639 596.585 547.091 449.99 586.941
threshold=122.50000000000001 20.250000000000004 -12.999999999999998 47.500000000000007 52.500000000000007 -54.499999999999993
decision_type=2 2 8 2 2 10
left_child=1 2 -1 -3 -4 -6
right_child=-2 3 4 -5 5 -7
leaf_value=-0.1228407188824245 -0.21646465082060204 0.024702175092406388 0.012233840421787255 -0.12338040004173914 0.033978996634917345 0.15680964852715359
leaf_weight=15.999999999999998 17 36 198 49 98 53
leaf_count=16 17 36 198 49 98 53
internal_value=0.00442084 0.0150524 0.03378 -0.062775 0.042594 0.0807359
internal_weight=467 450 365 85 349 151
internal_count=467 450 365 85 349 151
is_linear=0
shrinkage=0.03


Tree=104
num_leaves=7
num_cat=0
split_feature=22 2 22 2 2 0
split_gain=811.031 398.554 474.77 420.182 584.513 390.106
threshold=-39.499999999999993 20.250000000000004 7.1947712418300673 15.15 13.250000000000002 47.500000000000007
decision_type=8 2 10 2 2 2
left_child=-1 2 -2 4 -4 -3
right_child=1 5 3 -5 -6 -7
leaf_value=-0.18491092647824969 0.0009471792635888281 0.019855424329275038 0.090305502729920231 0.16619167197834359 -0.10969742068648337 -0.10787077283372684
leaf_weight=15.999999999999998 279 36 34 28 14.999999999999998 44
leaf_count=16 279 36 34 28 15 44
internal_value=-0.00278651 0.00591768 0.0196158 0.0830767 0.024592 -0.052607
internal_weight=452 436 356 77 49 80
internal_count=452 436 356 77 49 80
is_linear=0
shrinkage=0.03


Tree=105
num_leaves=7
num_cat=0
split_feature=0 1 20 0 13 1
split_gain=1063.74 686.1 442.236 505.68 377.277 362.859
threshold=117.50000000000001 -22.499999999999996 -10.499999999999998 52.500000000000007 0.42450980392156273 17.500000000000004
decision_type=2 8 8 2 10 10
left_child=1 -1 3 -3 5 -4
right_child=-2 2 4 -5 -6 -7
leaf_value=-0.15436766879899161 -0.19582327863444454 0.030609432334701217 0.015027117319205101 -0.13419650272889569 0.12928681552684043 0.13640536829829217
leaf_weight=15.999999999999998 18 31 321 28 29 19
leaf_count=16 18 31 321 28 29 19
internal_value=0.00320368 0.0133632 0.0213436 -0.0519773 0.0336051 0.0236886
internal_weight=462 444 428 59 369 340
internal_count=462 444 428 59 369 340
is_linear=0
shrinkage=0.03


Tree=106
num_leaves=7
num_cat=0
split_feature=0 2 2 0 17 21
split_gain=979.556 687.502 572.283 425.874 393.539 572.623
threshold=122.50000000000001 19.450000000000003 9.3500000000000032 57.500000000000007 28.500000000000004 -4.7469362745098023
decision_type=2 2 2 2 8 10
left_child=1 2 -1 -3 -4 -6
right_child=-2 3 4 -5 5 -7
leaf_value=-0.089435812079292881 -0.20836291381716726 0.00083655753736820769 0.10923353246000946 -0.11307886390110193 0.00014081511912601333 0.11287387743592261
leaf_weight=29 14.999999999999998 59 56 54 198 46
leaf_count=29 15 59 56 54 198 46
internal_value=-0.00298223 0.00624042 0.0281664 -0.0560857 0.0408144 0.0232335
internal_weight=457 442 329 113 300 244
internal_count=457 442 329 113 300 244
is_linear=0
shrinkage=0.03


Tree=107
num_leaves=7
num_cat=0
split_feature=0 1 6 1 0 13
split_gain=1395.47 540.304 415.854 282.549 270.095 665.553
threshold=127.50000000000001 -22.499999999999996 1.0000000180025095e-35 17.500000000000004 77.500000000000014 -0.31176470588235711
decision_type=2 8 10 10 2 10
left_child=1 -1 3 4 5 -3
right_child=-2 2 -4 -5 -6 -7
leaf_value=-0.14196683474949429 -0.24953401020169255 0.015539943889333781 -0.064994736206542073 0.10379814607066076 -0.037032854241984235 0.19162329761045321
leaf_weight=15.999999999999998 14.999999999999998 259 48 32 65 15.999999999999998
leaf_count=16 15 259 48 32 65 16
internal_value=-0.00447772 0.00668672 0.0139533 0.024867 0.0160415 0.0290237
internal_weight=451 436 420 372 340 275
internal_count=451 436 420 372 340 275
is_linear=0
shrinkage=0.03


Tree=108
num_leaves=7
num_cat=0
split_feature=1 4 22 21 22 19
split_gain=425.261 495.785 458.39 320.319 300.643 277.697
threshold=-12.499999999999998 -0.5 23.500000000000004 1.1968954248366031 -35.41607843137254 1.5000000000000002
decision_type=8 2 8 8 10 10
left_child=4 3 5 -2 -1 -3
right_child=1 2 -4 -5 -6 -7
leaf_value=-0.16094711573286491 -0.045071757552879198 -0.040838408185885501 0.097307619452476499 0.067807833441337076 -0.0173299170739767 0.072585015567866243
leaf_weight=17 23 190 24 147 36 17
leaf_count=17 23 190 24 147 36 17
internal_value=0.00272052 0.013547 -0.0150199 0.0516845 -0.0732994 -0.0300312
internal_weight=454 401 231 170 53 207
internal_count=454 401 231 170 53 207
is_linear=0
shrinkage=0.03


Tree=109
num_leaves=7
num_cat=0
split_feature=0 2 17 0 0 23
split_gain=1367.79 729.391 966.397 544.602 530.719 590
threshold=117.50000000000001 20.450000000000003 -54.499999999999993 47.500000000000007 97.500000000000014 6.1037450980392132
decision_type=2 2 10 2 2 2
left_child=1 2 4 -3 5 -1
right_child=-2 3 -4 -5 -6 -7
leaf_value=-0.0054958796047186289 -0.23516802012920379 0.011158197403313929 0.11194365167482333 -0.13775408714401477 -0.130881043443313 0.12605488596643721
leaf_weight=246 17 39 83 44 21 30
leaf_count=246 17 39 83 44 21 30
internal_value=-0.00402494 0.00688376 0.0246249 -0.0711249 -0.00122666 0.0107917
internal_weight=480 463 380 83 297 276
internal_count=480 463 380 83 297 276
is_linear=0
shrinkage=0.03


Tree=110
num_leaves=7
num_cat=0
split_feature=0 22 23 2 2 1
split_gain=863.482 446.57 281.342 246.414 486.205 679.094
threshold=122.50000000000001 9.3212418300653628 5.0553921568627453 19.650000000000002 14.450000000000001 1.0000000180025095e-35
decision_type=2 10 2 2 2 10
left_child=1 3 -3 4 -1 -6
right_child=-2 2 -4 -5 5 -7
leaf_value=-0.024177393206332068 -0.18665499550544401 0.12799702362064272 -0.0061932178815970046 -0.047759323306381704 -0.016494858686740582 0.1244490283947499
leaf_weight=172 17 35 21 91 60 56
leaf_count=172 17 35 21 91 60 56
internal_value=-0.00326613 0.00594043 0.0812927 -0.00610695 0.00764446 0.0538779
internal_weight=452 435 56 379 288 116
internal_count=452 435 56 379 288 116
is_linear=0
shrinkage=0.03


Tree=111
num_leaves=7
num_cat=0
split_feature=6 9 0 17 0 13
split_gain=832.355 764.645 397.1 386.917 339.647 552.582
threshold=1.0000000180025095e-35 1.0000000180025095e-35 57.500000000000007 21.500000000000004 82.500000000000014 -1.968627450980392
decision_type=10 2 2 10 2 10
left_child=1 3 -2 4 5 -1
right_child=2 -3 -4 -5 -6 -7
leaf_value=0.023070621389798734 -0.037930826052375459 -0.15059158411892976 -0.20744058287143707 0.15421130658550697 -0.029979833715728349 0.14914170401791732
leaf_weight=264 41 17 14.999999999999998 17 79 31
leaf_count=264 41 17 15 17 79 31
internal_value=0.00691428 0.0221221 -0.0966169 0.031438 0.0238966 0.0385837
internal_weight=464 408 56 391 374 295
internal_count=464 408 56 391 374 295
is_linear=0
shrinkage=0.03


Tree=112
num_leaves=7
num_cat=0
split_feature=0 2 0 17 5 0
split_gain=739.117 469.285 509.089 377.934 614.631 451.143
threshold=117.50000000000001 20.850000000000005 62.500000000000007 -54.499999999999993 -0.9330127018922193 97.500000000000014
decision_type=2 2 2 10 2 2
left_child=1 3 -3 5 -5 -1
right_child=-2 2 -4 4 -6 -7
leaf_value=0.011287901846079638 -0.17414485701783136 -0.0054606783283608299 -0.17564184672832489 -0.061212084373602503 0.1124977906056059 -0.12746354314296143
leaf_weight=249 17 44 20 21 67 18
leaf_count=249 17 44 20 21 67 18
internal_value=-0.00463949 0.00421031 -0.0675162 0.0178994 0.069982 -0.000237259
internal_weight=436 419 64 355 88 267
internal_count=436 419 64 355 88 267
is_linear=0
shrinkage=0.03


Tree=113
num_leaves=7
num_cat=0
split_feature=22 17 22 0 21 2
split_gain=798.582 365.738 347.422 393.852 636.482 483.983
threshold=-41.499999999999993 -12.999999999999998 21.500000000000004 72.500000000000014 1.1968954248366031 14.450000000000001
decision_type=8 8 10 2 10 2
left_child=-1 -2 3 4 -3 -5
right_child=1 2 -4 5 -6 -7
leaf_value=-0.1813959184714726 0.12181056842207909 -0.0021805086403352313 0.12051657023174421 -0.15576133206967385 0.14271346706151963 -0.010076984561541501
leaf_weight=15.999999999999998 19 300 15.999999999999998 26 25 63
leaf_count=16 19 300 16 26 25 63
internal_value=-0.000537234 0.00783439 0.001456 -0.00452861 0.0109586 -0.0586578
internal_weight=465 449 430 414 325 89
internal_count=465 449 430 414 325 89
is_linear=0
shrinkage=0.03


Tree=114
num_leaves=7
num_cat=0
split_feature=0 1 12 17 0 2
split_gain=790.252 522.292 380.599 330.438 653.544 455.209
threshold=122.50000000000001 17.500000000000004 3.5000000000000004 -54.499999999999993 62.500000000000007 20.450000000000003
decision_type=2 10 10 10 2 2
left_child=1 2 3 4 -1 -5
right_child=-2 -3 -4 5 -6 -7
leaf_value=-0.0024660831809441949 -0.17855653524398804 0.11464621226374919 0.094546002847807745 0.074868782508373255 -0.11538983817163266 -0.079156583353229198
leaf_weight=243 15.999999999999998 34 30 70 52 18
leaf_count=243 16 34 30 70 52 18
internal_value=0.00135977 0.00970367 -0.000203689 -0.00874807 -0.0239627 0.0408017
internal_weight=463 447 413 383 295 88
internal_count=463 447 413 383 295 88
is_linear=0
shrinkage=0.03


Tree=115
num_leaves=7
num_cat=0
split_feature=22 1 13 5 1 17
split_gain=759.302 519.782 540.401 351.482 360.296 252.409
threshold=-37.989080100125143 17.500000000000004 2.8166666666666633 -0.9330127018922193 -12.499999999999998 12.500000000000002
decision_type=8 10 10 2 8 8
left_child=-1 2 3 -2 -5 -6
right_child=1 -3 -4 4 5 -7
leaf_value=-0.15700732526779174 -0.074860931637563868 0.11607570364326239 0.15459151250123979 -0.071836278723633795 0.083053132820388537 0.0063753619532399023
leaf_weight=20 51 35 14.999999999999998 41 41 248
leaf_count=20 51 35 15 41 41 248
internal_value=0.00382984 0.0130082 0.00256499 -0.00534526 0.00635505 0.018481
internal_weight=451 431 396 381 330 289
internal_count=451 431 396 381 330 289
is_linear=0
shrinkage=0.03


Tree=116
num_leaves=7
num_cat=0
split_feature=20 1 4 2 2 16
split_gain=592.564 257.011 321.921 138.442 280.369 336.051
threshold=-21.499999999999996 12.500000000000002 -0.5 12.15 9.3500000000000032 -7.4999999999999991
decision_type=8 8 2 2 2 10
left_child=-1 3 -3 4 -2 -6
right_child=1 2 -4 -5 5 -7
leaf_value=-0.15799453684261866 -0.041244266729902578 0.12019592518607775 0.0013743494085545808 -0.016283983846594179 0.11949515696026776 -0.020261585835752816
leaf_weight=15.999999999999998 32 31 48 275 33 24
leaf_count=16 32 31 48 275 33 24
internal_value=-0.00226361 0.00506154 0.0523797 -0.00577865 0.0258212 0.0637618
internal_weight=459 443 79 364 89 57
internal_count=459 443 79 364 89 57
is_linear=0
shrinkage=0.03


Tree=117
num_leaves=7
num_cat=0
split_feature=20 4 2 2 0 23
split_gain=341.225 336.533 326.61 669.393 857.251 447.215
threshold=-2.4999999999999996 -0.5 20.750000000000004 14.450000000000001 72.500000000000014 2.6862745098039231
decision_type=10 2 2 2 2 2
left_child=2 -2 3 4 -1 -5
right_child=1 -3 -4 5 -6 -7
leaf_value=-0.006458518448265364 0.13269902526654978 0.0029034485022226969 -0.072054302340313306 0.025179402829114211 -0.17767875736409966 0.17698570275306699
leaf_weight=132 28 40 57 161 28 14.999999999999998
leaf_count=132 28 40 57 161 28 15
internal_value=0.00217518 0.061777 -0.00878414 0.00284833 -0.0408983 0.0426491
internal_weight=461 68 393 336 160 176
internal_count=461 68 393 336 160 176
is_linear=0
shrinkage=0.03


Tree=118
num_leaves=7
num_cat=0
split_feature=0 2 22 0 0 4
split_gain=1067.57 612.422 357.932 329.783 205.307 606.461
threshold=127.50000000000001 20.450000000000003 14.250000000000002 52.500000000000007 72.500000000000014 0.25000000000000011
decision_type=2 2 10 2 2 2
left_child=1 2 4 -3 -1 -6
right_child=-2 3 -4 -5 5 -7
leaf_value=0.022408306539442986 -0.22121704097092149 0.004374622590839863 0.11695048784056017 -0.11948409537971019 -0.085487120841678824 0.092576184296607966
leaf_weight=264 14.999999999999998 31 26 45 52 20
leaf_count=264 15 31 26 45 52 20
internal_value=-0.00686926 0.00288537 0.0193323 -0.0718113 0.0101744 -0.0332255
internal_weight=453 438 362 76 336 72
internal_count=453 438 362 76 336 72
is_linear=0
shrinkage=0.03


Tree=119
num_leaves=7
num_cat=0
split_feature=0 9 17 0 13 0
split_gain=762.014 502.288 370.721 366.621 377.781 343.675
threshold=122.50000000000001 1.0000000180025095e-35 -54.499999999999993 82.500000000000014 -0.31176470588235711 57.500000000000007
decision_type=2 2 10 2 10 2
left_child=1 2 3 4 -1 -4
right_child=-2 -3 5 -5 -6 -7
leaf_value=0.0047772208669381892 -0.17004436408931559 -0.083524663357631021 -0.008664472503097433 -0.071980194896459584 0.11312566718594594 0.10727714100354153
leaf_weight=241 17 41 33 43 28 66
leaf_count=241 17 41 33 43 28 66
internal_value=0.00244222 0.010719 0.0210113 0.00458452 0.0179137 0.0700714
internal_weight=469 452 411 312 269 99
internal_count=469 452 411 312 269 99
is_linear=0
shrinkage=0.03


Tree=120
num_leaves=7
num_cat=0
split_feature=20 4 20 16 17 15
split_gain=665.787 524.299 409.551 348.415 280.232 199.657
threshold=-17.499999999999996 -0.5 -2.4999999999999996 -49.999999999999993 23.500000000000004 -2.4999999999999996
decision_type=8 2 10 10 8 8
left_child=-1 2 -2 4 -3 -6
right_child=1 3 -4 -5 5 -7
leaf_value=-0.13967833835631607 0.018591731674969195 -0.11308865586916605 0.13533347128128462 0.010751799609512089 -0.095295397564768791 0.006827435708837583
leaf_weight=27 163 49 28 115 19 59
leaf_count=27 163 49 28 115 19 59
internal_value=-0.00762795 0.00210664 0.0387215 -0.0269907 -0.0602797 -0.0222908
internal_weight=460 433 191 242 127 78
internal_count=460 433 191 242 127 78
is_linear=0
shrinkage=0.03


Tree=121
num_leaves=7
num_cat=0
split_feature=22 2 2 0 1 0
split_gain=720.206 363.394 733.642 788.49 506.27 323.627
threshold=-37.989080100125143 20.450000000000003 14.950000000000001 82.500000000000014 -12.499999999999998 42.500000000000007
decision_type=8 2 2 2 8 2
left_child=-1 2 3 -2 -4 -6
right_child=1 -3 4 -5 5 -7
leaf_value=-0.17389893889427183 0.0048303622875416107 -0.051800098050799638 -0.052352968421247266 -0.16758142073949175 0.021525965452194214 0.12835715898445674
leaf_weight=15.999999999999998 204 76 22 22 40 79
leaf_count=16 204 76 22 22 40 79
internal_value=-0.00221056 0.00586201 0.0183387 -0.0152171 0.0708023 0.0947635
internal_weight=459 443 367 226 141 119
internal_count=459 443 367 226 141 119
is_linear=0
shrinkage=0.03


Tree=122
num_leaves=7
num_cat=0
split_feature=1 1 0 0 13 22
split_gain=491.502 390.113 500.529 355.019 395.689 310.323
threshold=-22.499999999999996 17.500000000000004 82.500000000000014 82.500000000000014 -5.3254901960784293 -26.124999999999996
decision_type=10 10 2 2 10 10
left_child=-1 3 -3 4 -2 -5
right_child=1 2 -4 5 -6 -7
leaf_value=-0.14405979419296439 -0.0080423749278719057 0.19201797825949532 -0.0055787181854248047 0.019177466814334576 0.087107598761717475 -0.11648855284849802
leaf_weight=17 308 15.999999999999998 25 21 40 40
leaf_count=17 308 16 25 21 40 40
internal_value=-0.00560401 0.00115214 0.0840221 -0.00806955 0.00397331 -0.0718693
internal_weight=467 450 41 409 348 61
internal_count=467 450 41 409 348 61
is_linear=0
shrinkage=0.03


Tree=123
num_leaves=7
num_cat=0
split_feature=16 17 0 22 16 13
split_gain=469.406 288.174 284.712 673.112 576.228 437.804
threshold=-19.999999999999996 1.0000000180025095e-35 72.500000000000014 29.000000000000004 1.5000000000000002 -3.1588235294117619
decision_type=8 8 2 8 10 10
left_child=-1 -2 5 4 -4 -3
right_child=1 2 3 -5 -6 -7
leaf_value=-0.12206391276851776 0.071675009906969275 -0.0091717585817807246 -0.1793349515921191 0.094376275198800222 1.9155361435630105e-05 0.10087935735245009
leaf_weight=26 39 265 33 15.999999999999998 28 32
leaf_count=26 39 265 33 16 28 32
internal_value=-0.00947368 -0.00101036 -0.00943544 -0.0589292 -0.103244 0.00415947
internal_weight=439 413 374 77 61 297
internal_count=439 413 374 77 61 297
is_linear=0
shrinkage=0.03


Tree=124
num_leaves=7
num_cat=0
split_feature=22 15 1 2 2 2
split_gain=739.456 340.573 344.196 213.945 546.426 397.306
threshold=-41.499999999999993 -12.999999999999998 -17.499999999999996 12.15 14.950000000000001 9.3500000000000032
decision_type=8 8 8 2 2 2
left_child=-1 -2 -3 5 -5 -4
right_child=1 2 3 4 -6 -7
leaf_value=-0.17412967032194138 -0.10043467780818109 -0.088144548936532091 -0.028073013143880027 -0.043667973418519877 0.04009369022514233 0.096309644816136811
leaf_weight=14.999999999999998 18 21 30 102 199 74
leaf_count=15 18 21 30 102 199 74
internal_value=0.00441422 0.012318 0.0181921 0.0247135 0.0114596 0.0607881
internal_weight=459 444 426 405 301 104
internal_count=459 444 426 405 301 104
is_linear=0
shrinkage=0.03


Tree=125
num_leaves=7
num_cat=0
split_feature=0 2 0 2 2 0
split_gain=741.603 340.866 478.438 335.863 891.915 367.676
threshold=127.50000000000001 20.450000000000003 57.500000000000007 14.450000000000001 17.950000000000003 67.500000000000014
decision_type=2 2 2 2 2 2
left_child=1 2 -1 5 -5 -4
right_child=-2 -3 3 4 -6 -7
leaf_value=-0.017012809784592766 -0.18897964623570443 -0.057070093108228886 0.076018492909414426 0.17302144939899444 -0.014151999680122927 -0.068966302300492915
leaf_weight=223 14.999999999999998 78 23 45 41 31
leaf_count=223 15 78 23 45 41 31
internal_value=-0.0103026 -0.00217472 0.0102361 0.0527297 0.087913 -0.00600456
internal_weight=456 441 363 140 86 54
internal_count=456 441 363 140 86 54
is_linear=0
shrinkage=0.03


Tree=126
num_leaves=7
num_cat=0
split_feature=22 2 2 20 22 22
split_gain=646.214 253.475 402.124 323.968 280.394 308.381
threshold=-28.499999999999996 9.3500000000000032 10.950000000000001 -1.0000000180025095e-35 7.1947712418300673 13.16666666666667
decision_type=8 2 2 8 10 10
left_child=-1 -2 3 -3 -4 -6
right_child=1 2 4 -5 5 -7
leaf_value=-0.13417948996648191 -0.070924253085007258 0.18339945929391044 -0.010338377705395998 0.014895188874668544 0.11554537160976512 -0.011102875669797261
leaf_weight=27 31 15.999999999999998 302 22 32 31
leaf_count=27 31 16 302 22 32 31
internal_value=-0.0040598 0.00547125 0.012145 0.09892 0.0018962 0.0569923
internal_weight=461 434 403 38 365 63
internal_count=461 434 403 38 365 63
is_linear=0
shrinkage=0.03


Tree=127
num_leaves=7
num_cat=0
split_feature=0 17 1 17 0 13
split_gain=782.051 446.3 379.753 346.55 415.648 328.794
threshold=117.50000000000001 9.5000000000000018 -22.499999999999996 -4.4999999999999991 72.500000000000014 -2.4843137254901921
decision_type=2 10 8 8 2 10
left_child=1 2 -1 -4 5 -5
right_child=-2 -3 3 4 -6 -7
leaf_value=-0.12603524056077003 -0.16543593913316726 0.11320483635153088 0.089422478106405051 0.0011482682174028013 -0.067359265687210207 0.092803921772212514
leaf_weight=14.999999999999998 19 30 37 251 65 36
leaf_count=15 19 30 37 251 65 36
internal_value=0.001333 0.010435 0.00151298 0.00796831 -0.00172614 0.0140374
internal_weight=453 434 404 389 352 287
internal_count=453 434 404 389 352 287
is_linear=0
shrinkage=0.03


Tree=128
num_leaves=7
num_cat=0
split_feature=0 1 20 2 2 2
split_gain=705.657 375.843 346.957 343.212 214.925 201.534
threshold=122.50000000000001 12.500000000000002 -3.4999999999999996 17.250000000000004 14.450000000000001 20.850000000000005
decision_type=2 10 8 2 2 2
left_child=1 5 -3 4 -4 -1
right_child=-2 2 3 -5 -6 -7
leaf_value=0.0056998345075522129 -0.16517336514863099 -0.040308840051293371 0.06178915392268787 -0.01985767262322562 0.20068628683090209 -0.052117836096070028
leaf_weight=301 17 19 28 15.999999999999998 20 61
leaf_count=301 17 19 28 16 20 61
internal_value=0.000733049 0.00883588 0.064452 0.0962201 0.133136 -0.00462024
internal_weight=462 445 83 64 48 362
internal_count=462 445 83 64 48 362
is_linear=0
shrinkage=0.03


Tree=129
num_leaves=7
num_cat=0
split_feature=22 2 2 0 0 2
split_gain=617.822 267.157 339.43 337.318 329.188 390.995
threshold=-37.989080100125143 20.250000000000004 14.950000000000001 82.500000000000014 47.500000000000007 17.250000000000004
decision_type=8 2 2 2 2 2
left_child=-1 2 3 -2 -4 -6
right_child=1 -3 4 -5 5 -7
leaf_value=-0.13613764008241039 0.0090000327916815882 -0.039920307575020846 -0.0021751808927905174 -0.10789754070639609 0.1560997692097065 0.029553460645048678
leaf_weight=23 195 77 57 20 38 51
leaf_count=23 195 77 57 20 38 51
internal_value=0.000535776 0.00916823 0.020041 -0.00407924 0.0545194 0.0890137
internal_weight=461 438 361 215 146 89
internal_count=461 438 361 215 146 89
is_linear=0
shrinkage=0.03


Tree=130
num_leaves=7
num_cat=0
split_feature=20 1 17 16 0 16
split_gain=481.305 358.174 440.685 287.111 282.707 207.979
threshold=-17.499999999999996 1.0000000180025095e-35 12.500000000000002 14.500000000000002 32.500000000000007 5.5000000000000009
decision_type=8 10 8 10 2 8
left_child=-1 4 -3 -4 -2 -6
right_child=1 2 3 -5 5 -7
leaf_value=-0.11782079224559394 0.049819069408081666 0.10870452862470707 -0.0079354575391184408 0.1008246134519577 0.0013567060969570384 -0.065268950634831638
leaf_weight=28 32 42 169 20 65 114
leaf_count=28 32 42 169 20 65 114
internal_value=-0.00730075 0.000940108 0.0264786 0.00587549 -0.0269849 -0.0416958
internal_weight=470 442 231 189 211 179
internal_count=470 442 231 189 211 179
is_linear=0
shrinkage=0.03


Tree=131
num_leaves=7
num_cat=0
split_feature=6 21 0 17 5 1
split_gain=654.755 276.294 647.649 280.528 268.135 256.245
threshold=1.0000000180025095e-35 2.1720588235294138 67.500000000000014 9.5000000000000018 -0.9330127018922193 17.500000000000004
decision_type=10 10 2 10 2 10
left_child=1 3 -3 4 -1 -6
right_child=-2 2 -4 -5 5 -7
leaf_value=-0.068045033998787391 -0.081533110041759504 0.22120026791095729 -0.027393763150487627 0.093939153470098971 0.0095959510609476169 0.10694329861137601
leaf_weight=31 52 15.000000000000002 15.999999999999998 35 262 22
leaf_count=31 52 15 16 35 262 22
internal_value=0.0136048 0.0274774 0.106909 0.0190353 0.0093749 0.0188567
internal_weight=433 381 31 350 315 284
internal_count=433 381 31 350 315 284
is_linear=0
shrinkage=0.03


Tree=132
num_leaves=7
num_cat=0
split_feature=1 22 0 0 13 17
split_gain=293.008 397.132 380.39 232.566 397.462 177.993
threshold=-22.499999999999996 23.500000000000004 52.500000000000007 102.50000000000001 -0.31176470588235711 9.5000000000000018
decision_type=10 8 2 2 10 10
left_child=-1 3 -3 4 5 -2
right_child=1 2 -4 -5 -6 -7
leaf_value=-0.10863023418188095 -0.010275168392299775 -0.011674190479516983 0.15342861806192704 -0.07771718599579551 0.10012985328833261 0.077945096709511497
leaf_weight=14.999999999999998 318 20 26 28 31 17
leaf_count=15 318 20 26 28 31 17
internal_value=0.00375597 0.00876484 0.0875379 -0.00141373 0.00539242 -0.0047179
internal_weight=455 440 46 394 366 335
internal_count=455 440 46 394 366 335
is_linear=0
shrinkage=0.03


Tree=133
num_leaves=7
num_cat=0
split_feature=0 1 20 4 2 2
split_gain=776.594 257.557 276.577 248.72 194.583 365.264
threshold=102.50000000000001 -22.499999999999996 -18.499999999999996 1.0000000180025095e-35 9.3500000000000032 11.450000000000001
decision_type=2 10 8 2 2 2
left_child=1 -1 -3 -2 -4 -6
right_child=3 2 4 -5 5 -7
leaf_value=-0.10370124936103821 -0.02790982859475272 -0.09697330402291339 -0.060877780602313573 -0.18564548751403545 0.084608129697330919 0.0027410072296304667
leaf_weight=15.999999999999998 15.999999999999998 18 27 24 54 293
leaf_count=16 16 18 27 24 54 293
internal_value=-0.014387 -0.00132567 0.00410636 -0.132663 0.0101863 0.016502
internal_weight=448 408 392 40 374 347
internal_count=448 408 392 40 374 347
is_linear=0
shrinkage=0.03


Tree=134
num_leaves=7
num_cat=0
split_feature=22 1 2 13 5 21
split_gain=727.61 355.198 298.475 149.083 291.078 216.967
threshold=-37.989080100125143 17.500000000000004 16.950000000000003 2.8166666666666633 -0.9330127018922193 -2.9222222222222203
decision_type=8 10 2 10 2 10
left_child=-1 3 -3 4 -2 -6
right_child=1 2 -4 -5 5 -7
leaf_value=-0.16544296722859145 -0.075204336148185225 0.13437960471957922 -0.019060672521591184 0.074878602057695393 -0.0061469370872498418 0.079583168497373319
leaf_weight=19 47 27 15.999999999999998 14.999999999999998 312 24
leaf_count=19 47 27 16 15 312 24
internal_value=-0.00456877 0.00413936 0.0812474 -0.00509608 -0.00915282 0.00105376
internal_weight=460 441 43 398 383 336
internal_count=460 441 43 398 383 336
is_linear=0
shrinkage=0.03


Tree=135
num_leaves=7
num_cat=0
split_feature=15 2 2 16 0 2
split_gain=300.324 339.576 399.763 855.659 280.392 238.305
threshold=-12.999999999999998 11.950000000000001 10.050000000000002 18.500000000000004 37.500000000000007 14.15
decision_type=8 2 2 8 2 2
left_child=-1 2 4 -4 -2 -3
right_child=1 5 3 -5 -6 -7
leaf_value=-0.10535159433665482 0.070456636212766169 -0.054450092848676898 -0.0061544070392847055 0.23386531797739177 -0.064393718919970769 0.0050308258198779477
leaf_weight=18 19 73 27 21 28 269
leaf_count=18 19 73 27 21 28 269
internal_value=0.000342992 0.00583906 0.0544952 0.111011 -0.0083468 -0.00826703
internal_weight=455 437 95 48 47 342
internal_count=455 437 95 48 47 342
is_linear=0
shrinkage=0.03


Tree=136
num_leaves=7
num_cat=0
split_feature=11 1 5 0 1 17
split_gain=482.373 373.246 350.341 274.414 323.798 247.467
threshold=-15.499999999999998 -22.499999999999996 -0.9330127018922193 67.500000000000014 -1.0000000180025095e-35 12.500000000000002
decision_type=8 8 2 2 10 8
left_child=-1 -2 3 -3 -5 -4
right_child=1 2 5 4 -6 -7
leaf_value=-0.11939433029107749 -0.1184157560978617 0.03164462258322881 0.075552269098433586 -0.0020624980542808774 -0.16314478682783931 0.010809370842392974
leaf_weight=25 15.999999999999998 21 61 20 21 285
leaf_count=25 16 21 61 20 21 285
internal_value=-0.00312326 0.00504399 0.0112605 -0.0517995 -0.0933332 0.0231372
internal_weight=449 424 408 62 41 346
internal_count=449 424 408 62 41 346
is_linear=0
shrinkage=0.03


Tree=137
num_leaves=7
num_cat=0
split_feature=0 1 11 4 2 1
split_gain=417.674 342.322 264.031 272.967 482.148 387.359
threshold=102.50000000000001 1.0000000180025095e-35 -1.4999999999999998 -0.5 16.850000000000005 -1.0000000180025095e-35
decision_type=2 10 8 2 2 10
left_child=2 -2 -1 -4 -5 -6
right_child=1 -3 3 4 5 -7
leaf_value=-0.029228372186475064 -0.16525835806908815 0.0018389555124136117 0.054859173391945661 0.033328558014611064 0.0021916120510329217 -0.15534024656646783
leaf_weight=101 18 21 145 113 29 22
leaf_count=101 18 21 145 113 29 22
internal_value=0.00262255 -0.0852984 0.0119127 0.0256114 -0.00110593 -0.0735656
internal_weight=449 39 410 309 164 51
internal_count=449 39 410 309 164 51
is_linear=0
shrinkage=0.03


Tree=138
num_leaves=7
num_cat=0
split_feature=1 4 2 2 22 2
split_gain=231.691 228.855 294.369 726.734 305.965 251.462
threshold=-12.499999999999998 -0.5 17.250000000000004 14.950000000000001 -2.465490196078429 18.950000000000003
decision_type=8 2 2 2 10 2
left_child=-1 -2 3 -3 -5 -4
right_child=1 2 5 4 -6 -7
leaf_value=-0.051303813696691861 0.038966774972319727 -0.018616067316869031 -0.14426287730309095 0.017874172300100327 0.19866071089454321 -0.015649520623187224
leaf_weight=52 171 133 17 14.999999999999998 18 40
leaf_count=52 171 133 17 15 18 40
internal_value=0.00535141 0.013378 -0.0066682 0.0137875 0.129649 -0.0625486
internal_weight=446 394 223 166 33 57
internal_count=446 394 223 166 33 57
is_linear=0
shrinkage=0.03


Tree=139
num_leaves=7
num_cat=0
split_feature=22 15 1 2 1 22
split_gain=537.74 202.863 243.584 613.718 160.91 129.456
threshold=-41.499999999999993 -12.999999999999998 17.500000000000004 16.850000000000005 -22.499999999999996 25.500000000000004
decision_type=8 8 10 2 10 8
left_child=-1 -2 4 -4 -3 -6
right_child=1 2 3 -5 5 -7
leaf_value=-0.14696395270187748 -0.083922461332245304 -0.081115089297294607 0.17948080860078333 -0.037883008861541743 -0.00015451811900931204 0.055193569812663761
leaf_weight=17 17 14.999999999999998 19 20 329 38
leaf_count=17 17 15 19 20 329 38
internal_value=-0.00221657 0.0049968 0.00953023 0.0763742 0.00180727 0.00624117
internal_weight=455 438 421 39 382 367
internal_count=455 438 421 39 382 367
is_linear=0
shrinkage=0.03


Tree=140
num_leaves=7
num_cat=0
split_feature=0 17 21 2 17 0
split_gain=442.961 343.62 196.795 523.625 228.914 509.121
threshold=117.50000000000001 9.5000000000000018 1.1968954248366031 14.450000000000001 6.5000000000000009 62.500000000000007
decision_type=2 10 10 2 8 2
left_child=1 2 4 -4 -1 -6
right_child=-2 -3 3 -5 5 -7
leaf_value=0.041002619569671564 -0.13531604440639847 0.090009978481701433 -0.056238665367875779 0.15895397163927555 -0.0031616261815361211 -0.091855688252667031
leaf_weight=53 18 30 15.999999999999998 15.999999999999998 251 71
leaf_count=53 18 30 16 16 251 71
internal_value=-0.00699382 -0.000237299 -0.00790106 0.0582979 -0.0142428 -0.0238239
internal_weight=455 437 407 32 375 322
internal_count=455 437 407 32 375 322
is_linear=0
shrinkage=0.03


Tree=141
num_leaves=7
num_cat=0
split_feature=15 1 5 0 2 2
split_gain=235.982 241.132 311.256 332.971 526.653 679.181
threshold=-12.999999999999998 -12.499999999999998 -0.9330127018922193 57.500000000000007 18.150000000000002 14.950000000000001
decision_type=8 8 2 2 2 2
left_child=-1 -2 -3 -4 5 -5
right_child=1 2 3 4 -6 -7
leaf_value=-0.09643954260922645 -0.057380423380268941 -0.051785431113694942 0.00035661102792659361 0.027394190012262416 -0.034913594589593845 0.20692765558467191
leaf_weight=18 49 57 226 47 32 29
leaf_count=18 49 57 226 47 32 29
internal_value=-0.00275753 0.00211544 0.0102018 0.0213882 0.0634357 0.104445
internal_weight=458 440 391 334 108 76
internal_count=458 440 391 334 108 76
is_linear=0
shrinkage=0.03


Tree=142
num_leaves=7
num_cat=0
split_feature=22 15 4 16 16 1
split_gain=482.579 196.088 151.947 323.742 293.07 265.181
threshold=-37.989080100125143 -8.4999999999999982 -0.5 11.500000000000002 23.500000000000004 -7.4999999999999991
decision_type=8 8 2 8 8 10
left_child=-1 -2 4 -4 -3 -6
right_child=1 2 3 -5 5 -7
leaf_value=-0.1250211429808821 -0.067909255568229118 -0.016686978724442029 0.0361362910254494 -0.036872466345628102 -0.017875134972855446 0.087640780392216469
leaf_weight=23 27 71 87 130 27 77
leaf_count=23 27 71 87 130 27 77
internal_value=-0.00443088 0.00358488 0.00930248 -0.00744705 0.0297018 0.0606839
internal_weight=442 419 392 217 175 104
internal_count=442 419 392 217 175 104
is_linear=0
shrinkage=0.03


Tree=143
num_leaves=7
num_cat=0
split_feature=2 2 0 0 22 2
split_gain=375.451 652.665 678.003 577.93 556.446 298.991
threshold=18.150000000000002 14.950000000000001 82.500000000000014 57.500000000000007 -54.398856209150317 16.850000000000005
decision_type=2 2 2 2 10 2
left_child=1 2 -1 -3 -2 -5
right_child=4 3 -4 5 -6 -7
leaf_value=-0.00075483420254471149 -0.18999135748906568 -0.0054020086230467191 -0.16322010088425415 0.2121054637006351 -0.024857299320122154 0.045322400379180908
leaf_weight=209 17 41 21 23 125 20
leaf_count=209 17 41 21 23 125 20
internal_value=-0.0108308 0.00758076 -0.0187458 0.0766688 -0.0504167 0.147334
internal_weight=456 314 230 84 142 43
internal_count=456 314 230 84 142 43
is_linear=0
shrinkage=0.03


Tree=144
num_leaves=7
num_cat=0
split_feature=20 2 2 4 16 2
split_gain=516.793 346.837 348.604 306.96 268.791 243.197
threshold=-14.499999999999998 17.950000000000003 14.950000000000001 0.25000000000000011 -23.499999999999996 12.15
decision_type=8 2 2 2 10 2
left_child=4 2 5 -3 -1 -2
right_child=1 3 -4 -5 -6 -7
leaf_value=-0.17370487482710317 0.038689816494782765 -0.0069922372390483984 0.079540594678591287 -0.1201460627052519 -0.0090828471311501097 -0.025159809348460672
leaf_weight=17 103 111 80 22 15.999999999999998 102
leaf_count=17 103 111 80 22 16 102
internal_value=0.00039487 0.00991089 0.0284391 -0.0293844 -0.105585 0.0070781
internal_weight=451 418 285 133 33 205
internal_count=451 418 285 133 33 205
is_linear=0
shrinkage=0.03


Tree=145
num_leaves=7
num_cat=0
split_feature=15 2 0 1 2 0
split_gain=218.811 181.124 307.437 197.588 322.609 513.744
threshold=-5.4999999999999991 20.250000000000004 37.500000000000007 -12.499999999999998 14.950000000000001 77.500000000000014
decision_type=8 2 2 8 2 2
left_child=-1 3 -3 -2 5 -5
right_child=1 2 -4 4 -6 -7
leaf_value=-0.061486327934332868 -0.044626116788968807 0.049054743573069569 -0.070226377779296759 0.02120974625135667 0.061842218871079095 -0.11164778651729707
leaf_weight=39 36 25 53 164 126 26
leaf_count=39 36 25 53 164 126 26
internal_value=0.00229565 0.00872078 -0.0313432 0.0179132 0.0256221 0.000632645
internal_weight=469 430 78 352 316 190
internal_count=469 430 78 352 316 190
is_linear=0
shrinkage=0.03


Tree=146
num_leaves=7
num_cat=0
split_feature=20 12 1 16 2 2
split_gain=441.886 429.543 276.777 264.825 265.484 535.528
threshold=-17.499999999999996 3.5000000000000004 -22.499999999999996 -8.4999999999999982 9.3500000000000032 11.850000000000003
decision_type=8 10 8 10 2 2
left_child=-1 2 -2 4 -4 -6
right_child=1 -3 3 -5 5 -7
leaf_value=-0.10519264405423945 -0.10962306790798902 0.10235039339493959 -0.060160707039758558 -0.031565580142707363 0.12684765773063356 0.010527009341132008
leaf_weight=28 14.999999999999998 35 27 118 39 193
leaf_count=28 15 35 27 118 39 193
internal_value=0.000626376 0.00870252 -0.000842634 0.00486371 0.0217443 0.0323445
internal_weight=455 427 392 377 259 232
internal_count=455 427 392 377 259 232
is_linear=0
shrinkage=0.03


Tree=147
num_leaves=7
num_cat=0
split_feature=13 5 1 5 0 19
split_gain=282.081 313.811 339.796 452.231 324.241 253.121
threshold=4.0019607843137281 -0.9330127018922193 -12.499999999999998 0.6830127018922193 72.500000000000014 -2.4999999999999996
decision_type=10 2 8 2 2 8
left_child=1 4 3 -3 -1 -4
right_child=-2 2 5 -5 -6 -7
leaf_value=0.011403630851157779 0.10107276287945834 -0.13178141072392463 -0.058055770898737556 0.038525245901942257 -0.12799485839299254 0.021465205915882937
leaf_weight=24 17 31 36 20 32 300
leaf_count=24 17 31 36 20 32 300
internal_value=-0.00386216 -0.0089721 0.000983677 -0.0675179 -0.0722148 0.0122188
internal_weight=460 443 387 51 56 336
internal_count=460 443 387 51 56 336
is_linear=0
shrinkage=0.03


Tree=148
num_leaves=7
num_cat=0
split_feature=1 0 22 0 3 17
split_gain=299.512 354.193 150.723 295.111 393.415 256.14
threshold=17.500000000000004 82.500000000000014 -9.8999999999999986 92.500000000000014 1.0000000180025095e-35 -54.499999999999993
decision_type=10 2 10 2 2 10
left_child=2 -2 5 -4 -5 -1
right_child=1 -3 3 4 -6 -7
leaf_value=-0.0031273536486053858 0.15971028787749153 -0.011929559111595153 -0.011623762041344342 0.0055769480977739608 -0.19232057502865788 0.11218052285058157
leaf_weight=98 15.999999999999998 21 261 15.999999999999998 15.000000000000002 15.999999999999998
leaf_count=98 16 21 261 16 15 16
internal_value=-0.0038924 0.0724702 -0.0116485 -0.0229671 -0.103592 0.0170897
internal_weight=443 37 406 292 31 114
internal_count=443 37 406 292 31 114
is_linear=0
shrinkage=0.03


Tree=149
num_leaves=7
num_cat=0
split_feature=6 2 22 2 2 2
split_gain=270.283 264.126 399.201 282.536 249.748 235.12
threshold=1.0000000180025095e-35 14.950000000000001 -2.3666666666666663 14.050000000000002 11.950000000000001 9.8500000000000032
decision_type=10 2 8 2 2 2
left_child=1 2 3 -1 5 -4
right_child=-2 -3 4 -5 -6 -7
leaf_value=0.076578590415026015 -0.055016101519971224 0.035679704105850252 -0.05909920888021588 -0.050078008174896237 -0.080628305197366176 0.050623322266798755
leaf_weight=52 60 192 27 18 69 34
leaf_count=52 60 192 27 18 69 34
internal_value=0.00171265 0.0109792 -0.0130252 0.0428425 -0.0435804 0.00125962
internal_weight=452 392 200 70 130 61
internal_count=452 392 200 70 130 61
is_linear=0
shrinkage=0.03


Tree=150
num_leaves=7
num_cat=0
split_feature=22 1 0 13 0 22
split_gain=497.45 304.511 296.283 279.955 206.456 167.275
threshold=-37.989080100125143 17.500000000000004 82.500000000000014 2.8166666666666633 32.500000000000007 9.3212418300653628
decision_type=8 10 2 10 2 10
left_child=-1 3 -3 4 -2 -6
right_child=1 2 -4 -5 5 -7
leaf_value=-0.13829098771918905 0.054976753614842888 0.15386202588677406 -0.001991091799736023 0.10408817166631872 -0.021418944888098944 0.034982436182243483
leaf_weight=17 40 19 20 17 312 51
leaf_count=17 40 19 20 17 312 51
internal_value=0.00110938 0.00770693 0.0827934 -0.000157401 -0.00577656 -0.0131271
internal_weight=476 459 39 420 403 363
internal_count=476 459 39 420 403 363
is_linear=0
shrinkage=0.03


Tree=151
num_leaves=7
num_cat=0
split_feature=6 1 20 4 0 1
split_gain=425.915 324.157 247.498 235.066 359.769 175.885
threshold=1.0000000180025095e-35 12.500000000000002 -16.499999999999996 -0.5 57.500000000000007 -17.499999999999996
decision_type=10 8 8 2 2 10
left_child=1 5 -2 -3 -5 -1
right_child=2 3 -4 4 -6 -7
leaf_value=-0.066667372201170236 -0.15169714473187923 0.13005744486426313 -0.021706252066791058 -0.08052205950021743 0.076058336421847339 0.011976722403246896
leaf_weight=23 14.999999999999998 31 45 14.999999999999998 35 296
leaf_count=23 15 31 45 15 35 296
internal_value=0.00802798 0.0193883 -0.0633732 0.0710926 0.0260344 0.00536515
internal_weight=460 400 60 81 50 319
internal_count=460 400 60 81 50 319
is_linear=0
shrinkage=0.03


Tree=152
num_leaves=7
num_cat=0
split_feature=22 2 2 1 12 5
split_gain=644.941 253.771 331.597 273.19 215.243 184.311
threshold=-39.499999999999993 14.950000000000001 16.850000000000005 7.5000000000000009 4.0000000000000009 0.6830127018922193
decision_type=8 2 2 8 8 2
left_child=-1 4 3 -3 -2 -4
right_child=1 2 5 -5 -6 -7
leaf_value=-0.1710007294714451 0.056600274804979561 0.011138676702976226 -0.0069768722834331644 0.15119651228189468 -0.029915091544389722 0.082438938496634362
leaf_weight=14.999999999999998 25 23 149 25 197 19
leaf_count=15 25 23 149 25 197 19
internal_value=-0.00439515 0.00317615 0.0260266 0.0914675 -0.0191403 0.00522599
internal_weight=453 438 216 48 222 168
internal_count=453 438 216 48 222 168
is_linear=0
shrinkage=0.03


Tree=153
num_leaves=7
num_cat=0
split_feature=1 15 2 0 22 5
split_gain=245.489 198.967 201.181 184.887 182.633 325.612
threshold=-22.499999999999996 -12.999999999999998 20.750000000000004 47.500000000000007 18.500000000000004 -0.9330127018922193
decision_type=8 8 2 2 10 2
left_child=-1 -2 4 -4 5 -3
right_child=1 2 3 -5 -6 -7
leaf_value=-0.095121933773159986 -0.080537649091333138 -0.05995817827326911 0.013947110049426555 -0.084163701916113498 0.10712229834950487 0.029094872355393212
leaf_weight=14.999999999999998 14.999999999999998 37 35 27 18 319
leaf_count=15 15 37 35 27 18 319
internal_value=0.00790608 0.0123382 0.0164103 -0.031871 0.024729 0.0191371
internal_weight=466 451 436 62 374 356
internal_count=466 451 436 62 374 356
is_linear=0
shrinkage=0.03


Tree=154
num_leaves=7
num_cat=0
split_feature=0 17 0 17 13 0
split_gain=495.638 306.307 220.795 420.79 245.94 176.019
threshold=122.50000000000001 9.5000000000000018 72.500000000000014 -54.499999999999993 -1.968627450980392 82.500000000000014
decision_type=2 10 2 10 10 2
left_child=1 2 4 -4 -1 -3
right_child=-2 5 3 -5 -6 -7
leaf_value=0.0035114249398880827 -0.14435777074098588 0.1450610030781139 -0.086785795446485278 0.049377243574708699 0.092531413450356453 0.0086818861663341528
leaf_weight=287 14.999999999999998 17 55 27 26 14.999999999999998
leaf_count=287 15 17 55 27 26 15
internal_value=0.00166568 0.00840674 0.000666835 -0.0416905 0.0122447 0.0909454
internal_weight=442 427 395 82 313 32
internal_count=442 427 395 82 313 32
is_linear=0
shrinkage=0.03


Tree=155
num_leaves=7
num_cat=0
split_feature=22 5 0 0 1 0
split_gain=492.066 206.293 368.395 242.358 452.641 211.151
threshold=-39.499999999999993 -0.9330127018922193 67.500000000000014 62.500000000000007 1.0000000180025095e-35 97.500000000000014
decision_type=8 2 2 2 10 2
left_child=-1 2 -2 -3 5 -5
right_child=1 3 -4 4 -6 -7
leaf_value=-0.12680756151676176 0.052542843464119679 0.0060968672011437611 -0.08456161818645419 -0.088700278563932936 0.10384881464738241 0.039519526362419129
leaf_weight=19 24 272 42 17 66 20
leaf_count=19 24 272 42 17 66 20
internal_value=0.00560139 0.0126637 -0.0345162 0.0213123 0.0593504 -0.0229385
internal_weight=460 441 66 375 103 37
internal_count=460 441 66 375 103 37
is_linear=0
shrinkage=0.03


Tree=156
num_leaves=7
num_cat=0
split_feature=0 22 17 13 22 11
split_gain=334.959 855.186 316.33 198.375 226.009 334.566
threshold=102.50000000000001 7.1947712418300673 9.5000000000000018 -1.968627450980392 -0.57647058823529362 -2.4999999999999996
decision_type=2 8 10 10 8 8
left_child=2 -2 3 4 5 -1
right_child=1 -3 -4 -5 -6 -7
leaf_value=-0.030077530088670108 -0.18194414636184428 0.074391422016280032 0.092765582854097542 0.053418332841247321 -0.038814164646690887 0.045568989592202756
leaf_weight=97 24 15.999999999999998 28 43 150 104
leaf_count=97 24 16 28 43 150 104
internal_value=-0.00472355 -0.0825369 0.00353223 -0.00389224 -0.0115648 0.00921899
internal_weight=462 40 422 394 351 201
internal_count=462 40 422 394 351 201
is_linear=0
shrinkage=0.03


Tree=157
num_leaves=7
num_cat=0
split_feature=0 1 17 22 0 22
split_gain=345.561 245.188 209.3 215.59 445.341 175.759
threshold=122.50000000000001 -22.499999999999996 6.5000000000000009 21.500000000000004 72.500000000000014 5.0424836601307197
decision_type=2 8 8 8 2 10
left_child=1 -1 -3 4 -4 -6
right_child=-2 2 3 -5 5 -7
leaf_value=-0.094724749663601754 -0.12106665275313637 0.05587803778471425 0.0062327236813175813 0.060412464446799694 -0.12568911480406919 -0.02347195414205392
leaf_weight=18 17 59 268 38 31 31
leaf_count=18 17 59 268 38 31 31
internal_value=-0.00500315 0.000726658 0.00580015 -0.00287005 -0.01095 -0.0801462
internal_weight=462 445 427 368 330 62
internal_count=462 445 427 368 330 62
is_linear=0
shrinkage=0.03


Tree=158
num_leaves=7
num_cat=0
split_feature=22 1 15 22 1 23
split_gain=211.575 222.845 164.507 198.026 210.7 195.346
threshold=-26.124999999999996 22.500000000000004 -2.4999999999999996 -9.8999999999999986 -1.0000000180025095e-35 -4.7499999999999991
decision_type=8 10 8 8 10 2
left_child=-1 2 5 4 -4 -2
right_child=1 -3 3 -5 -6 -7
leaf_value=-0.070207253223971311 0.0055795537911612408 0.092475293613970277 -0.0084888842472663293 -0.0032869985139151233 0.11534582951239176 -0.11436400339007377
leaf_weight=33 24 19 21 322 23 19
leaf_count=33 24 19 21 322 23 19
internal_value=-0.00235466 0.00362726 -0.00156716 0.00521327 0.0614076 -0.053811
internal_weight=461 428 409 366 44 43
internal_count=461 428 409 366 44 43
is_linear=0
shrinkage=0.03


Tree=159
num_leaves=7
num_cat=0
split_feature=1 4 20 2 2 17
split_gain=207.775 128.425 386.792 259.656 188.951 562.178
threshold=-22.499999999999996 -0.5 -2.4999999999999996 16.050000000000004 17.250000000000004 16.500000000000004
decision_type=10 2 10 2 2 8
left_child=-1 2 3 -2 5 -3
right_child=1 4 -4 -5 -6 -7
leaf_value=-0.10092678755521774 -0.039444795225200981 0.13992151282403778 0.11315462235481508 0.03176637511700392 -0.054171592606990428 -0.019089103543332642
leaf_weight=14.999999999999998 82 18 26 93 76 149
leaf_count=15 82 18 26 93 76 149
internal_value=-0.00633354 -0.0020495 0.0154816 -0.00176996 -0.0165703 0.00161903
internal_weight=459 444 201 175 243 167
internal_count=459 444 201 175 243 167
is_linear=0
shrinkage=0.03


Tree=160
num_leaves=7
num_cat=0
split_feature=20 0 4 2 17 12
split_gain=285.621 407.556 282.725 273.844 398.983 393.329
threshold=-10.499999999999998 52.500000000000007 -0.5 17.250000000000004 12.500000000000002 9.5000000000000018
decision_type=8 2 2 2 8 8
left_child=1 -1 -2 4 -4 -6
right_child=2 -3 3 -5 5 -7
leaf_value=0.03208415681123733 0.039876328232779125 -0.11877025918740974 0.13005825340747834 -0.06015514373779296 0.10776539716383685 -0.026790308674783197
leaf_weight=25 179 33 17 64 18 126
leaf_count=25 179 33 17 64 18 126
internal_value=0.00313951 -0.056361 0.0122662 -0.0100885 0.0110262 -0.00691897
internal_weight=462 58 404 225 161 144
internal_count=462 58 404 225 161 144
is_linear=0
shrinkage=0.03


Tree=161
num_leaves=7
num_cat=0
split_feature=22 1 2 22 22 22
split_gain=580.721 220.381 342.39 164.926 163.041 170.158
threshold=-41.499999999999993 17.500000000000004 16.950000000000003 9.5647058823529427 -9.8999999999999986 -6.2446078431372536
decision_type=8 10 2 10 8 8
left_child=-1 3 -3 4 -2 -6
right_child=1 2 -4 -5 5 -7
leaf_value=-0.15042634538241792 0.036101950771714512 0.1388932494393417 -0.025457530089400032 0.051125989474099257 -0.064243303475027172 -0.0031317993798830471
leaf_weight=15.999999999999998 71 23 17 53 44 255
leaf_count=16 71 23 17 53 44 255
internal_value=0.00396045 0.0108458 0.0739766 0.00408146 -0.00324918 -0.0130335
internal_weight=479 463 40 423 370 299
internal_count=479 463 40 423 370 299
is_linear=0
shrinkage=0.03


Tree=162
num_leaves=7
num_cat=0
split_feature=0 17 22 4 12 0
split_gain=157.448 304.429 279.463 410.345 159.998 209.214
threshold=92.500000000000014 9.5000000000000018 -33.249999999999993 0.25000000000000011 6.0500000000000016 37.500000000000007
decision_type=2 10 10 2 10 2
left_child=1 4 -2 -4 5 -1
right_child=2 -3 3 -5 -6 -7
leaf_value=0.030980971632035153 0.042625043048308442 0.10074337891032618 -0.16752999428659679 0.01151739484988726 0.067218776308000092 -0.018002331667757103
leaf_weight=109 21 26 19 21 27 247
leaf_count=109 21 26 19 21 27 247
internal_value=0.00348689 0.0103123 -0.0395912 -0.0826948 0.00295424 -0.00278326
internal_weight=470 409 61 40 383 356
internal_count=470 409 61 40 383 356
is_linear=0
shrinkage=0.03


Tree=163
num_leaves=7
num_cat=0
split_feature=22 21 22 2 0 0
split_gain=289.022 181.233 225.505 250.675 395.668 280.25
threshold=-28.499999999999996 1.1968954248366031 -9.1531372549019583 18.150000000000002 57.500000000000007 37.500000000000007
decision_type=8 10 8 2 2 2
left_child=-1 2 -2 4 -4 -5
right_child=1 -3 3 5 -6 -7
leaf_value=-0.091362329171254086 0.054822934979901587 0.067312938016145796 -0.014596009561792016 0.031187071725726125 0.06654298952221871 -0.074286247282043874
leaf_weight=21 63 42 163 29 75 71
leaf_count=21 63 42 163 29 75 71
internal_value=0.00597476 0.0115571 0.00496028 -0.00499733 0.0118161 -0.0436704
internal_weight=464 443 401 338 238 100
internal_count=464 443 401 338 238 100
is_linear=0
shrinkage=0.03


Tree=164
num_leaves=7
num_cat=0
split_feature=0 1 20 22 2 2
split_gain=408.166 249.399 229.21 235.603 147.985 230.509
threshold=117.50000000000001 -22.499999999999996 -14.499999999999998 -9.8999999999999986 9.3500000000000032 10.950000000000001
decision_type=2 8 8 8 2 2
left_child=1 -1 -3 -4 -5 -6
right_child=-2 2 3 4 5 -7
leaf_value=-0.10201934060454369 -0.12805377925219744 -0.06855105453992591 0.062627850319658007 -0.055536886310825741 0.077919937434949377 -0.0010148479371935456
leaf_weight=14.999999999999998 18 29 65 31 33 268
leaf_count=15 18 29 65 31 33 268
internal_value=-0.00484447 0.00156368 0.00635218 0.0126083 0.00203138 0.00877093
internal_weight=459 441 426 397 332 301
internal_count=459 441 426 397 332 301
is_linear=0
shrinkage=0.03


Tree=165
num_leaves=7
num_cat=0
split_feature=0 5 15 11 22 0
split_gain=639.865 203.245 271.573 378.959 221.24 321.366
threshold=127.50000000000001 0.9330127018922193 -12.999999999999998 1.0000000180025095e-35 3.2916666666666674 57.500000000000007
decision_type=2 2 10 10 10 2
left_child=1 2 4 -4 -1 -6
right_child=-2 -3 3 -5 5 -7
leaf_value=-0.0083892088397290593 -0.16567763847112657 -0.039300856070592999 0.16564602486789226 -0.020522722888737917 -0.017336784503897841 0.086318844028282909
leaf_weight=237 14.999999999999998 65 19 14.999999999999998 44 59
leaf_count=237 15 65 19 15 44 59
internal_value=0.000316236 0.00778988 0.0163846 0.0914115 0.00766584 0.0432861
internal_weight=454 439 374 34 340 103
internal_count=454 439 374 34 340 103
is_linear=0
shrinkage=0.03


Tree=166
num_leaves=7
num_cat=0
split_feature=0 17 9 22 17 0
split_gain=168.437 451.638 120.222 148.284 123.853 156.996
threshold=122.50000000000001 4.5000000000000009 1.0000000180025095e-35 -14.951960784313725 -28.499999999999996 77.500000000000014
decision_type=2 10 2 10 8 2
left_child=1 2 4 -4 -1 -6
right_child=-2 -3 3 -5 5 -7
leaf_value=0.076649335384368897 -0.078293483342443196 0.09467107061220674 -0.10371706269004127 0.0025750743448734281 0.0084370988326776305 -0.046253076824359592
leaf_weight=14.999999999999998 15.999999999999998 44 17 25 297 51
leaf_count=15 16 44 17 25 297 51
internal_value=0.00485322 0.00864577 -0.00174074 -0.0469047 0.00405114 -0.000119457
internal_weight=465 449 405 42 363 348
internal_count=465 449 405 42 363 348
is_linear=0
shrinkage=0.03


Tree=167
num_leaves=7
num_cat=0
split_feature=0 17 21 0 17 2
split_gain=224.319 807.847 242.369 250.006 231.948 236.206
threshold=92.500000000000014 9.5000000000000018 -3.2464901960784318 32.500000000000007 6.5000000000000009 18.250000000000004
decision_type=2 10 10 2 10 2
left_child=1 2 3 -1 5 -2
right_child=4 -3 -4 -5 -6 -7
leaf_value=0.052871744164398736 0.046055662529221893 0.17762805119804712 0.049867947234772142 -0.025780737528465558 -0.13715781654630388 -0.077540407318414911
leaf_weight=37 24 18 55 278 15.999999999999998 22
leaf_count=37 24 18 55 278 16 22
internal_value=-0.00359583 0.00509462 -0.00555536 -0.0158604 -0.0543028 -0.0148623
internal_weight=450 388 370 315 62 46
internal_count=450 388 370 315 62 46
is_linear=0
shrinkage=0.03


Tree=168
num_leaves=7
num_cat=0
split_feature=0 22 2 0 0 2
split_gain=525.153 197.518 246.094 232.428 231.672 254.931
threshold=117.50000000000001 -20.749999999999996 19.950000000000003 92.500000000000014 52.500000000000007 20.450000000000003
decision_type=2 10 2 2 2 2
left_child=1 2 -1 4 -3 -6
right_child=-2 3 -4 -5 5 -7
leaf_value=-0.0057149852954727753 -0.13840199409984053 0.0023973860588085137 -0.12480113523347038 -0.062407841775566339 0.075074471057249376 -0.024631063614506274
leaf_weight=63 19 204 15.999999999999998 27 99 27
leaf_count=63 19 204 16 27 99 27
internal_value=-0.00175552 0.00570093 -0.0358267 0.0152584 0.0224496 0.0535844
internal_weight=455 436 79 357 330 126
internal_count=455 436 79 357 330 126
is_linear=0
shrinkage=0.03


Tree=169
num_leaves=7
num_cat=0
split_feature=20 1 22 0 22 22
split_gain=404.929 233.915 236.154 304.193 480.02 248.023
threshold=-17.499999999999996 -22.499999999999996 29.000000000000004 82.500000000000014 8.9000000000000021 9.3212418300653628
decision_type=8 8 8 2 10 10
left_child=-1 -2 3 5 -5 -3
right_child=1 2 -4 4 -6 -7
leaf_value=-0.10946202469723565 -0.092079174622893334 0.0075118726405004653 0.081413901602713071 0.0048392129855023489 -0.15623805246502159 0.085379373718832807
leaf_weight=23 14.999999999999998 265 36 49 20 38
leaf_count=23 15 265 36 49 20 38
internal_value=0.00107835 0.00829736 0.0130578 0.00545062 -0.0492518 0.0185049
internal_weight=446 423 408 372 69 303
internal_count=446 423 408 372 69 303
is_linear=0
shrinkage=0.03


Tree=170
num_leaves=7
num_cat=0
split_feature=23 22 12 17 0 0
split_gain=295.252 223.776 165.212 170.712 191.254 171.191
threshold=-18.499999999999996 -9.8999999999999986 3.5000000000000004 9.5000000000000018 87.500000000000014 32.500000000000007
decision_type=2 8 10 10 2 2
left_child=-1 -2 3 5 -5 -3
right_child=1 2 -4 4 -6 -7
leaf_value=-0.10053771710266238 0.056582380614586564 0.039702428742735225 0.053319855751874652 0.097989787455234262 -0.026384433082171848 -0.024616634999785354
leaf_weight=18 71 39 41 22 15.999999999999998 250
leaf_count=18 71 39 41 22 16 250
internal_value=0.00433317 0.00971687 3.76125e-05 -0.00734543 0.0486431 -0.0154093
internal_weight=457 439 368 327 38 289
internal_count=457 439 368 327 38 289
is_linear=0
shrinkage=0.03


Tree=171
num_leaves=7
num_cat=0
split_feature=17 0 0 1 2 2
split_gain=273.771 376.286 207.104 327.2 297.758 369.356
threshold=12.500000000000002 52.500000000000007 87.500000000000014 17.500000000000004 15.15 18.250000000000004
decision_type=8 2 2 10 2 2
left_child=1 -1 3 -2 -4 -6
right_child=2 -3 4 -5 5 -7
leaf_value=-0.048907956286118583 -0.0066437127085110141 0.089254597450739576 -0.15455508854985237 0.11836593016795813 0.083321813855852384 -0.096850650139152991
leaf_weight=21 321 58 14.999999999999998 14.999999999999998 16.000000000000004 14.999999999999998
leaf_count=21 321 58 15 15 16 15
internal_value=0.00273507 0.0518028 -0.00795062 0.000590816 -0.0642815 -0.00520153
internal_weight=461 79 382 336 46 31
internal_count=461 79 382 336 46 31
is_linear=0
shrinkage=0.03


Tree=172
num_leaves=7
num_cat=0
split_feature=0 17 16 4 2 2
split_gain=459.707 197.139 162.724 248.414 449.699 362.606
threshold=122.50000000000001 21.500000000000004 -49.999999999999993 -0.5 13.350000000000003 9.3500000000000032
decision_type=2 10 10 2 2 2
left_child=1 2 3 -1 5 -5
right_child=-2 -3 -4 4 -6 -7
leaf_value=0.0075648558105185495 -0.14173870333216407 0.084353681022868207 0.012275991454854139 -0.055950481071195095 -0.11026064842145462 0.096690633527934541
leaf_weight=108 17 18 218 27 56 20
leaf_count=108 17 18 218 27 56 20
internal_value=-0.0078567 -0.00125341 -0.00577575 -0.0242788 -0.0564727 0.0120548
internal_weight=464 447 429 211 103 47
internal_count=464 447 429 211 103 47
is_linear=0
shrinkage=0.03


Tree=173
num_leaves=7
num_cat=0
split_feature=0 22 22 20 20 5
split_gain=355.479 206.304 237.165 339.323 254.579 256.987
threshold=122.50000000000001 11.006127450980395 5.3091503267973854 -2.4999999999999996 -1.0000000180025095e-35 -0.9330127018922193
decision_type=2 8 10 10 10 2
left_child=1 2 3 -1 5 -4
right_child=-2 -3 4 -5 -6 -7
leaf_value=-0.011111259156978019 -0.12181948071176354 -0.040184510738095813 0.010385990738868712 0.083622346606392131 -0.0183073983900249 0.17238562790676951
leaf_weight=262 17 80 14.999999999999998 34 19 19
leaf_count=262 17 80 15 34 19 19
internal_value=-0.00420299 0.00180756 0.0118649 0.000978622 0.0673379 0.11141
internal_weight=446 429 349 296 53 34
internal_count=446 429 349 296 53 34
is_linear=0
shrinkage=0.03


Tree=174
num_leaves=7
num_cat=0
split_feature=12 0 9 2 0 0
split_gain=230.374 320.247 217.817 225.449 631.602 241.339
threshold=1.9499999999999995 72.500000000000014 1.0000000180025095e-35 14.950000000000001 82.500000000000014 57.500000000000007
decision_type=8 2 2 2 2 2
left_child=1 -1 3 4 5 -2
right_child=2 -3 -4 -5 -6 -7
leaf_value=-0.013214042113139863 -0.018002287146610844 -0.1650315118432045 -0.077485281960530714 0.028354156021635199 -0.16631904975227685 0.060424987772560633
leaf_weight=36 147 14.999999999999998 28 167 18 41
leaf_count=36 147 15 28 167 18 41
internal_value=-0.0116075 -0.0686144 -0.00360157 0.00289624 -0.0179248 0.000223843
internal_weight=452 51 401 373 206 188
internal_count=452 51 401 373 206 188
is_linear=0
shrinkage=0.03


Tree=175
num_leaves=7
num_cat=0
split_feature=22 2 2 20 2 2
split_gain=349.241 293.269 577.661 338.259 234.965 256.201
threshold=-37.989080100125143 9.3500000000000032 10.950000000000001 -1.0000000180025095e-35 14.950000000000001 20.750000000000004
decision_type=8 2 2 8 2 2
left_child=-1 -2 3 -3 -4 -6
right_child=1 2 4 -5 5 -7
leaf_value=-0.11375790596008301 -0.080484561998940371 0.18762185228988526 -0.03187958748454784 0.016100776219367979 0.036634880500975284 -0.035537983146045476
leaf_weight=20 31 19 149 20 153 57
leaf_count=20 31 19 149 20 153 57
internal_value=-0.0047587 0.00157488 0.00888572 0.111487 -0.00363874 0.0166742
internal_weight=449 429 398 39 359 210
internal_count=449 429 398 39 359 210
is_linear=0
shrinkage=0.03


Tree=176
num_leaves=7
num_cat=0
split_feature=0 1 13 16 11 2
split_gain=356.424 201.868 164.26 201.226 242.532 192.269
threshold=112.50000000000001 22.500000000000004 4.0019607843137281 1.0000000180025095e-35 11.500000000000002 20.250000000000004
decision_type=2 8 10 10 8 2
left_child=1 2 3 5 -5 -1
right_child=-2 -3 -4 4 -6 -7
leaf_value=0.024351818494587424 -0.11421396963584882 -0.081060355466145734 0.086856110181127266 0.023673322710551715 -0.075046312839297927 -0.030475931000709531
leaf_weight=247 21 21 15.999999999999998 33 54 70
leaf_count=247 21 21 16 33 54 70
internal_value=-0.00627481 8.79514e-05 0.00505128 0.000789284 -0.0383494 0.0119595
internal_weight=462 441 420 404 87 317
internal_count=462 441 420 404 87 317
is_linear=0
shrinkage=0.03


Tree=177
num_leaves=7
num_cat=0
split_feature=22 22 22 4 20 17
split_gain=172.859 256.313 246.663 144.589 359.141 292.982
threshold=18.500000000000004 13.16666666666667 9.3212418300653628 -0.5 -2.4999999999999996 -4.4999999999999991
decision_type=10 10 10 2 10 8
left_child=1 2 3 4 5 -1
right_child=-2 -3 -4 -5 -6 -7
leaf_value=0.1116724262705871 0.091118053966625159 -0.090582539439201346 0.10164368375837803 -0.014090542125014158 0.12627068505550806 -0.0075120761244332184
leaf_weight=15.999999999999998 17 19 20 190 21 156
leaf_count=16 17 19 20 190 21 156
internal_value=0.00910533 0.00477323 0.0103239 0.00430685 0.0223167 0.00641625
internal_weight=439 422 403 383 193 172
internal_count=439 422 403 383 193 172
is_linear=0
shrinkage=0.03


Tree=178
num_leaves=7
num_cat=0
split_feature=21 2 2 15 9 2
split_gain=250.799 224.264 185.959 179.676 210.148 207.33
threshold=-7.4840294117647064 10.450000000000001 11.15 -1.0000000180025095e-35 1.0000000180025095e-35 14.450000000000001
decision_type=8 2 2 8 2 2
left_child=-1 -2 -3 -4 5 -5
right_child=1 2 3 4 -6 -7
leaf_value=-0.095483563956287182 -0.052196471647105426 0.094520520993641444 -0.055810251526002372 -0.01790744942621901 -0.073686607432365422 0.03437950790185066
leaf_weight=22 61 15.999999999999998 37 99 20 198
leaf_count=22 61 16 37 99 20 198
internal_value=-0.0067852 -0.0012146 0.0077744 0.00259184 0.0101693 0.0169426
internal_weight=453 431 370 354 317 297
internal_count=453 431 370 354 317 297
is_linear=0
shrinkage=0.03


Tree=179
num_leaves=7
num_cat=0
split_feature=0 1 15 4 15 5
split_gain=578.765 180.268 178.873 173.207 181.688 215.123
threshold=122.50000000000001 -22.499999999999996 -12.999999999999998 0.68301270189221941 2.5000000000000004 -0.9330127018922193
decision_type=2 8 8 2 10 2
left_child=1 -1 -3 4 5 -4
right_child=-2 2 3 -5 -6 -7
leaf_value=-0.084899564044816148 -0.16400324124097823 -0.080428500601223543 -0.028576485994069471 -0.077066974774003025 -0.04929861980649692 0.03035516596344464
leaf_weight=15.999999999999998 14.999999999999998 15.999999999999998 64 14.999999999999998 33 301
leaf_count=16 15 16 64 15 33 301
internal_value=-0.00612847 0.000956282 0.00509958 0.00933545 0.0135076 0.0197754
internal_weight=460 445 429 413 398 365
internal_count=460 445 429 413 398 365
is_linear=0
shrinkage=0.03


Tree=180
num_leaves=7
num_cat=0
split_feature=2 2 20 20 3 2
split_gain=177.073 169.44 260.193 252.873 565.084 227.999
threshold=20.250000000000004 14.950000000000001 -8.4999999999999982 -4.4999999999999991 1.0000000180025095e-35 16.950000000000003
decision_type=2 2 10 10 2 2
left_child=1 3 5 -1 -5 -3
right_child=-2 2 -4 4 -6 -7
leaf_value=-0.030100078908158696 -0.043148895524464916 0.095774127148235078 -0.057703837649180335 -0.032845388501882553 0.15134979726970196 0.012767771322138702
leaf_weight=159 77 47 21 34 20 74
leaf_count=159 77 47 21 34 20 74
internal_value=-0.00339414 0.00570825 0.0305348 -0.0111635 0.0424199 0.047531
internal_weight=432 355 142 213 54 121
internal_count=432 355 142 213 54 121
is_linear=0
shrinkage=0.03


Tree=181
num_leaves=7
num_cat=0
split_feature=20 2 22 22 12 23
split_gain=209.633 127.473 157.828 291.715 192.951 158.28
threshold=-17.499999999999996 20.350000000000005 23.500000000000004 13.16666666666667 6.0500000000000016 1.0000000180025095e-35
decision_type=8 2 8 10 10 2
left_child=-1 2 3 4 5 -2
right_child=1 -3 -4 -5 -6 -7
leaf_value=-0.084296651946173765 0.014643323406192886 -0.034610915325271586 0.059167712294325533 -0.089556815459810452 0.093604637799055673 -0.040256341258995229
leaf_weight=22 218 67 44 24 18 55
leaf_count=22 218 67 44 24 18 55
internal_value=-0.00322944 0.00188648 0.00907983 0.00126825 0.0101452 0.00305784
internal_weight=448 426 359 315 291 273
internal_count=448 426 359 315 291 273
is_linear=0
shrinkage=0.03


Tree=182
num_leaves=7
num_cat=0
split_feature=21 1 22 22 15 22
split_gain=223.961 225.611 206.322 210.96 166.199 164.742
threshold=-11.273366013071895 -22.499999999999996 15.500000000000002 9.5647058823529427 -12.999999999999998 -2.3666666666666663
decision_type=8 10 10 10 8 10
left_child=-1 -2 3 4 -3 -6
right_child=1 2 -4 -5 5 -7
leaf_value=-0.098794961678562679 -0.092358968343053544 -0.070602293480997488 -0.060712605770677323 0.08705629791725765 0.031551124148176429 -0.0086989600092172627
leaf_weight=14.999999999999998 15.999999999999998 18 31 28 189 170
leaf_count=15 16 18 31 28 189 170
internal_value=-0.000537047 0.00376896 0.00830374 0.0142625 0.0077873 0.0126335
internal_weight=467 452 436 405 377 359
internal_count=467 452 436 405 377 359
is_linear=0
shrinkage=0.03


Tree=183
num_leaves=7
num_cat=0
split_feature=13 16 22 5 0 22
split_gain=230.619 229.568 225.182 313.729 212.686 217.197
threshold=-9.4680588235294092 -7.4999999999999991 -15.124999999999998 0.6830127018922193 107.50000000000001 -2.3666666666666663
decision_type=8 8 8 2 2 8
left_child=-1 -2 3 -3 5 -4
right_child=1 2 4 -5 -6 -7
leaf_value=-0.076632782197717964 0.067525492353098737 -0.14894886624813081 0.042605338819483494 0.021040690053593027 0.096005230946466319 -0.010613979032764641
leaf_weight=24 51 14.999999999999998 89 17 19 255
leaf_count=24 51 15 89 17 19 255
internal_value=0.00545766 0.0106757 0.00258328 -0.0680022 0.00964509 0.0035681
internal_weight=470 446 395 32 363 344
internal_count=470 446 395 32 363 344
is_linear=0
shrinkage=0.03


Tree=184
num_leaves=7
num_cat=0
split_feature=23 1 22 2 22 16
split_gain=257.13 166.322 330.931 379.262 240.008 167.191
threshold=-18.499999999999996 -22.499999999999996 23.500000000000004 15.750000000000002 -9.0143790849673184 14.500000000000002
decision_type=2 8 8 2 10 10
left_child=-1 -2 4 -4 -3 -6
right_child=1 2 3 -5 5 -7
leaf_value=-0.096233650520443914 -0.075823173279112033 0.046859883602995138 0.0022280666563245983 0.18324754169583321 -0.018556377611760246 0.061102430407817543
leaf_weight=19 17 73 22 14.999999999999998 280 21
leaf_count=19 17 73 22 15 280 21
internal_value=-0.000658058 0.00464703 0.00884682 0.0886931 -0.000118294 -0.0120912
internal_weight=447 428 411 37 374 301
internal_count=447 428 411 37 374 301
is_linear=0
shrinkage=0.03


Tree=185
num_leaves=7
num_cat=0
split_feature=1 4 20 16 22 1
split_gain=279.531 205.499 266.195 236.874 384.252 212.233
threshold=17.500000000000004 -0.5 -7.4999999999999991 -49.999999999999993 -11.966911764705882 -1.0000000180025095e-35
decision_type=10 2 10 10 8 10
left_child=1 2 -1 4 -3 -6
right_child=-2 3 -4 -5 5 -7
leaf_value=-0.014004292263049785 0.061742652107743504 -0.17874267215755854 0.063995652369016567 -0.0027387967595547836 0.022969654995555942 -0.067466826276345676
leaf_weight=141 42 17 49 107 33 61
leaf_count=141 42 17 49 107 33 61
internal_value=-0.0077055 -0.0155155 0.00723661 -0.035063 -0.0647612 -0.0361612
internal_weight=450 408 190 218 111 94
internal_count=450 408 190 218 111 94
is_linear=0
shrinkage=0.03


Tree=186
num_leaves=7
num_cat=0
split_feature=21 4 20 16 2 2
split_gain=286.473 261.163 293.743 250.207 231.366 401.492
threshold=-7.4840294117647064 -0.5 -2.4999999999999996 -9.4999999999999982 17.250000000000004 14.450000000000001
decision_type=8 2 10 8 2 2
left_child=-1 2 -2 -3 5 -5
right_child=1 3 -4 4 -6 -7
leaf_value=-0.10333125366140966 0.014604232186418877 0.076969662755727766 0.11585408103081488 -0.034639713600277899 -0.072904378996445571 0.068041249187663189
leaf_weight=18 166 19 26 115 60 43
leaf_count=18 166 19 26 115 60 43
internal_value=-0.000155126 0.00531452 0.0309076 -0.0156293 -0.0252447 -0.00546494
internal_weight=447 429 192 237 218 158
internal_count=447 429 192 237 218 158
is_linear=0
shrinkage=0.03


Tree=187
num_leaves=7
num_cat=0
split_feature=5 7 13 17 0 22
split_gain=243.976 329.964 216.717 257.384 426.587 210.274
threshold=-0.9330127018922193 1.0000000180025095e-35 1.670588235294119 -54.499999999999993 52.500000000000007 11.862091503267976
decision_type=2 10 8 10 2 10
left_child=-1 2 -2 -4 -5 -6
right_child=1 -3 3 4 5 -7
leaf_value=-0.052301530611701313 0.093109036423265928 -0.058131540363485161 -0.0031689048060216012 -0.037908428121478321 0.13433033563941718 0.0034527184143662449
leaf_weight=60 29 50 235 26 40 14.999999999999998
leaf_count=60 29 50 235 26 40 15
internal_value=0.00162412 0.0103667 0.0209827 0.0130163 0.0574274 0.101899
internal_weight=455 395 345 316 81 55
internal_count=455 395 345 316 81 55
is_linear=0
shrinkage=0.03


Tree=188
num_leaves=7
num_cat=0
split_feature=15 0 17 13 0 16
split_gain=198.375 221.398 209.135 196.682 126.244 125.348
threshold=-5.4999999999999991 107.50000000000001 -8.4999999999999982 -5.3254901960784293 82.500000000000014 -1.0000000180025095e-35
decision_type=8 2 8 10 2 10
left_child=-1 2 -2 5 -5 -4
right_child=1 -3 3 4 -6 -7
leaf_value=-0.062063523312894303 0.093687507841322154 -0.072888289065710418 0.007538858862210283 0.081899945470194024 -0.012699841601508003 -0.037645855850229663
leaf_weight=36 22 24 233 40 15.999999999999998 67
leaf_count=36 22 24 233 40 16 67
internal_value=0.000843669 0.00717039 0.0131387 0.00693226 0.0560459 -0.00300411
internal_weight=438 402 378 356 56 300
internal_count=438 402 378 356 56 300
is_linear=0
shrinkage=0.03


Tree=189
num_leaves=7
num_cat=0
split_feature=0 17 0 2 22 0
split_gain=277.485 218.846 336.692 406.073 269.047 240.999
threshold=122.50000000000001 -54.499999999999993 57.500000000000007 16.850000000000005 -9.8999999999999986 72.500000000000014
decision_type=2 10 2 2 10 2
left_child=1 5 -3 -4 -5 -1
right_child=-2 2 3 4 -6 -7
leaf_value=-0.00083965137733471346 -0.11067625215785069 -0.035482367555179244 0.1683888894978624 0.088096855236933766 -0.043175168821528068 -0.064283791951445943
leaf_weight=276 17 36 21 21 26 62
leaf_count=276 17 36 21 21 26 62
internal_value=-0.00668623 -0.00149336 0.0355543 0.0730164 0.0183094 -0.0132448
internal_weight=459 442 104 68 47 338
internal_count=459 442 104 68 47 338
is_linear=0
shrinkage=0.03


Tree=190
num_leaves=7
num_cat=0
split_feature=0 1 2 0 21 2
split_gain=309.022 126.657 151.044 426.648 337.284 193.613
threshold=122.50000000000001 -22.499999999999996 14.450000000000001 77.500000000000014 1.1968954248366031 16.850000000000005
decision_type=2 8 2 2 10 2
left_child=1 -1 3 -3 5 -4
right_child=-2 2 4 -5 -6 -7
leaf_value=-0.077123639211058609 -0.12490630384002413 -0.0054340999800128386 0.040247328833148285 -0.138837025308609 0.11679379344284534 -0.01885992541763128
leaf_weight=17 15.999999999999998 161 69 20 20 148
leaf_count=17 16 161 69 20 20 148
internal_value=-0.0124565 -0.00694802 -0.00321609 -0.0235107 0.0124487 0.00041772
internal_weight=451 435 418 181 237 217
internal_count=451 435 418 181 237 217
is_linear=0
shrinkage=0.03


Tree=191
num_leaves=7
num_cat=0
split_feature=4 16 20 17 2 2
split_gain=196.052 309.856 238.193 252.442 224.743 209.386
threshold=-0.5 4.5000000000000009 -2.4999999999999996 -8.4999999999999982 20.150000000000002 18.750000000000004
decision_type=2 8 10 8 2 2
left_child=2 -2 3 -1 -3 -4
right_child=1 4 5 -5 -6 -7
leaf_value=0.1066497163261686 0.032348969858812998 -0.022157398997982844 0.15771867634356018 -0.0035139199657099585 -0.11324399161338805 0.0069865369051694869
leaf_weight=15.999999999999998 78 153 15.000000000000002 170 25 14.999999999999998
leaf_count=16 78 153 15 170 25 15
internal_value=0.00147922 -0.0161426 0.0222571 0.00850632 -0.037695 0.0941173
internal_weight=472 256 216 186 178 30
internal_count=472 256 216 186 178 30
is_linear=0
shrinkage=0.03


Tree=192
num_leaves=7
num_cat=0
split_feature=0 2 3 17 20 5
split_gain=397.07 141.943 185.801 151.972 150.872 284.611
threshold=127.50000000000001 19.650000000000002 1.0000000180025095e-35 -8.4999999999999982 -2.4999999999999996 0.9330127018922193
decision_type=2 2 2 8 10 2
left_child=1 3 -3 -1 -5 -6
right_child=-2 2 -4 4 5 -7
leaf_value=0.092630916416645045 -0.1333913477808237 -0.08518404680139878 0.00027793390806764366 -0.0017609487991076666 0.10754808753290597 -0.023380414545536042
leaf_weight=14.999999999999998 14.999999999999998 29 70 281 29 24
leaf_count=15 15 29 70 281 29 24
internal_value=-0.00259754 0.00320569 -0.0276482 0.0122248 0.0073008 0.0513552
internal_weight=463 448 99 349 334 53
internal_count=463 448 99 349 334 53
is_linear=0
shrinkage=0.03


Tree=193
num_leaves=7
num_cat=0
split_feature=6 2 0 0 21 2
split_gain=252.356 176.889 194.811 153.627 136.134 399.062
threshold=1.0000000180025095e-35 20.750000000000004 62.500000000000007 57.500000000000007 1.1968954248366031 13.950000000000001
decision_type=10 2 2 2 10 2
left_child=1 4 -3 -2 -1 -6
right_child=3 2 -4 -5 5 -7
leaf_value=0.014654559919356623 -0.0149759404209132 0.017013167124241588 -0.094354736970530609 -0.11750707353864397 -0.02323494609485826 0.16373174543891636
leaf_weight=325 40 27 22 15.999999999999998 18 15.999999999999998
leaf_count=325 40 27 22 16 18 16
internal_value=0.00553357 0.0138906 -0.0370955 -0.0515011 0.0212636 0.0744606
internal_weight=464 408 49 56 359 34
internal_count=464 408 49 56 359 34
is_linear=0
shrinkage=0.03


Tree=194
num_leaves=7
num_cat=0
split_feature=0 17 22 22 13 1
split_gain=364.929 159.065 129.158 315.339 183.398 299.047
threshold=127.50000000000001 9.5000000000000018 -2.3666666666666663 -3.7083333333333326 2.4833333333333276 7.5000000000000009
decision_type=2 10 8 10 8 10
left_child=1 2 3 -1 5 -4
right_child=-2 -3 4 -5 -6 -7
leaf_value=-0.0032072198973687664 -0.13125758808106183 0.058504322483939553 -0.043868453313729586 0.10518639498057643 -0.033116110755817933 0.12046554908528924
leaf_weight=174 14.999999999999998 33 16.000000000000004 23 182 14.999999999999998
leaf_count=174 15 33 16 23 182 15
internal_value=-0.00590821 -0.000246313 -0.00562292 0.0117383 -0.0215809 0.0413354
internal_weight=458 443 410 197 213 31
internal_count=458 443 410 197 213 31
is_linear=0
shrinkage=0.03


Tree=195
num_leaves=7
num_cat=0
split_feature=23 15 15 22 3 22
split_gain=255.55 180.699 160.428 127.289 321.834 148.183
threshold=-18.499999999999996 -12.999999999999998 -7.4999999999999991 -9.1531372549019583 1.0000000180025095e-35 -6.2446078431372536
decision_type=2 8 8 8 2 8
left_child=-1 -2 -3 4 -4 -5
right_child=1 2 3 5 -6 -7
leaf_value=-0.091111635304987434 -0.079116014912724492 0.096341253161430357 -0.03803678698837757 -0.056258717471112801 0.087285848033542807 0.0078625530853907288
leaf_weight=19 14.999999999999998 14.999999999999998 25 31 47 323
leaf_count=19 15 15 25 31 47 323
internal_value=0.00439414 0.00931859 0.0131798 0.0091679 0.0441268 0.00154207
internal_weight=475 456 441 426 72 354
internal_count=475 456 441 426 72 354
is_linear=0
shrinkage=0.03


Tree=196
num_leaves=7
num_cat=0
split_feature=23 1 22 2 2 22
split_gain=233.75 339.966 317.036 234.78 225.934 219.665
threshold=-6.0249999999999977 17.500000000000004 -0.077871148459383296 14.850000000000003 12.950000000000001 -17.874999999999996
decision_type=2 10 8 2 2 10
left_child=5 2 -2 4 -4 -1
right_child=1 -3 3 -5 -6 -7
leaf_value=-0.13170294186472892 0.035696100668671231 0.088748065495418138 -0.021852525940109321 0.0074390060780569912 -0.12238892488880082 -0.012228271782191262
leaf_weight=14.999999999999998 139 41 62 107 27 49
leaf_count=15 139 41 62 107 27 49
internal_value=0.00310307 0.012271 0.00174365 -0.0226239 -0.0572401 -0.0477447
internal_weight=440 376 335 196 89 64
internal_count=440 376 335 196 89 64
is_linear=0
shrinkage=0.03


Tree=197
num_leaves=7
num_cat=0
split_feature=0 4 0 2 2 0
split_gain=256.091 118.82 304.313 389.579 253.668 313.838
threshold=117.50000000000001 0.25000000000000011 67.500000000000014 14.950000000000001 20.150000000000002 67.500000000000014
decision_type=2 2 2 2 2 2
left_child=1 2 -1 -4 5 -3
right_child=-2 4 3 -5 -6 -7
leaf_value=0.0013402530502584973 -0.1056554855659604 0.0012017102283425629 -0.16171628239349675 -0.020525028193226227 -0.076555069259234831 0.11431935646317221
leaf_weight=240 20 67 21 60 15.999999999999998 28
leaf_count=240 20 67 21 60 16 28
internal_value=-0.0122546 -0.00677113 -0.0159828 -0.0644041 0.0194087 0.0385906
internal_weight=452 432 321 81 111 95
internal_count=452 432 321 81 111 95
is_linear=0
shrinkage=0.03


Tree=198
num_leaves=7
num_cat=0
split_feature=11 1 17 0 17 2
split_gain=180.071 125.729 130.679 215.904 235.314 186.068
threshold=8.5000000000000018 -22.499999999999996 -12.999999999999998 92.500000000000014 9.5000000000000018 18.350000000000005
decision_type=10 8 8 2 10 2
left_child=1 -1 -3 4 -4 -5
right_child=-2 2 3 5 -6 -7
leaf_value=-0.079421783437952406 -0.078888438696211038 0.061520455744531424 -0.0052867873265336337 -0.013071018755435943 0.090229954057931896 -0.13658419659733773
leaf_weight=14.999999999999998 28 22 320 27 20 14.999999999999998
leaf_count=15 28 22 320 27 20 15
internal_value=-0.0113786 -0.00599009 -0.00232607 -0.00675042 0.0015581 -0.0670204
internal_weight=447 419 404 382 340 42
internal_count=447 419 404 382 340 42
is_linear=0
shrinkage=0.03


Tree=199
num_leaves=7
num_cat=0
split_feature=17 22 2 20 2 0
split_gain=145.021 402.312 288.684 422.718 266.149 132.272
threshold=-54.499999999999993 -26.124999999999996 10.950000000000001 1.0000000180025095e-35 9.4500000000000011 57.500000000000007
decision_type=10 8 2 8 2 2
left_child=1 -1 3 4 -3 -2
right_child=5 2 -4 -5 -6 -7
leaf_value=-0.12480410831315175 -0.0057181716423768264 0.028674211621284477 -0.0023848346051559637 -0.019607582616229208 0.20556968471833637 0.064981573486348268
leaf_weight=15.999999999999998 34 15.000000000000002 282 26 15.999999999999998 69
leaf_count=16 34 15 282 26 16 69
internal_value=0.0120149 0.00271466 0.0104598 0.0690744 0.135846 0.0424595
internal_weight=458 355 339 57 31 103
internal_count=458 355 339 57 31 103
is_linear=0
shrinkage=0.03


Tree=200
num_leaves=7
num_cat=0
split_feature=4 0 2 23 1 0
split_gain=208.264 322.895 271.75 199.997 213.091 182.839
threshold=-0.5 112.50000000000001 16.050000000000004 -1.0000000180025095e-35 -12.499999999999998 67.500000000000014
decision_type=2 2 2 2 10 2
left_child=2 -2 -1 -4 -5 -6
right_child=1 -3 3 4 5 -7
leaf_value=-0.023682510768259432 -0.016223277926799794 -0.14216773080825804 -0.016405129313871666 -0.025341869540512558 0.043222217194058679 0.15136615485980592
leaf_weight=90 247 14.999999999999998 32 14.999999999999998 39 24
leaf_count=90 247 15 32 15 39 24
internal_value=-0.00857364 -0.0259611 0.0142816 0.0450223 0.0696935 0.0925205
internal_weight=462 262 200 110 78 63
internal_count=462 262 200 110 78 63
is_linear=0
shrinkage=0.03


Tree=201
num_leaves=7
num_cat=0
split_feature=22 15 2 22 22 17
split_gain=254.832 177.573 223.1 310.197 163.345 141.567
threshold=-41.499999999999993 -12.999999999999998 11.950000000000001 -3.5499999999999994 5.9182352941176486 6.5000000000000009
decision_type=8 8 2 10 10 8
left_child=-1 -2 3 -3 -5 -4
right_child=1 2 5 4 -6 -7
leaf_value=-0.105843665599823 -0.076040677018463607 0.116156771585748 0.040224531463214329 -0.031823608688143795 0.058575589101641408 -0.011735590390205086
leaf_weight=14.999999999999998 19 32 51 38 26 296
leaf_count=15 19 32 51 38 26 296
internal_value=-0.000988506 0.00351266 0.00773524 0.0469825 0.00648447 -0.00363591
internal_weight=477 462 443 96 64 347
internal_count=477 462 443 96 64 347
is_linear=0
shrinkage=0.03


Tree=202
num_leaves=7
num_cat=0
split_feature=17 22 0 1 0 5
split_gain=267.581 331.179 316.034 304.695 146.334 140.722
threshold=-54.499999999999993 -26.124999999999996 57.500000000000007 22.500000000000004 32.500000000000007 0.9330127018922193
decision_type=10 8 2 10 2 2
left_child=1 -1 -2 4 -3 -6
right_child=2 3 -4 -5 5 -7
leaf_value=-0.11976959718125206 -0.027947034269571302 0.049647623699158427 0.083524553550779812 0.1137144855942045 -0.0014156384600879756 -0.054776836484670639
leaf_weight=15.999999999999998 30 35 70 15.999999999999998 234 50
leaf_count=16 30 35 70 16 234 50
internal_value=0.00831991 -0.0041919 0.0503447 0.00300837 -0.00421345 -0.0115954
internal_weight=451 351 100 335 319 284
internal_count=451 351 100 335 319 284
is_linear=0
shrinkage=0.03


Tree=203
num_leaves=7
num_cat=0
split_feature=22 15 17 17 1 12
split_gain=252.393 207.704 108.531 204.965 124.936 127.444
threshold=-35.41607843137254 -2.4999999999999996 21.500000000000004 8.5000000000000018 22.500000000000004 3.5000000000000004
decision_type=8 8 10 10 10 10
left_child=-1 -2 3 4 5 -3
right_child=1 2 -4 -5 -6 -7
leaf_value=-0.092589105433887903 -0.056977397771552203 -0.00047253067874790801 0.0772723382860422 -0.079569786414504046 0.080351315133950926 0.055327995015042167
leaf_weight=22 43 299 14.999999999999998 19 17 37
leaf_count=22 43 299 15 19 17 37
internal_value=-0.00361312 0.00195106 0.00914191 0.00540631 0.0110275 0.00639333
internal_weight=452 430 387 372 353 336
internal_count=452 430 387 372 353 336
is_linear=0
shrinkage=0.03


Tree=204
num_leaves=7
num_cat=0
split_feature=22 2 17 0 3 21
split_gain=275.086 294.204 109.902 164.012 615.917 130.019
threshold=-48.499999999999993 18.850000000000005 -28.499999999999996 92.500000000000014 1.0000000180025095e-35 -2.9222222222222203
decision_type=10 2 8 2 2 10
left_child=1 -1 -2 5 -5 -4
right_child=2 -3 3 4 -6 -7
leaf_value=-0.0020918092673475092 0.068591625404290174 -0.14406291844546795 -0.0015044792432922357 0.056117951023578638 -0.15923729922156782 0.047526881604872895
leaf_weight=28 17 20 301 20 19 53
leaf_count=28 17 20 301 20 19 53
internal_value=-0.00493336 -0.0692567 0.00334086 -0.000307934 -0.0549715 0.00639607
internal_weight=458 48 410 393 39 354
internal_count=458 48 410 393 39 354
is_linear=0
shrinkage=0.03


Tree=205
num_leaves=7
num_cat=0
split_feature=13 21 21 23 1 22
split_gain=214.431 128.475 172.692 141.104 115.627 119.376
threshold=-9.4680588235294092 2.1720588235294138 1.0000000180025095e-35 5.9235294117647053 -22.499999999999996 23.500000000000004
decision_type=8 10 10 2 8 8
left_child=-1 2 4 -3 -2 -6
right_child=1 3 -4 -5 5 -7
leaf_value=-0.082152018017239037 -0.065599653348326681 -0.0066654129539217262 -0.078065663762390616 0.10964285722800664 0.0016671481480201086 0.050220902016702686
leaf_weight=22 14.999999999999998 15.999999999999998 19 15.999999999999998 328 48
leaf_count=22 15 16 19 16 328 48
internal_value=-5.17676e-05 0.00490789 7.54196e-05 0.0584467 0.00481029 0.00844322
internal_weight=464 442 410 32 391 376
internal_count=464 442 410 32 391 376
is_linear=0
shrinkage=0.03


Tree=206
num_leaves=7
num_cat=0
split_feature=22 5 16 15 1 22
split_gain=261.684 132.972 135.3 127.049 208.858 139.753
threshold=-37.989080100125143 -0.9330127018922193 5.5000000000000009 -19.499999999999996 17.500000000000004 15.500000000000002
decision_type=8 2 8 8 10 8
left_child=-1 2 -2 -3 5 -5
right_child=1 3 -4 4 -6 -7
leaf_value=-0.098008101806044579 0.029817325174808503 -0.063897869400680068 -0.064840395237008727 0.015203803226759191 0.082621286648015185 -0.03449007887513407
leaf_weight=19 15.999999999999998 14.999999999999998 40 283 31 57
leaf_count=19 16 15 40 283 31 57
internal_value=-0.00151744 0.00368024 -0.0375681 0.0100683 0.0138688 0.00649365
internal_weight=461 442 56 386 371 340
internal_count=461 442 56 386 371 340
is_linear=0
shrinkage=0.03


Tree=207
num_leaves=7
num_cat=0
split_feature=2 2 12 12 5 1
split_gain=150.313 186.327 332.82 258.145 324.637 272.969
threshold=20.750000000000004 14.950000000000001 4.0000000000000009 3.5000000000000004 -0.9330127018922193 -12.499999999999998
decision_type=2 2 10 10 2 8
left_child=1 2 -1 4 -3 -6
right_child=-2 3 -4 -5 5 -7
leaf_value=0.012470801302946163 -0.02744749336813887 -0.066746329984494604 -0.11571386491321027 0.1372647108979847 -0.035620715502769712 0.067361480977830526
leaf_weight=201 67 23 14.999999999999998 18 26 104
leaf_count=201 67 23 15 18 26 104
internal_value=0.0126467 0.0198496 0.00115252 0.0427634 0.0276536 0.0462086
internal_weight=454 387 216 171 153 130
internal_count=454 387 216 171 153 130
is_linear=0
shrinkage=0.03


Tree=208
num_leaves=7
num_cat=0
split_feature=22 17 21 22 20 16
split_gain=364.642 188.79 134.99 246.765 182.413 167.923
threshold=-37.989080100125143 4.5000000000000009 1.1968954248366031 -0.077871148459383296 -4.4999999999999991 -9.4999999999999982
decision_type=8 10 10 10 10 8
left_child=-1 2 3 4 5 -2
right_child=1 -3 -4 -5 -6 -7
leaf_value=-0.11060308107733725 0.051169387324059262 0.062059334886074062 0.052339397951960562 -0.043668126272451549 0.076305725940249189 -0.01243860614509066
leaf_weight=20 42 45 35 103 28 177
leaf_count=20 42 45 35 103 28 177
internal_value=0.000823147 0.00721749 9.39542e-05 -0.00579418 0.0105525 0.000630066
internal_weight=450 430 385 350 247 219
internal_count=450 430 385 350 247 219
is_linear=0
shrinkage=0.03


Tree=209
num_leaves=7
num_cat=0
split_feature=0 2 2 5 17 16
split_gain=294.5 567.058 440.482 303.639 215.399 214.869
threshold=82.500000000000014 14.950000000000001 16.950000000000003 0.25000000000000017 9.5000000000000018 -49.999999999999993
decision_type=2 2 2 2 10 10
left_child=4 -2 -3 5 -1 -4
right_child=1 2 3 -5 -6 -7
leaf_value=0.0010993381829001009 -0.17829498589038847 0.11368426560983061 -0.14016555680283183 0.04086985739377829 0.097934626367959104 -0.0081012050062417972
leaf_weight=345 19 14.999999999999998 24 21 17 19
leaf_count=345 19 15 24 21 17 19
internal_value=-0.00572619 -0.0505049 -0.0109872 -0.0463277 0.00691916 -0.088734
internal_weight=460 98 79 64 362 43
internal_count=460 98 79 64 362 43
is_linear=0
shrinkage=0.03


Tree=210
num_leaves=7
num_cat=0
split_feature=22 2 2 22 20 3
split_gain=277.995 277.315 180.325 191.825 332.371 263.095
threshold=-35.41607843137254 9.3500000000000032 17.950000000000003 -2.3666666666666663 -2.4999999999999996 1.0000000180025095e-35
decision_type=8 2 2 10 8 2
left_child=-1 -2 3 4 -3 -5
right_child=1 2 -4 5 -6 -7
leaf_value=-0.091027101381071687 -0.077599844424163594 0.0013153462500444478 -0.015300899435312966 0.037640250554451575 0.094690628457712395 -0.043743941607800395
leaf_weight=24 29 65 143 73 68 61
leaf_count=24 29 65 143 73 68 61
internal_value=-0.00104569 0.00484325 0.0115393 0.0259314 0.0507572 0.000351363
internal_weight=463 439 410 267 133 134
internal_count=463 439 410 267 133 134
is_linear=0
shrinkage=0.03


Tree=211
num_leaves=7
num_cat=0
split_feature=13 16 17 5 16 20
split_gain=132.463 146.364 88.721 111.76 251.316 297.491
threshold=-13.575490196078428 -13.499999999999998 21.500000000000004 0.6830127018922193 -1.0000000180025095e-35 -2.4999999999999996
decision_type=8 8 10 2 10 8
left_child=-1 -2 3 -3 5 -5
right_child=1 2 -4 4 -6 -7
leaf_value=-0.074351732924580569 0.062572858879963555 -0.014541175099298196 0.054332682484388349 -0.018041830909799557 -0.065036947741531403 0.082597621525408782
leaf_weight=14.999999999999998 31 272 20 44 21 56
leaf_count=15 31 272 20 44 21 56
internal_value=0.0012057 0.00455786 -0.000493167 -0.00393081 0.0195511 0.0395658
internal_weight=459 444 413 393 121 100
internal_count=459 444 413 393 121 100
is_linear=0
shrinkage=0.03


Tree=212
num_leaves=7
num_cat=0
split_feature=4 16 2 2 21 11
split_gain=179.807 245.121 200.206 189.087 152.575 168.07
threshold=-0.5 10.000000000000002 13.450000000000001 9.3500000000000032 1.1968954248366031 3.5000000000000004
decision_type=2 8 2 2 8 8
left_child=4 -2 3 -3 -1 -6
right_child=1 2 -4 -5 5 -7
leaf_value=-0.038855099027807066 0.020530023110764364 -0.050063076693760721 -0.068304049367705982 0.041295159337195485 0.078240756585317497 0.013544071353971957
leaf_weight=28 100 33 85 39 46 134
leaf_count=28 100 33 85 39 46 134
internal_value=0.00109269 -0.0155615 -0.0384739 -0.00110922 0.0215525 0.0317454
internal_weight=465 257 157 72 208 180
internal_count=465 257 157 72 208 180
is_linear=0
shrinkage=0.03


Tree=213
num_leaves=7
num_cat=0
split_feature=20 22 0 17 13 3
split_gain=277.264 188.272 288.158 162.755 164.297 162.47
threshold=-17.499999999999996 -9.8999999999999986 107.50000000000001 9.5000000000000018 4.0019607843137281 1.0000000180025095e-35
decision_type=8 8 2 10 10 2
left_child=-1 5 3 4 -3 -2
right_child=1 2 -4 -5 -6 -7
leaf_value=-0.086749948322772982 -0.010603076634662492 -0.0201619158182537 0.10662371351782765 0.052696610552569224 0.069001403242349615 0.08462636717456451
leaf_weight=25 23 291 15.999999999999998 31 14.999999999999998 42
leaf_count=25 23 291 16 31 15 42
internal_value=0.00139806 0.00763317 -0.0012618 -0.0078679 -0.0147521 0.0525793
internal_weight=443 418 353 337 306 65
internal_count=443 418 353 337 306 65
is_linear=0
shrinkage=0.03


Tree=214
num_leaves=7
num_cat=0
split_feature=0 0 17 15 22 23
split_gain=343.824 333.146 168.274 108.467 149.528 144.226
threshold=127.50000000000001 107.50000000000001 9.5000000000000018 -12.999999999999998 -0.26666666666666661 -11.746078431372547
decision_type=2 2 10 8 8 2
left_child=1 2 3 -1 5 -5
right_child=-2 -3 -4 4 -6 -7
leaf_value=-0.067780604474246497 -0.12171436052396893 0.12207300774753092 0.061780152755479018 -0.044865576714277267 -0.020947401466232442 0.02684482052494936
leaf_weight=19 14.999999999999998 15.999999999999998 31 25 184 165
leaf_count=19 15 16 31 25 184 165
internal_value=-3.21951e-05 0.00543703 -0.000335794 -0.0059501 -0.00195622 0.0165008
internal_weight=455 440 424 393 374 190
internal_count=455 440 424 393 374 190
is_linear=0
shrinkage=0.03


Tree=215
num_leaves=7
num_cat=0
split_feature=2 0 16 2 0 0
split_gain=225.181 317.718 254.696 199.301 355.385 246.02
threshold=17.950000000000003 102.50000000000001 14.500000000000002 14.450000000000001 62.500000000000007 82.500000000000014
decision_type=2 2 10 2 2 2
left_child=2 -2 3 5 -5 -1
right_child=1 -3 -4 4 -6 -7
leaf_value=0.00086035914486274115 -0.012753329689742934 -0.13602712430737235 0.11235908421603115 -0.011185469532178508 0.10672506789011614 -0.10569541828198867
leaf_weight=171 140 17 17 49 37 17
leaf_count=171 140 17 17 49 37 17
internal_value=-0.0014688 -0.0298878 0.0141097 0.00610954 0.0426202 -0.0112636
internal_weight=448 157 291 274 86 188
internal_count=448 157 291 274 86 188
is_linear=0
shrinkage=0.03


Tree=216
num_leaves=7
num_cat=0
split_feature=2 2 16 1 4 16
split_gain=199.991 269.986 630.399 204.246 151.239 293.674
threshold=12.15 10.450000000000001 18.500000000000004 -1.0000000180025095e-35 -0.5 16.500000000000004
decision_type=2 2 8 8 2 8
left_child=1 3 -3 -1 -2 -6
right_child=4 2 -4 -5 5 -7
leaf_value=0.077863547712564471 0.01149818252684439 -0.0084110492906149682 0.19578255972862244 -0.033853933132652718 0.012419783634983975 -0.061842377532490528
leaf_weight=14.999999999999998 165 29 20 51 87 98
leaf_count=15 165 29 20 51 87 98
internal_value=0.00212252 0.0355837 0.0853442 -0.0047683 -0.00921818 -0.0275113
internal_weight=465 115 49 66 350 185
internal_count=465 115 49 66 350 185
is_linear=0
shrinkage=0.03


Tree=217
num_leaves=7
num_cat=0
split_feature=0 12 16 13 1 0
split_gain=437.193 114.326 145.871 205.72 109.943 107.641
threshold=117.50000000000001 7.6000000000000023 4.5000000000000009 2.4833333333333276 -22.499999999999996 97.500000000000014
decision_type=2 10 10 8 8 2
left_child=1 2 4 -4 -1 -6
right_child=-2 -3 3 -5 5 -7
leaf_value=-0.054842858693816443 -0.12468990042805672 0.067795775183118301 0.039336448349058632 -0.068975190651767382 0.008945978746472974 0.066156456307931377
leaf_weight=17 19 21 19 46 315 28
leaf_count=17 19 21 19 46 315 28
internal_value=7.61829e-05 0.00671478 0.00294343 -0.0367666 0.0105187 0.0144996
internal_weight=465 446 425 65 360 343
internal_count=465 446 425 65 360 343
is_linear=0
shrinkage=0.03


Tree=218
num_leaves=7
num_cat=0
split_feature=0 22 20 4 2 0
split_gain=457.875 313.287 158.632 245.055 309.301 232.872
threshold=122.50000000000001 -48.499999999999993 -2.4999999999999996 -0.5 12.15 67.500000000000014
decision_type=2 10 8 2 2 2
left_child=1 -1 -3 4 -4 -6
right_child=-2 2 3 -5 5 -7
leaf_value=-0.075185576261476025 -0.14496896150708197 -0.015627650111080051 0.15505078425630928 0.00080066473356315063 -0.0019110153546700111 0.11020901525150174
leaf_weight=38 14.999999999999998 138 19 163 60 18
leaf_count=38 15 138 19 163 60 18
internal_value=-0.004607 0.00181086 0.0100039 0.0236465 0.0601158 0.0290433
internal_weight=451 436 398 260 97 78
internal_count=451 436 398 260 97 78
is_linear=0
shrinkage=0.03


Tree=219
num_leaves=7
num_cat=0
split_feature=0 17 0 13 2 15
split_gain=264.901 181.56 242.627 200.67 215.75 240.104
threshold=127.50000000000001 -24.999999999999996 72.500000000000014 -5.3254901960784293 12.15 2.5000000000000004
decision_type=2 8 2 10 2 8
left_child=1 -1 3 4 5 -3
right_child=-2 2 -4 -5 -6 -7
leaf_value=0.07828515897989273 -0.11192307789623737 0.10899612703493664 -0.046407345085956002 0.063353224965762719 -0.019448146932912105 0.0040630757063627246
leaf_weight=20 14.999999999999998 23 93 44 201 67
leaf_count=20 15 23 93 44 201 67
internal_value=-0.00510006 -0.000327523 -0.00486258 0.0071836 -0.0022361 0.0352046
internal_weight=463 448 428 335 291 90
internal_count=463 448 428 335 291 90
is_linear=0
shrinkage=0.03


Tree=220
num_leaves=7
num_cat=0
split_feature=0 2 0 20 2 2
split_gain=294.843 177.803 178.906 208.681 330.212 426.407
threshold=127.50000000000001 20.750000000000004 57.500000000000007 -10.499999999999998 17.350000000000005 14.450000000000001
decision_type=2 2 2 8 2 2
left_child=1 2 -1 -4 5 -5
right_child=-2 -3 3 4 -6 -7
leaf_value=-0.0027005099031632228 -0.11144350160658359 -0.038217200691933219 -0.043790098088979719 0.024907873443194797 -0.0028635152732022105 0.16653990246959632
leaf_weight=231 14.999999999999998 64 20 44 57 32
leaf_count=231 15 64 20 44 57 32
internal_value=0.001297 0.00626019 0.014069 0.038672 0.0522096 0.0911415
internal_weight=463 448 384 153 133 76
internal_count=463 448 384 153 133 76
is_linear=0
shrinkage=0.03


Tree=221
num_leaves=7
num_cat=0
split_feature=20 4 20 2 2 2
split_gain=163.495 225.88 207.069 395.682 130.788 245.245
threshold=-17.499999999999996 -0.5 -2.4999999999999996 13.350000000000003 17.250000000000004 14.850000000000003
decision_type=8 2 10 2 2 2
left_child=-1 2 3 -2 5 -3
right_child=1 4 -4 -5 -6 -7
leaf_value=-0.075883634047162141 -0.072162586540676824 -0.026153046193759185 0.091444396838065115 0.033812455577210118 -0.057981260361415994 0.060278629998903016
leaf_weight=26 38 143 26 116 65 32
leaf_count=26 38 143 26 116 65 32
internal_value=-0.00937545 -0.00441397 0.0206654 0.00621582 -0.0232613 -0.00911301
internal_weight=446 420 180 154 240 175
internal_count=446 420 180 154 240 175
is_linear=0
shrinkage=0.03


Tree=222
num_leaves=7
num_cat=0
split_feature=0 22 2 2 16 1
split_gain=340.019 220.102 192.961 267.713 288.319 166.973
threshold=102.50000000000001 5.0424836601307197 11.950000000000001 10.450000000000001 -49.999999999999993 -1.0000000180025095e-35
decision_type=2 8 2 2 10 10
left_child=2 -2 3 5 -5 -1
right_child=1 -3 -4 4 -6 -7
leaf_value=0.075999057803835188 -0.1438207330668102 0.00081664681434631345 -0.0036793445380670681 0.1772026374123313 0.015492855548858644 -0.023726082237230404
leaf_weight=15.999999999999998 18 15.999999999999998 310 17 20 49
leaf_count=16 18 16 310 17 20 49
internal_value=0.000334435 -0.0843776 0.00825314 0.0429958 0.102042 0.00449674
internal_weight=446 34 412 102 37 65
internal_count=446 34 412 102 37 65
is_linear=0
shrinkage=0.03


Tree=223
num_leaves=7
num_cat=0
split_feature=17 22 5 0 0 5
split_gain=191.528 424.381 183.551 320.604 139.402 131.505
threshold=-54.499999999999993 -26.124999999999996 -0.9330127018922193 57.500000000000007 32.500000000000007 -0.5
decision_type=10 8 2 2 2 2
left_child=1 -1 -2 -4 -3 -5
right_child=2 4 3 5 -6 -7
leaf_value=-0.13098625369369984 -0.030502106124354948 0.056399098583630153 -0.021558875492640902 0.13296143514414627 -0.0068469493192256682 0.034007277227938178
leaf_weight=19 26 30 30 31 297 25
leaf_count=19 26 30 30 31 297 25
internal_value=0.00187737 -0.00922359 0.0351 0.0555194 -0.000282561 0.0951939
internal_weight=458 346 112 86 327 56
internal_count=458 346 112 86 327 56
is_linear=0
shrinkage=0.03


Tree=224
num_leaves=7
num_cat=0
split_feature=17 0 15 16 13 0
split_gain=215.352 154.545 203.35 153.278 259.704 109.588
threshold=9.5000000000000018 32.500000000000007 -1.0000000180025095e-35 6.5000000000000009 -3.1588235294117619 87.500000000000014
decision_type=10 2 8 10 10 2
left_child=1 -1 -3 -4 -5 -2
right_child=5 2 3 4 -6 -7
leaf_value=0.048329141442974406 0.10301917667190233 -0.066237899880198875 -0.010439582591534794 -0.028179848591486614 0.10158729358786536 0.0014082303643226622
leaf_weight=40 22 46 284 22 26 14.999999999999998
leaf_count=40 22 46 284 22 26 15
internal_value=0.00212537 -0.00433099 -0.0104617 -0.00186555 0.0450632 0.0668972
internal_weight=455 418 378 332 48 37
internal_count=455 418 378 332 48 37
is_linear=0
shrinkage=0.03


Tree=225
num_leaves=7
num_cat=0
split_feature=2 0 2 22 0 19
split_gain=123.024 412.452 258.025 364.969 480.048 227.711
threshold=14.450000000000001 82.500000000000014 17.250000000000004 -4.8749999999999991 42.500000000000007 10.500000000000002
decision_type=2 2 2 8 2 8
left_child=1 5 3 -2 -5 -1
right_child=2 -3 -4 4 -6 -7
leaf_value=0.054093492700243891 -0.020565407006321725 -0.13352481917194697 -0.004131337250244684 -0.034011648595333101 0.15292223956435919 -0.019289907907963626
leaf_weight=48 32 18 174 14.999999999999998 39 130
leaf_count=48 32 18 174 15 39 130
internal_value=0.00377367 -0.0139714 0.0171619 0.0581036 0.102514 0.00143616
internal_weight=456 196 260 86 54 178
internal_count=456 196 260 86 54 178
is_linear=0
shrinkage=0.03


Tree=226
num_leaves=7
num_cat=0
split_feature=17 4 2 2 21 17
split_gain=141.231 179.773 334.557 265.198 200.444 149.605
threshold=23.500000000000004 -0.5 17.250000000000004 20.550000000000004 0.53088235294117514 14.500000000000002
decision_type=10 2 2 2 8 8
left_child=1 -1 4 -4 -3 -6
right_child=-2 2 3 -5 5 -7
leaf_value=0.011408391635152785 0.072260104235261677 0.077508826628327365 -0.1296711475934301 -0.011876208980878194 0.05926971420645713 -0.027331385248425332
leaf_weight=199 14.999999999999998 19 37 31 15.999999999999998 127
leaf_count=199 15 19 37 31 16 127
internal_value=-0.00579974 -0.00933015 -0.0271345 -0.0804621 -0.00301118 -0.0159667
internal_weight=444 429 230 68 162 143
internal_count=444 429 230 68 162 143
is_linear=0
shrinkage=0.03


Tree=227
num_leaves=7
num_cat=0
split_feature=0 22 17 17 16 6
split_gain=290.421 341.684 443.64 282.782 184.28 162.058
threshold=87.500000000000014 25.500000000000004 6.5000000000000009 9.5000000000000018 -41.499999999999993 1.0000000180025095e-35
decision_type=2 8 8 10 10 8
left_child=3 2 -2 5 -4 -1
right_child=1 -3 4 -5 -6 -7
leaf_value=0.024938177360493814 0.027826576195657253 0.060058817915618415 -0.19765539348125458 0.10861260609626769 -0.050535691302755599 -0.014567685434878401
leaf_weight=173 19 14.999999999999998 19 20 18 192
leaf_count=173 19 15 19 20 18 192
internal_value=0.000536747 -0.0531189 -0.0858723 0.0109858 -0.14062 0.00424098
internal_weight=456 71 56 385 37 365
internal_count=456 71 56 385 37 365
is_linear=0
shrinkage=0.03


Tree=228
num_leaves=7
num_cat=0
split_feature=2 2 19 13 22 17
split_gain=192.58 317.123 191.36 181.072 212.964 285.417
threshold=10.450000000000001 11.15 -3.4999999999999996 4.0019607843137281 29.000000000000004 12.500000000000002
decision_type=2 2 10 10 8 10
left_child=2 -2 -1 4 5 -3
right_child=1 3 -4 -5 -6 -7
leaf_value=-0.07953526854515075 0.12259332641959191 -0.0056229175870238937 0.032228736111095974 0.08777962419390678 0.056984601454301315 -0.11773942087184298
leaf_weight=44 14.999999999999998 297 15.999999999999998 14.999999999999998 39 17
leaf_count=44 15 297 16 15 39 17
internal_value=-0.00177239 0.00625359 -0.049545 -6.82934e-05 -0.00497504 -0.0134432
internal_weight=443 383 60 368 353 314
internal_count=443 383 60 368 353 314
is_linear=0
shrinkage=0.03


Tree=229
num_leaves=7
num_cat=0
split_feature=11 1 2 2 11 5
split_gain=204.61 175.656 118.384 351.632 175.343 98.5129
threshold=-15.499999999999998 -22.499999999999996 10.050000000000002 10.950000000000001 8.5000000000000018 -0.9330127018922193
decision_type=8 8 2 2 10 2
left_child=-1 -2 -3 -4 5 -5
right_child=1 2 3 4 -6 -7
leaf_value=-0.082541337043046947 -0.081195625483989717 -0.031788962864213517 0.11810806242483003 -0.021809255168322595 -0.07688806678567614 0.020323796906546589
leaf_weight=20 14.999999999999998 49 23 57 15.999999999999998 264
leaf_count=20 15 49 23 57 16 264
internal_value=0.000898116 0.00575009 0.00988092 0.0159104 0.00731075 0.0126225
internal_weight=444 424 409 360 337 321
internal_count=444 424 409 360 337 321
is_linear=0
shrinkage=0.03


Tree=230
num_leaves=7
num_cat=0
split_feature=0 2 0 23 5 16
split_gain=216.178 145.635 397.746 234.124 291.464 186.633
threshold=117.50000000000001 14.450000000000001 82.500000000000014 -1.0000000180025095e-35 0.9330127018922193 -1.0000000180025095e-35
decision_type=2 2 2 2 2 8
left_child=1 2 3 4 -1 -5
right_child=-2 -3 -4 5 -6 -7
leaf_value=0.11190621285346047 -0.098280613490126345 0.013618077669247441 -0.13817418251348576 0.035924032693728805 -0.014886042907834053 -0.048310836844146256
leaf_weight=24 17 242 18 27 35 95
leaf_count=24 17 242 18 27 35 95
internal_value=-0.00649717 -0.0018969 -0.0206357 -0.00554665 0.0414037 -0.0289883
internal_weight=458 441 199 181 59 122
internal_count=458 441 199 181 59 122
is_linear=0
shrinkage=0.03


Tree=231
num_leaves=7
num_cat=0
split_feature=12 2 2 16 2 1
split_gain=125.029 104.669 135.186 334.542 619.611 120.568
threshold=6.0500000000000016 9.3500000000000032 12.15 18.500000000000004 10.450000000000001 22.500000000000004
decision_type=10 2 2 8 2 8
left_child=1 -1 3 -3 -5 -4
right_child=-2 2 5 4 -6 -7
leaf_value=-0.055850353930145501 0.060709580306349126 -0.029632517032671807 -0.012442292107863386 -0.01906950646433337 0.19078202333450317 0.061829506414277209
leaf_weight=27 24 38 321 24 20 15.999999999999998
leaf_count=27 24 38 321 24 20 16
internal_value=0.000332496 -0.00355353 0.000435304 0.03382 0.0860517 -0.00806365
internal_weight=470 446 419 82 44 337
internal_count=470 446 419 82 44 337
is_linear=0
shrinkage=0.03


Tree=232
num_leaves=7
num_cat=0
split_feature=22 2 1 15 2 22
split_gain=205.386 280.458 275.395 383.259 216.094 195.535
threshold=-28.499999999999996 14.450000000000001 12.500000000000002 2.5000000000000004 9.8500000000000032 -2.0506535947712412
decision_type=8 2 8 8 2 10
left_child=-1 2 3 4 -2 -5
right_child=1 -3 -4 5 -6 -7
leaf_value=-0.079420829157937661 -0.0054408325467790869 0.020266998074830397 -0.095499955893949023 0.0082727212361702364 0.13927547659192765 -0.067649867745197337
leaf_weight=28 15.999999999999998 231 38 53 15.999999999999998 64
leaf_count=28 16 231 38 53 16 64
internal_value=-0.00736556 -0.00165717 -0.0285625 -0.00894478 0.0759602 -0.0343281
internal_weight=446 418 187 149 32 117
internal_count=446 418 187 149 32 117
is_linear=0
shrinkage=0.03


Tree=233
num_leaves=7
num_cat=0
split_feature=17 16 11 5 18 2
split_gain=150.445 116.544 101.741 175.356 296.687 205.415
threshold=-54.499999999999993 -24.499999999999996 9.5000000000000018 0.9330127018922193 -1.0000000180025095e-35 19.850000000000005
decision_type=10 8 8 2 8 2
left_child=1 -1 3 4 -3 -6
right_child=-2 2 -4 -5 5 -7
leaf_value=-0.069122658263553266 0.037852594377221285 -0.053053607080991445 -0.014909701722165557 -0.022530681514763274 0.10059484939734366 0.0098788851127028475
leaf_weight=17 106 21 158 59 50 40
leaf_count=17 106 21 158 59 50 40
internal_value=0.00747054 -0.00227163 0.00217906 0.0180338 0.0396368 0.0629186
internal_weight=451 345 328 170 111 90
internal_count=451 345 328 170 111 90
is_linear=0
shrinkage=0.03


Tree=234
num_leaves=7
num_cat=0
split_feature=22 2 4 22 2 2
split_gain=164.826 236.963 139.519 159.28 255.857 296.27
threshold=-48.499999999999993 18.850000000000005 0.68301270189221941 18.500000000000004 11.15 9.3500000000000032
decision_type=10 2 2 10 2 2
left_child=1 -1 3 4 5 -2
right_child=2 -3 -4 -5 -6 -7
leaf_value=0.003266574191195624 -0.027597457336054908 -0.12419736554441244 -0.072940053071826688 0.078656689160399973 -0.0081640039661100942 0.10214098844338547
leaf_weight=30 22 18 14.999999999999998 22 310 39
leaf_count=30 22 18 15 22 310 39
internal_value=-0.00195199 -0.0517398 0.00446087 0.00829433 0.00313141 0.0568041
internal_weight=456 48 408 393 371 61
internal_count=456 48 408 393 371 61
is_linear=0
shrinkage=0.03


Tree=235
num_leaves=7
num_cat=0
split_feature=0 22 21 16 13 0
split_gain=272.528 147.51 121.389 116.645 112.534 159.325
threshold=102.50000000000001 7.1947712418300673 6.534313725490196 1.0000000180025095e-35 -9.0696078431372502 42.500000000000007
decision_type=2 8 10 8 8 2
left_child=2 -2 3 4 -1 -6
right_child=1 -3 -4 -5 5 -7
leaf_value=-0.036665116265416145 -0.11198987986360277 0.0034725354909896852 0.08012144856154918 -0.0052526703959002215 -0.0076162893668963363 0.072401501805078775
leaf_weight=14.999999999999998 23 14.999999999999998 14.999999999999998 301 34 56
leaf_count=15 23 15 15 301 34 56
internal_value=0.000678879 -0.0713085 0.00793724 0.00432807 0.0307832 0.0433627
internal_weight=459 38 421 406 105 90
internal_count=459 38 421 406 105 90
is_linear=0
shrinkage=0.03


Tree=236
num_leaves=7
num_cat=0
split_feature=0 17 22 22 19 18
split_gain=295.744 254.813 107.346 186.607 140.992 276.409
threshold=127.50000000000001 -28.499999999999996 -15.124999999999998 -9.8999999999999986 -7.9999999999999991 -9.4999999999999982
decision_type=2 8 8 8 10 10
left_child=1 -1 -3 -4 -5 -6
right_child=-2 2 3 4 5 -7
leaf_value=0.10663260199468244 -0.11084663182497025 -0.04255162279714237 0.068288485893979664 -0.010519600835057997 0.084185858409365877 -0.01977616046788171
leaf_weight=17 14.999999999999998 39 35 274 41 43
leaf_count=17 15 39 35 274 41 43
internal_value=0.00208226 0.00703416 0.00193957 0.00683383 -3.21621e-05 0.032846
internal_weight=464 449 432 393 358 84
internal_count=464 449 432 393 358 84
is_linear=0
shrinkage=0.03


Tree=237
num_leaves=7
num_cat=0
split_feature=22 22 20 15 22 22
split_gain=299.307 230.15 231.363 160.067 149.05 136.345
threshold=-28.499999999999996 7.1947712418300673 1.5000000000000002 -8.4999999999999982 11.006127450980395 -2.3666666666666663
decision_type=8 10 10 8 10 10
left_child=-1 3 4 -2 -3 -5
right_child=1 2 -4 5 -6 -7
leaf_value=-0.082998548130835251 -0.06126556545932544 0.14061086833477018 -0.038338477894663811 0.026064407456546059 0.041572756143286822 -0.01244043919071555
leaf_weight=26 27 21 14.999999999999998 181 43 145
leaf_count=26 27 21 15 181 43 145
internal_value=0.00719885 0.0135149 0.0581501 0.00285312 0.081904 0.0090088
internal_weight=458 432 79 353 64 326
internal_count=458 432 79 353 64 326
is_linear=0
shrinkage=0.03


Tree=238
num_leaves=7
num_cat=0
split_feature=0 17 11 11 17 5
split_gain=234.684 184.452 110.032 128.608 103.174 222.277
threshold=127.50000000000001 -24.999999999999996 8.5000000000000018 2.5000000000000004 -1.0000000180025095e-35 -0.9330127018922193
decision_type=2 8 10 10 10 2
left_child=1 -1 3 4 -3 -6
right_child=-2 2 -4 -5 5 -7
leaf_value=0.086908829834150228 -0.10087299782037736 -0.008298670307738832 -0.054773084276145502 0.057208400932518208 -0.042844669103622439 0.0692309547897349
leaf_weight=18 14.999999999999998 321 26 32 20 42
leaf_count=18 15 321 26 32 20 42
internal_value=-0.000255616 0.00408409 -0.000232922 0.00379543 -0.00134698 0.0325782
internal_weight=474 459 441 415 383 62
internal_count=474 459 441 415 383 62
is_linear=0
shrinkage=0.03


Tree=239
num_leaves=7
num_cat=0
split_feature=2 22 2 1 22 2
split_gain=182.215 213.74 212.811 273.461 202.802 323.43
threshold=17.750000000000004 -54.398856209150317 10.450000000000001 7.5000000000000009 23.500000000000004 11.15
decision_type=2 10 2 8 8 2
left_child=2 -2 3 -1 5 -4
right_child=1 -3 4 -5 -6 -7
leaf_value=0.010046685601389684 -0.10206138464252883 -0.012084847176257445 0.12184130786833439 -0.11813167527318001 0.095441746029161639 0.000486124039068818
leaf_weight=38 24 142 17 19 26 195
leaf_count=38 24 142 17 19 26 195
internal_value=-0.00301068 -0.0276974 0.0111109 -0.0387605 0.0236067 0.0128006
internal_weight=461 166 295 57 238 212
internal_count=461 166 295 57 238 212
is_linear=0
shrinkage=0.03


Tree=240
num_leaves=7
num_cat=0
split_feature=2 11 1 17 0 2
split_gain=227.849 196.201 207.164 203.621 161.033 254.731
threshold=17.250000000000004 -30.999999999999996 12.500000000000002 1.0000000180025095e-35 52.500000000000007 14.950000000000001
decision_type=2 10 10 10 2 2
left_child=4 2 3 -2 -1 -6
right_child=1 -3 -4 -5 5 -7
leaf_value=0.0014732724514656833 -0.050473064070301395 0.013631018998101353 -0.13429116713149208 0.053322499063999752 0.012963723740245721 0.10583228515331135
leaf_weight=163 65 75 15.999999999999998 18 74 38
leaf_count=163 65 75 16 18 74 38
internal_value=0.00393415 -0.0225493 -0.0492963 -0.0262125 0.0207944 0.0476489
internal_weight=449 174 99 83 275 112
internal_count=449 174 99 83 275 112
is_linear=0
shrinkage=0.03


Tree=241
num_leaves=7
num_cat=0
split_feature=13 23 5 1 1 22
split_gain=156.611 193.226 168.681 361.28 192.142 190.558
threshold=-1.2577818627450978 -10.929411764705881 -0.9330127018922193 -7.4999999999999991 -17.499999999999996 -9.3768300653594761
decision_type=10 2 2 10 8 8
left_child=1 -1 3 -3 -4 -6
right_child=-2 2 4 -5 5 -7
leaf_value=-0.061931045226752759 -0.060515873430342211 0.061792697578668593 -0.062804682850837706 -0.10114674365695785 0.072281664982438085 0.010298527924592744
leaf_weight=35 36 14.999999999999998 22 29 49 272
leaf_count=35 36 15 22 29 49 272
internal_value=-0.00453856 0.000889458 0.00728837 -0.0449619 0.0145407 0.0207236
internal_weight=458 422 387 44 343 321
internal_count=458 422 387 44 343 321
is_linear=0
shrinkage=0.03


Tree=242
num_leaves=7
num_cat=0
split_feature=22 0 16 2 22 22
split_gain=151.935 317.599 198.363 245.307 176.553 177.924
threshold=-9.0143790849673184 92.500000000000014 -19.999999999999996 13.65 -5.6666666666666652 -2.3666666666666663
decision_type=10 2 10 2 10 10
left_child=1 2 3 -1 -2 -6
right_child=4 -3 -4 -5 5 -7
leaf_value=0.059526112294859351 -0.060876634478410512 0.11007060359506045 0.066879557909115275 -0.047734689931659136 0.051022149320277904 -0.0093461389801764889
leaf_weight=22 42 29 29 63 49 231
leaf_count=22 42 29 29 63 49 231
internal_value=0.00439544 0.0295781 0.0053374 -0.0182084 -0.0070694 0.0019281
internal_weight=465 143 114 85 322 280
internal_count=465 143 114 85 322 280
is_linear=0
shrinkage=0.03


Tree=243
num_leaves=7
num_cat=0
split_feature=22 5 2 2 0 4
split_gain=173.184 362.809 177.945 398.402 211.236 434.128
threshold=-48.499999999999993 0.25000000000000017 18.850000000000005 20.250000000000004 82.500000000000014 0.25000000000000011
decision_type=10 2 2 2 2 2
left_child=1 -1 4 -4 -2 -6
right_child=2 -3 3 -5 5 -7
leaf_value=-0.14950584289172419 -0.0016527019911056081 0.0086592489218010622 0.11416841807535716 -0.0092154214009642597 -0.14214677411221688 0.019288589553907512
leaf_weight=18 246 29 30 70 26 27
leaf_count=18 246 29 30 70 26 27
internal_value=-0.00896591 -0.0604658 -0.00222625 0.0314737 -0.0138294 -0.065333
internal_weight=446 47 399 100 299 53
internal_count=446 47 399 100 299 53
is_linear=0
shrinkage=0.03


Tree=244
num_leaves=7
num_cat=0
split_feature=1 2 12 2 15 0
split_gain=153.966 169.702 138.533 155.848 147.099 128.734
threshold=17.500000000000004 17.250000000000004 6.0500000000000016 12.15 2.5000000000000004 47.500000000000007
decision_type=10 2 10 2 8 2
left_child=2 -2 3 4 -1 -6
right_child=1 -3 -4 -5 5 -7
leaf_value=0.078923378221450319 0.097142081201076494 -0.01718311148610982 0.063826981083704881 -0.018548003232655937 -0.029403979679010806 0.047654338125139473
leaf_weight=26 25 17 21 294 45 27
leaf_count=26 25 17 21 294 45 27
internal_value=0.00250271 0.0539624 -0.00331337 -0.00766874 0.0242851 0.000710907
internal_weight=455 42 413 392 98 72
internal_count=455 42 413 392 98 72
is_linear=0
shrinkage=0.03


Tree=245
num_leaves=7
num_cat=0
split_feature=22 16 5 22 22 2
split_gain=174.369 215.502 203.58 194.249 217.612 178.34
threshold=-15.124999999999998 -49.999999999999993 0.6830127018922193 -9.8999999999999986 -6.2949019607843129 10.050000000000002
decision_type=8 10 2 8 8 2
left_child=1 2 -1 -2 -5 -6
right_child=3 -3 -4 4 5 -7
leaf_value=-0.14121877234915028 0.078042200740713344 0.021474180058999492 0.00063141918182373048 -0.049648250543440763 -0.041668469331094193 0.024826134416617844
leaf_weight=18 34 28 14.999999999999998 47 37 280
leaf_count=18 34 28 15 47 37 280
internal_value=0.00702706 -0.0382842 -0.0851422 0.0143606 0.0074354 0.0165384
internal_weight=459 61 33 398 364 317
internal_count=459 61 33 398 364 317
is_linear=0
shrinkage=0.03


Tree=246
num_leaves=7
num_cat=0
split_feature=0 15 2 0 15 23
split_gain=262.003 116.285 175.069 248.04 189.904 125.785
threshold=107.50000000000001 -12.999999999999998 11.950000000000001 57.500000000000007 6.5000000000000009 3.2500000000000004
decision_type=2 8 2 2 8 2
left_child=1 -1 3 4 -3 -4
right_child=-2 2 5 -5 -6 -7
leaf_value=-0.058770214416410609 -0.086032786698176947 0.086110846357686177 0.0063395014761870863 0.13926002204418181 -0.0066879419730582704 -0.049910930344244327
leaf_weight=18 24 23 276 14.999999999999998 66 36
leaf_count=18 24 23 276 15 66 36
internal_value=0.00131716 0.00707243 0.0105855 0.0433161 0.0205985 -0.000835799
internal_weight=458 434 416 104 89 312
internal_count=458 434 416 104 89 312
is_linear=0
shrinkage=0.03


Tree=247
num_leaves=7
num_cat=0
split_feature=22 2 0 0 2 2
split_gain=143.336 96.9088 630.536 186.914 491.419 165.151
threshold=-37.989080100125143 14.950000000000001 82.500000000000014 57.500000000000007 16.950000000000003 20.850000000000005
decision_type=8 2 2 2 2 2
left_child=-1 2 -2 -3 -5 -6
right_child=1 3 -4 4 5 -7
leaf_value=-0.068961287569999696 0.0084410582372630143 -0.0077046616459265343 -0.14810519903898239 0.14578622384928167 0.032666110064714191 -0.056280268165800305
leaf_weight=20 208 115 21 27 57 22
leaf_count=20 208 115 21 27 57 22
internal_value=0.000988441 0.00482097 -0.00877261 0.0187891 0.0465846 0.00602061
internal_weight=470 450 229 221 106 79
internal_count=470 450 229 221 106 79
is_linear=0
shrinkage=0.03


Tree=248
num_leaves=7
num_cat=0
split_feature=16 21 22 22 11 0
split_gain=138.632 134.246 109.266 148.056 192.697 145.075
threshold=12.500000000000002 -3.2464901960784318 -2.3666666666666663 -4.2299346405228748 -11.499999999999998 112.50000000000001
decision_type=10 8 8 10 10 2
left_child=1 -1 3 4 -3 -4
right_child=-2 2 5 -5 -6 -7
leaf_value=-0.055424087732098996 0.062606621430285517 0.030302610056180703 -0.017644348446636982 0.079149546609405652 -0.046287290578664736 0.066947011783719063
leaf_weight=35 26 90 214 27 38 14.999999999999998
leaf_count=35 26 90 214 27 38 15
internal_value=0.00137744 -0.00311546 0.00230336 0.0213824 0.00667966 -0.0107913
internal_weight=445 419 384 155 128 229
internal_count=445 419 384 155 128 229
is_linear=0
shrinkage=0.03


Tree=249
num_leaves=7
num_cat=0
split_feature=22 2 22 22 22 0
split_gain=126.399 411.567 149.42 227.595 123.427 120.067
threshold=-48.499999999999993 18.850000000000005 -2.3666666666666663 -3.7083333333333326 -1.4692156862745092 97.500000000000014
decision_type=10 2 8 10 10 2
left_child=1 -1 3 5 -4 -2
right_child=2 -3 4 -5 -6 -7
leaf_value=0.024303111709081209 0.0088652620916744983 -0.14441323248669505 -0.075098616365343318 0.11715649934113025 0.0030066640401577075 0.084454019503159949
leaf_weight=34 147 14.999999999999998 14.999999999999998 20 200 17
leaf_count=34 147 15 15 20 200 17
internal_value=0.00730325 -0.0359341 0.0129921 0.0324573 -0.00402548 0.0189675
internal_weight=448 49 399 184 215 164
internal_count=448 49 399 184 215 164
is_linear=0
shrinkage=0.03


Tree=250
num_leaves=7
num_cat=0
split_feature=2 15 6 15 13 1
split_gain=172.292 214.943 208.244 210.994 119.858 150.571
threshold=11.15 -23.999999999999996 1.0000000180025095e-35 -7.4999999999999991 1.0000000180025095e-35 1.0000000180025095e-35
decision_type=2 10 8 10 10 10
left_child=2 4 3 -1 5 -2
right_child=1 -3 -4 -5 -6 -7
leaf_value=0.14986583552090452 -0.0081700721397515268 -0.058753983429991274 -0.0075982635122973747 0.018107429444789887 -0.045844854559217184 0.034048218553552764
leaf_weight=19 150 47 36 23 30 146
leaf_count=19 150 47 36 23 30 146
internal_value=0.00659518 -0.00207634 0.0456899 0.0873146 0.00685906 0.0128735
internal_weight=451 373 78 42 326 296
internal_count=451 373 78 42 326 296
is_linear=0
shrinkage=0.03


Tree=251
num_leaves=7
num_cat=0
split_feature=0 22 18 20 23 2
split_gain=178.238 136.283 109.401 95.8228 484.934 223.79
threshold=117.50000000000001 -45.499999999999993 3.5000000000000004 -2.4999999999999996 1.5637254901960775 14.450000000000001
decision_type=2 10 8 10 2 2
left_child=1 -1 -3 5 -5 -4
right_child=-2 2 3 4 -6 -7
leaf_value=-0.043424303435227449 -0.081040486022830011 -0.034671377396171398 -0.02159313817549011 0.16457273278917584 -0.015009750145964507 0.029157561684613892
leaf_weight=46 19 42 133 15.999999999999998 36 176
leaf_count=46 19 42 133 16 36 176
internal_value=-0.00137605 0.00285044 0.00859985 0.0140391 0.0498356 0.00731741
internal_weight=468 449 403 361 52 309
internal_count=468 449 403 361 52 309
is_linear=0
shrinkage=0.03


Tree=252
num_leaves=7
num_cat=0
split_feature=0 12 2 18 15 2
split_gain=184.363 294.631 120.289 119.197 106.315 171.693
threshold=87.500000000000014 10.500000000000002 16.250000000000004 3.5000000000000004 2.5000000000000004 11.950000000000001
decision_type=2 8 2 8 10 2
left_child=3 -2 -3 -1 5 -5
right_child=1 2 -4 4 -6 -7
leaf_value=-0.037917763253673908 -0.13521819648417557 -0.068079861402511599 0.01904690092206001 0.056380783183926558 -0.036865408990313028 0.0061116910202681654
leaf_weight=40 17 14.999999999999998 45 78 29 238
leaf_count=40 17 15 45 78 29 238
internal_value=-0.000383362 -0.0412689 -0.00629619 0.00821801 0.0140323 0.0192048
internal_weight=462 77 60 385 345 316
internal_count=462 77 60 385 345 316
is_linear=0
shrinkage=0.03


Tree=253
num_leaves=7
num_cat=0
split_feature=22 5 2 22 15 2
split_gain=193.423 184.195 190.871 174.668 146.055 128.808
threshold=-48.499999999999993 0.25000000000000017 17.450000000000003 -9.0143790849673184 -2.4999999999999996 10.450000000000001
decision_type=10 2 2 10 8 2
left_child=1 -1 -3 4 -2 -5
right_child=3 2 -4 5 -6 -7
leaf_value=-0.10881899404984254 -0.021906387021392582 -0.065325792521238324 0.0657407751828432 -0.043762184431155524 0.065160098400426233 0.006815213219440998
leaf_weight=21 20 15.000000000000002 14.999999999999998 49 68 277
leaf_count=21 20 15 15 49 68 277
internal_value=0.00201439 -0.0503749 0.000237133 0.00899227 0.0452584 -0.00133314
internal_weight=465 51 30 414 88 326
internal_count=465 51 30 414 88 326
is_linear=0
shrinkage=0.03


Tree=254
num_leaves=7
num_cat=0
split_feature=22 2 22 20 23 2
split_gain=140.486 197.777 317.816 235.727 211.678 171.66
threshold=-37.989080100125143 14.15 -2.8999999999999995 -2.4999999999999996 7.9872549019607826 16.950000000000003
decision_type=8 2 8 8 2 2
left_child=-1 2 3 -2 -4 -3
right_child=1 5 4 -5 -6 -7
leaf_value=-0.078005392029881465 -0.01355822059725012 0.045426506355558477 -0.068975152691626657 0.10053877122402191 0.034473117816707359 -0.0051336911830342623
leaf_weight=19 44 92 107 20 18 158
leaf_count=19 44 92 107 20 18 158
internal_value=-0.00731268 -0.0034091 -0.0262022 0.0267988 -0.0533257 0.0139984
internal_weight=458 439 189 64 125 250
internal_count=458 439 189 64 125 250
is_linear=0
shrinkage=0.03


Tree=255
num_leaves=7
num_cat=0
split_feature=13 16 16 6 18 22
split_gain=78.7171 121.481 127.018 171.146 146.855 178.676
threshold=-12.126470588235295 -13.499999999999998 -1.4999999999999998 1.0000000180025095e-35 -9.4999999999999982 8.3450980392156886
decision_type=8 8 8 8 10 10
left_child=-1 -2 -3 4 5 -4
right_child=1 2 3 -5 -6 -7
leaf_value=-0.058492032498121259 0.055946967448507037 -0.043390280420024845 0.060241421664336534 -0.014760370050522094 -0.025326268955280905 -0.02901606924004025
leaf_weight=14.999999999999998 30 53 96 182 33 22
leaf_count=15 30 53 96 182 33 22
internal_value=-0.00034397 0.00242249 -0.00239968 0.00466971 0.0278112 0.0430972
internal_weight=431 416 386 333 151 118
internal_count=431 416 386 333 151 118
is_linear=0
shrinkage=0.03


Tree=256
num_leaves=7
num_cat=0
split_feature=0 1 12 1 4 23
split_gain=230.024 182.787 155.626 148.508 231.464 115.596
threshold=102.50000000000001 7.5000000000000009 4.0000000000000009 12.500000000000002 -0.5 -5.2622549019607847
decision_type=2 10 8 8 2 2
left_child=2 -2 5 -4 -5 -1
right_child=1 -3 3 4 -6 -7
leaf_value=-0.0027722023562951523 -0.11950720163328306 -0.00060795457363128664 0.0012927875989781959 0.015423755266449667 -0.094662411376833913 0.078024421213194722
leaf_weight=28 23 20 275 28 35 31
leaf_count=28 23 20 275 28 35 31
internal_value=-0.00799896 -0.0700292 -0.000492874 -0.00850009 -0.0481987 0.0424593
internal_weight=440 43 397 338 63 59
internal_count=440 43 397 338 63 59
is_linear=0
shrinkage=0.03


Tree=257
num_leaves=7
num_cat=0
split_feature=19 15 12 15 0 22
split_gain=78.616 109.559 98.4669 87.8564 76.6591 88.4331
threshold=-3.4999999999999996 -10.499999999999998 -3.4999999999999996 -2.4999999999999996 112.50000000000001 -9.8999999999999986
decision_type=10 10 8 10 2 8
left_child=1 2 -1 -3 5 -4
right_child=-2 3 4 -5 -6 -7
leaf_value=-0.049489360946942777 0.028399427906790776 -0.097038840070366852 0.028308664462284038 -0.014101855472938433 0.053559091102618438 -0.0086452610090374943
leaf_weight=29 62 14.999999999999998 71 32 21 245
leaf_count=29 62 15 71 32 21 245
internal_value=-0.00179113 -0.00660886 -0.000808514 -0.0473566 0.00404292 -3.07064e-05
internal_weight=475 413 366 47 337 316
internal_count=475 413 366 47 337 316
is_linear=0
shrinkage=0.03


Tree=258
num_leaves=7
num_cat=0
split_feature=22 22 17 17 1 2
split_gain=160.105 108.399 290.921 83.1568 166.696 143.762
threshold=-37.989080100125143 15.500000000000002 25.500000000000004 -32.499999999999993 22.500000000000004 19.650000000000002
decision_type=8 10 8 10 10 2
left_child=-1 3 -3 4 5 -2
right_child=1 2 -4 -5 -6 -7
leaf_value=-0.075066102490975312 0.0052674301890956775 -0.11861939094283364 0.042454293966293334 0.034343439003354619 0.083521747469902041 -0.042409125500031418
leaf_weight=21 243 17 14.999999999999998 71 14.999999999999998 69
leaf_count=21 243 17 15 71 15 69
internal_value=-0.00277122 0.00158171 -0.0475822 0.00607589 -0.000486499 -0.00577903
internal_weight=451 430 32 398 327 312
internal_count=451 430 32 398 327 312
is_linear=0
shrinkage=0.03


Tree=259
num_leaves=7
num_cat=0
split_feature=0 17 18 22 16 23
split_gain=193.93 153.639 99.0227 94.9782 188.058 122
threshold=122.50000000000001 9.5000000000000018 -1.0000000180025095e-35 8.0563725490196099 7.5000000000000009 1.0000000180025095e-35
decision_type=2 10 8 8 10 2
left_child=1 2 -1 4 5 -4
right_child=-2 -3 3 -5 -6 -7
leaf_value=-0.040879726503547778 -0.084231987118721 0.071708878538438256 0.019802856045082595 -0.018573243066116615 0.092303404531308572 -0.029611622760338442
leaf_weight=32 14.999999999999998 30 229 76 23 51
leaf_count=32 15 30 229 76 23 51
internal_value=0.00730651 0.0113295 0.00611329 0.0105617 0.0180523 0.0104408
internal_weight=456 441 411 379 303 280
internal_count=456 441 411 379 303 280
is_linear=0
shrinkage=0.03


Tree=260
num_leaves=7
num_cat=0
split_feature=22 21 0 0 22 15
split_gain=260.639 117.481 174.173 96.9137 181.272 163.909
threshold=-26.124999999999996 1.0000000180025095e-35 72.500000000000014 57.500000000000007 -9.8999999999999986 -8.4999999999999982
decision_type=8 10 2 2 8 10
left_child=-1 3 -3 4 -2 -6
right_child=1 2 -4 -5 5 -7
leaf_value=-0.073835643014392327 0.06151077219625798 0.015308400200945991 -0.088687749527967888 0.03556198980937253 -0.020861599898875451 0.041891679372638463
leaf_weight=32 36 30 21 129 167 43
leaf_count=32 36 30 21 129 167 43
internal_value=0.00260874 0.00914099 -0.0316087 0.0150259 0.00376314 -0.00733672
internal_weight=458 426 51 375 246 210
internal_count=458 426 51 375 246 210
is_linear=0
shrinkage=0.03


Tree=261
num_leaves=7
num_cat=0
split_feature=2 2 16 11 2 22
split_gain=114.408 133.416 397.053 222.746 118.081 192.293
threshold=12.15 9.8500000000000032 18.500000000000004 -12.499999999999998 14.15 -2.2422078431372543
decision_type=2 2 8 10 2 8
left_child=1 -1 3 -3 5 -2
right_child=4 2 -4 -5 -6 -7
leaf_value=-0.011380126558396281 0.028339952692903323 0.046007873393022092 0.12781891122022096 -0.087429704993963242 0.0033366137373216477 -0.068393601220297182
leaf_weight=44 24 21 29 14.999999999999998 266 52
leaf_count=44 24 21 29 15 266 52
internal_value=0.00233218 0.0283845 0.0541922 -0.0134729 -0.00626039 -0.0379824
internal_weight=451 109 65 36 342 76
internal_count=451 109 65 36 342 76
is_linear=0
shrinkage=0.03


Tree=262
num_leaves=7
num_cat=0
split_feature=4 2 15 1 2 2
split_gain=138.628 203.514 190.611 183.611 164.401 160.435
threshold=-0.5 17.250000000000004 -41.499999999999993 17.500000000000004 16.050000000000004 19.950000000000003
decision_type=2 2 10 10 2 2
left_child=2 3 4 -2 -1 -6
right_child=1 -3 -4 -5 5 -7
leaf_value=-0.025994941076407065 -0.0077496704682707782 -0.054615584474343518 0.09179315628749983 0.082743992585202916 0.062333228710678319 -0.012835308096736022
leaf_weight=73 160 73 23 18 57 41
leaf_count=73 160 73 23 18 57 41
internal_value=0.000402755 -0.0142016 0.0191801 0.00341211 0.00708313 0.0317887
internal_weight=445 251 194 178 171 98
internal_count=445 251 194 178 171 98
is_linear=0
shrinkage=0.03


Tree=263
num_leaves=7
num_cat=0
split_feature=22 0 22 0 1 13
split_gain=101.277 324.145 294.898 392.305 135.339 124.097
threshold=-9.0143790849673184 92.500000000000014 -15.124999999999998 62.500000000000007 1.0000000180025095e-35 -1.0000000180025095e-35
decision_type=10 2 10 2 10 8
left_child=1 2 3 -1 -4 -2
right_child=5 -3 4 -5 -6 -7
leaf_value=0.015565495524766311 0.034346404321053452 0.10932920091599226 0.0059016128182411195 -0.12136742830276488 0.11651776597435985 -0.016795439065378438
leaf_weight=48 46 25 20 25 15.999999999999998 263
leaf_count=48 46 25 20 25 16 263
internal_value=0.000689122 0.0220017 -0.00194419 -0.0361032 0.0632784 -0.0087564
internal_weight=443 134 109 73 36 309
internal_count=443 134 109 73 36 309
is_linear=0
shrinkage=0.03


Tree=264
num_leaves=7
num_cat=0
split_feature=0 17 20 2 2 17
split_gain=134.844 153.935 103.751 291.152 278.197 138.548
threshold=122.50000000000001 9.5000000000000018 -2.4999999999999996 13.450000000000001 9.8500000000000032 6.5000000000000009
decision_type=2 10 10 2 2 8
left_child=1 2 5 4 -4 -1
right_child=-2 -3 3 -5 -6 -7
leaf_value=0.025227087310725642 -0.083712781190872193 0.058413097397847606 -0.0068406472035816724 -0.036179745922217496 0.1589560636281967 -0.024595067693841875
leaf_weight=57 14.999999999999998 28 16.000000000000004 32 14.999999999999998 274
leaf_count=57 15 28 16 32 15 274
internal_value=-0.0075741 -0.00391919 -0.00902538 0.0249532 0.0843185 -0.0157677
internal_weight=437 422 394 63 31 331
internal_count=437 422 394 63 31 331
is_linear=0
shrinkage=0.03


Tree=265
num_leaves=7
num_cat=0
split_feature=0 17 22 22 18 19
split_gain=316.241 164.584 234.625 118.318 90.5993 131.62
threshold=102.50000000000001 9.5000000000000018 7.9872549019607844 5.0424836601307197 1.5000000000000002 -7.9999999999999991
decision_type=2 10 8 8 8 10
left_child=1 2 4 -2 -1 -6
right_child=3 -3 -4 -5 5 -7
leaf_value=-0.032585402671247717 -0.11810740273859766 0.068918264429358875 -0.046610403873312931 -0.012805322625420308 0.0075276280134192368 0.061214823232591149
leaf_weight=33 22 29 73 17 242 45
leaf_count=33 22 29 73 17 242 45
internal_value=-0.00232014 0.00559585 0.000116102 -0.0788777 0.0113287 0.0168495
internal_weight=461 422 393 39 320 287
internal_count=461 422 393 39 320 287
is_linear=0
shrinkage=0.03


Tree=266
num_leaves=7
num_cat=0
split_feature=22 17 16 11 23 17
split_gain=155.247 122.891 95.1201 164.921 105.917 121.671
threshold=-37.989080100125143 -1.4999999999999998 14.500000000000002 8.5000000000000018 5.9235294117647053 9.5000000000000018
decision_type=8 8 10 10 2 10
left_child=-1 -2 3 4 5 -3
right_child=1 2 -4 -5 -6 -7
leaf_value=-0.063444274663925174 -0.044407700037255006 0.0056399200255611197 0.074590013700982796 -0.065139528624713408 0.080260282392528928 0.060066782917295183
leaf_weight=22 29 321 18 19 17 37
leaf_count=22 29 321 18 19 17 37
internal_value=0.006531 0.010694 0.0150584 0.0114381 0.0161241 0.0120149
internal_weight=463 441 412 394 375 358
internal_count=463 441 412 394 375 358
is_linear=0
shrinkage=0.03


Tree=267
num_leaves=7
num_cat=0
split_feature=22 22 1 21 1 18
split_gain=142.956 197.809 141.415 149.659 143.132 112.394
threshold=15.500000000000002 9.5647058823529427 22.500000000000004 -6.0066981215274717 -22.499999999999996 -1.0000000180025095e-35
decision_type=10 10 10 8 8 8
left_child=1 2 3 -1 -5 -6
right_child=-2 -3 -4 4 5 -7
leaf_value=-0.054538650020956994 -0.051223226562142371 0.085383869990706435 -0.061054537826114232 -0.061175805159977496 -0.03538758885475897 0.025081322561018166
leaf_weight=25 31 25 22 15.999999999999998 26 307
leaf_count=25 31 25 22 16 26 307
internal_value=0.00629434 0.0110811 0.00538412 0.0100462 0.0153776 0.0199064
internal_weight=452 421 396 374 349 333
internal_count=452 421 396 374 349 333
is_linear=0
shrinkage=0.03


Tree=268
num_leaves=7
num_cat=0
split_feature=22 16 18 19 22 5
split_gain=132.312 273.011 83.7375 104.283 89.996 84.9727
threshold=-15.124999999999998 -49.999999999999993 4.5000000000000009 -1.0000000180025095e-35 -1.2418300653594769 0.9330127018922193
decision_type=8 10 8 8 10 2
left_child=1 -1 4 -4 -2 -5
right_child=2 -3 3 5 -6 -7
leaf_value=-0.08835823063443346 0.0084445472374077759 0.029189472957090897 0.066933115348219871 0.011932130486014873 -0.06907182967433563 -0.033114942634521527
leaf_weight=36 26 28 23 307 21 38
leaf_count=36 26 28 23 307 21 38
internal_value=-4.23803e-05 -0.0385425 0.00628315 0.0111877 -0.0295017 0.00656823
internal_weight=479 64 415 368 47 345
internal_count=479 64 415 368 47 345
is_linear=0
shrinkage=0.03


Tree=269
num_leaves=7
num_cat=0
split_feature=4 2 17 12 1 0
split_gain=132.177 213.575 208.947 186.877 172.965 131.878
threshold=-0.5 17.250000000000004 14.500000000000002 9.5000000000000018 7.5000000000000009 92.500000000000014
decision_type=2 2 8 8 10 2
left_child=-1 2 -2 -4 -5 -3
right_child=1 5 3 4 -6 -7
leaf_value=0.017022012316320143 0.089879717881029303 -0.023750238824974405 0.06457707158393329 0.0046343666958181479 -0.061223899480271134 -0.10758452937520784
leaf_weight=208 17 50 22 90 54 24
leaf_count=208 17 50 22 90 54 24
internal_value=-0.000535184 -0.0147986 0.00292016 -0.00835301 -0.0212882 -0.056028
internal_weight=465 257 183 166 144 74
internal_count=465 257 183 166 144 74
is_linear=0
shrinkage=0.03


Tree=270
num_leaves=7
num_cat=0
split_feature=15 22 1 22 22 11
split_gain=148.461 97.2292 121.31 221.122 272.955 95.7101
threshold=-2.4999999999999996 -41.499999999999993 12.500000000000002 11.006127450980395 7.1947712418300673 -4.4999999999999991
decision_type=8 8 10 10 8 10
left_child=5 -2 -3 4 -4 -1
right_child=1 2 3 -5 -6 -7
leaf_value=-0.012629434822334184 -0.070669389814138409 0.0051091540580104414 -0.048578948900103572 -0.12233171153068541 0.073727779307216412 -0.10100172895651596
leaf_weight=22 14.999999999999998 334 43 14.999999999999998 20 21
leaf_count=22 15 334 43 15 20 21
internal_value=-0.0117551 -0.00605698 -0.00288543 -0.0353642 -0.00718522 -0.0618133
internal_weight=470 427 412 78 63 43
internal_count=470 427 412 78 63 43
is_linear=0
shrinkage=0.03


Tree=271
num_leaves=7
num_cat=0
split_feature=15 11 13 2 0 2
split_gain=133.412 175.947 121.34 153.566 303.824 285.917
threshold=-2.4999999999999996 -4.4999999999999991 -10.001392156862741 14.950000000000001 82.500000000000014 20.850000000000005
decision_type=8 10 8 2 2 2
left_child=1 -1 -2 4 -4 -5
right_child=2 -3 3 5 -6 -7
leaf_value=0.0061195454962791936 -0.062582172311165113 -0.10669327497482299 0.00430783074618463 0.046025987039069217 -0.10999772608280181 -0.032839901710727384
leaf_weight=26 17 18 161 162 19 51
leaf_count=26 17 18 161 162 19 51
internal_value=0.000613099 -0.046209 0.0061341 0.00985543 -0.0104046 0.0268225
internal_weight=454 44 410 393 180 213
internal_count=454 44 410 393 180 213
is_linear=0
shrinkage=0.03


Tree=272
num_leaves=7
num_cat=0
split_feature=22 15 4 2 2 2
split_gain=142.031 155.581 170.957 216.763 375.143 161.769
threshold=-33.249999999999993 -8.4999999999999982 0.68301270189221941 12.15 10.750000000000002 14.15
decision_type=8 8 2 2 2 2
left_child=-1 -2 3 4 -3 -5
right_child=1 2 -4 5 -6 -7
leaf_value=-0.067057262063026424 -0.058353917493174472 0.0025520515495112963 -0.076881945984704159 -0.039747091472557144 0.13262187621810217 0.011015155830681325
leaf_weight=24 31 51 15.999999999999998 68 28 245
leaf_count=24 31 51 16 68 28 245
internal_value=-0.00275264 0.00147844 0.00667595 0.0110118 0.0538028 -0.000464619
internal_weight=463 439 408 392 79 313
internal_count=463 439 408 392 79 313
is_linear=0
shrinkage=0.03


Tree=273
num_leaves=7
num_cat=0
split_feature=5 0 15 0 2 20
split_gain=110.44 111.136 93.1785 148.03 157.763 136.032
threshold=0.9330127018922193 42.500000000000007 -12.999999999999998 52.500000000000007 20.850000000000005 -8.4999999999999982
decision_type=2 2 10 2 2 8
left_child=2 -2 3 -1 5 -5
right_child=1 -3 -4 4 -6 -7
leaf_value=-0.0092179276550407793 0.0061730024949921405 -0.069911009603076515 0.059637389530738188 -0.022745370422971659 -0.037933951147965023 0.050242753187494896
leaf_weight=148 46 22 40 24 23 150
leaf_count=148 46 22 40 24 23 150
internal_value=0.0125904 -0.0215449 0.0188185 0.0133015 0.030029 0.0398213
internal_weight=453 68 385 345 197 174
internal_count=453 68 385 345 197 174
is_linear=0
shrinkage=0.03


Tree=274
num_leaves=7
num_cat=0
split_feature=17 16 4 2 12 16
split_gain=160.809 123.984 140.948 329.622 182.121 168.064
threshold=19.500000000000004 -13.499999999999998 -0.5 17.250000000000004 10.500000000000002 7.5000000000000009
decision_type=10 8 2 2 8 8
left_child=1 -1 5 4 -4 -3
right_child=-2 2 3 -5 -6 -7
leaf_value=0.051560251477152805 -0.076600983962416644 -0.02433140958775766 0.07670229265518072 -0.07335905593545998 -0.0083345788439184859 0.034610325975077495
leaf_weight=38 19 59 22 63 137 135
leaf_count=38 19 59 22 63 137 135
internal_value=-0.000908078 0.00305961 -0.00193047 -0.0180659 0.00541129 0.0165238
internal_weight=473 454 416 222 159 194
internal_count=473 454 416 222 159 194
is_linear=0
shrinkage=0.03


Tree=275
num_leaves=7
num_cat=0
split_feature=21 23 20 17 19 17
split_gain=112.29 147.203 161.36 139.945 127.141 135.36
threshold=5.8539215686274533 1.9750000000000016 -2.4999999999999996 9.5000000000000018 -4.4999999999999991 -11.499999999999998
decision_type=10 2 10 10 10 8
left_child=1 2 3 4 5 -1
right_child=-2 -3 -4 -5 -6 -7
leaf_value=0.049275369541985643 0.07439805220135233 -0.035223232895135882 0.081491037138870792 0.057376579299222595 0.05656718833604827 -0.013507319933408176
leaf_weight=30 17 65 23 38 27 263
leaf_count=30 17 65 23 38 27 263
internal_value=0.00819423 0.00487393 0.0120823 0.00656204 -0.000262073 -0.00636015
internal_weight=463 446 381 358 320 293
internal_count=463 446 381 358 320 293
is_linear=0
shrinkage=0.03


Tree=276
num_leaves=7
num_cat=0
split_feature=15 15 2 9 23 2
split_gain=108.51 122.851 123.43 198.158 122.796 120.716
threshold=-12.999999999999998 -7.4999999999999991 14.850000000000003 1.0000000180025095e-35 6.1037450980392132 13.550000000000002
decision_type=8 8 2 2 2 2
left_child=-1 -2 5 4 -4 -3
right_child=1 2 3 -5 -6 -7
leaf_value=-0.055934932611205364 0.08525845277309417 0.0056315791263438809 0.026293699265514291 -0.043900060905691457 0.10673831325396896 -0.046809230757256348
leaf_weight=17 14.999999999999998 144 176 29 14.999999999999998 49
leaf_count=17 15 144 176 29 15 49
internal_value=0.00930518 0.0125125 0.00888213 0.0240059 0.0351731 -0.00852825
internal_weight=445 428 413 220 191 193
internal_count=445 428 413 220 191 193
is_linear=0
shrinkage=0.03


Tree=277
num_leaves=7
num_cat=0
split_feature=11 0 0 2 2 11
split_gain=160.876 213.746 197.69 145.573 361.889 200.55
threshold=-1.4999999999999998 62.500000000000007 107.50000000000001 10.050000000000002 10.950000000000001 8.5000000000000018
decision_type=8 2 2 2 2 10
left_child=1 -1 3 -2 -5 -6
right_child=2 -3 -4 4 5 -7
leaf_value=-0.0024327247973997147 -0.041011692028154023 -0.10161392573118209 0.092089196471818555 0.14079412981867789 0.016025879670692196 -0.076856598063655523
leaf_weight=91 39 20 24 14.999999999999998 231 18
leaf_count=91 39 20 24 15 231 18
internal_value=0.006597 -0.0239128 0.0171577 0.00982394 0.0179565 0.00793073
internal_weight=438 111 327 303 264 249
internal_count=438 111 327 303 264 249
is_linear=0
shrinkage=0.03


Tree=278
num_leaves=7
num_cat=0
split_feature=11 23 12 20 7 5
split_gain=121.052 190.672 161.448 110.781 88.4403 198.24
threshold=8.5000000000000018 5.9235294117647053 2.1500000000000026 -32.499999999999993 1.0000000180025095e-35 0.9330127018922193
decision_type=10 2 8 10 8 2
left_child=1 2 3 -1 5 -4
right_child=-2 -3 4 -5 -6 -7
leaf_value=-0.099638473972678179 -0.050613437322053041 0.099512225530575968 0.066495440726293542 -0.0099477530307159178 0.0018247770595165795 -0.015669097106741824
leaf_weight=14.999999999999998 28 14.999999999999998 62 36 239 41
leaf_count=15 28 15 62 36 239 41
internal_value=0.00475972 0.00912658 0.00446994 -0.0428683 0.0120451 0.0345779
internal_weight=436 408 393 51 342 103
internal_count=436 408 393 51 342 103
is_linear=0
shrinkage=0.03


Tree=279
num_leaves=7
num_cat=0
split_feature=0 22 22 2 2 17
split_gain=165.025 377.413 231.932 140.058 285.121 340.878
threshold=87.500000000000014 -27.199999999999996 -28.499999999999996 9.3500000000000032 10.950000000000001 3.5000000000000004
decision_type=2 10 10 2 2 10
left_child=2 -2 -1 -4 -5 -6
right_child=1 -3 3 4 5 -7
leaf_value=-0.053576487895846361 0.043077181945828824 -0.084543594038604106 -0.042733715693740279 0.096581280101090669 -0.0010861063840263705 0.10438498204754244
leaf_weight=45 29 52 29 35 249 26
leaf_count=45 29 52 29 35 249 26
internal_value=-0.00141025 -0.0390042 0.00691914 0.0156115 0.0216613 0.0105717
internal_weight=465 81 384 339 310 275
internal_count=465 81 384 339 310 275
is_linear=0
shrinkage=0.03


Tree=280
num_leaves=7
num_cat=0
split_feature=1 1 22 0 4 22
split_gain=123.035 154.259 299.836 114.98 251.469 101.729
threshold=27.500000000000004 12.500000000000002 11.006127450980395 62.500000000000007 0.25000000000000011 -45.499999999999993
decision_type=8 10 8 2 2 10
left_child=1 5 3 -3 -5 -1
right_child=-2 2 -4 4 -6 -7
leaf_value=-0.041410533613883527 0.065992663979530339 -0.055593883511092922 -0.13684675481170414 -0.048780631233345376 0.097275367123740061 0.0035822928423896948
leaf_weight=47 14.999999999999998 22 19 17 15.999999999999998 343
leaf_count=47 15 22 19 17 16 343
internal_value=-0.00703018 -0.0100692 -0.0483006 -0.0088571 0.025516 -0.00229547
internal_weight=479 464 74 55 33 390
internal_count=479 464 74 55 33 390
is_linear=0
shrinkage=0.03


Tree=281
num_leaves=7
num_cat=0
split_feature=0 17 19 13 16 17
split_gain=257.477 142.375 133.366 127.619 78.4062 79.3981
threshold=102.50000000000001 14.500000000000002 -3.4999999999999996 -1.968627450980392 2.5000000000000004 9.5000000000000018
decision_type=2 8 8 10 10 10
left_child=2 -2 -1 4 5 -4
right_child=1 -3 3 -5 -6 -7
leaf_value=-0.046776612951036765 0.0042668788241488585 -0.10663458064198493 0.0097018169303771766 0.061756401943399555 -0.022947247370572414 0.062334671924854153
leaf_weight=29 15.999999999999998 23 266 42 54 24
leaf_count=29 16 23 266 42 54 24
internal_value=0.00326578 -0.0658219 0.0104647 0.0153083 0.00883384 0.0150403
internal_weight=454 39 415 386 344 290
internal_count=454 39 415 386 344 290
is_linear=0
shrinkage=0.03


Tree=282
num_leaves=7
num_cat=0
split_feature=2 0 2 0 22 4
split_gain=136.957 406.896 207.956 372.605 170.735 158.162
threshold=14.950000000000001 82.500000000000014 17.950000000000003 52.500000000000007 5.0424836601307197 0.25000000000000011
decision_type=2 2 2 2 8 2
left_child=1 -1 3 -2 -5 -4
right_child=2 -3 5 4 -6 -7
leaf_value=-0.01039336465174359 -0.026542428418448782 -0.1413367353565991 0.0024291570944354889 0.033176431319405952 0.14954126169284185 -0.06983093648272401
leaf_weight=204 36 19 136 26 22 29
leaf_count=204 36 19 136 26 22 29
internal_value=-0.00758531 -0.0244048 0.00766182 0.0446949 0.0955865 -0.0119514
internal_weight=472 223 249 84 48 165
internal_count=472 223 249 84 48 165
is_linear=0
shrinkage=0.03


Tree=283
num_leaves=7
num_cat=0
split_feature=16 1 2 2 0 15
split_gain=157.422 135.326 319.876 214.622 161.942 79.4916
threshold=14.500000000000002 12.500000000000002 14.950000000000001 16.950000000000003 77.500000000000014 -7.4999999999999991
decision_type=10 10 2 2 2 8
left_child=1 5 -3 -4 -5 -1
right_child=-2 2 3 4 -6 -7
leaf_value=0.047787412976225213 0.073685039740342351 -0.10742612513549187 0.090585845768451689 0.032579257339239109 -0.090087822027504441 0.00079809520508618487
leaf_weight=31 21 29 14.999999999999998 15.000000000000002 14.999999999999998 326
leaf_count=31 21 29 15 15 15 326
internal_value=0.0019899 -0.00230832 -0.03786 0.0132309 -0.032862 0.00548209
internal_weight=452 431 74 45 30 357
internal_count=452 431 74 45 30 357
is_linear=0
shrinkage=0.03


Tree=284
num_leaves=7
num_cat=0
split_feature=22 22 1 5 16 17
split_gain=139.933 175.68 128.958 122.629 323.479 180.35
threshold=23.500000000000004 15.500000000000002 -12.499999999999998 -0.9330127018922193 10.000000000000002 4.5000000000000009
decision_type=8 10 10 2 8 10
left_child=1 3 -2 4 -1 -5
right_child=2 -3 -4 5 -6 -7
leaf_value=0.047356890353063744 -0.018861966133117674 -0.072865328261485465 0.077454293221235274 0.0078160942196494557 -0.092963634510250651 0.088828202684720359
leaf_weight=22 14.999999999999998 21 40 313 29 22
leaf_count=22 15 21 40 313 29 22
internal_value=0.00902668 0.00268751 0.0518034 0.00767711 -0.0336094 0.0143644
internal_weight=462 407 55 386 51 335
internal_count=462 407 55 386 51 335
is_linear=0
shrinkage=0.03


Tree=285
num_leaves=7
num_cat=0
split_feature=17 16 0 2 17 0
split_gain=186.198 123.182 110.514 182.37 93.8894 80.2119
threshold=12.500000000000002 -24.499999999999996 57.500000000000007 17.550000000000004 23.500000000000004 102.50000000000001
decision_type=8 8 2 2 8 2
left_child=2 -2 -1 -4 -3 -6
right_child=1 4 3 -5 5 -7
leaf_value=-0.011813968353801302 -0.078342597974198194 -0.057461894469128708 0.13578415513038633 0.020816387541410398 -0.003217246652589188 0.053570237345993518
leaf_weight=22 15.999999999999998 22 15.999999999999998 36 328 19
leaf_count=22 16 22 16 36 328 19
internal_value=0.000869911 -0.00764698 0.0428603 0.0649989 -0.00357521 0.000608928
internal_weight=459 385 74 52 369 347
internal_count=459 385 74 52 369 347
is_linear=0
shrinkage=0.03


Tree=286
num_leaves=7
num_cat=0
split_feature=0 5 22 22 2 2
split_gain=346.834 73.4114 112.321 164.958 141.753 144.732
threshold=117.50000000000001 0.9330127018922193 8.0563725490196099 10.479607843137254 11.15 12.550000000000002
decision_type=2 2 8 8 2 2
left_child=1 2 4 -4 -1 -6
right_child=-2 -3 3 -5 5 -7
leaf_value=0.076148590757962195 -0.12191031759096818 -0.027379807200129714 -0.095964431230510988 -0.0021522658435708798 -0.045577743970430816 0.017354619148921901
leaf_weight=26 17 68 15.999999999999998 87 34 208
leaf_count=26 17 68 16 87 34 208
internal_value=-0.00567116 0.000152299 0.0054956 -0.0204932 0.0156762 0.00776924
internal_weight=456 439 371 103 268 242
internal_count=456 439 371 103 268 242
is_linear=0
shrinkage=0.03


Tree=287
num_leaves=7
num_cat=0
split_feature=17 2 2 16 0 4
split_gain=183.782 121.918 266.441 124.581 233.904 227.508
threshold=4.5000000000000009 11.15 10.450000000000001 -49.999999999999993 47.500000000000007 -0.5
decision_type=10 2 2 10 2 2
left_child=1 2 -1 4 -3 -6
right_child=-2 3 -4 -5 5 -7
leaf_value=-0.0070249780416488643 0.050136741715434349 0.0090434164037062233 0.11802077268915517 0.0025973764858260918 -0.024336113459430635 -0.12125521866898786
leaf_weight=55 52 66 15.999999999999998 173 59 33
leaf_count=55 52 66 16 173 59 33
internal_value=-0.000318218 -0.00738048 0.027065 -0.0150619 -0.0338842 -0.0635589
internal_weight=454 402 71 331 158 92
internal_count=454 402 71 331 158 92
is_linear=0
shrinkage=0.03


Tree=288
num_leaves=7
num_cat=0
split_feature=22 0 17 2 0 2
split_gain=120.738 113.302 103.254 154.084 132.388 118.63
threshold=-27.199999999999996 97.500000000000014 23.500000000000004 20.150000000000002 102.50000000000001 16.850000000000005
decision_type=8 2 8 2 2 2
left_child=1 -1 3 5 -4 -2
right_child=2 -3 4 -5 -6 -7
leaf_value=-0.0065772057808935625 -0.014328881257346698 0.1004567495584488 -0.0018590050135839609 0.037363686406094089 0.071037029027938833 -0.094313746020197861
leaf_weight=15.000000000000002 37 14.999999999999998 338 18 19 29
leaf_count=15 37 15 338 18 19 29
internal_value=-8.98054e-06 0.0536455 -0.00421943 -0.0331361 0.0029482 -0.0536406
internal_weight=471 30 441 84 357 66
internal_count=471 30 441 84 357 66
is_linear=0
shrinkage=0.03


Tree=289
num_leaves=7
num_cat=0
split_feature=22 22 17 22 13 22
split_gain=141.978 150.425 123.153 119.804 138.664 98.86
threshold=13.16666666666667 9.5647058823529427 23.500000000000004 6.0101307189542501 1.0000000180025095e-35 -3.7725424836601302
decision_type=10 10 8 10 10 8
left_child=1 3 -2 4 5 -1
right_child=2 -3 -4 -5 -6 -7
leaf_value=-0.0070980471258654315 -0.10310845038430257 0.072217164172066584 -0.0031204564829490013 -0.049570961245676365 -0.062388899727509564 0.02488238375664999
leaf_weight=165 17 22 23 36 21 175
leaf_count=165 17 22 23 36 21 175
internal_value=-0.00169883 0.00369694 -0.0523502 -0.000951144 0.00450833 0.00948452
internal_weight=459 419 40 397 361 340
internal_count=459 419 40 397 361 340
is_linear=0
shrinkage=0.03


Tree=290
num_leaves=7
num_cat=0
split_feature=22 16 0 16 4 22
split_gain=170.347 173.962 168.188 96.1372 126.482 171.462
threshold=9.5647058823529427 32.000000000000007 87.500000000000014 -7.4999999999999991 -0.5 -11.966911764705882
decision_type=10 8 2 8 2 8
left_child=3 -2 -3 -1 -5 -6
right_child=1 2 -4 4 5 -7
leaf_value=0.033860240621492267 -0.010119909099463758 0.13785529468059537 0.0079582966268062581 0.01163958931489416 -0.10363380326974121 -0.013321900680471378
leaf_weight=55 24 20 14.999999999999998 159 17 152
leaf_count=55 24 20 15 159 17 152
internal_value=0.0064454 0.0517511 0.0901387 -0.00111076 -0.00739516 -0.0251235
internal_weight=442 59 35 383 328 169
internal_count=442 59 35 383 328 169
is_linear=0
shrinkage=0.03


Tree=291
num_leaves=7
num_cat=0
split_feature=2 2 0 5 0 1
split_gain=185.894 179.416 315.017 293.14 253.142 260.283
threshold=14.950000000000001 17.250000000000004 57.500000000000007 0.6830127018922193 72.500000000000014 -1.0000000180025095e-35
decision_type=2 2 2 2 2 10
left_child=-1 2 -2 4 -3 -6
right_child=1 3 -4 -5 5 -7
leaf_value=-0.028613319306137381 -0.016958961584479421 0.0067527285719944088 0.10851803089443006 0.095534720624035063 -0.0077095571160316458 -0.13973013116253746
leaf_weight=218 32 99 33 17 28 22
leaf_count=218 32 99 33 17 28 22
internal_value=-0.00904768 0.00963187 0.0499458 -0.00715252 -0.0215899 -0.0732205
internal_weight=449 231 65 166 149 50
internal_count=449 231 65 166 149 50
is_linear=0
shrinkage=0.03


Tree=292
num_leaves=7
num_cat=0
split_feature=15 22 2 11 4 0
split_gain=143.776 161.127 240.149 144.808 89.8194 208.339
threshold=-2.4999999999999996 -48.499999999999993 18.950000000000003 -5.4999999999999991 0.25000000000000011 92.500000000000014
decision_type=8 10 2 10 2 2
left_child=3 2 -2 -1 5 -3
right_child=1 4 -4 -5 -6 -7
leaf_value=0.001321886289631948 0.0070040856783880907 0.007775404269167425 -0.1233184970237992 -0.097753817183630812 0.032829756846820761 -0.079763654768466946
leaf_weight=25 29 256 17 23 94 22
leaf_count=25 29 256 17 23 94 22
internal_value=-0.00434482 0.0015391 -0.0485268 -0.0508953 0.00829153 -0.000439004
internal_weight=466 418 46 48 372 278
internal_count=466 418 46 48 372 278
is_linear=0
shrinkage=0.03


Tree=293
num_leaves=7
num_cat=0
split_feature=16 2 0 2 11 2
split_gain=113.454 111.847 201.976 195.501 154.65 273.312
threshold=-7.4999999999999991 10.050000000000002 37.500000000000007 10.950000000000001 -9.4999999999999982 12.15
decision_type=8 2 2 2 10 2
left_child=-1 2 -2 -3 5 -5
right_child=1 3 -4 4 -6 -7
leaf_value=0.041456185685005031 0.028785740810891858 0.087751337108404742 -0.090650205896236 0.10798649705946446 -0.029571362685911904 0.00073909303325569563
leaf_weight=55 18 18 27 19 118 197
leaf_count=55 18 18 27 19 118 197
internal_value=0.00299915 -0.00277801 -0.0447747 0.00314279 -0.00264397 0.0124026
internal_weight=452 397 45 352 334 216
internal_count=452 397 45 352 334 216
is_linear=0
shrinkage=0.03


Tree=294
num_leaves=7
num_cat=0
split_feature=0 2 2 20 16 0
split_gain=238.51 173.198 164.233 307.72 227.118 174.906
threshold=82.500000000000014 12.15 9.8500000000000032 -2.4999999999999996 18.500000000000004 37.500000000000007
decision_type=2 2 2 8 8 2
left_child=1 2 5 -4 -5 -1
right_child=-2 -3 3 4 -6 -7
leaf_value=0.058104912042617793 -0.044421583940461272 -0.0057907075629098533 -0.012121526907230246 0.038678449883731085 0.194552166223526 -0.046433133189292514
leaf_weight=20 95 254 24 20 14.999999999999998 29
leaf_count=20 95 254 24 20 15 29
internal_value=-0.00338003 0.007849 0.0387644 0.0704138 0.12145 -0.00233525
internal_weight=457 362 108 59 35 49
internal_count=457 362 108 59 35 49
is_linear=0
shrinkage=0.03


Tree=295
num_leaves=7
num_cat=0
split_feature=22 17 0 4 2 12
split_gain=224.718 261.035 214.364 211.797 155.051 116.564
threshold=-48.499999999999993 -28.499999999999996 92.500000000000014 0.25000000000000011 19.450000000000003 10.500000000000002
decision_type=10 8 2 2 2 8
left_child=4 -2 5 -4 -1 -3
right_child=1 2 3 -5 -6 -7
leaf_value=-0.017445794062034503 0.10533912859179756 0.037457455044915509 -0.11832824782683299 0.0093706591129302987 -0.12732138624787331 -0.0025710086613247971
leaf_weight=32 17 81 21 20 14.999999999999998 272
leaf_count=32 17 81 21 20 15 272
internal_value=-0.00260812 0.00477011 -0.000834828 -0.0617884 -0.0613831 0.00700886
internal_weight=458 411 394 41 47 353
internal_count=458 411 394 41 47 353
is_linear=0
shrinkage=0.03


Tree=296
num_leaves=7
num_cat=0
split_feature=4 16 17 16 1 21
split_gain=131.437 173.427 206.374 152.913 183.001 162.14
threshold=-0.5 -8.4999999999999982 2.0000000000000004 -2.4999999999999996 7.5000000000000009 -8.1062091503267961
decision_type=2 8 8 10 10 10
left_child=3 -2 -3 5 -5 -1
right_child=1 2 -4 4 -6 -7
leaf_value=0.048938605064176952 0.052436562834636248 -0.098325662016868584 -0.0097640694578297396 -0.074436397254467004 0.043076166595731463 -0.033652904361693395
leaf_weight=123 29 22 206 24 15.999999999999998 22
leaf_count=123 29 22 206 24 16 22
internal_value=0.00261586 -0.0111915 -0.0202361 0.0215866 -0.0278679 0.0357034
internal_weight=442 257 228 185 40 145
internal_count=442 257 228 185 40 145
is_linear=0
shrinkage=0.03


Tree=297
num_leaves=7
num_cat=0
split_feature=22 22 2 5 2 12
split_gain=166.877 220.706 156.057 88.3909 139.438 94.8755
threshold=23.500000000000004 11.006127450980395 15.750000000000002 -0.9330127018922193 20.050000000000004 -0.94999999999999918
decision_type=8 10 2 2 2 10
left_child=1 3 -2 4 -1 -5
right_child=2 -3 -4 5 -6 -7
leaf_value=-0.084559741300929872 -0.010789397911264978 -0.075442477592400137 0.088414871318964278 0.0095029416371711535 0.012751213466482503 -0.037417391773313283
leaf_weight=23 24 37 27 277 23 40
leaf_count=23 24 37 27 277 23 40
internal_value=-0.00365525 -0.0103288 0.0449354 -0.00275704 -0.0394243 0.00309331
internal_weight=451 400 51 363 46 317
internal_count=451 400 51 363 46 317
is_linear=0
shrinkage=0.03


Tree=298
num_leaves=7
num_cat=0
split_feature=0 17 22 0 22 17
split_gain=101.088 100.59 120.555 186.828 115.542 132.694
threshold=127.50000000000001 -28.499999999999996 -15.124999999999998 62.500000000000007 -9.8999999999999986 2.0000000000000004
decision_type=2 8 8 2 8 8
left_child=1 -1 3 -3 -4 -6
right_child=-2 2 4 -5 5 -7
leaf_value=0.062084327638149257 -0.065013207367488307 0.021238761804997917 0.052108204402938119 -0.096081101915666031 -0.067770457756519312 0.0039175532811151987
leaf_weight=19 15.999999999999998 19 36 23 20 325
leaf_count=19 16 19 36 23 20 325
internal_value=-0.00069293 0.00233658 -0.00104106 -0.0463945 0.00449473 -0.00114705
internal_weight=458 442 423 42 381 345
internal_count=458 442 423 42 381 345
is_linear=0
shrinkage=0.03


Tree=299
num_leaves=7
num_cat=0
split_feature=1 0 1 17 0 0
split_gain=113.418 130.532 143.677 107.677 391.248 152.107
threshold=-22.499999999999996 107.50000000000001 22.500000000000004 12.500000000000002 57.500000000000007 87.500000000000014
decision_type=8 2 10 8 2 2
left_child=-1 2 3 4 -2 -5
right_child=1 -3 -4 5 -6 -7
leaf_value=-0.067713779166340832 -0.045901962131261825 0.066862239219762115 -0.073654100271788508 0.004597767486946569 0.098173375987425079 -0.064054501312784853
leaf_weight=14.999999999999998 25 24 17 310 36 27
leaf_count=15 25 24 17 310 36 27
internal_value=0.00220249 0.00532707 0.00101479 0.00507842 0.040122 -0.00175862
internal_weight=454 439 415 398 61 337
internal_count=454 439 415 398 61 337
is_linear=0
shrinkage=0.03


Tree=300
num_leaves=7
num_cat=0
split_feature=22 16 1 22 3 17
split_gain=139.722 358.402 162.739 97.4883 216.062 87.7612
threshold=-20.749999999999996 -49.999999999999993 17.500000000000004 15.500000000000002 1.0000000180025095e-35 4.5000000000000009
decision_type=8 10 10 10 2 10
left_child=1 -1 3 5 -5 -2
right_child=2 -3 -4 4 -6 -7
leaf_value=-0.12346428917004512 0.00069511579355164166 0.038269439721107482 0.063650088502094138 -0.11385389071516691 0.025654504813931205 0.057941025976951305
leaf_weight=21 332 20 35 14.999999999999998 17 21
leaf_count=21 332 20 35 15 17 21
internal_value=0.000688219 -0.0489856 0.00605658 7.19025e-05 -0.0462886 0.00486235
internal_weight=461 41 420 385 32 353
internal_count=461 41 420 385 32 353
is_linear=0
shrinkage=0.03


Tree=301
num_leaves=7
num_cat=0
split_feature=11 2 20 18 2 2
split_gain=97.0361 111.782 141.544 105.958 82.8557 132.342
threshold=8.5000000000000018 11.350000000000003 -9.4999999999999982 1.5000000000000002 12.350000000000003 14.950000000000001
decision_type=8 2 10 8 2 2
left_child=3 -2 4 -1 -3 -6
right_child=1 2 -4 -5 5 -7
leaf_value=-0.028157139803127697 -0.051364537575777539 0.063052313327789308 -0.07341003908352417 0.029680284349247812 -0.034191574629067502 0.016315771511337101
leaf_weight=31 42 15.999999999999998 17 145 63 144
leaf_count=31 42 16 17 145 63 144
internal_value=0.00181286 -0.00905586 -0.000754691 0.0189966 0.00627246 0.000500108
internal_weight=458 282 240 176 223 207
internal_count=458 282 240 176 223 207
is_linear=0
shrinkage=0.03


Tree=302
num_leaves=7
num_cat=0
split_feature=0 1 22 0 22 12
split_gain=88.3573 89.3064 170.526 194.708 180.37 162.983
threshold=32.500000000000007 -7.4999999999999991 -9.3768300653594761 92.500000000000014 -15.124999999999998 2.1500000000000026
decision_type=2 10 10 2 10 10
left_child=-1 -2 3 4 -3 -4
right_child=1 2 5 -5 -6 -7
leaf_value=0.041556175290947642 -0.032494970652532859 -0.030573425095528361 -0.019236503751255955 0.11693370950492946 0.069943968779666146 0.041014252295147401
leaf_weight=36 78 35 229 17 22 44
leaf_count=36 78 35 229 17 22 44
internal_value=-0.000529681 -0.00453636 0.00212059 0.0409885 0.0107347 -0.00896275
internal_weight=461 425 347 74 57 273
internal_count=461 425 347 74 57 273
is_linear=0
shrinkage=0.03


Tree=303
num_leaves=7
num_cat=0
split_feature=17 22 22 2 21 12
split_gain=108.16 116.022 172.677 164.591 138.66 91.8772
threshold=9.5000000000000018 -2.3666666666666663 -3.7725424836601302 14.450000000000001 1.1968954248366031 4.0000000000000009
decision_type=10 10 10 2 10 10
left_child=1 2 -1 5 -5 -3
right_child=-2 3 -4 4 -6 -7
leaf_value=0.0051924598464169183 0.051144747781966406 -0.026155248698664875 0.083614421474008729 -0.0081272803433239463 0.072197636899352075 -0.098884491397237234
leaf_weight=203 37 77 24 82 20 17
leaf_count=203 37 77 24 82 20 17
internal_value=0.00522711 0.000660113 0.0151071 -0.0160315 0.0102604 -0.0436383
internal_weight=460 423 227 196 102 94
internal_count=460 423 227 196 102 94
is_linear=0
shrinkage=0.03


Tree=304
num_leaves=7
num_cat=0
split_feature=22 0 2 0 22 16
split_gain=132.871 201.422 121.9 172.675 138.48 89.6526
threshold=6.3660130718954262 102.50000000000001 20.050000000000004 57.500000000000007 11.862091503267976 1.0000000180025095e-35
decision_type=8 2 2 2 10 10
left_child=1 5 3 -2 -5 -1
right_child=2 -3 -4 4 -6 -7
leaf_value=0.0065711181139000889 0.0022860091333003606 -0.08270339626073836 -0.040668135962703016 0.1123444480725697 0.016103096485137941 -0.033622454148567016
leaf_weight=252 63 25 17 30 25 57
leaf_count=252 63 25 17 30 25 57
internal_value=0.00168562 -0.00848648 0.0262564 0.0371593 0.0735858 -0.00126056
internal_weight=469 334 135 118 55 309
internal_count=469 334 135 118 55 309
is_linear=0
shrinkage=0.03


Tree=305
num_leaves=7
num_cat=0
split_feature=5 12 13 13 23 20
split_gain=98.0259 151.818 105.299 121.132 107.038 207.52
threshold=-0.9330127018922193 18.050000000000004 1.670588235294119 -3.1588235294117619 1.1455882352941205 -2.4999999999999996
decision_type=2 8 10 10 2 10
left_child=1 -1 3 4 5 -2
right_child=2 -3 -4 -5 -6 -7
leaf_value=0.0054781047885234533 -0.00080832154688335227 -0.08342446335974861 -0.061971372741719946 0.074167841236506188 -0.043332701997210586 0.089085144317150103
leaf_weight=34 305 29 18 15.999999999999998 40 20
leaf_count=34 305 29 18 16 40 20
internal_value=-0.00527629 -0.0385704 0.000392971 0.00410389 7.18306e-05 0.00598954
internal_weight=462 63 399 381 365 325
internal_count=462 63 399 381 365 325
is_linear=0
shrinkage=0.03


Tree=306
num_leaves=7
num_cat=0
split_feature=12 0 22 2 2 22
split_gain=88.8457 77.4953 62.8654 252.794 278.698 258.496
threshold=6.0500000000000016 32.500000000000007 -1.1146610644257702 19.450000000000003 10.450000000000001 -35.41607843137254
decision_type=10 2 10 2 2 10
left_child=1 -1 3 4 -3 -5
right_child=-2 2 -4 5 -6 -7
leaf_value=0.03288789147392232 0.050561257410666034 -0.063816173353365493 -0.021038263837496438 -0.12963913922960107 0.040550224044076773 -0.0059712688811123368
leaf_weight=42 24 23 175 17 133 51
leaf_count=42 24 23 175 17 133 51
internal_value=-0.000323945 -0.00362899 -0.00783233 0.00271889 0.0236589 -0.04365
internal_weight=465 441 399 224 156 68
internal_count=465 441 399 224 156 68
is_linear=0
shrinkage=0.03


Tree=307
num_leaves=7
num_cat=0
split_feature=22 1 22 1 20 21
split_gain=158.047 81.3952 86.1467 113.887 74.3034 123.573
threshold=21.500000000000004 -22.499999999999996 21.500000000000004 22.500000000000004 -17.499999999999996 2.1720588235294138
decision_type=10 10 8 10 8 10
left_child=1 -1 3 4 -3 -6
right_child=-2 2 -4 -5 5 -7
leaf_value=-0.061174412454877571 0.082692944381386038 -0.052313527115013282 0.044469118569578442 -0.061863418036493756 -0.0019761555808727725 0.062663256680143289
leaf_weight=15.999999999999998 14.999999999999998 18 30 24 321 24
leaf_count=16 15 18 30 24 321 24
internal_value=0.000223781 -0.00354449 -0.000634653 -0.00465368 -8.20745e-05 0.00335145
internal_weight=448 433 417 387 363 345
internal_count=448 433 417 387 363 345
is_linear=0
shrinkage=0.03


Tree=308
num_leaves=7
num_cat=0
split_feature=22 22 17 0 16 0
split_gain=142.975 112.487 98.9671 228.143 94.6053 160.008
threshold=11.862091503267976 -45.499999999999993 23.500000000000004 67.500000000000014 4.5000000000000009 37.500000000000007
decision_type=10 10 10 2 10 2
left_child=1 -1 3 -2 5 -3
right_child=2 4 -4 -5 -6 -7
leaf_value=-0.036974083577331743 0.0070319486595690232 0.053546766244247555 0.0099810457080602641 -0.14552219957113266 -0.023012167559543127 0.0029324666808905274
leaf_weight=52 15.000000000000002 70 14.999999999999998 14.999999999999998 66 227
leaf_count=52 15 70 15 15 66 227
internal_value=-0.00347362 0.0022737 -0.0514037 -0.0791373 0.00832195 0.0155508
internal_weight=460 415 45 30 363 297
internal_count=460 415 45 30 363 297
is_linear=0
shrinkage=0.03


Tree=309
num_leaves=7
num_cat=0
split_feature=16 1 16 22 22 17
split_gain=129.686 151.833 146.295 111.362 274.712 133.77
threshold=14.500000000000002 12.500000000000002 4.5000000000000009 -4.424199999999999 -3.4486928104575179 19.500000000000004
decision_type=10 10 8 10 10 8
left_child=1 3 -3 -1 -5 -6
right_child=-2 2 -4 4 5 -7
leaf_value=-0.017613011080488239 0.060972865748405457 0.018981648373603822 -0.070960047445181071 0.11484469844536346 0.056283120099793776 -0.010774930937504265
leaf_weight=179 20 20 54 17 28 137
leaf_count=179 20 20 54 17 28 137
internal_value=-0.00559715 -0.00931593 -0.0469886 -0.00105713 0.0152614 0.00192531
internal_weight=455 435 74 361 182 165
internal_count=455 435 74 361 182 165
is_linear=0
shrinkage=0.03


Tree=310
num_leaves=7
num_cat=0
split_feature=6 2 5 2 12 17
split_gain=130.887 211.277 185.073 133.582 167.919 115.712
threshold=1.0000000180025095e-35 10.950000000000001 0.9330127018922193 12.65 6.0500000000000016 -28.499999999999996
decision_type=8 2 2 2 10 8
left_child=1 2 -1 -3 -5 -2
right_child=5 3 -4 4 -6 -7
leaf_value=0.1348993712067604 0.044296333112499926 -0.061790661283303051 0.0092217676803983493 -0.0081124679268947952 0.082349553270773451 -0.028360947936055172
leaf_weight=14.999999999999998 17 27 24 111 17 244
leaf_count=15 17 27 24 111 17 244
internal_value=-0.0091926 0.00934051 0.0673959 -0.00691661 0.00654619 -0.0228848
internal_weight=455 194 39 155 128 261
internal_count=455 194 39 155 128 261
is_linear=0
shrinkage=0.03


Tree=311
num_leaves=7
num_cat=0
split_feature=0 16 22 22 17 0
split_gain=96.4194 113.422 124.257 125.811 105.411 119.546
threshold=127.50000000000001 -9.4999999999999982 -15.124999999999998 -9.3768300653594761 2.0000000000000004 62.500000000000007
decision_type=2 8 8 8 10 2
left_child=1 -1 -3 -4 -5 -6
right_child=-2 2 3 4 5 -7
leaf_value=0.045465330085158344 -0.062924448336873731 -0.06340963739901781 0.070097529888153071 -0.009448813602591824 -0.014730796602464492 0.065981771607811629
leaf_weight=45 15.999999999999998 23 18 306 26 34
leaf_count=45 16 23 18 306 26 34
internal_value=-7.04444e-05 0.00281858 -0.0023912 0.00203161 -0.00221549 0.0325636
internal_weight=468 452 407 384 366 60
internal_count=468 452 407 384 366 60
is_linear=0
shrinkage=0.03


Tree=312
num_leaves=7
num_cat=0
split_feature=17 22 17 4 4 17
split_gain=79.978 122.145 99.0379 57.3516 74.2629 107.433
threshold=-28.499999999999996 -26.124999999999996 -1.4999999999999998 0.68301270189221941 0.25000000000000011 28.500000000000004
decision_type=8 8 8 2 2 8
left_child=-1 -2 -3 4 -4 -6
right_child=1 2 3 -5 5 -7
leaf_value=0.055724196891699516 -0.06562345039438118 -0.045946212742477656 0.0060514555754776619 -0.038127863689857933 0.091925446279346928 0.015594443943461073
leaf_weight=23 17 25 311 15.999999999999998 19 63
leaf_count=23 17 25 311 16 19 63
internal_value=0.00650602 0.00341251 0.00683331 0.0105754 0.0130123 0.0375475
internal_weight=474 451 434 409 393 82
internal_count=474 451 434 409 393 82
is_linear=0
shrinkage=0.03


Tree=313
num_leaves=7
num_cat=0
split_feature=22 1 23 12 5 13
split_gain=212.222 338.225 132.805 226.203 190.284 229.476
threshold=11.006127450980395 12.500000000000002 6.1037450980392132 -13.049999999999999 -0.9330127018922193 -1.2577818627450978
decision_type=8 8 2 10 2 8
left_child=2 -2 4 -4 5 -1
right_child=1 -3 3 -5 -6 -7
leaf_value=0.018002731685455031 -0.0089956456984018347 -0.13594634715682613 -0.017745321989059447 0.12881290532648562 0.0095520488667228294 -0.10855852295612466
leaf_weight=21 72 21 16.000000000000004 14.999999999999998 299 24
leaf_count=21 72 21 16 15 299 24
internal_value=-0.00380543 -0.0431354 0.00638764 0.0612113 0.000640965 -0.0536025
internal_weight=468 93 375 31 344 45
internal_count=468 93 375 31 344 45
is_linear=0
shrinkage=0.03


Tree=314
num_leaves=7
num_cat=0
split_feature=0 21 0 2 15 18
split_gain=123.264 102.771 125.537 83.8062 141.663 87.6014
threshold=127.50000000000001 1.0000000180025095e-35 67.500000000000014 9.3500000000000032 -2.4999999999999996 3.5000000000000004
decision_type=2 10 2 2 10 8
left_child=1 3 -3 4 -1 -5
right_child=-2 2 -4 5 -6 -7
leaf_value=-0.087823901602200105 -0.073859954416751847 0.0071109412369482657 -0.080836644300392696 -0.031609952548812874 0.023396909887140445 0.016673588127477795
leaf_weight=15.999999999999998 14.999999999999998 29 23 33 17 329
leaf_count=16 15 29 23 33 17 329
internal_value=-0.000986344 0.00224906 -0.0354676 0.00759558 -0.0349887 0.0119014
internal_weight=462 447 52 395 33 362
internal_count=462 447 52 395 33 362
is_linear=0
shrinkage=0.03


Tree=315
num_leaves=7
num_cat=0
split_feature=2 2 17 2 2 13
split_gain=181.497 161.718 158.275 140.115 118.142 101.338
threshold=9.3500000000000032 10.350000000000003 21.500000000000004 14.15 13.750000000000002 1.670588235294119
decision_type=2 2 10 2 2 8
left_child=-1 -2 3 4 5 -3
right_child=1 2 -4 -5 -6 -7
leaf_value=-0.074943562206523179 0.067497053705155852 0.043870891307276907 0.077787707235131939 0.0050530707361176614 -0.096980352889407762 -0.031459147167702518
leaf_weight=24 27 14.999999999999998 15.999999999999998 275 17 85
leaf_count=24 27 15 16 275 17 85
internal_value=-0.00226838 0.00254735 -0.00251591 -0.00673202 -0.0335039 -0.0186086
internal_weight=459 435 408 392 117 100
internal_count=459 435 408 392 117 100
is_linear=0
shrinkage=0.03


Tree=316
num_leaves=7
num_cat=0
split_feature=22 22 22 12 2 1
split_gain=163.291 217.233 177.938 157.042 145.845 130.826
threshold=-4.2299346405228748 -1.0000000180025095e-35 3.2248366013071892 10.500000000000002 18.950000000000003 12.500000000000002
decision_type=10 10 10 8 2 8
left_child=5 -2 -3 -4 -5 -1
right_child=1 2 3 4 -6 -7
leaf_value=-0.0075221189328093718 0.065059807938871089 -0.044393372891677746 0.08963609918486326 -0.013056250267907191 0.06488514694518277 -0.077636994442769447
leaf_weight=176 62 49 19 90 23 23
leaf_count=176 62 49 19 90 23 23
internal_value=0.00258195 0.0189092 0.00177669 0.0199103 0.00488509 -0.0173301
internal_weight=442 243 181 132 113 199
internal_count=442 243 181 132 113 199
is_linear=0
shrinkage=0.03


Tree=317
num_leaves=7
num_cat=0
split_feature=22 22 5 0 0 2
split_gain=118.54 167.153 113.965 161.382 198.75 123.401
threshold=3.2248366013071892 -0.077871148459383296 0.6830127018922193 87.500000000000014 52.500000000000007 16.850000000000005
decision_type=10 10 2 2 2 2
left_child=1 -1 3 4 -2 -5
right_child=2 -3 -4 5 -6 -7
leaf_value=0.0044837263908037647 0.0098069578458733382 -0.05190129736536428 -0.035622080745904339 0.034192068177190692 0.10004323458337053 -0.069370516866445547
leaf_weight=275 42 52 18 17 44 14.999999999999998
leaf_count=275 42 52 18 17 44 15
internal_value=0.00471287 -0.00512931 0.0277202 0.0384379 0.0589346 -0.0171672
internal_weight=463 327 136 118 86 32
internal_count=463 327 136 118 86 32
is_linear=0
shrinkage=0.03


Tree=318
num_leaves=7
num_cat=0
split_feature=0 0 22 22 0 20
split_gain=113.114 113.632 119.663 100.693 342.116 189.262
threshold=107.50000000000001 32.500000000000007 18.500000000000004 8.0563725490196099 77.500000000000014 -4.4999999999999991
decision_type=2 2 10 8 2 10
left_child=1 -1 3 -3 5 -5
right_child=-2 2 -4 4 -6 -7
leaf_value=0.034064300139976106 0.044389236512429577 -0.013274361287326654 0.049597633097158825 0.024439435022121123 -0.15551051373992647 -0.085235447543007978
leaf_weight=38 29 298 18 39 15.999999999999998 15.999999999999998
leaf_count=38 29 298 18 39 16 16
internal_value=-0.00846997 -0.012551 -0.0175044 -0.021397 -0.0523728 -0.0119102
internal_weight=454 425 387 369 71 55
internal_count=454 425 387 369 71 55
is_linear=0
shrinkage=0.03


Tree=319
num_leaves=7
num_cat=0
split_feature=11 21 0 11 1 22
split_gain=83.0636 179.292 276.062 174.675 109.007 185.578
threshold=-1.4999999999999998 3.7063725490196071 42.500000000000007 3.5000000000000004 -1.0000000180025095e-35 -9.3768300653594761
decision_type=10 8 2 10 10 8
left_child=4 -2 3 -3 -1 -6
right_child=1 2 -4 -5 5 -7
leaf_value=0.014448938976901655 0.085882825965061776 0.09389015365924154 -0.067006025323096449 -0.014923548857498515 0.034621169059537354 -0.031670330322649536
leaf_weight=138 25 23 29 23 43 187
leaf_count=138 25 23 29 23 43 187
internal_value=0.000331196 0.0238985 -0.000839249 0.0433542 -0.00630748 -0.0188038
internal_weight=468 100 75 46 368 230
internal_count=468 100 75 46 368 230
is_linear=0
shrinkage=0.03


Tree=320
num_leaves=7
num_cat=0
split_feature=1 12 4 17 15 22
split_gain=180.352 397.21 145.185 125.117 165.471 161.554
threshold=12.500000000000002 -13.049999999999999 -0.6830127018922193 44.500000000000007 2.5000000000000004 -3.7083333333333326
decision_type=10 10 2 8 8 10
left_child=3 2 -2 -1 5 -5
right_child=1 -3 -4 4 -6 -7
leaf_value=0.044338388188856916 -0.0059747846424579622 0.05918685723597613 -0.11486443234607577 0.0061308772290909761 -0.0091523403987627122 0.11358034993921007
leaf_weight=68 15.999999999999998 21 35 33 259 15.999999999999998
leaf_count=68 16 21 35 33 259 16
internal_value=0.000568335 -0.0413141 -0.0842866 0.00902532 0.000645185 0.0484845
internal_weight=448 72 51 376 308 49
internal_count=448 72 51 376 308 49
is_linear=0
shrinkage=0.03


Tree=321
num_leaves=7
num_cat=0
split_feature=0 17 22 16 17 0
split_gain=173.303 188.64 106.563 134.987 101.476 144.452
threshold=112.50000000000001 9.5000000000000018 -9.0143790849673184 -19.999999999999996 -8.4999999999999982 52.500000000000007
decision_type=2 10 8 10 8 2
left_child=1 2 3 4 -1 -6
right_child=-2 -3 -4 -5 5 -7
leaf_value=0.035788833610713479 -0.087202177119255056 0.059095190086880238 -0.020414137889820973 0.063934913139571156 0.034585501134395603 -0.068520359394805774
leaf_weight=25 20 32 304 29 14.999999999999998 30
leaf_count=25 20 32 304 29 15 30
internal_value=-0.010349 -0.00586477 -0.0116839 0.0148168 -0.00843783 -0.0341301
internal_weight=455 435 403 99 70 45
internal_count=455 435 403 99 70 45
is_linear=0
shrinkage=0.03


Tree=322
num_leaves=7
num_cat=0
split_feature=5 0 22 4 22 15
split_gain=92.0088 111.762 272.312 175.193 134.982 121.355
threshold=0.9330127018922193 82.500000000000014 -27.199999999999996 0.25000000000000011 9.3212418300653628 -7.4999999999999991
decision_type=2 2 10 2 10 8
left_child=1 4 -3 -4 5 -1
right_child=-2 2 3 -5 -6 -7
leaf_value=0.06092820284888148 -0.032270189494542453 0.049009888834073478 -0.092938622551601985 0.0021183370492037605 0.063363754634940345 -0.0011842666590216021
leaf_weight=27 64 29 38 29 38 244
leaf_count=27 64 29 38 29 38 244
internal_value=-0.000221904 0.00517429 -0.0223564 -0.0545047 0.0139473 0.00599572
internal_weight=469 405 96 67 309 271
internal_count=469 405 96 67 309 271
is_linear=0
shrinkage=0.03


Tree=323
num_leaves=7
num_cat=0
split_feature=0 22 22 0 5 4
split_gain=209.633 184.758 100.86 71.6495 93.4331 56.2317
threshold=117.50000000000001 9.5647058823529427 8.0563725490196099 47.500000000000007 -0.9330127018922193 -0.6830127018922193
decision_type=2 10 10 2 2 2
left_child=1 2 5 -3 -5 -1
right_child=-2 3 -4 4 -6 -7
leaf_value=-0.019556195838153361 -0.090034061018377548 -0.0025796116346662695 -0.0704771956375667 0.012311204626508381 0.10447643336322572 0.0047489300431366394
leaf_weight=120 19 17 15.999999999999998 18 22 268
leaf_count=120 19 17 16 18 22 268
internal_value=-0.003591 0.000899533 -0.00642564 0.0491495 0.0689783 -0.00292129
internal_weight=480 461 404 57 40 388
internal_count=480 461 404 57 40 388
is_linear=0
shrinkage=0.03


Tree=324
num_leaves=7
num_cat=0
split_feature=2 0 22 20 1 22
split_gain=97.202 369.793 233.89 176.386 120.654 115.038
threshold=14.450000000000001 82.500000000000014 3.2916666666666674 -1.4999999999999998 7.5000000000000009 -3.6333333333333329
decision_type=2 2 8 10 10 8
left_child=1 5 4 -4 -2 -1
right_child=2 -3 3 -5 -6 -7
leaf_value=0.02897918761547771 -0.029169264506079134 -0.1294131526723504 0.061813580603880244 -0.040020388439297672 0.026058424351846469 -0.019874508870972526
leaf_weight=59 116 19 81 14.999999999999998 46 130
leaf_count=59 116 19 81 15 46 130
internal_value=-0.00343789 -0.0184709 0.0088025 0.0447085 -0.0131767 -0.00427006
internal_weight=466 208 258 96 162 189
internal_count=466 208 258 96 162 189
is_linear=0
shrinkage=0.03


Tree=325
num_leaves=7
num_cat=0
split_feature=21 1 0 0 15 16
split_gain=120.256 192.013 201.453 123.268 106.243 88.5497
threshold=8.3911764705882366 7.5000000000000009 67.500000000000014 102.50000000000001 -12.999999999999998 1.0000000180025095e-35
decision_type=8 10 2 2 8 10
left_child=1 2 -1 4 -2 -6
right_child=3 -3 -4 -5 5 -7
leaf_value=-0.01357590906212435 -0.06137275334447622 0.032730739414691928 -0.11981970428274229 0.069502347908914075 0.01789546065617266 -0.020482187488156816
leaf_weight=46 14.999999999999998 31 21 25 253 64
leaf_count=46 15 31 21 25 253 64
internal_value=0.00311304 -0.0255279 -0.0528845 0.0112193 0.0058644 0.00994956
internal_weight=455 98 67 357 332 317
internal_count=455 98 67 357 332 317
is_linear=0
shrinkage=0.03


Tree=326
num_leaves=7
num_cat=0
split_feature=0 1 0 5 17 16
split_gain=121.581 88.4328 138.1 173.131 206.747 187.545
threshold=122.50000000000001 -22.499999999999996 57.500000000000007 -0.9330127018922193 -16.499999999999996 10.000000000000002
decision_type=2 8 2 2 10 8
left_child=1 -1 -3 5 -5 -4
right_child=-2 2 3 4 -6 -7
leaf_value=-0.050746316801417959 -0.067523009419441213 -0.0026897361239587719 0.058304169885814189 0.026994597163796423 0.11968023091554642 -0.057292963743209836
leaf_weight=17 14.999999999999998 259 14.999999999999998 95 25 30
leaf_count=17 15 259 15 95 25 30
internal_value=0.00493216 0.00812598 0.0110504 0.0320629 0.0503189 -0.0167834
internal_weight=456 441 424 165 120 45
internal_count=456 441 424 165 120 45
is_linear=0
shrinkage=0.03


Tree=327
num_leaves=7
num_cat=0
split_feature=17 13 19 4 2 0
split_gain=279.489 107.425 102.689 114.429 157.151 241.259
threshold=-8.4999999999999982 3.5029411764705825 -7.9999999999999991 -0.5 11.850000000000003 92.500000000000014
decision_type=10 10 10 2 2 2
left_child=1 2 3 4 -1 -6
right_child=-2 -3 -4 -5 5 -7
leaf_value=-0.066032551079988483 -0.062644613287588455 0.062326332823089921 0.025598153512983116 -0.032830811213832078 0.00027189551675615233 0.11078946386064802
leaf_weight=19 74 18 75 131 116 15.999999999999998
leaf_count=19 74 18 75 131 116 16
internal_value=-0.0113609 -0.00054983 -0.00453713 -0.0128582 0.00496601 0.0172225
internal_weight=449 375 357 282 151 132
internal_count=449 375 357 282 151 132
is_linear=0
shrinkage=0.03


Tree=328
num_leaves=7
num_cat=0
split_feature=17 1 1 2 1 0
split_gain=177.666 214.816 234.318 121.745 241.376 183.957
threshold=12.500000000000002 22.500000000000004 12.500000000000002 13.550000000000002 7.5000000000000009 92.500000000000014
decision_type=8 10 10 2 8 2
left_child=-1 2 3 -2 5 -5
right_child=1 -3 -4 4 -6 -7
leaf_value=0.047477281788313709 0.024183536651974716 0.089894518937383386 -0.075417862720787529 -0.014410830219159834 0.062516730353236197 -0.10285505189895629
leaf_weight=69 114 15.999999999999998 37 155 27 20
leaf_count=69 114 16 37 155 27 20
internal_value=0.00504474 -0.00341844 -0.00884437 3.94735e-06 -0.0138965 -0.0270951
internal_weight=438 369 353 316 202 175
internal_count=438 369 353 316 202 175
is_linear=0
shrinkage=0.03


Tree=329
num_leaves=7
num_cat=0
split_feature=17 0 1 0 22 0
split_gain=105.714 90.9882 91.3797 124.018 106.449 81.0045
threshold=23.500000000000004 107.50000000000001 12.500000000000002 82.500000000000014 -1.0000000180025095e-35 77.500000000000014
decision_type=8 2 10 2 10 2
left_child=1 2 3 4 -1 -2
right_child=5 -3 -4 -5 -6 -7
leaf_value=-0.066358111620597224 0.00052589581918323271 -0.085213742315769198 -0.056868339579167038 0.070199353069066994 0.018364561796188356 0.038698727667331699
leaf_weight=17.999999999999996 302 14.999999999999998 24 14.999999999999998 28.000000000000004 55
leaf_count=18 302 15 24 15 28 55
internal_value=-0.000836151 -0.0273302 -0.0129489 0.00733002 -0.0180433 0.00686015
internal_weight=457 100 85 61 46 357
internal_count=457 100 85 61 46 357
is_linear=0
shrinkage=0.03


Tree=330
num_leaves=7
num_cat=0
split_feature=0 15 2 0 0 2
split_gain=108.088 117.069 80.8822 203.703 138.84 213.848
threshold=127.50000000000001 -12.999999999999998 20.850000000000005 62.500000000000007 57.500000000000007 16.850000000000005
decision_type=2 8 2 2 2 2
left_child=1 -1 4 -4 -3 -6
right_child=-2 2 3 -5 5 -7
leaf_value=-0.06210652933879332 -0.06578113771229982 -0.00027764846661554299 0.012663104236125947 -0.1020357100367546 0.070822878686281357 -0.0026579724944063598
leaf_weight=17 14.999999999999998 231 43 14.999999999999998 73 65
leaf_count=17 15 231 43 15 73 65
internal_value=0.00249515 0.00550862 0.00888823 -0.0227442 0.0140979 0.0373296
internal_weight=459 444 427 58 369 138
internal_count=459 444 427 58 369 138
is_linear=0
shrinkage=0.03


Tree=331
num_leaves=7
num_cat=0
split_feature=0 20 2 2 17 0
split_gain=95.6315 130.007 104.046 102.912 104.937 117.804
threshold=107.50000000000001 -16.499999999999996 20.850000000000005 18.850000000000005 9.5000000000000018 57.500000000000007
decision_type=2 8 2 2 8 2
left_child=1 -1 3 4 5 -3
right_child=-2 2 -4 -5 -6 -7
leaf_value=0.06040157306240871 -0.049354025161692072 -0.086672108620405197 -0.038539455817615399 0.041607074486261067 0.0040599350311161797 0.01321708823953356
leaf_weight=27 30 21 56 50 256 15.999999999999998
leaf_count=27 30 21 56 50 256 16
internal_value=-0.00167751 0.0022136 -0.00242275 0.00394286 -0.00307474 -0.0470456
internal_weight=456 426 399 343 293 37
internal_count=456 426 399 343 293 37
is_linear=0
shrinkage=0.03


Tree=332
num_leaves=7
num_cat=0
split_feature=0 5 2 11 2 22
split_gain=86.8628 267.745 138.89 243.873 99.3083 344.803
threshold=42.500000000000007 0.9330127018922193 10.950000000000001 2.5000000000000004 17.950000000000003 -48.499999999999993
decision_type=2 2 2 8 2 10
left_child=2 4 3 -1 -2 -6
right_child=1 -3 -4 -5 5 -7
leaf_value=0.12495182484388352 0.010099589333043365 -0.10476737852423236 -0.0023769601667655333 -0.0098035685930933265 -0.12422359398007393 0.00222765002399683
leaf_weight=19 171 21 126 23 20 86
leaf_count=19 171 21 126 23 20 86
internal_value=-0.00304955 -0.012704 0.0139478 0.0579648 -0.00399059 -0.026152
internal_weight=466 298 168 42 277 106
internal_count=466 298 168 42 277 106
is_linear=0
shrinkage=0.03


Tree=333
num_leaves=7
num_cat=0
split_feature=17 22 22 5 11 13
split_gain=143.762 107.317 141.793 132.867 118.921 208.908
threshold=-28.499999999999996 -15.124999999999998 -9.0143790849673184 -0.68301270189221952 -4.4999999999999991 1.670588235294119
decision_type=8 8 10 2 10 8
left_child=-1 -2 3 -3 -4 -6
right_child=1 2 4 -5 5 -7
leaf_value=0.072109562945365899 -0.044709809029355958 -0.022209107623650477 -0.020611429810380704 0.06110387810307448 0.085890320785343643 -0.0038985946112208895
leaf_weight=20 42 21 190 56 25 103
leaf_count=20 42 21 190 56 25 103
internal_value=0.0021379 -0.00184396 0.00321583 0.0384134 -0.00576956 0.016208
internal_weight=457 437 395 77 318 128
internal_count=457 437 395 77 318 128
is_linear=0
shrinkage=0.03


Tree=334
num_leaves=7
num_cat=0
split_feature=12 22 17 2 19 22
split_gain=96.8099 99.9593 87.034 125.372 64.7642 126.439
threshold=7.1000000000000023 9.5647058823529427 12.500000000000002 15.15 1.5000000000000002 6.6001400560224104
decision_type=10 10 10 2 10 10
left_child=1 4 -3 -4 5 -1
right_child=-2 2 3 -5 -6 -7
leaf_value=0.00060484103941964111 -0.053132447799046835 0.084431309044361108 -0.040151536918609683 0.0627021139729768 0.040716514934319999 -0.075251802461487896
leaf_weight=338 22 20 18 14.999999999999998 27 15.999999999999998
leaf_count=338 22 20 18 15 27 16
internal_value=0.00203224 0.00540192 0.0420921 0.00869887 -0.000181085 -0.00382403
internal_weight=456 434 53 33 381 354
internal_count=456 434 53 33 381 354
is_linear=0
shrinkage=0.03


Tree=335
num_leaves=7
num_cat=0
split_feature=2 2 15 16 13 23
split_gain=96.6513 104.931 201.11 96.0059 127.06 182.876
threshold=9.3500000000000032 11.450000000000001 -12.999999999999998 -23.499999999999996 -1.0000000180025095e-35 1.1455882352941205
decision_type=2 2 10 8 8 2
left_child=-1 2 -2 -3 5 -5
right_child=1 3 -4 4 -6 -7
leaf_value=-0.046178652784403633 0.0042049968428909783 0.059880391748055165 0.11798676397119248 0.0017931129929742641 -0.011639678286667609 0.10716388115925447
leaf_weight=29 43 18 15.999999999999998 51 302 15.999999999999998
leaf_count=29 43 18 16 51 302 16
internal_value=0.00263377 0.00628445 0.0418682 0.000394703 -0.00326878 0.0326508
internal_weight=475 446 59 387 369 67
internal_count=475 446 59 387 369 67
is_linear=0
shrinkage=0.03


Tree=336
num_leaves=7
num_cat=0
split_feature=17 22 22 0 22 0
split_gain=205.423 130.537 94.3369 126.416 131.116 117.676
threshold=14.500000000000002 9.5647058823529427 -60.749999999999993 107.50000000000001 6.0101307189542501 47.500000000000007
decision_type=10 10 10 2 10 2
left_child=1 2 5 4 -4 -1
right_child=-2 -3 3 -5 -6 -7
leaf_value=0.012121389913558959 -0.073199570243331513 0.061813766336576509 0.006634503819320685 0.074644665094939153 -0.055516676692401658 -0.081273903101682657
leaf_weight=20 28 28 296 17 29 22
leaf_count=20 28 28 296 17 29 22
internal_value=-0.00115841 0.00455658 -0.000359279 0.00504784 0.000331572 -0.0402417
internal_weight=440 412 384 342 325 42
internal_count=440 412 384 342 325 42
is_linear=0
shrinkage=0.03


Tree=337
num_leaves=7
num_cat=0
split_feature=15 1 1 0 2 5
split_gain=124.496 190.055 113.809 154.633 215.225 131.118
threshold=36.500000000000007 -1.0000000180025095e-35 -17.499999999999996 57.500000000000007 20.550000000000004 -0.9330127018922193
decision_type=8 10 8 2 2 2
left_child=1 -1 -2 -4 5 -5
right_child=2 -3 3 4 -6 -7
leaf_value=0.028763206377625465 -0.057762750471415721 -0.063117578566074362 -0.0073279463789344482 -0.0048041277627150214 -0.040347085978475312 0.0648337874808394
leaf_weight=27 18 55 184 31 26 98
leaf_count=27 18 55 184 31 26 98
internal_value=-0.000734201 -0.0329498 0.00701836 0.0112476 0.0328386 0.0485443
internal_weight=439 82 357 339 155 129
internal_count=439 82 357 339 155 129
is_linear=0
shrinkage=0.03


Tree=338
num_leaves=7
num_cat=0
split_feature=20 11 20 3 22 16
split_gain=154.653 107.138 167.111 290.533 114.127 128.618
threshold=-8.4999999999999982 8.5000000000000018 -2.4999999999999996 1.0000000180025095e-35 25.500000000000004 4.5000000000000009
decision_type=8 10 10 2 8 8
left_child=-1 2 4 -4 5 -2
right_child=1 -3 3 -5 -6 -7
leaf_value=-0.039471525826870843 0.022040256255898963 -0.048368265569210048 -0.0067724086078149925 0.14617534752402986 0.042211476229808545 -0.020952562220852105
leaf_weight=76 94 25 23 15.999999999999998 50 166
leaf_count=76 94 25 23 16 50 166
internal_value=-0.00186255 0.00619983 0.0107367 0.0654558 0.00292295 -0.00528643
internal_weight=450 374 349 39 310 260
internal_count=450 374 349 39 310 260
is_linear=0
shrinkage=0.03


Tree=339
num_leaves=7
num_cat=0
split_feature=16 20 0 5 2 11
split_gain=89.3732 133.192 77.9944 93.7631 131.511 324.872
threshold=-24.499999999999996 -19.499999999999996 32.500000000000007 0.9330127018922193 11.450000000000001 17.500000000000004
decision_type=8 8 2 2 2 8
left_child=-1 -2 -3 4 5 -4
right_child=1 2 3 -5 -6 -7
leaf_value=-0.057295217445263488 0.073721054387944074 0.03436833585697141 0.13405826432364326 -0.041652872512237191 -0.0094312196029192313 -0.014222947061061858
leaf_weight=21 15.999999999999998 39 15.999999999999998 57 290 34
leaf_count=21 16 39 16 57 290 34
internal_value=-0.00320813 -9.58651e-05 -0.00360987 -0.00772179 -0.00151212 0.0411005
internal_weight=473 452 436 397 340 50
internal_count=473 452 436 397 340 50
is_linear=0
shrinkage=0.03


Tree=340
num_leaves=7
num_cat=0
split_feature=22 22 15 3 22 11
split_gain=141.617 146.065 105.382 252.282 92.3599 94.2015
threshold=-15.124999999999998 -9.0143790849673184 -8.4999999999999982 1.0000000180025095e-35 -5.6666666666666652 2.5000000000000004
decision_type=8 10 10 2 10 10
left_child=-1 -2 4 -4 -3 -6
right_child=1 2 3 -5 5 -7
leaf_value=-0.039388893567598782 0.042729698866605756 -0.046678462345153091 -0.021987071430141274 0.10467473317224246 -0.0090506597018327698 0.043854839180906609
leaf_weight=60 82 43 28 21 186 31
leaf_count=60 82 43 28 21 186 31
internal_value=0.0016726 0.00839138 -0.00125636 0.0369624 -0.00902063 -0.000675233
internal_weight=451 391 309 49 260 217
internal_count=451 391 309 49 260 217
is_linear=0
shrinkage=0.03


Tree=341
num_leaves=7
num_cat=0
split_feature=19 2 0 4 0 2
split_gain=93.8559 128.279 125.138 120.379 128.807 140.192
threshold=1.5000000000000002 9.3500000000000032 122.50000000000001 0.25000000000000011 77.500000000000014 14.850000000000003
decision_type=10 2 2 2 2 2
left_child=1 -1 3 -3 5 -5
right_child=-2 2 -4 4 -6 -7
leaf_value=-0.068725829912770181 0.040585390900572137 -0.011523107261495602 -0.078534992038272328 0.033223000802099702 0.06995306908986286 -0.047513161813840271
leaf_weight=26 31 290 14.999999999999998 44 33 27
leaf_count=26 31 290 15 44 33 27
internal_value=-0.00610132 -0.00985181 -0.00532438 -0.00158796 0.0253736 0.00141455
internal_weight=466 435 409 394 104 71
internal_count=466 435 409 394 104 71
is_linear=0
shrinkage=0.03


Tree=342
num_leaves=7
num_cat=0
split_feature=15 11 2 5 1 4
split_gain=148.529 171.679 91.2933 103.298 93.5586 184.56
threshold=-2.4999999999999996 -5.4999999999999991 20.850000000000005 -0.5 1.0000000180025095e-35 0.25000000000000011
decision_type=8 10 2 2 8 2
left_child=1 -1 3 4 -2 -6
right_child=2 -3 -4 -5 5 -7
leaf_value=0.013216729683095011 0.073059286925386865 -0.094680731329653003 -0.021742003344531569 0.0049243243937254757 -0.044071593701839447 0.047000998567429279
leaf_weight=24 42 22 58 217 25 57
leaf_count=24 42 22 58 217 25 57
internal_value=0.00572458 -0.0426097 0.0117553 0.0176847 0.0389589 0.0182979
internal_weight=445 46 399 341 124 82
internal_count=445 46 399 341 124 82
is_linear=0
shrinkage=0.03


Tree=343
num_leaves=7
num_cat=0
split_feature=22 2 15 15 4 16
split_gain=92.0296 255.356 82.3086 108.041 80.1612 97.1261
threshold=-48.499999999999993 18.850000000000005 -8.4999999999999982 2.5000000000000004 -0.93301270189221908 -9.4999999999999982
decision_type=10 2 8 8 2 8
left_child=1 -1 -2 -4 -5 -6
right_child=2 -3 3 4 5 -7
leaf_value=0.019537406886617342 -0.038993442843065537 -0.10679701344966888 0.065476045295082289 0.062021336087158749 0.04120274064596742 -0.0047518586344781804
leaf_weight=31 29 20 24 15.999999999999998 43 296
leaf_count=31 29 20 24 16 43 296
internal_value=0.000983448 -0.0351175 0.00586658 0.00976218 0.00513853 0.00159134
internal_weight=459 51 408 379 355 339
internal_count=459 51 408 379 355 339
is_linear=0
shrinkage=0.03


Tree=344
num_leaves=7
num_cat=0
split_feature=0 2 4 1 18 15
split_gain=69.1052 69.8213 176.709 105.626 101.034 86.2774
threshold=127.50000000000001 10.65 -0.5 7.5000000000000009 -9.4999999999999982 -7.4999999999999991
decision_type=2 2 2 10 10 8
left_child=1 2 -1 -4 5 -3
right_child=-2 4 3 -5 -6 -7
leaf_value=-0.089614163339138034 -0.05148231038557631 0.067287023182098685 0.040809169011456627 -0.045831887930631636 -0.031152707513049247 0.010160246129450668
leaf_weight=19 15.999999999999998 21 30 14.999999999999998 45 327
leaf_count=19 16 21 30 15 45 327
internal_value=0.00176746 0.00416877 -0.0237544 0.0102337 0.00895736 0.0145118
internal_weight=473 457 64 45 393 348
internal_count=473 457 64 45 393 348
is_linear=0
shrinkage=0.03


Tree=345
num_leaves=7
num_cat=0
split_feature=18 20 16 2 2 11
split_gain=75.5653 78.4787 236.875 304.068 197.009 201.802
threshold=3.5000000000000004 -2.4999999999999996 13.500000000000002 10.050000000000002 14.15 -7.4999999999999991
decision_type=8 10 8 2 2 8
left_child=-1 4 -3 -4 5 -2
right_child=1 2 3 -5 -6 -7
leaf_value=-0.033788280584849416 0.063520389631390575 -0.040613277181982994 -0.012309104691852223 0.15169017956470665 0.018216810448793693 -0.039927486175729429
leaf_weight=43 14.999999999999998 19 17 18 219 123
leaf_count=43 15 19 17 18 219 123
internal_value=0.0018775 0.00597022 0.038023 0.0804518 0.000663688 -0.0268553
internal_weight=454 411 54 35 357 138
internal_count=454 411 54 35 357 138
is_linear=0
shrinkage=0.03


Tree=346
num_leaves=7
num_cat=0
split_feature=17 1 4 2 21 23
split_gain=112.536 134.426 112.131 124.107 105.886 172.355
threshold=19.500000000000004 -7.4999999999999991 0.25000000000000011 17.450000000000003 7.4279411764705889 4.1764705882352908
decision_type=8 10 2 2 8 2
left_child=1 -1 3 -3 5 -2
right_child=4 2 -4 -5 -6 -7
leaf_value=-0.022352509306323144 -0.00024579324138661226 -0.041692815699747629 0.090216867684109789 0.060558736151592303 -0.013446083144200118 0.09491763371083399
leaf_weight=26 67 15.999999999999998 32 17 270 18
leaf_count=26 67 16 32 17 270 18
internal_value=0.00348021 0.0323108 0.054211 0.0120196 -0.00425629 0.0240601
internal_weight=446 91 65 33 355 85
internal_count=446 91 65 33 355 85
is_linear=0
shrinkage=0.03


Tree=347
num_leaves=7
num_cat=0
split_feature=0 22 18 0 23 20
split_gain=226.582 256.997 65.2239 87.4304 82.3258 123.654
threshold=102.50000000000001 5.0424836601307197 16.500000000000004 42.500000000000007 -1.7215686274509776 -1.0000000180025095e-35
decision_type=2 8 8 2 2 8
left_child=2 -2 3 -1 -4 -6
right_child=1 -3 4 -5 5 -7
leaf_value=0.005876849187681308 -0.12433855122990077 0.015973037180956454 -0.014535706887378336 -0.068139172233641146 0.068443271543242437 0.0099458775483816861
leaf_weight=34 22 19 89 19 33 245
leaf_count=34 22 19 89 19 33 245
internal_value=-0.00141411 -0.0646476 0.00544662 -0.0242438 0.0100026 0.0179764
internal_weight=461 41 420 53 367 278
internal_count=461 41 420 53 367 278
is_linear=0
shrinkage=0.03


Tree=348
num_leaves=7
num_cat=0
split_feature=2 22 0 0 17 22
split_gain=94.0655 99.0806 91.2412 118.993 91.9987 127.811
threshold=9.3500000000000032 -33.249999999999993 107.50000000000001 82.500000000000014 3.5000000000000004 -0.077871148459383296
decision_type=2 8 2 2 10 10
left_child=-1 -2 3 4 5 -3
right_child=1 2 -4 -5 -6 -7
leaf_value=-0.051199197759551382 -0.05166258611849376 0.018569123589992523 0.05798575178514323 -0.038175928035581654 0.060568822416765929 -0.022070884472020318
leaf_weight=26 23 195 24 50 24 102
leaf_count=26 23 195 24 50 24 102
internal_value=-0.0007641 0.00294112 0.00672662 0.00268367 0.009536 0.00447762
internal_weight=444 418 395 371 321 297
internal_count=444 418 395 371 321 297
is_linear=0
shrinkage=0.03


Tree=349
num_leaves=7
num_cat=0
split_feature=20 2 2 22 1 5
split_gain=98.279 324.493 106.646 165.125 111.616 319.397
threshold=-2.4999999999999996 13.950000000000001 11.350000000000003 -8.0781045751633975 1.0000000180025095e-35 -0.9330127018922193
decision_type=10 2 2 10 8 2
left_child=2 -2 3 -1 -4 -6
right_child=1 -3 4 -5 5 -7
leaf_value=0.020277503397729661 0.10224807168357074 -0.028572656378934257 -0.016037897700186592 -0.077856643556094757 -0.070669883960677721 0.035508751614472353
leaf_weight=22 27 33 176 36 26 143
leaf_count=22 27 33 176 36 26 143
internal_value=-0.000634152 0.0336335 -0.00608569 -0.0419783 0.000461912 0.0176122
internal_weight=463 60 403 58 345 169
internal_count=463 60 403 58 345 169
is_linear=0
shrinkage=0.03


end of trees

feature_importances:
dv_all_mean=366
v0=344
abs_lat=326
dv_past12=236
dv_COTC=137
dv_CTCX=100
dv_AEMN=86
dv_HWRF=70
month_sin=64
month_cos=63
rule=52
dv_IFS-ENSM=49
dv_GFS=44
dv_ecmwf_mean=39
dv_IFS=35
land_frac=31
dv_UKM=15
on_land_now=14
dv_CMC=13
arabian_sea=12
land_at_lead=4

parameters:
[boosting: gbdt]
[objective: regression]
[metric: l2]
[tree_learner: serial]
[device_type: cpu]
[data_sample_strategy: bagging]
[data: ]
[valid: ]
[num_iterations: 350]
[learning_rate: 0.03]
[num_leaves: 7]
[num_threads: 0]
[seed: 0]
[deterministic: 0]
[force_col_wise: 0]
[force_row_wise: 0]
[histogram_pool_size: -1]
[max_depth: -1]
[min_data_in_leaf: 15]
[min_sum_hessian_in_leaf: 0.001]
[bagging_fraction: 0.8]
[pos_bagging_fraction: 1]
[neg_bagging_fraction: 1]
[bagging_freq: 1]
[bagging_seed: 7719]
[bagging_by_query: 0]
[feature_fraction: 0.8]
[feature_fraction_bynode: 1]
[feature_fraction_seed: 2437]
[extra_trees: 0]
[extra_seed: 11797]
[early_stopping_round: 0]
[early_stopping_min_delta: 0]
[first_metric_only: 0]
[max_delta_step: 0]
[lambda_l1: 0]
[lambda_l2: 5]
[linear_lambda: 0]
[min_gain_to_split: 0]
[drop_rate: 0.1]
[max_drop: 50]
[skip_drop: 0.5]
[xgboost_dart_mode: 0]
[uniform_drop: 0]
[drop_seed: 21238]
[top_rate: 0.2]
[other_rate: 0.1]
[min_data_per_group: 100]
[max_cat_threshold: 32]
[cat_l2: 10]
[cat_smooth: 10]
[max_cat_to_onehot: 4]
[top_k: 20]
[monotone_constraints: ]
[monotone_constraints_method: basic]
[monotone_penalty: 0]
[feature_contri: ]
[forcedsplits_filename: ]
[refit_decay_rate: 0.9]
[cegb_tradeoff: 1]
[cegb_penalty_split: 0]
[cegb_penalty_feature_lazy: ]
[cegb_penalty_feature_coupled: ]
[path_smooth: 0]
[interaction_constraints: ]
[verbosity: -1]
[saved_feature_importance_type: 0]
[use_quantized_grad: 0]
[num_grad_quant_bins: 4]
[quant_train_renew_leaf: 0]
[stochastic_rounding: 1]
[linear_tree: 0]
[max_bin: 255]
[max_bin_by_feature: ]
[min_data_in_bin: 3]
[bin_construct_sample_cnt: 200000]
[data_random_seed: 38]
[is_enable_sparse: 1]
[enable_bundle: 1]
[use_missing: 1]
[zero_as_missing: 0]
[feature_pre_filter: 1]
[pre_partition: 0]
[two_round: 0]
[header: 0]
[label_column: ]
[weight_column: ]
[group_column: ]
[ignore_column: ]
[categorical_feature: ]
[forcedbins_filename: ]
[precise_float_parser: 0]
[parser_config_file: ]
[objective_seed: 8855]
[num_class: 1]
[is_unbalance: 0]
[scale_pos_weight: 1]
[sigmoid: 1]
[boost_from_average: 1]
[reg_sqrt: 0]
[alpha: 0.9]
[fair_c: 1]
[poisson_max_delta_step: 0.7]
[tweedie_variance_power: 1.5]
[lambdarank_truncation_level: 30]
[lambdarank_norm: 1]
[label_gain: ]
[lambdarank_position_bias_regularization: 0]
[eval_at: ]
[multi_error_top_k: 1]
[auc_mu_weights: ]
[num_machines: 1]
[local_listen_port: 12400]
[time_out: 120]
[machine_list_filename: ]
[machines: ]
[gpu_platform_id: -1]
[gpu_device_id: -1]
[gpu_device_id_list: ]
[gpu_use_dp: 0]
[num_gpu: 1]

end of parameters

pandas_categorical:[]
