tree
version=v4
num_class=1
num_tree_per_iteration=1
label_index=0
max_feature_idx=23
objective=regression
feature_names=v0 dv_past12 abs_lat arabian_sea month_sin month_cos land_frac land_at_lead hours_to_land on_land_now dv_AIFS dv_GFS dv_IFS dv_IFS-ENSM dv_AIFS-ENSM dv_HWRF dv_CTCX dv_COTC dv_UKM dv_CMC dv_AEMN dv_ecmwf_mean dv_all_mean rule
feature_infos=[25:150] [-40:65] [4.5999999999999996:24.5] [0:1] [-1:1] [-1:1] [0:1] [0:1] [12:999] [0:1] [-16.899999999999999:4.1000000000000014] [-77:42] [-31.900000000000006:40] [-40.097426470588239:18.184313725490199] none [-70:58] [-95:57] [-87:60] [-22:18] [-28:21] [-90:21] [-35.998713235294119:25.361764705882354] [-87:60] [-77:42]
tree_sizes=718 731 733 755 711 733 730 752 732 742 729 732 745 732 755 730 726 729 729 734 727 748 737 725 749 746 729 764 741 735 728 731 734 732 735 736 739 729 740 736 767 729 739 736 735 757 755 752 764 774 745 742 753 735 750 709 773 765 746 737 737 773 763 755 740 753 781 745 729 732 759 737 744 729 739 727 733 731 771 751 744 735 731 737 730 736 750 781 743 723 755 764 732 737 755 749 774 756 748 736 724 776 735 735 755 738 764 751 739 762 748 741 725 738 738 768 795 753 756 743 779 751 733 761 725 733 772 781 767 724 752 767 728 728 735 766 771 746 766 741 756 729 747 764 729 768 721 732 731 759 737 771 729 756 764 753 760 772 734 700 733 776 714 756 756 739 735 764 730 777 757 752 777 757 750 755 735 763 745 744 787 769 769 767 741 744 734 791 760 759 769 707 757 761 740 758 758 754 768 736 760 755 732 747 756 778 734 756 729 748 761 743 777 778 774 716 761 728 786 745 752 766 756 749 762 762 734 756 759 740 727 753 758 761 738 770 757 727 773 734 750 746 745 749 753 738 760 761 729 777 725 722 767 760 735 759 762 754 761 760 758 728 765 760 787 758 739 729 734 741 765 758 764 789 733 760 726 779 743 722 743 744 791 751 744 769 749 750 754 778 769 740 762 723 744 760 756 759 747 758 784 768 730 754 738 747 735 779 767 800 772 770 743 739 747 781 777 702 793 746 776 737 763 775 741 749 763 761 767 752 736 770 747 750 752 729 748 764 766 763 788 729 783 753 771 788 720 780 748 770

Tree=0
num_leaves=7
num_cat=0
split_feature=22 22 22 2 1 20
split_gain=99274.6 34285.1 10948.3 10649.8 8057.49 5890.71
threshold=-15.291666666666666 4.0833333333333348 -30.166666666666661 17.550000000000004 1.0000000180025095e-35 -7.4999999999999991
decision_type=8 10 10 2 8 8
left_child=2 4 -1 -3 -2 -6
right_child=1 3 -4 -5 5 -7
leaf_value=-2.8054777956632888 -1.8411096506094371 -0.88918658248950777 -2.0748627415690097 -1.5738785351656619 -1.8082535319246593 -1.305091489516145
leaf_weight=48 99 99 42 27 27 62
leaf_count=48 99 99 42 27 27 62
internal_value=-1.65338 -1.39986 -2.50466 -1.02728 -1.65932 -1.45786
internal_weight=404 314 90 126 188 89
internal_count=404 314 90 126 188 89
is_linear=0
shrinkage=1


Tree=1
num_leaves=7
num_cat=0
split_feature=22 22 0 22 1 20
split_gain=83858.6 29309.9 8444.4 5947.43 5571.23 4331.44
threshold=-17.266666666666662 2.1250000000000004 72.500000000000014 -23.833333333333332 -1.0000000180025095e-35 -8.4999999999999982
decision_type=8 10 2 10 8 8
left_child=3 4 -3 -1 -2 -6
right_child=1 2 -4 -5 5 -7
leaf_value=-1.012448672440744 -0.25529101732951487 0.68996479381214482 0.16268071014434099 -0.31895524345911463 -0.20659526576598483 0.1776883727312088
leaf_weight=57 62 94 43 21 31 97
leaf_count=57 62 94 43 21 31 97
internal_value=-0.00333458 0.209932 0.536022 -0.856201 -0.0329114 0.0803518
internal_weight=405 327 137 78 190 128
internal_count=405 327 137 78 190 128
is_linear=0
shrinkage=0.03


Tree=2
num_leaves=7
num_cat=0
split_feature=22 22 1 2 20 22
split_gain=83038.4 30073.3 10645.8 7620.68 7444.88 3900.58
threshold=-17.266666666666662 7.6408963585434178 1.0000000180025095e-35 16.850000000000005 -7.4999999999999991 -31.833333333333332
decision_type=8 10 8 2 8 10
left_child=5 2 -2 -3 -4 -1
right_child=1 3 4 -5 -6 -7
leaf_value=-1.0689236530598174 -0.19584550663699274 0.75403008075697087 -0.1689958846246874 0.091027022921122039 0.34159892470605913 -0.50526938115678177
leaf_weight=42 110 79 32 21 88 36
leaf_count=42 110 79 32 21 88 36
internal_value=-0.00546394 0.205071 0.0127388 0.625764 0.204127 -0.854885
internal_weight=408 330 230 100 120 78
internal_count=408 330 230 100 120 78
is_linear=0
shrinkage=0.03


Tree=3
num_leaves=7
num_cat=0
split_feature=17 23 16 1 0 2
split_gain=36965.3 25820.6 21210.1 18279.2 10063.2 5076.16
threshold=-29.499999999999996 -3.7499999999999996 -23.499999999999996 1.0000000180025095e-35 92.500000000000014 20.450000000000003
decision_type=8 2 8 8 2 2
left_child=-1 -2 -3 -4 5 -5
right_child=1 2 3 4 -6 -7
leaf_value=-1.1082687495231627 -0.32214855444431306 -0.55134558357041452 -0.0076793853629310172 0.66638197745391792 -0.063058113902807231 0.073450417178017757
leaf_weight=20 100 24 101 119 23 15.999999999999998
leaf_count=20 100 24 101 119 23 16
internal_value=0.00998246 0.0819061 0.227796 0.309069 0.505572 0.601242
internal_weight=403 383 283 259 158 135
internal_count=403 383 283 259 158 135
is_linear=0
shrinkage=0.03


Tree=4
num_leaves=7
num_cat=0
split_feature=22 22 22 2 2 6
split_gain=75958.6 25291 5714.18 5024.78 4640.22 7244.88
threshold=-16.833333333333332 2.1250000000000004 -31.833333333333332 18.000000000000004 18.450000000000003 inf
decision_type=8 10 10 2 2 8
left_child=2 4 -1 -3 5 -2
right_child=1 3 -4 -5 -6 -7
leaf_value=-1.0474458724657694 -0.11535930288058739 0.60847637801556975 -0.45478678613267043 0.13048837554725734 -0.23761239906488837 0.30729013046889164
leaf_weight=40 76 106 42 28 54 62
leaf_count=40 76 106 42 28 54 62
internal_value=0.00136115 0.208677 -0.787472 0.516885 -0.0140853 0.0786317
internal_weight=408 326 82 134 192 138
internal_count=408 326 82 134 192 138
is_linear=0
shrinkage=0.03


Tree=5
num_leaves=7
num_cat=0
split_feature=22 22 22 0 0 5
split_gain=57751 14483.2 12805 7036.4 6246.3 3794.96
threshold=-6.0435294117647054 -22.624999999999996 8.0545098039215706 77.500000000000014 72.500000000000014 -0.9330127018922193
decision_type=8 10 10 2 2 2
left_child=1 -1 3 -2 -4 -6
right_child=2 -3 4 -5 5 -7
leaf_value=-0.78931697641100196 0.22662294299125668 -0.19332253936391611 0.73774578556647674 -0.23747357843013911 -0.12533986142703465 0.45180657148361203
leaf_weight=58 120 99 60 34 15.999999999999998 17
leaf_count=58 120 99 60 34 16 17
internal_value=0.0109901 -0.431065 0.29495 0.119914 0.563889 0.192305
internal_weight=404 157 247 154 93 33
internal_count=404 157 247 154 93 33
is_linear=0
shrinkage=0.03


Tree=6
num_leaves=7
num_cat=0
split_feature=22 22 1 22 0 20
split_gain=67447.5 18228.4 8654.26 6855.66 5881.82 4600.14
threshold=-13.077647058823528 7.6408963585434178 1.0000000180025095e-35 -53.499999999999993 72.500000000000014 -7.4999999999999991
decision_type=8 10 10 10 2 8
left_child=3 2 -2 -1 -3 -4
right_child=1 4 5 -5 -6 -7
leaf_value=-1.1983063378117302 -0.13936092799200731 0.71934985441320076 -0.071092697960488935 -0.49945879539356952 0.18745677960885537 0.35712978284424507
leaf_weight=17 97 63 29 74 32 78
leaf_count=17 97 63 29 74 32 78
internal_value=0.00770003 0.226518 0.0622479 -0.685625 0.558517 0.243077
internal_weight=390 299 204 91 95 107
internal_count=390 299 204 91 95 107
is_linear=0
shrinkage=0.03


Tree=7
num_leaves=7
num_cat=0
split_feature=22 1 22 2 20 0
split_gain=50966.3 12710.4 12449 5388.87 4263.84 3031.18
threshold=-6.7051020408163264 1.0000000180025095e-35 -30.166666666666661 17.550000000000004 -1.0000000180025095e-35 62.500000000000007
decision_type=8 8 10 2 8 2
left_child=2 -2 -1 4 -3 -5
right_child=1 3 -4 5 -6 -7
leaf_value=-0.85502223574596903 -0.0070944409659414575 0.10909996275901794 -0.24255611858236681 0.31037312306463716 0.62341509758157931 -0.19312232793867587
leaf_weight=41 94 20 104 19 89 14.999999999999998
leaf_count=41 94 20 104 19 89 15
internal_value=-0.00402316 0.265342 -0.438464 0.438615 0.537969 0.0919618
internal_weight=382 237 145 143 109 34
internal_count=382 237 145 143 109 34
is_linear=0
shrinkage=0.03


Tree=8
num_leaves=7
num_cat=0
split_feature=22 22 1 22 2 23
split_gain=57968 19857.4 10022.8 5995.87 5445.48 4652.09
threshold=-15.789666666666664 7.6408963585434178 1.0000000180025095e-35 -41.299742647058814 17.550000000000004 -1.0000000180025095e-35
decision_type=8 10 8 10 2 2
left_child=3 2 -2 -1 -3 -4
right_child=1 4 5 -5 -6 -7
leaf_value=-1.0183600064686367 -0.18285677541115067 0.6275890944724859 -0.031424787435680626 -0.42263579120061223 0.041579863817795465 0.35563930460496951
leaf_weight=30 105 81 43 51 18 71
leaf_count=30 105 81 43 51 18 71
internal_value=0.0025365 0.186796 0.0241337 -0.689654 0.528163 0.214455
internal_weight=399 318 219 81 99 114
internal_count=399 318 219 81 99 114
is_linear=0
shrinkage=0.03


Tree=9
num_leaves=7
num_cat=0
split_feature=0 23 17 16 17 12
split_gain=29005.7 21225.8 7850.76 8191.53 6016.29 6499
threshold=87.500000000000014 -3.7499999999999996 8.5000000000000018 7.5000000000000009 -23.999999999999996 -2.5500000000000003
decision_type=2 2 10 10 10 10
left_child=1 -1 3 -3 5 -2
right_child=4 2 -4 -5 -6 -7
leaf_value=-0.23527839985630003 -0.87523827967120371 0.10108395996889691 0.7139138348663554 0.55302505474537611 -0.047430641204118724 -0.10561398676782846
leaf_weight=96 36 159 29 43 19 14.999999999999998
leaf_count=96 36 159 29 43 19 15
internal_value=0.0111879 0.131424 0.285576 0.208324 -0.521805 -0.678519
internal_weight=397 327 231 202 70 51
internal_count=397 327 231 202 70 51
is_linear=0
shrinkage=0.03


Tree=10
num_leaves=7
num_cat=0
split_feature=22 22 22 0 2 16
split_gain=54284 13095.7 11839.3 6006.43 5741.1 2416.96
threshold=-7.1071895424836571 4.0833333333333348 -30.166666666666661 77.500000000000014 16.850000000000005 -16.499999999999996
decision_type=8 10 10 2 2 10
left_child=2 3 -1 -2 -3 -4
right_child=1 4 5 -5 -6 -7
leaf_value=-0.84658266378908731 0.14504251644015312 0.59371710120376775 -0.34866407728195187 -0.33337388741970059 0.12294789453595875 -0.028760044860343136
leaf_weight=44 107 90 70 25 35 31
leaf_count=44 107 90 70 25 35 31
internal_value=-0.0027104 0.25788 -0.457785 0.0455733 0.4717 -0.256464
internal_weight=402 257 145 132 125 101
internal_count=402 257 145 132 125 101
is_linear=0
shrinkage=0.03


Tree=11
num_leaves=7
num_cat=0
split_feature=22 1 22 0 22 1
split_gain=44164.4 16723.7 7024.61 8468.37 4829.39 3461.75
threshold=-14.11941176470588 1.0000000180025095e-35 1.0995098039215689 82.500000000000014 -30.166666666666661 -7.4999999999999991
decision_type=8 8 8 2 10 10
left_child=4 5 -3 -4 -1 -2
right_child=1 2 3 -5 -6 -7
leaf_value=-0.80378638839721683 -0.31326348113268609 0.075582079318214632 0.60191754465443748 -0.018860990363976052 -0.30760436180321604 0.01954526612345053
leaf_weight=40 35 56 100 24 46 93
leaf_count=40 35 56 100 24 46 93
internal_value=0.0120089 0.18099 0.363594 0.485693 -0.56987 -0.0798128
internal_weight=394 308 180 124 86 128
internal_count=394 308 180 124 86 128
is_linear=0
shrinkage=0.03


Tree=12
num_leaves=7
num_cat=0
split_feature=22 1 22 2 22 0
split_gain=55422.4 14214.3 6780.5 7946.34 4483.67 3781.36
threshold=-17.266666666666662 1.0000000180025095e-35 1.0995098039215689 16.750000000000004 -31.833333333333332 62.500000000000007
decision_type=8 8 8 2 10 2
left_child=4 -2 -3 -4 -1 -5
right_child=1 2 3 5 -6 -7
leaf_value=-0.87286641506438556 -0.045373544739352331 0.094220767944832057 0.62338841725140803 0.36833500044686451 -0.35873001197973886 -0.18532523781061172
leaf_weight=42 130 63 91 15.999999999999998 40 19
leaf_count=42 130 63 91 16 40 19
internal_value=0.0153855 0.195723 0.358451 0.481928 -0.657099 0.0821807
internal_weight=401 319 189 126 82 35
internal_count=401 319 189 126 82 35
is_linear=0
shrinkage=0.03


Tree=13
num_leaves=7
num_cat=0
split_feature=22 22 1 0 23 16
split_gain=46930.5 16875 5991.38 5495.18 4295.79 3454.52
threshold=-17.266666666666662 3.038039215686275 -1.0000000180025095e-35 72.500000000000014 -3.7499999999999996 -52.499999999999993
decision_type=8 10 10 2 2 10
left_child=5 2 -2 -3 -4 -1
right_child=1 3 4 -5 -6 -7
leaf_value=-0.82668202312625183 -0.24657405712774819 0.54508047553751138 -0.11982331358573653 0.11742312677204608 0.21853529606635372 -0.32968224893013631
leaf_weight=44 65 87 50 43 85 31
leaf_count=44 65 87 50 43 85 31
internal_value=-0.00188916 0.154034 -0.0204014 0.413213 0.0934135 -0.6547
internal_weight=405 330 200 130 135 75
internal_count=405 330 200 130 135 75
is_linear=0
shrinkage=0.03


Tree=14
num_leaves=7
num_cat=0
split_feature=0 20 1 17 12 20
split_gain=19737.7 15427.1 14752.1 5460.81 5913.68 4011.83
threshold=82.500000000000014 -8.4999999999999982 1.0000000180025095e-35 8.5000000000000018 1.0000000180025095e-35 1.5000000000000002
decision_type=2 8 8 10 10 8
left_child=1 -1 -3 4 -2 -4
right_child=3 2 5 -5 -6 -7
leaf_value=-0.26317524277286169 -0.67779369363784792 -0.042797767109466048 0.092015010837246392 0.090779686314719069 -0.069993213580714322 0.50440967030949513
leaf_weight=68 45 101 29 15.999999999999998 22 113
leaf_count=68 45 101 29 16 22 113
internal_value=0.0125999 0.123103 0.234324 -0.384922 -0.496938 0.426183
internal_weight=394 311 243 83 67 142
internal_count=394 311 243 83 67 142
is_linear=0
shrinkage=0.03


Tree=15
num_leaves=7
num_cat=0
split_feature=17 20 2 16 17 11
split_gain=22375.1 15171 10568.4 8104.48 4825.42 4693.67
threshold=-29.499999999999996 -11.499999999999998 17.550000000000004 -23.499999999999996 18.500000000000004 -3.4999999999999996
decision_type=8 8 2 8 10 10
left_child=-1 -2 3 -3 -5 -4
right_child=1 2 5 4 -6 -7
leaf_value=-0.81046338854164912 -0.38051656513200066 -0.30329323830811872 -0.24059358643585599 0.24311873595752015 0.72609505736309554 0.21692672150475639
leaf_weight=24 56 18 72 186 18 23
leaf_count=24 56 18 72 186 18 23
internal_value=-0.00747907 0.0542245 0.13574 0.247401 0.302085 -0.124518
internal_weight=397 373 317 222 204 95
internal_count=397 373 317 222 204 95
is_linear=0
shrinkage=0.03


Tree=16
num_leaves=7
num_cat=0
split_feature=22 22 2 0 23 2
split_gain=51427.7 16387.4 5626.4 4846.72 3934.62 1985.6
threshold=-22.624999999999996 4.0833333333333348 16.850000000000005 97.500000000000014 -3.7499999999999996 18.600000000000005
decision_type=8 10 2 2 2 2
left_child=-1 3 -3 4 -2 -6
right_child=1 2 -4 -5 5 -7
leaf_value=-0.7791780026392503 -0.15375554162523022 0.54046163186430929 0.082163704808165372 -0.40049811306926936 0.19119735137982799 -0.086590735372155905
leaf_weight=61 64 83 36 22 94 27
leaf_count=61 64 83 36 22 94 27
internal_value=-0.0146973 0.137959 0.41072 -0.0248347 0.0292026 0.128235
internal_weight=387 326 119 207 185 121
internal_count=387 326 119 207 185 121
is_linear=0
shrinkage=0.03


Tree=17
num_leaves=7
num_cat=0
split_feature=22 22 0 2 0 2
split_gain=42398.1 14353.8 4861.82 4341.63 4184.97 3697.22
threshold=-17.266666666666662 2.1250000000000004 72.500000000000014 18.450000000000003 52.500000000000007 14.950000000000001
decision_type=8 10 2 2 2 2
left_child=-1 3 -3 5 -5 -2
right_child=1 2 -4 4 -6 -7
leaf_value=-0.61773724191410595 -0.036798040488281766 0.48183542022692788 0.063680876682444307 0.034480329694286473 -0.46497563256498642 0.29162823151363881
leaf_weight=81 106 92 36 26 29 38
leaf_count=81 106 92 36 26 29 38
internal_value=-0.0243615 0.129711 0.371045 -0.0308081 -0.245671 0.0567479
internal_weight=408 327 128 199 55 144
internal_count=408 327 128 199 55 144
is_linear=0
shrinkage=0.03


Tree=18
num_leaves=7
num_cat=0
split_feature=1 23 0 0 2 5
split_gain=24604.7 13331.9 11673.7 6436.56 4874.19 4112.1
threshold=-1.0000000180025095e-35 -3.7499999999999996 82.500000000000014 47.500000000000007 17.250000000000004 0.9330127018922193
decision_type=8 2 2 2 2 2
left_child=3 -2 5 -1 -4 -3
right_child=1 2 4 -5 -6 -7
leaf_value=-0.045244868799697524 -0.21177240840531886 0.41961983956540783 0.13633632936785298 -0.52491745336740103 -0.4102214782402433 -0.04722584755524345
leaf_weight=38 70 150 26 76 24 18
leaf_count=38 70 150 26 76 24 18
internal_value=-0.00998007 0.137891 0.252399 -0.373646 -0.139454 0.369681
internal_weight=402 288 218 114 50 168
internal_count=402 288 218 114 50 168
is_linear=0
shrinkage=0.03


Tree=19
num_leaves=7
num_cat=0
split_feature=22 22 22 1 20 0
split_gain=29228.1 13827.7 5105.64 4003.63 3462.18 2220.31
threshold=2.1250000000000004 -23.833333333333332 12.351960784313727 -7.4999999999999991 -12.499999999999998 72.500000000000014
decision_type=10 8 10 8 8 2
left_child=1 -1 -2 -3 -5 -4
right_child=2 3 5 4 -6 -7
leaf_value=-0.59073705927436726 0.16751526541403822 -0.31705374570687611 0.67142239529401693 -0.23738454001290457 0.073692924524454959 0.19982384770460751
leaf_weight=53 69 40 42 37 133 18
leaf_count=53 69 40 42 37 133 18
internal_value=0.000549712 -0.180338 0.362305 -0.0654323 0.00113985 0.556197
internal_weight=392 263 129 210 170 60
internal_count=392 263 129 210 170 60
is_linear=0
shrinkage=0.03


Tree=20
num_leaves=7
num_cat=0
split_feature=22 22 0 16 0 0
split_gain=31496.9 10325.8 5281.46 3739.73 3626.43 2465.62
threshold=-14.11941176470588 3.038039215686275 82.500000000000014 -37.499999999999993 72.500000000000014 47.500000000000007
decision_type=8 10 2 10 2 2
left_child=3 2 -2 -1 5 -3
right_child=1 4 -4 -5 -6 -7
leaf_value=-0.62885976386070253 0.067338274714571447 0.27736600892520263 -0.36600387887656688 -0.18634778022766113 0.095801099181175228 0.64579640293121343
leaf_weight=55 157 52 25 32 40 35
leaf_count=55 157 52 25 32 40 35
internal_value=0.00312967 0.146119 -0.000381368 -0.48507 0.348127 0.452627
internal_weight=396 309 182 87 127 87
internal_count=396 309 182 87 127 87
is_linear=0
shrinkage=0.03


Tree=21
num_leaves=7
num_cat=0
split_feature=22 22 1 2 11 22
split_gain=32046 12537.2 5221.3 4142.09 3101.56 2617.85
threshold=-17.266666666666662 9.8263823529411773 -1.0000000180025095e-35 16.850000000000005 2.5000000000000004 -41.299742647058814
decision_type=8 10 8 2 8 10
left_child=5 2 -2 -3 -4 -1
right_child=1 3 4 -5 -6 -7
leaf_value=-0.77874475848290226 -0.19961754525479461 0.5488343794665792 -0.061015334148769786 0.0093784874039036879 0.19264906833175477 -0.34858832772821186
leaf_weight=26 65 63 64 15.999999999999998 118 51
leaf_count=26 65 63 64 16 118 51
internal_value=-0.00154853 0.130001 0.0218752 0.446639 0.104202 -0.532464
internal_weight=403 326 247 79 182 77
internal_count=403 326 247 79 182 77
is_linear=0
shrinkage=0.03


Tree=22
num_leaves=7
num_cat=0
split_feature=22 1 22 0 22 2
split_gain=30972.8 10524.7 4684.63 3781.4 3176.83 3170.68
threshold=-13.077647058823528 7.5000000000000009 -47.999999999999993 67.500000000000014 3.038039215686275 16.750000000000004
decision_type=8 10 10 2 8 2
left_child=2 3 -1 -2 -3 -6
right_child=1 4 -4 -5 5 -7
leaf_value=-0.82271486114997128 0.078030808256335654 0.1258941465474665 -0.30950646899549694 -0.22099186905301535 0.53967552876099945 0.0542552336944001
leaf_weight=21 137 45 77 47 67 15.999999999999998
leaf_count=21 137 45 77 47 67 16
internal_value=-0.00214606 0.14473 -0.454079 -0.00217567 0.34805 0.4545
internal_weight=410 312 98 184 128 83
internal_count=410 312 98 184 128 83
is_linear=0
shrinkage=0.03


Tree=23
num_leaves=7
num_cat=0
split_feature=22 22 1 0 1 22
split_gain=29268.8 11465 5485.31 3628.2 2328.3 2168.96
threshold=-17.266666666666662 9.8263823529411773 -1.0000000180025095e-35 82.500000000000014 7.5000000000000009 -31.833333333333332
decision_type=8 10 8 2 10 10
left_child=5 2 -2 4 -3 -1
right_child=1 3 -4 -5 -6 -7
leaf_value=-0.63114607236385345 -0.20848604165989418 0.25229818374879898 0.10617384437657891 0.07310669091012742 0.70121732394639891 -0.26858532169854948
leaf_weight=45 64 26 175 22 33 39
leaf_count=45 64 26 175 22 33 39
internal_value=-0.00539834 0.126668 0.0193678 0.423737 0.538555 -0.48736
internal_weight=404 320 239 81 59 84
internal_count=404 320 239 81 59 84
is_linear=0
shrinkage=0.03


Tree=24
num_leaves=7
num_cat=0
split_feature=22 1 22 22 2 1
split_gain=28521.2 7811.51 7748.65 3450.52 2910.46 1433.57
threshold=-7.2321895424836571 -1.0000000180025095e-35 -31.833333333333332 8.0545098039215706 16.750000000000004 7.5000000000000009
decision_type=8 8 10 10 2 8
left_child=2 -2 -1 5 -5 -3
right_child=1 3 -4 4 -6 -7
leaf_value=-0.67389366608113055 -0.16832473460365743 0.038922305484576258 -0.19473197316434585 0.49690899794921278 0.024211996257305142 0.24424051757901907
leaf_weight=43 46 63 101 59 14.999999999999998 59
leaf_count=43 46 63 101 59 15 59
internal_value=-0.0281548 0.169959 -0.355627 0.251565 0.408689 0.143922
internal_weight=386 242 144 196 74 122
internal_count=386 242 144 196 74 122
is_linear=0
shrinkage=0.03


Tree=25
num_leaves=7
num_cat=0
split_feature=22 22 0 5 17 22
split_gain=26658 9008.44 4167.34 3056.87 2669.77 2631.82
threshold=-17.266666666666662 3.038039215686275 72.500000000000014 -0.9330127018922193 -1.4999999999999998 -31.833333333333332
decision_type=8 10 2 2 8 10
left_child=5 3 -3 -2 -5 -1
right_child=1 2 -4 4 -6 -7
leaf_value=-0.67649721115134487 -0.31259652435779572 0.41661664939231491 0.03246868235724313 0.34256080218723839 -0.017439297865144907 -0.27240370371124956
leaf_weight=38 23 83 37 15.999999999999998 155 39
leaf_count=38 23 83 37 16 155 39
internal_value=-0.0186828 0.10557 0.304208 -0.0218553 0.0250198 -0.500916
internal_weight=391 314 120 194 171 77
internal_count=391 314 120 194 171 77
is_linear=0
shrinkage=0.03


Tree=26
num_leaves=7
num_cat=0
split_feature=22 22 1 20 2 2
split_gain=24748.1 10349.8 3993.55 3776.55 2115.74 1742.91
threshold=-23.833333333333332 7.6408963585434178 7.5000000000000009 -7.4999999999999991 16.950000000000003 18.950000000000003
decision_type=8 10 8 8 2 2
left_child=-1 2 5 -4 -3 -2
right_child=1 4 3 -5 -6 -7
leaf_value=-0.57968871576445447 -0.049490631743664706 0.40104564813824439 -0.16915872137993573 0.25361135325394568 0.048492229810127838 -0.25535360350739211
leaf_weight=58 119 72 23 59 21 51
leaf_count=58 119 72 23 59 21 51
internal_value=-0.0326496 0.0662839 -0.0347936 0.132123 0.327973 -0.116781
internal_weight=403 345 252 82 93 170
internal_count=403 345 252 82 93 170
is_linear=0
shrinkage=0.03


Tree=27
num_leaves=7
num_cat=0
split_feature=22 1 20 0 22 1
split_gain=19156.8 9049.78 5815.09 4515.06 2685.36 2179.31
threshold=-17.266666666666662 1.0000000180025095e-35 1.0000000180025095e-35 82.500000000000014 -53.499999999999993 -12.499999999999998
decision_type=8 8 8 2 10 10
left_child=4 5 -3 -4 -1 -2
right_child=1 2 3 -5 -6 -7
leaf_value=-0.73123774528503416 -0.33446279280715518 -0.038516302721109237 0.42164979351891407 -0.0049663030017505988 -0.28335461081827384 -0.030726902844333968
leaf_weight=15.999999999999998 22 51 103 28 63 106
leaf_count=16 22 51 103 28 63 106
internal_value=-0.00976627 0.0977022 0.231109 0.333634 -0.412192 -0.0935427
internal_weight=389 310 182 131 79 128
internal_count=389 310 182 131 79 128
is_linear=0
shrinkage=0.03


Tree=28
num_leaves=7
num_cat=0
split_feature=22 1 22 0 2 22
split_gain=24686.3 9855.46 5265.27 3105.31 2936.3 2221.27
threshold=-23.833333333333332 7.5000000000000009 3.038039215686275 62.500000000000007 16.750000000000004 -8.583815686274507
decision_type=8 10 8 2 2 8
left_child=-1 3 -3 5 -4 -2
right_child=1 2 4 -5 -6 -7
leaf_value=-0.5346924663707614 -0.13719324048269879 0.051712350041236511 0.53263628717831202 -0.21765711141716351 0.051427068740129471 0.11468705894145291
leaf_weight=59 39 48 65 50 14.999999999999998 108
leaf_count=59 39 48 65 50 15 108
internal_value=0.00459001 0.109109 0.308675 -0.0249901 0.450742 0.0455469
internal_weight=384 325 128 197 80 147
internal_count=384 325 128 197 80 147
is_linear=0
shrinkage=0.03


Tree=29
num_leaves=7
num_cat=0
split_feature=22 1 11 22 0 22
split_gain=22457.1 9579.04 4540.19 2809.71 3588.75 2262.33
threshold=-16.833333333333332 7.5000000000000009 4.5000000000000009 7.6408963585434178 62.500000000000007 -41.299742647058814
decision_type=8 8 8 10 2 10
left_child=5 3 -3 4 -2 -1
right_child=1 2 -4 -5 -6 -7
leaf_value=-0.66934409474625312 -0.015472603318691254 -0.017961209370075042 0.39089438015100902 0.17452050913211911 -0.3412845949138083 -0.28922316930510783
leaf_weight=29 120 32 93 38 36 50
leaf_count=29 120 32 93 38 36 50
internal_value=-0.0234349 0.0901874 0.289562 -0.0423234 -0.0989239 -0.460297
internal_weight=398 319 125 194 156 79
internal_count=398 319 125 194 156 79
is_linear=0
shrinkage=0.03


Tree=30
num_leaves=7
num_cat=0
split_feature=22 1 22 0 22 2
split_gain=21746.9 8254.27 4095.22 3294.52 3136.11 2195.15
threshold=-10.291666666666666 7.5000000000000009 -53.499999999999993 62.500000000000007 1.0995098039215689 16.750000000000004
decision_type=8 10 10 2 8 2
left_child=2 3 -1 -2 -3 -6
right_child=1 4 -4 -5 5 -7
leaf_value=-0.6981565798883852 0.094676262873012257 0.048625137684020131 -0.22591836011670166 -0.19495676370299592 0.48763499483277528 0.090544585572636643
leaf_weight=18 122 28 98 44 74 18
leaf_count=18 122 28 98 44 74 18
internal_value=0.0131551 0.153544 -0.325018 0.0144503 0.337683 0.418615
internal_weight=402 286 116 166 120 92
internal_count=402 286 116 166 120 92
is_linear=0
shrinkage=0.03


Tree=31
num_leaves=7
num_cat=0
split_feature=22 22 1 0 22 0
split_gain=19242.5 8260.96 3758.03 2788.18 2354.68 2026.89
threshold=-17.266666666666662 9.8263823529411773 -1.0000000180025095e-35 72.500000000000014 -53.499999999999993 47.500000000000007
decision_type=8 10 8 2 10 2
left_child=4 2 -2 5 -1 -3
right_child=1 3 -4 -5 -6 -7
leaf_value=-0.69342061136079869 -0.18462167145176364 0.23699112265450611 0.078527065796103884 0.080948180537670847 -0.27918953760541398 0.65524472165107728
leaf_weight=18 61 30 183 27 60 25
leaf_count=18 61 30 183 27 60 25
internal_value=-0.00238524 0.100062 0.0103536 0.351062 -0.410795 0.465867
internal_weight=404 326 244 82 78 55
internal_count=404 326 244 82 78 55
is_linear=0
shrinkage=0.03


Tree=32
num_leaves=7
num_cat=0
split_feature=22 0 0 22 22 2
split_gain=17797.9 9677.52 3347.37 3156.41 2596.98 1686.15
threshold=1.0995098039215689 82.500000000000014 82.500000000000014 -16.833333333333332 13.053594771241832 20.250000000000004
decision_type=10 2 2 8 10 2
left_child=1 3 4 -1 -2 -5
right_child=2 -3 -4 5 -6 -7
leaf_value=-0.25394720231785495 0.20049894287091929 -0.48340012497589235 -0.013455857116925088 0.064823716472805909 0.51117267771907482 -0.1813503747986209
leaf_weight=46 77 56 33 126 41 26
leaf_count=46 77 56 33 126 41 26
internal_value=-0.000305209 -0.152775 0.252843 -0.0496614 0.324836 0.0182805
internal_weight=405 254 151 198 118 152
internal_count=405 254 151 198 118 152
is_linear=0
shrinkage=0.03


Tree=33
num_leaves=7
num_cat=0
split_feature=22 22 1 2 20 5
split_gain=17984.7 8160.06 3779.98 2356.91 2136.96 2584.86
threshold=-17.266666666666662 9.8263823529411773 -7.4999999999999991 16.850000000000005 -8.4999999999999982 -0.9330127018922193
decision_type=8 10 8 2 8 2
left_child=-1 2 -2 -3 -4 -6
right_child=1 3 4 -5 5 -7
leaf_value=-0.39832577085459087 -0.27432490634421508 0.44410798338197527 -0.12129681947127896 0.035011777119203051 -0.17467007466488416 0.14600249890770228
leaf_weight=78 31 58 44 17 22 156
leaf_count=78 31 58 44 17 22 156
internal_value=-0.00326255 0.0952557 0.0115158 0.359363 0.0565937 0.102679
internal_weight=406 328 253 75 222 178
internal_count=406 328 253 75 222 178
is_linear=0
shrinkage=0.03


Tree=34
num_leaves=7
num_cat=0
split_feature=22 22 1 2 20 0
split_gain=21019.1 8462.71 4316.02 2722.21 2601.38 1811.24
threshold=-23.833333333333332 10.16666666666667 -1.0000000180025095e-35 16.850000000000005 -8.4999999999999982 47.500000000000007
decision_type=8 10 8 2 8 2
left_child=-1 2 5 -3 -4 -2
right_child=1 3 4 -5 -6 -7
leaf_value=-0.55496274784991617 -0.032348838979151195 0.42833658195677254 -0.12188208117204552 0.00042077227072282272 0.1289801242260892 -0.32146991515937057
leaf_weight=52 36 58 46 17 137 41
leaf_count=52 36 58 46 17 137 41
internal_value=-0.0220743 0.0675875 -0.0151499 0.337431 0.0643574 -0.196511
internal_weight=387 335 260 75 183 77
internal_count=387 335 260 75 183 77
is_linear=0
shrinkage=0.03


Tree=35
num_leaves=7
num_cat=0
split_feature=22 1 20 5 16 0
split_gain=15668 6377.69 3471.36 2939.45 2416.82 1968.61
threshold=-22.624999999999996 1.0000000180025095e-35 -7.4999999999999991 -0.9330127018922193 -45.999999999999993 32.500000000000007
decision_type=8 8 8 2 10 2
left_child=4 5 -3 -4 -1 -2
right_child=1 2 3 -5 -6 -7
leaf_value=-0.59874395182946827 0.15436896972931349 -0.069339341533944956 -0.059095364749431611 0.28402301305014149 -0.14731008989810943 -0.1343505744906989
leaf_weight=36 21 42 25 133 20 127
leaf_count=36 21 42 25 133 20 127
internal_value=-0.019043 0.0579113 0.166651 0.229585 -0.462807 -0.0896777
internal_weight=404 348 200 158 56 148
internal_count=404 348 200 158 56 148
is_linear=0
shrinkage=0.03


Tree=36
num_leaves=7
num_cat=0
split_feature=22 22 16 1 2 1
split_gain=13703.1 5985.19 3326.43 2667.06 1513.16 1420.4
threshold=-14.11941176470588 10.629248366013075 -52.499999999999993 -7.4999999999999991 16.650000000000002 7.5000000000000009
decision_type=8 10 10 8 2 10
left_child=2 3 -1 -2 5 -3
right_child=1 4 -4 -5 -6 -7
leaf_value=-0.44525723305294068 -0.22042763103457058 0.15666787076076227 -0.076420583865864575 0.066189221661188638 0.041490948289632797 0.50067981705069542
leaf_weight=54 29 23 39 205 14.999999999999998 37
leaf_count=54 29 23 39 205 15 37
internal_value=0.00741422 0.103982 -0.302374 0.0268 0.328063 0.391004
internal_weight=402 309 93 234 75 60
internal_count=402 309 93 234 75 60
is_linear=0
shrinkage=0.03


Tree=37
num_leaves=7
num_cat=0
split_feature=22 0 16 6 0 12
split_gain=13588.7 8522.07 3253.83 3043.71 2008.2 1950.71
threshold=7.6408963585434178 67.500000000000014 -54.999999999999993 1.0000000180025095e-35 72.500000000000014 20.400000000000006
decision_type=10 2 10 10 2 8
left_child=1 3 -3 -1 -2 -4
right_child=4 2 5 -5 -6 -7
leaf_value=0.079405185714291004 0.40008839512736916 -0.49221942716049699 -0.2727737603932619 -0.18630660195763293 0.07327441253969745 0.10142012856252815
leaf_weight=148 63 48 25 47 26 18
leaf_count=148 63 48 25 47 26 18
internal_value=1.02178e-06 -0.101296 -0.332689 0.0123053 0.313591 -0.121886
internal_weight=375 286 91 195 89 43
internal_count=375 286 91 195 89 43
is_linear=0
shrinkage=0.03


Tree=38
num_leaves=7
num_cat=0
split_feature=22 22 16 1 20 5
split_gain=14771.7 6601.45 2999.03 2567.88 3814.96 1620.38
threshold=-18.791503267973855 8.7663398692810475 -52.499999999999993 1.0000000180025095e-35 1.0000000180025095e-35 -0.9330127018922193
decision_type=8 10 10 8 8 2
left_child=2 3 -1 -2 -5 -3
right_child=1 5 -4 4 -6 -7
leaf_value=-0.51079495756131288 -0.11510721744888502 0.054091022384577782 -0.11176982268531407 -0.10039027727785564 0.21390376397726843 0.35074955609601893
leaf_weight=48 110 24 30 58 74 69
leaf_count=48 110 24 30 58 74 69
internal_value=-0.0146495 0.0731194 -0.373302 -0.0107835 0.0771811 0.280858
internal_weight=413 335 78 242 132 93
internal_count=413 335 78 242 132 93
is_linear=0
shrinkage=0.03


Tree=39
num_leaves=7
num_cat=0
split_feature=22 0 1 16 22 1
split_gain=12386.7 5467.41 6104.19 2495.97 2119.82 1252.68
threshold=-18.791503267973855 87.500000000000014 12.500000000000002 -52.499999999999993 19.729215686274514 1.0000000180025095e-35
decision_type=8 2 10 10 10 8
left_child=3 2 4 -1 5 -2
right_child=1 -3 -4 -5 -6 -7
leaf_value=-0.45404559041269948 -0.035921727231825171 -0.19786591660645272 0.42658942791704951 -0.078316058425172683 0.34362875063310971 0.1095919695161283
leaf_weight=49 110 49 47 26 17 95
leaf_count=49 110 49 47 26 17 95
internal_value=-0.00266417 0.0801422 0.13347 -0.336828 0.0633834 0.0325152
internal_weight=393 318 269 75 222 205
internal_count=393 318 269 75 222 205
is_linear=0
shrinkage=0.03


Tree=40
num_leaves=7
num_cat=0
split_feature=22 1 16 17 2 16
split_gain=10110.9 4130.76 2562.07 1655.97 1436.34 1252.61
threshold=-10.291666666666666 7.5000000000000009 -28.999999999999996 -68.999999999999986 19.350000000000005 4.5000000000000009
decision_type=8 10 10 10 2 10
left_child=2 -2 3 -1 -5 -3
right_child=1 5 -4 4 -6 -7
leaf_value=-0.39565481485082554 -0.0015442505078336406 0.13968442170570292 0.0019283255290340731 0.092110989555716491 -0.26987093329429623 0.3670102212889943
leaf_weight=60 168 67 32 15.000000000000002 15.999999999999998 38
leaf_count=60 168 67 32 15 16 38
internal_value=-0.00972499 0.091984 -0.230244 -0.307736 -0.106252 0.234897
internal_weight=396 273 123 91 31 105
internal_count=396 273 123 91 31 105
is_linear=0
shrinkage=0.03


Tree=41
num_leaves=7
num_cat=0
split_feature=22 2 6 0 1 0
split_gain=8493.46 4010.3 2877.86 2824.67 2444.43 1349.92
threshold=-6.0435294117647054 18.950000000000003 inf 62.500000000000007 7.5000000000000009 82.500000000000014
decision_type=10 2 8 2 10 2
left_child=1 2 -1 -3 -2 -6
right_child=4 3 -4 -5 5 -7
leaf_value=-0.20835554295116002 0.053571116924285886 -0.079061098694801324 0.070202756535515873 -0.51008868291441878 0.31249512943243118 0.00080779172480106355
leaf_weight=49 124 26 83 30 71 14.999999999999998
leaf_count=49 124 26 83 30 71 15
internal_value=0.0131491 -0.131489 -0.0370318 -0.332852 0.142681 0.261162
internal_weight=398 188 132 56 210 86
internal_count=398 188 132 56 210 86
is_linear=0
shrinkage=0.03


Tree=42
num_leaves=7
num_cat=0
split_feature=17 20 16 17 5 17
split_gain=6920.41 5335.14 3376.85 3217.54 2031.55 1517.81
threshold=-29.499999999999996 -11.499999999999998 8.5000000000000018 18.500000000000004 -0.9330127018922193 -3.4999999999999996
decision_type=8 8 10 10 2 8
left_child=-1 -2 3 4 -3 -6
right_child=1 2 -4 -5 5 -7
leaf_value=-0.48614908813283991 -0.23411544032635226 -0.21588091473321658 0.27510698971606917 0.35320159688591957 0.23987129839567037 -0.0052079122401773922
leaf_weight=21 57 32 54 19 21 180
leaf_count=21 57 32 54 19 21 180
internal_value=-0.0132681 0.0203223 0.0707194 0.0224219 -0.0114051 0.025598
internal_weight=384 363 306 252 233 201
internal_count=384 363 306 252 233 201
is_linear=0
shrinkage=0.03


Tree=43
num_leaves=7
num_cat=0
split_feature=22 22 2 22 20 20
split_gain=10350.2 3824.34 2939.48 2704.44 1556.72 1444.26
threshold=1.0995098039215689 -41.299742647058814 16.850000000000005 13.053594771241832 -7.4999999999999991 -14.499999999999998
decision_type=8 10 2 10 10 8
left_child=1 -1 3 -2 -4 -3
right_child=2 5 4 -5 -6 -7
leaf_value=-0.44857260403888566 0.13792446529829358 -0.21510259749248942 -0.12378895225101394 0.43020329603819918 0.18893785421615061 -0.023376116182945376
leaf_weight=23 78 42 33 48 18 149
leaf_count=23 78 42 33 48 18 149
internal_value=0.0192432 -0.119953 0.186209 0.261439 -0.00640017 -0.0699477
internal_weight=391 214 177 126 51 191
internal_count=391 214 177 126 51 191
is_linear=0
shrinkage=0.03


Tree=44
num_leaves=7
num_cat=0
split_feature=2 22 0 22 20 2
split_gain=8588.27 5507.76 4822.31 2881.62 2764.11 1980.3
threshold=17.550000000000004 10.16666666666667 62.500000000000007 -59.999999999999993 -11.499999999999998 14.850000000000003
decision_type=2 8 2 10 8 2
left_child=1 4 -2 -4 -1 -6
right_child=2 -3 3 -5 5 -7
leaf_value=-0.20853585335223571 0.0023363991706417155 0.27497192980721591 -0.66018332199616858 -0.21507799883186818 -0.0053846803416324933 0.25130097528298695
leaf_weight=41 60 91 17 55 108 31
leaf_count=41 60 91 17 55 108 31
internal_value=-0.00498486 0.0914602 -0.199101 -0.356217 -0.00623937 0.0585998
internal_weight=403 271 132 72 180 139
internal_count=403 271 132 72 180 139
is_linear=0
shrinkage=0.03


Tree=45
num_leaves=7
num_cat=0
split_feature=22 1 11 5 1 12
split_gain=11656.2 5229.86 4168.65 2231.75 1442.59 1291.18
threshold=-41.299742647058814 1.0000000180025095e-35 5.5000000000000009 -0.9330127018922193 -12.499999999999998 33.45000000000001
decision_type=8 8 8 2 10 8
left_child=-1 4 -3 -4 -2 -5
right_child=1 2 3 5 -6 -7
leaf_value=-0.58387218068385938 -0.26868513091551982 -0.067313275465413047 -0.052653874821133081 0.49921079295022142 -0.043313555055447206 0.21006588812731206
leaf_weight=24 28 63 22 15.999999999999998 126 115
leaf_count=24 28 63 22 16 126 115
internal_value=-0.00446266 0.0404045 0.134355 0.216897 -0.0914508 0.262436
internal_weight=394 370 216 153 154 131
internal_count=394 370 216 153 154 131
is_linear=0
shrinkage=0.03


Tree=46
num_leaves=7
num_cat=0
split_feature=22 22 1 1 23 22
split_gain=9602.02 3577.13 2980.92 2308.06 2538.9 1118.72
threshold=-6.0435294117647054 -31.833333333333332 12.500000000000002 -7.4999999999999991 -1.0000000180025095e-35 23.166666666666668
decision_type=10 8 10 8 2 10
left_child=1 -1 5 -3 -5 -2
right_child=2 3 -4 4 -6 -7
leaf_value=-0.41065297099046927 0.031249909446789664 -0.28852554376532391 0.3297702727390795 -0.15615005722269415 0.11451378406987327 0.2665634196145194
leaf_weight=38 151 36 44 59 56 15.999999999999998
leaf_count=38 151 36 44 59 56 16
internal_value=-0.0144798 -0.167505 0.123294 -0.0951142 -0.0250689 0.0608885
internal_weight=400 189 211 151 115 167
internal_count=400 189 211 151 115 167
is_linear=0
shrinkage=0.03


Tree=47
num_leaves=7
num_cat=0
split_feature=22 22 17 0 5 13
split_gain=9136.56 4910.92 2935.04 2453.59 2181.66 1612.9
threshold=-22.624999999999996 8.7663398692810475 -1.4999999999999998 87.500000000000014 -0.9330127018922193 -4.1186274509803935
decision_type=8 10 8 2 2 10
left_child=-1 2 -2 5 -3 -4
right_child=1 4 3 -5 -6 -7
leaf_value=-0.32359113978050075 0.26749750284478069 0.0069200669441904341 -0.028717643059208056 -0.29215040254592894 0.34910943017341195 0.2482031065465084
leaf_weight=60 27 23 187 25 59 15.999999999999998
leaf_count=60 27 23 187 25 59 16
internal_value=0.00248066 0.0644171 -0.00194659 -0.03891 0.259043 -0.00144963
internal_weight=397 337 255 228 82 203
internal_count=397 337 255 228 82 203
is_linear=0
shrinkage=0.03


Tree=48
num_leaves=7
num_cat=0
split_feature=22 1 0 22 0 0
split_gain=9508.45 3026.55 2376.81 2303.06 1710.63 1295.7
threshold=-6.0435294117647054 7.5000000000000009 87.500000000000014 -53.499999999999993 62.500000000000007 47.500000000000007
decision_type=8 10 2 10 2 2
left_child=3 4 5 -1 -2 -3
right_child=1 2 -4 -5 -6 -7
leaf_value=-0.51241989765848428 0.068113350703492073 0.10427977379999663 -0.098294132777622764 -0.15658617832918315 -0.14682768112048508 0.36254914482173167
leaf_weight=15.999999999999998 104 33 15.999999999999998 126 43 52
leaf_count=16 104 33 16 126 43 52
internal_value=-0.0210968 0.0906734 0.212866 -0.212746 0.00247781 0.273644
internal_weight=390 248 101 142 147 85
internal_count=390 248 101 142 147 85
is_linear=0
shrinkage=0.03


Tree=49
num_leaves=7
num_cat=0
split_feature=22 1 20 5 17 16
split_gain=9524.38 5031.44 3799.64 2244.15 1170.17 1129.13
threshold=-30.166666666666661 1.0000000180025095e-35 -7.4999999999999991 -0.9330127018922193 10.500000000000002 -52.499999999999993
decision_type=8 8 8 2 10 10
left_child=5 4 -3 -4 -2 -1
right_child=1 2 3 -5 -6 -7
leaf_value=-0.49209598067828586 -0.11020295145395009 -0.088518606053323151 -0.069380575455725194 0.26336193460081492 0.13373213911695139 -0.12422243928909302
leaf_weight=30 133 44 19 129 15.999999999999998 14.999999999999998
leaf_count=30 133 44 19 129 16 15
internal_value=-0.00721096 0.0488102 0.14867 0.219774 -0.0805171 -0.394156
internal_weight=386 341 192 148 149 45
internal_count=386 341 192 148 149 45
is_linear=0
shrinkage=0.03


Tree=50
num_leaves=7
num_cat=0
split_feature=22 22 0 22 16 0
split_gain=8238.76 3587.8 2268.98 2390.28 1273.99 940.627
threshold=-7.1071895424836571 -54.999999999999993 97.500000000000014 10.629248366013075 -28.999999999999996 72.500000000000014
decision_type=8 10 2 10 10 2
left_child=1 -1 3 -2 -3 -5
right_child=2 4 -4 5 -6 -7
leaf_value=-0.53295013742787489 0.074457430868230257 -0.16764075789561397 -0.13086284726858138 0.35320965447094077 0.0212634794987165 0.075774197474769919
leaf_weight=15.999999999999998 156 90 27 48 47 18
leaf_count=16 156 90 27 48 47 18
internal_value=0.00553029 -0.164634 0.111271 0.142954 -0.104367 0.28821
internal_weight=402 153 249 222 137 66
internal_count=402 153 249 222 137 66
is_linear=0
shrinkage=0.03


Tree=51
num_leaves=7
num_cat=0
split_feature=1 20 2 0 17 12
split_gain=7029.75 5770.9 2774.35 3453.32 2409.61 1678.92
threshold=-7.4999999999999991 -8.4999999999999982 18.000000000000004 57.500000000000007 18.500000000000004 13.950000000000005
decision_type=8 8 2 2 10 8
left_child=-1 -2 4 -4 5 -3
right_child=1 2 3 -5 -6 -7
leaf_value=-0.26875494972722869 -0.17420802591620263 0.36920571657327506 0.20929833898320793 -0.19339802403468637 0.49410149846758167 0.10107386455402612
leaf_weight=65 69 21 27 43 15.999999999999998 156
leaf_count=65 69 21 27 43 16 156
internal_value=0.00487207 0.0616363 0.125608 -0.0344741 0.183073 0.142155
internal_weight=397 332 263 70 193 177
internal_count=397 332 263 70 193 177
is_linear=0
shrinkage=0.03


Tree=52
num_leaves=7
num_cat=0
split_feature=2 20 1 20 5 20
split_gain=5648.99 4835.41 3491.66 3289.2 977.239 898.054
threshold=17.550000000000004 -1.4999999999999998 1.0000000180025095e-35 -23.499999999999996 0.6830127018922193 -14.499999999999998
decision_type=2 8 10 10 2 10
left_child=1 5 -3 4 -2 -1
right_child=3 2 -4 -5 -6 -7
leaf_value=-0.22389909673701314 -0.2933840386290103 -0.010447562103686124 0.26198372963725064 0.054523534011840818 -0.021778806343674659 -0.023742773400023499
leaf_weight=29 75 64 118 45 14.999999999999998 53
leaf_count=29 75 64 118 45 15 53
internal_value=0.00330036 0.0836932 0.168466 -0.151287 -0.251645 -0.103329
internal_weight=399 264 182 135 90 82
internal_count=399 264 182 135 90 82
is_linear=0
shrinkage=0.03


Tree=53
num_leaves=7
num_cat=0
split_feature=22 23 2 2 22 22
split_gain=6984.95 3227.06 3523.48 1933.25 1829.8 1695.73
threshold=-28.999999999999996 -1.0000000180025095e-35 18.000000000000004 14.250000000000002 -12.964052287581696 18.512091503267978
decision_type=8 2 2 2 10 10
left_child=-1 -2 3 5 -4 -3
right_child=1 2 4 -5 -6 -7
leaf_value=-0.31628210381819649 -0.08378098550864628 0.031096983607257569 -0.28541841246187688 0.29516676151111154 0.037945538274943826 0.32782795404846021
leaf_weight=47 100 88 19 74 43 17
leaf_count=47 100 88 19 74 43 17
internal_value=0.00801547 0.056638 0.115422 0.181644 -0.0750546 0.0918567
internal_weight=388 341 241 179 62 105
internal_count=388 341 241 179 62 105
is_linear=0
shrinkage=0.03


Tree=54
num_leaves=7
num_cat=0
split_feature=2 0 20 13 17 2
split_gain=4560.12 3801.76 3781.38 2180.55 2701.91 1523.03
threshold=18.000000000000004 52.500000000000007 -14.499999999999998 0.94901960784313755 18.500000000000004 14.850000000000003
decision_type=2 2 8 10 10 2
left_child=2 -2 -1 4 5 -4
right_child=1 -3 3 -5 -6 -7
leaf_value=-0.23176940969058443 0.052055862070276182 -0.28390244483570504 -0.015066319913512059 0.36975636663436889 0.39473459514124054 0.16476381082656019
leaf_weight=30 47 74 148 20 15.999999999999998 54
leaf_count=30 47 74 148 20 16 54
internal_value=-0.00731996 -0.156519 0.0616752 0.102672 0.0704276 0.0358257
internal_weight=389 121 268 238 218 202
internal_count=389 121 268 238 218 202
is_linear=0
shrinkage=0.03


Tree=55
num_leaves=7
num_cat=0
split_feature=22 0 0 22 2 2
split_gain=7122.31 2507.3 1638.56 1477.61 1436.16 2073.73
threshold=3.038039215686275 67.500000000000014 87.500000000000014 20.288888888888895 19.450000000000003 15.15
decision_type=10 2 2 10 2 2
left_child=1 -1 3 -2 5 -3
right_child=2 4 -4 -5 -6 -7
leaf_value=-0.024078957014596523 0.15244530061461839 -0.3397886446118355 -0.02547625907005802 0.41818934354089921 -0.42701237395405767 0.021526602323238664
leaf_weight=188 78 19 26 26 19 34
leaf_count=188 78 19 26 26 19 34
internal_value=0.00662314 -0.0838148 0.183904 0.235017 -0.2281 -0.126127
internal_weight=390 260 130 104 72 53
internal_count=390 260 130 104 72 53
is_linear=0
shrinkage=0.03


Tree=56
num_leaves=7
num_cat=0
split_feature=22 1 0 15 2 2
split_gain=7341.85 3555.71 1640.82 1884.32 1854.23 1376.98
threshold=-23.833333333333332 7.5000000000000009 97.500000000000014 15.500000000000002 19.750000000000004 13.950000000000001
decision_type=8 10 2 8 2 2
left_child=-1 -2 3 -3 5 -5
right_child=1 2 -4 4 -6 -7
leaf_value=-0.29733963976055383 -0.014335961421610604 -0.070553664319217196 -0.086986764550209039 0.19268227838182991 -0.029264690548181534 0.47249321010869899
leaf_weight=55 208 14.999999999999998 14.999999999999998 50 14.999999999999998 32
leaf_count=55 208 15 15 50 15 32
internal_value=0.0087335 0.062618 0.184422 0.222935 0.269554 0.322756
internal_weight=390 335 127 112 97 82
internal_count=390 335 127 112 97 82
is_linear=0
shrinkage=0.03


Tree=57
num_leaves=7
num_cat=0
split_feature=22 22 1 2 22 17
split_gain=6383.88 2168.58 2029.51 1317.27 1272.69 1128.91
threshold=-8.1249999999999982 -54.999999999999993 12.500000000000002 19.650000000000002 21.500000000000004 37.000000000000007
decision_type=8 10 10 2 10 8
left_child=1 -1 4 -3 -2 -4
right_child=2 3 5 -5 -6 -7
leaf_value=-0.44133219173976351 0.022644303098084434 -0.033473571599150695 0.06557976929677857 -0.24655391030586685 0.27005671296800882 0.35677800262036424
leaf_weight=15.999999999999998 184 85 22 34 15.999999999999998 31
leaf_count=16 184 85 22 34 16 31
internal_value=0.00679243 -0.156401 0.0952156 -0.101841 0.0485413 0.251977
internal_weight=388 135 253 119 200 53
internal_count=388 135 253 119 200 53
is_linear=0
shrinkage=0.03


Tree=58
num_leaves=7
num_cat=0
split_feature=0 22 22 2 22 0
split_gain=6824.56 4268.18 2743.33 1806.46 1705.76 1114.12
threshold=82.500000000000014 13.053594771241832 -66.999999999999986 14.950000000000001 -10.291666666666666 47.500000000000007
decision_type=2 10 10 2 8 2
left_child=1 4 -2 -4 -1 -3
right_child=2 5 3 -5 -6 -7
leaf_value=-0.11767315879282428 -0.56392535769939423 0.093791028249263747 -0.35658293545246122 -0.047634157478809357 0.046304440506080048 0.41220268742692084
leaf_weight=77 14.999999999999998 20 21 55 183 26
leaf_count=77 15 20 21 55 183 26
internal_value=-0.0229568 0.0455919 -0.24383 -0.149743 -0.00356213 0.296531
internal_weight=397 306 91 76 260 46
internal_count=397 306 91 76 260 46
is_linear=0
shrinkage=0.03


Tree=59
num_leaves=7
num_cat=0
split_feature=22 1 20 5 0 22
split_gain=6120.52 3282.55 2880.59 2501.66 2187.3 1356.06
threshold=-31.833333333333332 -1.0000000180025095e-35 1.0000000180025095e-35 -0.9330127018922193 47.500000000000007 -14.11941176470588
decision_type=8 8 8 2 2 10
left_child=-1 -2 -3 -4 -5 -6
right_child=1 2 3 4 5 -7
leaf_value=-0.346018120530175 -0.12004566060230981 -0.034537912535403545 -0.088896614927798503 0.084763180499340035 0.095247838563389239 0.40043345345478309
leaf_weight=36 83 103 27 72 22 52
leaf_count=36 83 103 27 72 22 52
internal_value=0.00149404 0.0406164 0.0902077 0.163362 0.211412 0.321473
internal_weight=395 359 276 173 146 74
internal_count=395 359 276 173 146 74
is_linear=0
shrinkage=0.03


Tree=60
num_leaves=7
num_cat=0
split_feature=0 22 1 23 17 5
split_gain=4225.29 3040.45 1999.87 1427.9 1369.14 1331.43
threshold=92.500000000000014 20.288888888888895 -7.4999999999999991 -3.7499999999999996 -68.999999999999986 -0.9330127018922193
decision_type=2 10 8 2 10 2
left_child=1 2 -1 -4 -2 -5
right_child=4 -3 3 5 -6 -7
leaf_value=-0.18313068926010442 -0.39433374021587703 0.29874465579933979 -0.076617441276088355 -0.1139949951171875 -0.088140572011470797 0.10519312323805163
leaf_weight=41 24 29 75 25 31 165
leaf_count=41 24 29 75 25 31 165
internal_value=-0.0114983 0.0296085 -0.000290759 0.0308651 -0.243479 0.0741691
internal_weight=390 335 306 265 55 190
internal_count=390 335 306 265 55 190
is_linear=0
shrinkage=0.03


Tree=61
num_leaves=7
num_cat=0
split_feature=22 2 17 22 13 17
split_gain=4739.73 2083.84 1949.54 1863.27 1708.4 1946.86
threshold=-14.11941176470588 20.450000000000003 18.500000000000004 -54.999999999999993 1.0000000180025095e-35 1.0000000180025095e-35
decision_type=8 2 10 10 10 8
left_child=3 2 4 -1 5 -2
right_child=1 -3 -4 -5 -6 -7
leaf_value=-0.45742571103572843 0.3027120544910431 -0.13199685297757385 0.32219680878851148 -0.11626612258650644 0.24954672091147481 -0.0073569338744542056
leaf_weight=14.999999999999998 14.999999999999998 45 22 74 29 203
leaf_count=15 15 45 22 74 29 203
internal_value=-0.00790559 0.0473607 0.0792259 -0.195038 0.0516214 0.020287
internal_weight=403 314 269 89 247 218
internal_count=403 314 269 89 247 218
is_linear=0
shrinkage=0.03


Tree=62
num_leaves=7
num_cat=0
split_feature=22 1 20 0 11 1
split_gain=5721.89 3660.87 4292.32 1507.08 1056.15 894.031
threshold=-53.499999999999993 -1.0000000180025095e-35 1.0000000180025095e-35 62.500000000000007 -10.499999999999998 1.0000000180025095e-35
decision_type=8 8 8 2 10 10
left_child=-1 4 3 -3 -2 -4
right_child=1 2 5 -5 -6 -7
leaf_value=-0.43086459231376645 -0.16402641167531587 -0.0071588897434147923 0.043688666326925162 -0.28205233711263406 0.087357916474342337 0.20439621715584108
leaf_weight=20 79 83 43 18 14.999999999999998 150
leaf_count=20 79 83 43 18 15 150
internal_value=0.00934288 0.037227 0.0891682 -0.0671433 -0.121526 0.170598
internal_weight=408 388 294 101 94 193
internal_count=408 388 294 101 94 193
is_linear=0
shrinkage=0.03


Tree=63
num_leaves=7
num_cat=0
split_feature=22 0 1 16 22 23
split_gain=4379.55 2639.45 2235.54 1355.75 947.025 748.056
threshold=-7.1071895424836571 82.500000000000014 12.500000000000002 -34.499999999999993 20.288888888888895 -1.0000000180025095e-35
decision_type=8 2 10 8 10 2
left_child=3 2 4 -1 -2 -5
right_child=1 -3 -4 5 -6 -7
leaf_value=-0.34163590355352919 0.051346192792901452 -0.10944579562315573 0.32270559317009012 -0.14229259014759266 0.27419100438058375 0.0061013957755319008
leaf_weight=17 154 47 39 66 14.999999999999998 53
leaf_count=17 154 47 39 66 15 53
internal_value=0.0123506 0.0852143 0.130737 -0.122446 0.078436 -0.0786201
internal_weight=391 255 208 136 169 119
internal_count=391 255 208 136 169 119
is_linear=0
shrinkage=0.03


Tree=64
num_leaves=7
num_cat=0
split_feature=22 22 17 5 17 6
split_gain=4145.16 2074.01 1846.32 1699.7 1876.09 1057.9
threshold=10.16666666666667 -30.166666666666661 -68.999999999999986 -0.9330127018922193 -1.4999999999999998 1.0000000180025095e-35
decision_type=10 8 10 2 8 10
left_child=1 2 -1 -3 -5 -6
right_child=-2 3 -4 4 5 -7
leaf_value=-0.35669803752207369 0.19970990834545485 -0.20051840542538746 0.023645986156030134 0.24431427376023651 0.019725282438491521 -0.14067298479702162
leaf_weight=27 74 32 17 24 185 41
leaf_count=27 74 32 17 24 185 41
internal_value=0.00450799 -0.0421491 -0.222329 -0.0106523 0.0171057 -0.0117885
internal_weight=400 326 44 282 250 226
internal_count=400 326 44 282 250 226
is_linear=0
shrinkage=0.03


Tree=65
num_leaves=7
num_cat=0
split_feature=0 13 6 22 1 17
split_gain=7427.27 3161.24 2366.14 2011.44 1947.67 1686.16
threshold=82.500000000000014 0.94901960784313755 1.0000000180025095e-35 -54.999999999999993 7.5000000000000009 -15.999999999999998
decision_type=2 10 10 8 10 10
left_child=1 2 4 -2 -1 -6
right_child=3 -3 -4 -5 5 -7
leaf_value=0.0023359091099231471 -0.50608245304652621 0.37571772502018852 -0.14883254965327003 -0.15598176611394718 0.070921688668784635 0.34307022326333181
leaf_weight=150 15.999999999999998 21 50 82 58 30
leaf_count=150 16 21 50 82 58 30
internal_value=-0.0140235 0.0586639 0.0295283 -0.234933 0.0692905 0.177156
internal_weight=407 309 288 98 238 88
internal_count=407 309 288 98 238 88
is_linear=0
shrinkage=0.03


Tree=66
num_leaves=7
num_cat=0
split_feature=0 1 20 2 0 0
split_gain=4220.42 3133.92 2836.96 1302.22 2398.01 1131.47
threshold=122.50000000000001 -1.0000000180025095e-35 1.0000000180025095e-35 18.000000000000004 52.500000000000007 87.500000000000014
decision_type=2 8 8 2 2 2
left_child=1 -1 -3 4 -4 -5
right_child=-2 2 3 5 -6 -7
leaf_value=-0.12143880436085164 -0.42368726205825807 -0.051692987056273329 0.053411928464340258 0.12874651014804836 0.29552180820062185 -0.18710779117047785
leaf_weight=95 14.999999999999998 101 74 16.000000000000004 74 14.999999999999998
leaf_count=95 15 101 74 16 74 15
internal_value=0.00108912 0.0234314 0.073852 0.14417 0.180168 -0.0288466
internal_weight=390 375 280 179 148 31
internal_count=390 375 280 179 148 31
is_linear=0
shrinkage=0.03


Tree=67
num_leaves=7
num_cat=0
split_feature=0 22 5 22 17 17
split_gain=4634.79 3479.15 2128.81 1710.43 1621.93 1482.9
threshold=82.500000000000014 10.16666666666667 -0.9330127018922193 -59.999999999999993 -1.4999999999999998 -15.999999999999998
decision_type=2 10 2 10 8 8
left_child=1 2 -1 -2 -4 -5
right_child=3 -3 4 5 -6 -7
leaf_value=-0.24907885579280553 -0.40978534822878632 0.284614125633469 0.28158048298047939 0.13444265949726103 0.015665351102633451 -0.16955576928995425
leaf_weight=20 18 47 18 14.999999999999998 209 54
leaf_count=20 18 47 18 15 209 54
internal_value=0.00430492 0.0615441 0.0142927 -0.181957 0.0423652 -0.0988505
internal_weight=381 294 247 87 227 69
internal_count=381 294 247 87 227 69
is_linear=0
shrinkage=0.03


Tree=68
num_leaves=7
num_cat=0
split_feature=1 20 0 4 21 17
split_gain=4599.53 2870.42 1681.7 2242.2 2235.42 2057.38
threshold=-7.4999999999999991 -23.499999999999996 72.500000000000014 0.25000000000000011 3.2681372549019625 -6.4999999999999991
decision_type=8 8 2 2 10 10
left_child=-1 -2 4 -4 5 -3
right_child=1 2 3 -5 -6 -7
leaf_value=-0.24438247343613986 -0.26387123750315772 0.022672241256043717 -0.16304887744784355 0.13483656179260561 0.35814828581280173 0.26910168277250751
leaf_weight=58 22 180 55 32 22 32
leaf_count=58 22 180 55 32 22 32
internal_value=-0.0086046 0.034203 0.0583655 -0.0521085 0.09967 0.0652126
internal_weight=401 343 321 87 234 212
internal_count=401 343 321 87 234 212
is_linear=0
shrinkage=0.03


Tree=69
num_leaves=7
num_cat=0
split_feature=1 22 20 22 5 13
split_gain=4225.79 2478.83 1862.2 1499.68 1415.46 1319
threshold=-7.4999999999999991 18.512091503267978 -24.499999999999996 -41.299742647058814 -0.9330127018922193 -4.7687450980392105
decision_type=8 8 8 10 2 10
left_child=3 2 -2 -1 -4 -6
right_child=1 -3 4 -5 5 -7
leaf_value=-0.41942331533432003 -0.27665433200922879 0.19582351916469634 -0.16626501876967292 -0.11022252726014703 0.012612829158332809 0.2444027548313141
leaf_weight=20 17 59 30 45 196 20
leaf_count=20 17 59 30 45 196 20
internal_value=-0.0171542 0.0283556 -0.0121658 -0.228524 0.0112589 0.0391188
internal_weight=387 322 263 65 246 216
internal_count=387 322 263 65 246 216
is_linear=0
shrinkage=0.03


Tree=70
num_leaves=7
num_cat=0
split_feature=1 0 19 5 12 11
split_gain=3590.09 2610.77 1845.69 1654.47 2037.14 1742.2
threshold=-1.0000000180025095e-35 112.50000000000001 -4.4999999999999991 -0.9330127018922193 1.0000000180025095e-35 14.500000000000002
decision_type=8 2 8 2 10 8
left_child=-1 2 -2 -4 5 -5
right_child=1 -3 3 4 -6 -7
leaf_value=-0.15463804178079155 -0.15554032981395721 -0.28525467431545254 -0.11234534125775099 -0.027752449269647952 0.35874330844087848 0.15046998308137502
leaf_weight=102 25 14.999999999999998 27 76 24 129
leaf_count=102 25 15 27 76 24 129
internal_value=-0.00544427 0.0476818 0.0701305 0.0947262 0.12102 0.0853097
internal_weight=398 296 281 256 229 205
internal_count=398 296 281 256 229 205
is_linear=0
shrinkage=0.03


Tree=71
num_leaves=7
num_cat=0
split_feature=0 21 17 17 16 0
split_gain=5191.68 2544.15 1870.97 1707.3 2058.83 1440.98
threshold=72.500000000000014 3.2681372549019625 -15.999999999999998 -62.499999999999993 -54.999999999999993 47.500000000000007
decision_type=2 10 10 10 10 2
left_child=1 2 -1 4 -2 -4
right_child=3 -3 5 -5 -6 -7
leaf_value=-0.0040710387246249468 -0.48451724162468546 0.33542111200945718 -0.0097568750381469716 -0.031862890473654808 -0.1256300109868147 0.33531699985779562
leaf_weight=214 21 23 17 48 44 24
leaf_count=214 21 23 17 48 44 24
internal_value=-0.00614211 0.0636388 0.0331461 -0.173238 -0.267905 0.206729
internal_weight=391 278 255 113 65 41
internal_count=391 278 255 113 65 41
is_linear=0
shrinkage=0.03


Tree=72
num_leaves=7
num_cat=0
split_feature=1 6 0 1 4 2
split_gain=3575.9 2316.34 1810.45 1916.8 755.997 723.153
threshold=-7.4999999999999991 1.0000000180025095e-35 97.500000000000014 12.500000000000002 0.25000000000000011 18.850000000000005
decision_type=8 10 2 10 2 2
left_child=5 2 3 -2 -4 -1
right_child=1 -3 4 -5 -6 -7
leaf_value=-0.095980143823793954 0.051191786841298992 -0.14295948958396912 -0.24143497339316777 0.25228141221506845 0.013192943000793458 -0.31137557170121
leaf_weight=37 176 50 15.999999999999998 53 20 27
leaf_count=37 176 50 16 53 20 27
internal_value=-0.00703185 0.0352967 0.0709545 0.102128 -0.115617 -0.202829
internal_weight=379 315 265 229 36 64
internal_count=379 315 265 229 36 64
is_linear=0
shrinkage=0.03


Tree=73
num_leaves=7
num_cat=0
split_feature=1 22 0 2 1 22
split_gain=3598.64 2537.08 1636.45 1404.51 1560.76 1221.51
threshold=-12.499999999999998 1.0995098039215689 92.500000000000014 20.050000000000004 12.500000000000002 18.512091503267978
decision_type=8 8 2 2 10 10
left_child=-1 2 -2 4 5 -3
right_child=1 3 -4 -5 -6 -7
leaf_value=-0.24228736063708428 0.0014125783468500294 0.02284438347816467 -0.23897974503040312 -0.08209391650876828 0.29264268077471678 0.26126694450011623
leaf_weight=41 169 80 25 23 46 21
leaf_count=41 169 80 25 23 46 21
internal_value=0.00802936 0.0391254 -0.034792 0.122062 0.155655 0.082403
internal_weight=405 364 194 170 147 101
internal_count=405 364 194 170 147 101
is_linear=0
shrinkage=0.03


Tree=74
num_leaves=7
num_cat=0
split_feature=1 13 2 2 5 1
split_gain=2556.41 1623.97 1324.38 1983 1019.9 898.075
threshold=-12.499999999999998 1.0000000180025095e-35 17.550000000000004 14.450000000000001 -0.68301270189221952 1.0000000180025095e-35
decision_type=8 10 2 2 2 10
left_child=-1 2 3 -2 -4 -5
right_child=1 -3 4 5 -6 -7
leaf_value=-0.22630566046681513 -0.021164032384593242 0.20389071610413098 -0.20304580573772274 0.018979628294706341 -0.014105845915914421 0.24562146443001767
leaf_weight=38 158 33 38 25 66 42
leaf_count=38 158 33 38 25 66 42
internal_value=-0.00753561 0.0181995 -0.00319947 0.037669 -0.0892889 0.168244
internal_weight=400 362 329 225 104 67
internal_count=400 362 329 225 104 67
is_linear=0
shrinkage=0.03


Tree=75
num_leaves=7
num_cat=0
split_feature=22 22 2 0 2 13
split_gain=5024.69 2057.1 970.309 1054.05 1471.42 857.914
threshold=-53.499999999999993 3.038039215686275 16.850000000000005 52.500000000000007 13.950000000000001 -0.56078431372548809
decision_type=8 8 2 2 2 8
left_child=-1 5 3 -3 -5 -2
right_child=1 2 -4 4 -6 -7
leaf_value=-0.45119282862002197 -0.15695325931534171 0.050346142227043873 -0.011600572017106143 0.06532287381213879 0.39429613786084311 -0.012779624813782245
leaf_weight=17 43 56 50 26 23 169
leaf_count=17 43 56 50 26 23 169
internal_value=-0.010759 0.0154327 0.0968649 0.146695 0.24195 -0.044965
internal_weight=384 367 155 105 49 212
internal_count=384 367 155 105 49 212
is_linear=0
shrinkage=0.03


Tree=76
num_leaves=7
num_cat=0
split_feature=1 20 5 21 17 22
split_gain=3175.43 2195 1564.18 2117.91 1322.11 773.284
threshold=-7.4999999999999991 -12.499999999999998 -0.9330127018922193 -0.49615686274509518 -1.4999999999999998 32.500000000000007
decision_type=8 8 2 10 8 8
left_child=-1 -2 -3 4 -4 -6
right_child=1 2 3 -5 5 -7
leaf_value=-0.17451020301164438 -0.13767972041578852 -0.089582712309435014 0.25945708000659945 0.3626081363054422 0.016939276320167947 0.17245098522944108
leaf_weight=67 46 40 25 21 170 30
leaf_count=67 46 40 25 21 170 30
internal_value=0.00642094 0.0449816 0.0762215 0.104429 0.0729733 0.0439032
internal_weight=399 332 286 246 225 200
internal_count=399 332 286 246 225 200
is_linear=0
shrinkage=0.03


Tree=77
num_leaves=7
num_cat=0
split_feature=0 1 15 2 0 6
split_gain=2559.19 2126.27 1986.01 1187.82 1995.24 1588.84
threshold=82.500000000000014 1.0000000180025095e-35 -1.4999999999999998 19.450000000000003 122.50000000000001 inf
decision_type=2 10 8 2 2 8
left_child=1 -1 -3 4 5 -2
right_child=3 2 -4 -5 -6 -7
leaf_value=-0.047692285188355707 -0.18212248631793518 -0.14028179822059778 0.14786759459797075 -0.30747437218825024 -0.32489535498619077 0.12579876624047756
leaf_weight=137 18 21 148 22 14.999999999999998 39
leaf_count=137 18 21 148 22 15 39
internal_value=-0.00308463 0.0392415 0.10906 -0.135893 -0.0669036 0.021715
internal_weight=400 306 169 94 72 57
internal_count=400 306 169 94 72 57
is_linear=0
shrinkage=0.03


Tree=78
num_leaves=7
num_cat=0
split_feature=0 21 22 17 16 12
split_gain=3632.83 3206.09 1755.12 1312.99 838.318 876.999
threshold=72.500000000000014 3.2681372549019625 23.166666666666668 17.500000000000004 -52.499999999999993 26.550000000000004
decision_type=2 10 10 10 10 8
left_child=1 2 -1 4 -2 -6
right_child=3 -3 -4 -5 5 -7
leaf_value=-0.0028941036365816701 -0.25182172993513252 0.38124702274799349 0.28911202025413513 0.093403798297047619 -0.16615604200575035 0.083442552712830617
leaf_weight=250 60 19 14.999999999999998 14.999999999999998 27 17
leaf_count=250 60 19 15 15 27 17
internal_value=-0.00928289 0.0491148 0.0186824 -0.145013 -0.182107 -0.0710461
internal_weight=403 284 265 119 104 44
internal_count=403 284 265 119 104 44
is_linear=0
shrinkage=0.03


Tree=79
num_leaves=7
num_cat=0
split_feature=0 2 0 17 13 17
split_gain=4225.11 1972.53 1641.3 1581.21 1512.42 970.905
threshold=122.50000000000001 19.650000000000002 62.500000000000007 18.500000000000004 1.0000000180025095e-35 -3.4999999999999996
decision_type=2 2 2 10 10 8
left_child=1 3 -3 4 5 -1
right_child=-2 2 -4 -5 -6 -7
leaf_value=0.16196567882384572 -0.44164706897735595 0.012401299209010844 -0.24255337118454598 0.27167936546802524 0.20899782194810756 -0.025465321326210693
leaf_weight=23 14.999999999999998 44 41 20 29 218
leaf_count=23 15 44 41 20 29 218
internal_value=-0.0167811 0.00580103 -0.11722 0.0432345 0.0216807 -0.0046493
internal_weight=390 375 85 290 270 241
internal_count=390 375 85 290 270 241
is_linear=0
shrinkage=0.03


Tree=80
num_leaves=7
num_cat=0
split_feature=1 20 17 13 5 17
split_gain=2422.56 1986.96 1429.88 1442.45 1949.52 923.264
threshold=-12.499999999999998 -17.499999999999996 18.500000000000004 1.0000000180025095e-35 -0.9330127018922193 -68.999999999999986
decision_type=8 8 10 10 2 10
left_child=-1 -2 3 4 -3 -6
right_child=1 2 -4 -5 5 -7
leaf_value=-0.21298310935373105 -0.16331379170192681 -0.19970485997109397 0.24293798728287216 0.21953445911407471 0.0026315222931979913 0.13972103216930437
leaf_weight=40 42 32 25 26 198 52
leaf_count=40 42 32 25 26 198 52
internal_value=-0.00489777 0.0198084 0.0449791 0.0252869 0.00386487 0.0333267
internal_weight=415 375 333 308 282 250
internal_count=415 375 333 308 282 250
is_linear=0
shrinkage=0.03


Tree=81
num_leaves=7
num_cat=0
split_feature=22 2 2 20 22 22
split_gain=2564.56 1441.58 957.072 948.694 930.858 906.813
threshold=1.0995098039215689 19.450000000000003 20.450000000000003 -14.499999999999998 -12.964052287581696 13.053594771241832
decision_type=10 2 2 8 10 10
left_child=1 3 5 -1 -3 -2
right_child=2 4 -4 -5 -6 -7
leaf_value=-0.14416654751851007 0.053999295543347078 -0.26607092947745697 -0.070405859245130653 0.020610784738570271 -0.03764344755240849 0.22289338706639306
leaf_weight=34 65 35 21 158 30 53
leaf_count=34 65 35 21 158 30 53
internal_value=0.00163072 -0.0542874 0.103314 -0.011487 -0.170862 0.135836
internal_weight=396 257 139 192 65 118
internal_count=396 257 139 192 65 118
is_linear=0
shrinkage=0.03


Tree=82
num_leaves=7
num_cat=0
split_feature=1 22 3 0 0 0
split_gain=2469.18 1999.41 1566.67 1163.29 1130.77 959.325
threshold=-12.499999999999998 1.0995098039215689 1.0000000180025095e-35 52.500000000000007 97.500000000000014 72.500000000000014
decision_type=8 8 2 2 2 2
left_child=-1 4 3 -3 -2 -4
right_child=1 2 5 -5 -6 -7
leaf_value=-0.21140937089920042 -0.0026115202629033414 0.1036137142689789 0.099591919400475251 0.36700834610632482 -0.19673017342574894 -0.079246100154907809
leaf_weight=37 174 46 61 23 27 41
leaf_count=37 174 46 61 23 27 41
internal_value=0.00687502 0.031102 0.105047 0.210277 -0.0328293 0.0273621
internal_weight=409 372 171 69 201 102
internal_count=409 372 171 69 201 102
is_linear=0
shrinkage=0.03


Tree=83
num_leaves=7
num_cat=0
split_feature=22 22 17 2 2 22
split_gain=2904.2 1903.21 2111.16 1160.05 1495.61 1041.9
threshold=18.512091503267978 -31.833333333333332 -68.999999999999986 14.15 19.450000000000003 -4.4098823529411755
decision_type=10 8 10 2 2 10
left_child=1 2 -1 -3 -5 -6
right_child=-2 3 -4 4 5 -7
leaf_value=-0.35582731093679154 0.26628495266308655 -0.049650509796291584 0.060069553873368674 0.12839666027800534 -0.14783717375339531 0.074547942603627834
leaf_weight=23 32 145 15.999999999999998 111 36 31
leaf_count=23 32 145 16 111 36 31
internal_value=0.0130819 -0.0126236 -0.197766 0.012405 0.0629312 -0.0469111
internal_weight=394 362 39 323 178 67
internal_count=394 362 39 323 178 67
is_linear=0
shrinkage=0.03


Tree=84
num_leaves=7
num_cat=0
split_feature=22 1 22 0 0 5
split_gain=3661.22 1092.7 1448.62 1140.82 1401.37 1127.03
threshold=-31.833333333333332 -12.499999999999998 13.053594771241832 72.500000000000014 47.500000000000007 -0.9330127018922193
decision_type=8 8 8 2 2 2
left_child=-1 -2 5 4 -4 -3
right_child=1 2 3 -5 -6 -7
leaf_value=-0.25027590178111764 -0.13649851399473845 -0.13707991673424841 0.088178250001743438 -0.0054980642687190665 0.39999243586063382 0.036902206116288465
leaf_weight=42 27 35 35 28 20 202
leaf_count=42 27 35 35 28 20 202
internal_value=-0.00159862 0.0316282 0.0476956 0.151653 0.225449 0.00890727
internal_weight=389 347 320 83 55 237
internal_count=389 347 320 83 55 237
is_linear=0
shrinkage=0.03


Tree=85
num_leaves=7
num_cat=0
split_feature=1 2 20 2 20 17
split_gain=1780.53 1520.21 1589.83 1400.01 1220.08 767.91
threshold=-12.499999999999998 20.450000000000003 -13.499999999999998 14.250000000000002 -24.499999999999996 -29.499999999999996
decision_type=8 2 8 2 10 10
left_child=-1 2 -2 -4 -3 -5
right_child=1 4 3 5 -6 -7
leaf_value=-0.20227742078248412 -0.14174176397846966 -0.2805615504582723 -0.0053472465227412825 0.071287702073980316 -0.0040500344087680187 0.22773564687434664
leaf_weight=35 36 22 148 90 31 42
leaf_count=35 36 22 148 90 31 42
internal_value=-0.0121411 0.00835669 0.0337893 0.0584483 -0.13312 0.127561
internal_weight=404 369 316 280 53 132
internal_count=404 369 316 280 53 132
is_linear=0
shrinkage=0.03


Tree=86
num_leaves=7
num_cat=0
split_feature=1 17 0 21 16 5
split_gain=1830.67 1342.03 1129.26 1166.07 920.864 1339.73
threshold=-12.499999999999998 10.500000000000002 67.500000000000014 4.0519607843137289 20.500000000000004 0.25000000000000017
decision_type=8 10 2 10 8 2
left_child=-1 2 3 -2 -4 -6
right_child=1 -3 4 -5 5 -7
leaf_value=-0.19440113558274943 0.010496387605636899 0.17444984973321645 0.020325637950815937 0.24516675795827592 -0.26677280145768933 0.032692361548542971
leaf_weight=36 212 38 39 15.999999999999998 34 19
leaf_count=36 212 38 39 16 34 19
internal_value=-0.00443128 0.0170864 -0.00399685 0.0318722 -0.0899505 -0.165854
internal_weight=394 358 320 228 92 53
internal_count=394 358 320 228 92 53
is_linear=0
shrinkage=0.03


Tree=87
num_leaves=7
num_cat=0
split_feature=22 4 0 21 4 11
split_gain=2808.48 1506.05 2359.85 1970.77 1108.98 1015.54
threshold=-56.499999999999993 0.25000000000000011 67.500000000000014 2.8671568627450967 0.68301270189221941 7.5000000000000009
decision_type=8 2 2 10 2 8
left_child=-1 2 3 -2 5 -3
right_child=1 4 -4 -5 -6 -7
leaf_value=-0.36632907056808472 -0.011829231419260539 -0.0247556399271406 -0.16674644348465584 0.29467099864568025 -0.10974600553512573 0.19843238511207428
leaf_weight=14.999999999999998 184 24 83 15.999999999999998 15.999999999999998 61
leaf_count=15 184 24 83 16 16 61
internal_value=-0.0197375 -0.00166417 -0.0372268 0.0192798 0.0950373 0.13754
internal_weight=399 384 283 200 101 85
internal_count=399 384 283 200 101 85
is_linear=0
shrinkage=0.03


Tree=88
num_leaves=7
num_cat=0
split_feature=0 22 0 5 2 0
split_gain=2807.62 2143.65 1144.56 2077.49 1042.18 1710.66
threshold=122.50000000000001 3.038039215686275 47.500000000000007 -0.9330127018922193 19.450000000000003 52.500000000000007
decision_type=2 10 2 2 2 2
left_child=1 4 -3 -4 -1 -6
right_child=-2 2 3 -5 5 -7
leaf_value=0.0010632613370584888 -0.33761634417942593 0.011031169295310974 -0.012632103045197095 0.30328723991618439 0.073567848587036133 -0.24882414491980201
leaf_weight=210 15.999999999999998 57 29 46 20 37
leaf_count=210 16 57 29 46 20 37
internal_value=0.000593644 0.0181665 0.11476 0.187977 -0.0308192 -0.138894
internal_weight=415 399 132 75 267 57
internal_count=415 399 132 75 267 57
is_linear=0
shrinkage=0.03


Tree=89
num_leaves=7
num_cat=0
split_feature=22 20 13 5 2 1
split_gain=3146.51 1539.34 1184.67 1405.72 1056.74 1672.41
threshold=-41.299742647058814 -14.499999999999998 1.0000000180025095e-35 -0.9330127018922193 14.15 7.5000000000000009
decision_type=8 8 10 2 2 10
left_child=-1 -2 3 -3 -5 -6
right_child=1 2 -4 4 5 -7
leaf_value=-0.29829089411280374 -0.149819909863326 -0.12494161302489894 0.20095252832228486 -0.02169165009236711 0.018202395867765616 0.24139798082411287
leaf_weight=28 44 51 28 122 84 43
leaf_count=28 44 51 28 122 84 43
internal_value=-0.0175254 0.0072833 0.0302912 0.0113297 0.0411507 0.100054
internal_weight=400 372 328 300 249 127
internal_count=400 372 328 300 249 127
is_linear=0
shrinkage=0.03


Tree=90
num_leaves=7
num_cat=0
split_feature=1 20 5 21 17 0
split_gain=2090.43 1767.83 2094.2 1748.51 1383.29 1449.52
threshold=-12.499999999999998 -14.499999999999998 -0.9330127018922193 -0.49615686274509518 -68.999999999999986 87.500000000000014
decision_type=8 8 2 10 10 2
left_child=-1 -2 -3 4 5 -4
right_child=1 2 3 -5 -6 -7
leaf_value=-0.20058658247644248 -0.15031266468520066 -0.12722177968919277 0.033691349816374005 0.30619874914487205 0.16051788717916568 -0.23608407595753669
leaf_weight=39 44 50 168 22 68 14.999999999999998
leaf_count=39 44 50 168 22 68 15
internal_value=-0.00510033 0.0180903 0.0429722 0.0758708 0.0500966 0.00588788
internal_weight=406 367 323 273 251 183
internal_count=406 367 323 273 251 183
is_linear=0
shrinkage=0.03


Tree=91
num_leaves=7
num_cat=0
split_feature=22 22 0 2 2 16
split_gain=2383.82 1675.51 729.923 744.277 1255.15 696.027
threshold=-53.499999999999993 13.053594771241832 67.500000000000014 19.450000000000003 14.250000000000002 8.5000000000000018
decision_type=8 10 2 2 2 10
left_child=-1 2 5 4 -4 -2
right_child=1 -3 3 -5 -6 -7
leaf_value=-0.31702852475910914 0.0015675550097153639 0.16160241516847762 -0.2076594282899584 -0.19769214366562662 0.071459765713265608 0.17223131053149698
leaf_weight=14.999999999999998 208 57 15.999999999999998 27 42 19
leaf_count=15 208 57 16 27 42 19
internal_value=0.0021024 0.0191401 -0.00902507 -0.0814265 -0.0159086 0.0192562
internal_weight=384 369 312 85 58 227
internal_count=384 369 312 85 58 227
is_linear=0
shrinkage=0.03


Tree=92
num_leaves=7
num_cat=0
split_feature=0 1 23 5 1 0
split_gain=3546.94 2128.37 1706.14 1036.47 1873.22 862.878
threshold=122.50000000000001 -12.499999999999998 -3.7499999999999996 -0.9330127018922193 12.500000000000002 62.500000000000007
decision_type=2 8 2 2 10 2
left_child=1 -1 5 -4 -5 -3
right_child=-2 2 3 4 -6 -7
leaf_value=-0.214400629196316 -0.37187359376387163 -0.011557507652201151 -0.046339825495165222 0.052500719721487989 0.25527513847268857 -0.21447120102552267
leaf_weight=27 17 71 44 153 53 21
leaf_count=27 17 71 44 153 53 21
internal_value=-0.00170394 0.0200935 0.0414288 0.0816879 0.109484 -0.0665425
internal_weight=386 369 342 250 206 92
internal_count=386 369 342 250 206 92
is_linear=0
shrinkage=0.03


Tree=93
num_leaves=7
num_cat=0
split_feature=20 13 1 22 17 4
split_gain=1281.08 1032.24 752.977 780.808 1215.87 634.829
threshold=-24.499999999999996 1.0000000180025095e-35 -12.499999999999998 18.512091503267978 1.0000000180025095e-35 -0.5
decision_type=8 10 8 8 10 2
left_child=-1 2 -2 4 5 -4
right_child=1 -3 3 -5 -6 -7
leaf_value=-0.21163319999208818 -0.13710483051635125 0.16642978291450577 0.065039500718069548 0.10449457417100162 -0.18659201697869734 -0.033968124739501789
leaf_weight=21 32 28 96 54 28 133
leaf_count=21 32 28 96 54 28 133
internal_value=-0.00804566 0.00613919 -0.00914899 0.00597795 -0.0163212 0.00804012
internal_weight=392 371 343 311 257 229
internal_count=392 371 343 311 257 229
is_linear=0
shrinkage=0.03


Tree=94
num_leaves=7
num_cat=0
split_feature=0 17 17 22 22 16
split_gain=2317.74 1944.53 1532.57 1471.74 1407.59 856.916
threshold=87.500000000000014 -68.999999999999986 -15.999999999999998 -31.833333333333332 18.512091503267978 -28.999999999999996
decision_type=2 10 10 8 10 10
left_child=4 3 -3 -2 5 -1
right_child=1 2 -4 -5 -6 -7
leaf_value=-0.033126890582117166 -0.4772299488633871 0.19065108938650649 -0.15968207950177399 -0.089618203639984129 0.21735760022173911 0.068638164352844741
leaf_weight=160 14.999999999999998 17 18 21 29 131
leaf_count=160 15 17 18 21 29 131
internal_value=-0.000237435 -0.149382 0.0130409 -0.289626 0.0346431 0.0130705
internal_weight=391 71 35 36 320 291
internal_count=391 71 35 36 320 291
is_linear=0
shrinkage=0.03


Tree=95
num_leaves=7
num_cat=0
split_feature=22 1 2 2 17 0
split_gain=2266.19 1276.57 918.485 1235.09 889.336 2120.92
threshold=-8.1249999999999982 7.5000000000000009 13.350000000000003 16.850000000000005 -68.999999999999986 92.500000000000014
decision_type=8 10 2 2 10 2
left_child=4 -2 -3 -4 5 -1
right_child=1 2 3 -5 -6 -7
leaf_value=-0.076082371619084613 -0.010364555712016723 0.031993279302492739 0.31499065475538368 0.023817424741056231 0.024352191824738571 -0.42580151586234566
leaf_weight=87 149 55 31 22 36 14.999999999999998
leaf_count=87 149 55 31 22 36 15
internal_value=-0.00552745 0.0469702 0.123029 0.206599 -0.101519 -0.145006
internal_weight=395 257 108 53 138 102
internal_count=395 257 108 53 138 102
is_linear=0
shrinkage=0.03


Tree=96
num_leaves=7
num_cat=0
split_feature=22 17 16 17 17 4
split_gain=1879.86 1057.98 859.708 673.752 1179.67 1066.35
threshold=-28.999999999999996 -68.999999999999986 8.5000000000000018 22.000000000000004 -1.4999999999999998 0.25000000000000011
decision_type=8 10 10 10 10 2
left_child=1 -1 3 4 5 -2
right_child=2 -3 -4 -5 -6 -7
leaf_value=-0.27748908097093755 -0.023590031789725859 0.015246967077255249 0.12041260343961049 0.16473530951142309 -0.18112469147233401 0.1298771676684127
leaf_weight=28 198 15.999999999999998 56 14.999999999999998 29 46
leaf_count=28 198 16 56 15 29 46
internal_value=-0.00641313 -0.180346 0.0180991 -0.00351049 -0.0155514 0.00736931
internal_weight=388 44 344 288 273 244
internal_count=388 44 344 288 273 244
is_linear=0
shrinkage=0.03


Tree=97
num_leaves=7
num_cat=0
split_feature=22 6 0 13 4 0
split_gain=3400.9 1098.89 690.455 771.555 681.872 809.898
threshold=-53.499999999999993 1.0000000180025095e-35 97.500000000000014 4.2303921568627461 0.25000000000000011 47.500000000000007
decision_type=8 10 2 10 2 2
left_child=-1 2 3 4 -2 -6
right_child=1 -3 -4 -5 5 -7
leaf_value=-0.38658628272739326 -0.0071187214209049035 -0.11309032343216796 -0.098224929250203652 0.21660966762900352 -0.030649102714753917 0.17139983064666087
leaf_weight=17 193 62 34 14.999999999999998 26 44
leaf_count=17 193 62 34 15 26 44
internal_value=-0.0240949 -0.00273527 0.0206321 0.0366472 0.0225334 0.0993129
internal_weight=391 374 312 278 263 70
internal_count=391 374 312 278 263 70
is_linear=0
shrinkage=0.03


Tree=98
num_leaves=7
num_cat=0
split_feature=0 2 0 17 0 20
split_gain=2822.33 1584.75 2220.92 1766.57 2085.73 1159.39
threshold=122.50000000000001 19.450000000000003 57.500000000000007 -68.999999999999986 52.500000000000007 -1.4999999999999998
decision_type=2 2 2 10 2 10
left_child=1 3 -3 5 -5 -1
right_child=-2 2 -4 4 -6 -7
leaf_value=-0.023559458900610324 -0.35690008449554439 0.06385096585179896 -0.21662771180785936 -0.051589089823620662 0.28614377599209545 0.16509229265591677
leaf_weight=208 14.999999999999998 42 53 23 43 29
leaf_count=208 15 42 53 23 43 29
internal_value=-0.00912927 0.0082431 -0.0956341 0.0418356 0.173104 0.00245857
internal_weight=413 398 95 303 66 237
internal_count=413 398 95 303 66 237
is_linear=0
shrinkage=0.03


Tree=99
num_leaves=7
num_cat=0
split_feature=20 1 2 2 17 4
split_gain=1525.64 1241.31 1484.34 1445.85 835.762 972.337
threshold=-23.499999999999996 -12.499999999999998 20.250000000000004 14.450000000000001 29.000000000000004 0.25000000000000011
decision_type=8 8 2 2 8 2
left_child=-1 -2 3 4 -3 -6
right_child=1 2 -4 -5 5 -7
leaf_value=-0.21467768722110325 -0.13622259446552823 -0.15538039876864504 -0.11291730203952353 0.13215751857097657 -0.022436526420272211 0.13747402819544075
leaf_weight=22 37 21 47 135 105 45
leaf_count=22 37 21 47 135 105 45
internal_value=0.00354556 0.0184172 0.0363021 0.0606683 0.00207837 0.0284238
internal_weight=412 390 353 306 171 150
internal_count=412 390 353 306 171 150
is_linear=0
shrinkage=0.03


Tree=100
num_leaves=7
num_cat=0
split_feature=22 17 0 21 22 4
split_gain=2481.85 1263.99 1231.86 1329.45 1038.82 759.844
threshold=-31.833333333333332 18.500000000000004 67.500000000000014 4.0519607843137289 14.200000000000001 -0.5
decision_type=8 10 2 10 8 2
left_child=-1 2 3 5 -4 -2
right_child=1 -3 4 -5 -6 -7
leaf_value=-0.22860410413571763 0.061551335936442748 0.20159767017513514 -0.029731678237162884 0.24852322596570717 -0.2642257768392563 -0.04502669739842164
leaf_weight=37 117 25 58 18 20 114
leaf_count=37 117 25 58 18 20 114
internal_value=-0.0105712 0.0152278 -0.00184223 0.0309729 -0.102153 0.00911477
internal_weight=389 352 327 249 78 231
internal_count=389 352 327 249 78 231
is_linear=0
shrinkage=0.03


Tree=101
num_leaves=7
num_cat=0
split_feature=22 22 13 5 16 22
split_gain=1604.49 1205.49 1058.14 910.07 860.085 584.235
threshold=-28.999999999999996 29.000000000000004 1.0000000180025095e-35 -0.9330127018922193 10.500000000000002 14.200000000000001
decision_type=8 10 10 2 10 10
left_child=-1 2 3 -2 -4 -5
right_child=1 -3 4 5 -6 -7
leaf_value=-0.17416549468741699 -0.15087289516627789 0.22646749326160975 -0.024014718582853672 0.0096984637309932356 0.2633132201500914 -0.14552727386355399
leaf_weight=46 40 15.999999999999998 14.999999999999998 236 17 19
leaf_count=46 40 16 15 236 17 19
internal_value=-0.0171539 0.0061029 -0.00792774 -0.026482 0.143584 -0.00444356
internal_weight=389 343 327 295 32 255
internal_count=389 343 327 295 32 255
is_linear=0
shrinkage=0.03


Tree=102
num_leaves=7
num_cat=0
split_feature=1 22 16 2 0 23
split_gain=1460.31 1391.17 1072.37 1024.78 1156.91 865.748
threshold=-12.499999999999998 29.000000000000004 -52.499999999999993 14.450000000000001 67.500000000000014 -3.7499999999999996
decision_type=8 8 10 2 2 2
left_child=-1 2 -2 4 -4 -5
right_child=1 -3 3 5 -6 -7
leaf_value=-0.16290381976149299 -0.061063242014867583 0.16873091223744713 0.044227073536469381 -0.0077837880726518297 -0.18695604202839045 0.21291709126337716
leaf_weight=39 146 44 73 24 21 41
leaf_count=39 146 44 73 24 21 41
internal_value=9.36592e-05 0.0203519 -0.0034298 0.0497397 -0.014254 0.136692
internal_weight=388 349 305 159 94 65
internal_count=388 349 305 159 94 65
is_linear=0
shrinkage=0.03


Tree=103
num_leaves=7
num_cat=0
split_feature=22 2 2 0 5 0
split_gain=2215.08 1041.36 1554.87 1631.1 1149.28 1139.67
threshold=-53.499999999999993 19.450000000000003 14.450000000000001 72.500000000000014 -0.5 62.500000000000007
decision_type=8 2 2 2 2 2
left_child=-1 2 3 4 -2 -3
right_child=1 5 -4 -5 -6 -7
leaf_value=-0.30885440724236624 0.14569341809825695 0.022085849949899983 0.11782159882690757 -0.20550607191052819 -0.02990636972805201 -0.19161337208341467
leaf_weight=15.999999999999998 42 44 115 30 113 39
leaf_count=16 42 44 115 30 113 39
internal_value=-0.00883714 0.00751479 0.0336542 -0.0203899 0.0207415 -0.0835089
internal_weight=399 383 300 185 155 83
internal_count=399 383 300 185 155 83
is_linear=0
shrinkage=0.03


Tree=104
num_leaves=7
num_cat=0
split_feature=20 2 2 22 0 16
split_gain=1193.22 1017.31 1426.28 1211.87 1039.95 758.202
threshold=1.0000000180025095e-35 18.600000000000005 14.850000000000003 -59.999999999999993 82.500000000000014 -45.999999999999993
decision_type=10 2 2 10 2 10
left_child=1 2 4 -3 -1 -4
right_child=-2 3 5 -5 -6 -7
leaf_value=-0.0070930575091730456 0.15142935001813784 -0.30329374483653476 0.043904166560906628 -0.044306097237223931 -0.21191134028709852 0.23368420454859734
leaf_weight=160 36 15.999999999999998 60 83 21 25
leaf_count=160 36 16 60 83 21 25
internal_value=-0.0021558 -0.0191456 0.01175 -0.0987318 -0.0359142 0.109603
internal_weight=401 365 266 99 181 85
internal_count=401 365 266 99 181 85
is_linear=0
shrinkage=0.03


Tree=105
num_leaves=7
num_cat=0
split_feature=22 4 0 0 12 22
split_gain=1826.08 882.329 1160.21 1046.42 1346.49 736.37
threshold=-53.499999999999993 0.25000000000000011 47.500000000000007 67.500000000000014 1.0000000180025095e-35 4.0833333333333348
decision_type=8 2 2 2 10 8
left_child=-1 3 -3 4 -2 -4
right_child=1 2 5 -5 -6 -7
leaf_value=-0.25503669355226599 0.00054232240009766358 -0.056905497786673635 0.056754118591547012 -0.099735609919210017 0.24001496727578339 0.26214895432335988
leaf_weight=18 177 28 35 74 19 30
leaf_count=18 177 28 35 74 19 30
internal_value=0.00435648 0.0205094 0.0976275 -0.00734564 0.0291496 0.163505
internal_weight=381 363 93 270 196 65
internal_count=381 363 93 270 196 65
is_linear=0
shrinkage=0.03


Tree=106
num_leaves=7
num_cat=0
split_feature=20 4 2 0 0 21
split_gain=1347.24 907.629 1621.37 766.23 753.256 1203.17
threshold=-23.499999999999996 0.25000000000000011 17.550000000000004 52.500000000000007 67.500000000000014 2.8671568627450967
decision_type=8 2 2 2 2 10
left_child=-1 4 3 -3 5 -2
right_child=1 2 -4 -5 -6 -7
leaf_value=-0.19740363776683809 -0.0097288831348641431 0.024017260429950858 -0.16356513323960825 0.20978980935282177 -0.092676448427050945 0.23588582740724084
leaf_weight=25 172 34 14.999999999999998 49 78 14.999999999999998
leaf_count=25 172 34 15 49 78 15
internal_value=-0.00413366 0.0116782 0.0873206 0.139379 -0.0173942 0.0156026
internal_weight=388 363 98 83 265 187
internal_count=388 363 98 83 265 187
is_linear=0
shrinkage=0.03


Tree=107
num_leaves=7
num_cat=0
split_feature=0 11 5 1 0 17
split_gain=1482.36 999.268 1353.08 1847.24 1255 1019.01
threshold=112.50000000000001 5.5000000000000009 -0.9330127018922193 1.0000000180025095e-35 62.500000000000007 -1.4999999999999998
decision_type=2 8 2 10 2 8
left_child=1 4 -3 -4 -1 -5
right_child=-2 2 3 5 -6 -7
leaf_value=0.001686510818230139 -0.20333174216336217 -0.07361560735914667 -0.028373889733444558 0.3582708296605519 -0.21802066448330878 0.11532049555941061
leaf_weight=106 24 54 72 15.999999999999998 25 105
leaf_count=106 24 54 72 16 25 105
internal_value=0.00351546 0.0191316 0.054289 0.0910311 -0.0467163 0.160388
internal_weight=402 378 247 193 131 121
internal_count=402 378 247 193 131 121
is_linear=0
shrinkage=0.03


Tree=108
num_leaves=7
num_cat=0
split_feature=0 1 11 13 0 22
split_gain=1317.55 1194.38 1173.16 573.433 486.253 386.61
threshold=112.50000000000001 12.500000000000002 3.5000000000000004 -1.0000000180025095e-35 72.500000000000014 -37.499999999999993
decision_type=2 10 8 8 2 10
left_child=1 3 -3 4 -1 -5
right_child=-2 2 -4 5 -6 -7
leaf_value=-0.012140613114461303 -0.20164358739342006 -0.06907346612085466 0.19676934448572306 -0.075499998013178499 -0.19634002515902887 0.021023186918686737
leaf_weight=27 23 18 47 40 21 215
leaf_count=27 23 18 47 40 21 215
internal_value=-0.00320314 0.0117361 0.123476 -0.0138498 -0.103648 0.00472154
internal_weight=391 368 65 303 48 255
internal_count=391 368 65 303 48 255
is_linear=0
shrinkage=0.03


Tree=109
num_leaves=7
num_cat=0
split_feature=22 13 17 0 4 0
split_gain=1763.98 735.364 805.443 714.001 814.411 627.749
threshold=-53.499999999999993 1.0000000180025095e-35 1.0000000180025095e-35 32.500000000000007 0.25000000000000011 82.500000000000014
decision_type=8 10 8 2 2 2
left_child=-1 2 -2 -4 5 -5
right_child=1 -3 3 4 -6 -7
leaf_value=-0.27409377285412378 0.11848282754421233 0.13738600062672046 0.11600935149337015 -0.037519666388117032 0.04757459412647199 -0.16442917647569077
leaf_weight=15.999999999999998 37 31 26 169 74 41
leaf_count=16 37 31 26 169 74 41
internal_value=-0.0064443 0.00831513 -0.00500342 -0.0213888 -0.035757 -0.0655449
internal_weight=394 378 347 310 284 210
internal_count=394 378 347 310 284 210
is_linear=0
shrinkage=0.03


Tree=110
num_leaves=7
num_cat=0
split_feature=0 19 1 22 22 0
split_gain=1406.77 852.627 1040 654.5 1152.62 604.865
threshold=92.500000000000014 5.5000000000000009 1.0000000180025095e-35 -59.999999999999993 -15.291666666666666 32.500000000000007
decision_type=2 8 10 10 10 2
left_child=1 -1 5 -2 -5 -3
right_child=3 2 -4 4 -6 -7
leaf_value=-0.07825321832583064 -0.27744269514083864 0.103747344384236 0.09466494947390737 0.11282456387173045 -0.17722069218240935 -0.053647632249272791
leaf_weight=58 14.999999999999998 23 154 17 24 99
leaf_count=58 15 23 154 17 24 99
internal_value=-0.00192093 0.0219686 0.0440473 -0.134526 -0.0577665 -0.0210585
internal_weight=390 334 276 56 41 122
internal_count=390 334 276 56 41 122
is_linear=0
shrinkage=0.03


Tree=111
num_leaves=7
num_cat=0
split_feature=17 13 0 0 17 0
split_gain=1020.24 871.918 711.558 527.081 621.193 707.41
threshold=29.000000000000004 1.0000000180025095e-35 112.50000000000001 32.500000000000007 14.500000000000002 67.500000000000014
decision_type=10 10 2 2 8 2
left_child=1 2 3 -1 -5 -6
right_child=-2 -3 -4 4 5 -7
leaf_value=0.085660350972955879 0.18243086050857199 0.11593750723664249 -0.19620316972732543 0.044614318662456104 -0.031998987823422184 -0.1498661537756843
leaf_weight=28 17 30 20 58 192 57
leaf_count=28 17 30 20 58 192 57
internal_value=-0.0166875 -0.0277058 -0.0412864 -0.0292883 -0.0409769 -0.0613996
internal_weight=402 385 355 335 307 249
internal_count=402 385 355 335 307 249
is_linear=0
shrinkage=0.03


Tree=112
num_leaves=7
num_cat=0
split_feature=22 0 11 2 2 3
split_gain=1498.68 692.918 658.886 646.841 1365.03 637.636
threshold=1.0995098039215689 67.500000000000014 -37.999999999999993 18.950000000000003 15.15 1.0000000180025095e-35
decision_type=10 2 10 2 2 2
left_child=1 2 -1 4 -3 -2
right_child=5 3 -4 -5 -6 -7
leaf_value=0.058559008191634968 0.1519893296691589 -0.21322580471634864 -0.054026853190649538 -0.21191190435605892 0.076579723797346413 0.020599552507583909
leaf_weight=77 59 19 104 29 33 73
leaf_count=77 59 19 104 29 33 73
internal_value=0.00209173 -0.0393239 -0.00584456 -0.109446 -0.0387261 0.0827305
internal_weight=394 262 181 81 52 132
internal_count=394 262 181 81 52 132
is_linear=0
shrinkage=0.03


Tree=113
num_leaves=7
num_cat=0
split_feature=2 17 0 21 2 22
split_gain=985.07 1178.61 1127.54 1243.7 1120.86 732.956
threshold=20.450000000000003 -77.499999999999986 67.500000000000014 3.2681372549019625 14.15 -52.499999999999993
decision_type=2 10 2 10 2 10
left_child=1 2 3 -1 -3 -4
right_child=-2 4 5 -5 -6 -7
leaf_value=-0.0032199497246428537 -0.1093230977654457 -0.050821370363235467 -0.25565693646669385 0.24573102598451074 0.17620268090892194 -0.037651966383983923
leaf_weight=185 58 25 19 14.999999999999998 62 38
leaf_count=185 58 25 19 15 62 38
internal_value=-0.000143458 0.0195672 -0.0131755 0.0209894 0.111749 -0.125077
internal_weight=402 344 257 200 87 57
internal_count=402 344 257 200 87 57
is_linear=0
shrinkage=0.03


Tree=114
num_leaves=7
num_cat=0
split_feature=1 17 5 2 20 21
split_gain=775.274 833.263 1081 1464.39 893.813 1288.11
threshold=-7.4999999999999991 -77.499999999999986 -0.9330127018922193 14.350000000000003 -12.499999999999998 -0.49615686274509518
decision_type=8 10 2 2 10 10
left_child=-1 4 -3 -4 -2 -6
right_child=1 2 3 -5 5 -7
leaf_value=-0.096858227133750918 -0.058815153948962688 -0.087966839386069265 -0.037211535710554855 0.26299477942651367 -0.0072655811687795122 0.23310903227991525
leaf_weight=65 151 18 21 36 77 22
leaf_count=65 151 18 21 36 77 22
internal_value=-0.00624057 0.0130759 0.0974006 0.158311 -0.0136353 0.0547901
internal_weight=390 325 75 57 250 99
internal_count=390 325 75 57 250 99
is_linear=0
shrinkage=0.03


Tree=115
num_leaves=7
num_cat=0
split_feature=22 1 2 2 17 11
split_gain=2160.92 1050.73 964.588 1224.58 955.208 827.605
threshold=-54.999999999999993 -12.499999999999998 20.450000000000003 14.450000000000001 18.500000000000004 4.5000000000000009
decision_type=8 8 2 2 8 8
left_child=-1 -2 3 4 -3 -5
right_child=1 2 -4 5 -6 -7
leaf_value=-0.30470131659507754 -0.14680482593449679 -0.19293917008808681 -0.089676424489858061 -0.003659048113154202 0.022422797429033473 0.16427216257554353
leaf_weight=14.999999999999998 28 15.999999999999998 47 36 153 92
leaf_count=15 28 16 47 36 153 92
internal_value=-0.000832402 0.015299 0.0304077 0.050581 -0.00292483 0.11868
internal_weight=387 372 344 297 169 128
internal_count=387 372 344 297 169 128
is_linear=0
shrinkage=0.03


Tree=116
num_leaves=7
num_cat=0
split_feature=17 20 13 17 17 17
split_gain=1267.97 775.939 732.854 563.538 816.562 474.365
threshold=29.000000000000004 -23.499999999999996 -0.56078431372548809 -53.499999999999993 -1.4999999999999998 10.500000000000002
decision_type=10 8 10 8 8 8
left_child=1 -1 3 -3 -5 -6
right_child=-2 2 -4 4 5 -7
leaf_value=-0.16294815075397492 0.22296238030706134 -0.17234006559848786 0.12458614015951752 0.11397273833841778 -0.16377255439758301 -0.01505325261394511
leaf_weight=25 15.999999999999998 14.999999999999998 31 38 15.999999999999998 260
leaf_count=25 16 15 31 38 16 260
internal_value=-0.00417597 -0.016353 -0.00408002 -0.0178872 -0.00792322 -0.0264354
internal_weight=401 385 360 329 314 276
internal_count=401 385 360 329 314 276
is_linear=0
shrinkage=0.03


Tree=117
num_leaves=7
num_cat=0
split_feature=0 22 4 0 21 0
split_gain=1717.68 1099.24 696.262 1281.34 1189.24 858.837
threshold=112.50000000000001 29.000000000000004 0.25000000000000011 67.500000000000014 -2.2728758169934631 52.500000000000007
decision_type=2 10 2 2 10 2
left_child=1 2 3 4 -1 -4
right_child=-2 -3 5 -5 -6 -7
leaf_value=-0.011847820593665043 -0.24497353405952454 0.22274300847734721 -0.036822486619154611 -0.13414529017483193 0.22191560770300303 0.13891932401433588
leaf_weight=175 20 15.999999999999998 40 67 17 55
leaf_count=175 20 16 40 67 17 55
internal_value=-0.00424687 0.0118582 -0.000642835 -0.0261702 0.013957 0.0667815
internal_weight=390 370 354 259 192 95
internal_count=390 370 354 259 192 95
is_linear=0
shrinkage=0.03


Tree=118
num_leaves=7
num_cat=0
split_feature=22 20 1 22 3 17
split_gain=1420.9 1177.3 688.937 684.892 551.494 546.648
threshold=-47.999999999999993 -7.4999999999999991 12.500000000000002 23.166666666666668 1.0000000180025095e-35 -1.4999999999999998
decision_type=8 8 10 10 2 10
left_child=-1 4 3 5 -2 -3
right_child=1 2 -4 -5 -6 -7
leaf_value=-0.21537986535292405 -0.017060902417907791 0.02000493190716952 0.12942318155684254 0.18128492423466275 -0.16633742571367244 -0.12227981495005744
leaf_weight=21 57 179 61 15.999999999999998 33 23
leaf_count=21 57 179 61 16 33 23
internal_value=-0.000943009 0.013977 0.0443873 0.0182245 -0.0776695 0.0012419
internal_weight=390 369 279 218 90 202
internal_count=390 369 279 218 90 202
is_linear=0
shrinkage=0.03


Tree=119
num_leaves=7
num_cat=0
split_feature=17 5 1 0 12 16
split_gain=915.613 1313.63 1359.54 1168.57 1119.71 872.284
threshold=-77.499999999999986 -0.9330127018922193 -1.0000000180025095e-35 67.500000000000014 3.9499999999999997 -37.499999999999993
decision_type=10 2 10 2 10 10
left_child=3 -2 -3 4 -1 -5
right_child=1 2 -4 5 -6 -7
leaf_value=-0.0097947453811418183 -0.10400777322905404 -0.067394122123718259 0.20086230210737507 -0.23266991574423654 0.19872869045115435 -0.025224279453573018
leaf_weight=210 23 20 62 30 21 41
leaf_count=210 23 20 62 30 21 41
internal_value=0.00635441 0.0805519 0.135321 -0.0203345 0.0129707 -0.122418
internal_weight=407 105 82 302 231 71
internal_count=407 105 82 302 231 71
is_linear=0
shrinkage=0.03


Tree=120
num_leaves=7
num_cat=0
split_feature=17 17 6 13 16 1
split_gain=1578.22 801.577 820.43 456.978 606.628 452.574
threshold=18.500000000000004 -53.499999999999993 1.0000000180025095e-35 -0.56078431372548809 10.500000000000002 -7.4999999999999991
decision_type=10 8 10 10 10 8
left_child=1 -1 3 5 -5 -3
right_child=-2 2 -4 4 -6 -7
leaf_value=-0.20687194812297818 0.22418691272735594 -0.097100647033714654 -0.11280087574385106 -0.032581334665417676 0.20336738619143546 0.01083287248591415
leaf_weight=14.999999999999998 20 36 55 14.999999999999998 18 233
leaf_count=15 20 36 55 15 18 233
internal_value=-0.00674534 -0.0219697 -0.0114506 0.00854371 0.105943 -0.00512008
internal_weight=392 372 357 302 33 269
internal_count=392 372 357 302 33 269
is_linear=0
shrinkage=0.03


Tree=121
num_leaves=7
num_cat=0
split_feature=17 5 1 2 2 0
split_gain=621.749 554.498 734.913 895.716 966.474 1044.87
threshold=29.000000000000004 -0.9330127018922193 -12.499999999999998 14.850000000000003 18.000000000000004 47.500000000000007
decision_type=10 2 8 2 2 2
left_child=1 -1 -3 -4 5 -5
right_child=-2 2 3 4 -6 -7
leaf_value=-0.089602841064333916 0.16734085662024362 -0.11473060558239617 -0.016660926944370998 0.0011432050053889933 0.012957131272112881 0.26163959558417155
leaf_weight=49 15.999999999999998 31 172 21 76 36
leaf_count=49 16 31 172 21 76 36
internal_value=0.00838126 -0.000285551 0.0138627 0.0285725 0.0855542 0.173499
internal_weight=401 385 336 305 133 57
internal_count=401 385 336 305 133 57
is_linear=0
shrinkage=0.03


Tree=122
num_leaves=7
num_cat=0
split_feature=0 4 0 2 0 13
split_gain=1020.14 721.41 1156.52 607.024 922.745 557.171
threshold=117.50000000000001 0.25000000000000011 67.500000000000014 15.950000000000001 72.500000000000014 -5.2770196078431324
decision_type=2 2 2 2 2 10
left_child=1 2 5 4 -3 -1
right_child=-2 3 -4 -5 -6 -7
leaf_value=-0.0015718124013754629 -0.20324087433193039 0.042178626315934317 -0.11693059193441666 -0.047505555152893064 0.27167430483776589 0.15514390456935634
leaf_weight=181 18 58 78 27 18 18
leaf_count=181 18 58 78 27 18 18
internal_value=-0.00922641 0.00248389 -0.0227989 0.068385 0.109948 0.0160586
internal_weight=398 380 277 103 76 199
internal_count=398 380 277 103 76 199
is_linear=0
shrinkage=0.03


Tree=123
num_leaves=7
num_cat=0
split_feature=1 22 1 17 0 13
split_gain=1113.74 816.26 963.854 786.172 561.871 513.037
threshold=-12.499999999999998 32.500000000000007 22.500000000000004 1.0000000180025095e-35 97.500000000000014 1.0000000180025095e-35
decision_type=8 8 10 8 2 10
left_child=-1 2 3 -2 5 -5
right_child=1 -3 -4 4 -6 -7
leaf_value=-0.14362524989039399 0.1342498418553309 0.13897181638939815 -0.1640498599233427 -0.0050547826378361171 -0.15178216900144306 0.13331374294228024
leaf_weight=38 39 39 24 223 15.999999999999998 22
leaf_count=38 39 39 24 223 16 22
internal_value=0.000857085 0.0177279 0.00124347 0.0169395 -0.00278363 0.00978792
internal_weight=401 363 324 300 261 245
internal_count=401 363 324 300 261 245
is_linear=0
shrinkage=0.03


Tree=124
num_leaves=7
num_cat=0
split_feature=6 2 2 1 11 2
split_gain=962.17 835.308 979.133 1344.38 852.448 575.185
threshold=1.0000000180025095e-35 20.450000000000003 14.450000000000001 -12.499999999999998 -14.499999999999998 11.65
decision_type=10 2 2 10 10 2
left_child=1 2 5 -4 -3 -1
right_child=-2 4 3 -5 -6 -7
leaf_value=0.058494715279824021 -0.095160653920029287 -0.20723782153129577 -0.10317362422943115 0.14327915433433747 0.052093233129252556 -0.054701420668135867
leaf_weight=69 59 20 20 119 18 84
leaf_count=69 59 20 20 119 18 84
internal_value=0.0116101 0.0318348 0.049318 0.105467 -0.0926233 -0.00341657
internal_weight=389 330 292 139 38 153
internal_count=389 330 292 139 38 153
is_linear=0
shrinkage=0.03


Tree=125
num_leaves=7
num_cat=0
split_feature=0 0 0 2 13 2
split_gain=693.079 596.33 620.162 468.313 470.78 380.318
threshold=117.50000000000001 102.50000000000001 87.500000000000014 8.3500000000000032 -11.520833333333332 14.250000000000002
decision_type=2 2 2 2 8 2
left_child=1 2 3 -1 -5 -6
right_child=-2 -3 -4 4 5 -7
leaf_value=-0.12775874049767205 -0.17136431756226914 0.14646502402813535 -0.12095275029903503 -0.1075067126419809 -0.012090755148043095 0.05668452956024557
leaf_weight=18 18 18 36 22 137 145
leaf_count=18 18 18 36 22 137 145
internal_value=-0.0114965 -0.00169477 -0.011059 0.00288887 0.0125667 0.0236439
internal_weight=394 376 358 322 304 282
internal_count=394 376 358 322 304 282
is_linear=0
shrinkage=0.03


Tree=126
num_leaves=7
num_cat=0
split_feature=22 4 4 16 22 13
split_gain=730.755 481.204 918.828 510.591 912.281 457.284
threshold=-53.499999999999993 0.68301270189221941 0.25000000000000011 5.5000000000000009 3.5416666666666674 -1.0000000180025095e-35
decision_type=8 2 2 10 10 8
left_child=-1 2 5 4 -4 -2
right_child=1 -3 3 -5 -6 -7
leaf_value=-0.15471738728609952 -0.071828189472956896 -0.11753684452601841 0.072661818695756109 -0.00098296877837950178 0.3224231583731515 0.021969625654915146
leaf_weight=17 53 15.999999999999998 47 26 15.999999999999998 237
leaf_count=17 53 16 47 26 16 237
internal_value=0.0139026 0.0230029 0.0303892 0.111902 0.155137 0.00390039
internal_weight=412 395 379 89 63 290
internal_count=412 395 379 89 63 290
is_linear=0
shrinkage=0.03


Tree=127
num_leaves=7
num_cat=0
split_feature=0 2 22 17 4 13
split_gain=1210.77 1027.47 1816.98 973.522 577.746 562.891
threshold=82.500000000000014 14.950000000000001 -59.999999999999993 18.500000000000004 0.25000000000000011 4.2303921568627461
decision_type=2 2 10 10 2 10
left_child=3 -2 -3 5 -4 -1
right_child=1 2 4 -5 -6 -7
leaf_value=-0.010940564980389931 -0.27910387255251407 -0.26763939515404078 -0.019950121700763702 0.21187199251992361 0.17976733374595641 0.15011755875178745
leaf_weight=274 19 18 35 15.999999999999998 14.999999999999998 15.999999999999998
leaf_count=274 19 18 35 16 15 16
internal_value=-0.0138379 -0.109314 -0.046005 0.0146282 0.0508608 0.000339156
internal_weight=393 87 68 306 50 290
internal_count=393 87 68 306 50 290
is_linear=0
shrinkage=0.03


Tree=128
num_leaves=7
num_cat=0
split_feature=0 6 1 4 4 22
split_gain=2745.08 925.99 783.178 1089.38 1694.77 657.655
threshold=122.50000000000001 1.0000000180025095e-35 12.500000000000002 0.25000000000000011 -0.6830127018922193 23.166666666666668
decision_type=2 10 10 2 2 10
left_child=1 2 5 4 -4 -1
right_child=-2 -3 3 -5 -6 -7
leaf_value=-0.01735198348483517 -0.35787431716918944 -0.10391166798049403 0.16889042277421268 0.22972235931668961 -0.16424379768470923 0.15767392192568097
leaf_weight=237 14.999999999999998 57 23 30 22 15.999999999999998
leaf_count=237 15 57 23 30 22 16
internal_value=-0.0151936 0.00257457 0.0223622 0.104183 0.00588699 -0.00344197
internal_weight=400 385 328 75 45 253
internal_count=400 385 328 75 45 253
is_linear=0
shrinkage=0.03


Tree=129
num_leaves=7
num_cat=0
split_feature=6 12 5 17 5 22
split_gain=833.381 600.861 808.721 1116.65 831.815 1200.08
threshold=1.0000000180025095e-35 11.000000000000005 -0.9330127018922193 -68.999999999999986 -0.5 -2.3749999999999996
decision_type=10 8 2 10 2 10
left_child=1 -1 -3 -4 -5 -6
right_child=-2 2 3 4 5 -7
leaf_value=0.12449061568340529 -0.095980526941918554 -0.11996012605153597 -0.013123773144656107 0.23999967288225887 0.15102895639836789 -0.13380520758421524
leaf_weight=41 57 34 185 27 27 18
leaf_count=41 57 34 185 27 27 18
internal_value=0.00517566 0.0237092 0.00764674 0.0264957 0.122538 0.0351081
internal_weight=389 332 291 257 72 45
internal_count=389 332 291 257 72 45
is_linear=0
shrinkage=0.03


Tree=130
num_leaves=7
num_cat=0
split_feature=20 12 2 0 0 22
split_gain=863.295 782.377 676.73 1197.11 933.818 683.063
threshold=-24.499999999999996 -1.0000000180025095e-35 18.000000000000004 62.500000000000007 57.500000000000007 17.297058823529415
decision_type=8 10 2 2 2 8
left_child=-1 2 4 -4 -2 -6
right_child=1 -3 3 -5 5 -7
leaf_value=-0.1573461590600865 -0.016115443533972689 0.12097569672597779 0.028123158656182833 -0.17172740807533263 0.053393581777811047 0.26555287170410152
leaf_weight=23 147 49 56 45 55 14.999999999999998
leaf_count=23 147 49 56 45 55 15
internal_value=0.00334497 0.015395 -0.00249453 -0.0648194 0.0273204 0.113529
internal_weight=390 367 318 101 217 70
internal_count=390 367 318 101 217 70
is_linear=0
shrinkage=0.03


Tree=131
num_leaves=7
num_cat=0
split_feature=0 17 1 6 0 1
split_gain=2517.34 1142.42 990.63 778.104 525.028 521.496
threshold=122.50000000000001 -18.499999999999996 -7.4999999999999991 1.0000000180025095e-35 52.500000000000007 7.5000000000000009
decision_type=2 10 10 10 2 10
left_child=1 3 -3 5 -4 -1
right_child=-2 2 4 -5 -6 -7
leaf_value=-0.0076569910926098765 -0.30923013346535821 -0.073638772487640378 0.04440635442733764 -0.094782101889369919 0.23495308204837467 0.078666186149824749
leaf_weight=171 15.999999999999998 14.999999999999998 22 56 41 94
leaf_count=171 16 15 22 56 41 94
internal_value=0.0111877 0.0277046 0.126916 0.00202029 0.176571 0.023853
internal_weight=415 399 78 321 63 265
internal_count=415 399 78 321 63 265
is_linear=0
shrinkage=0.03


Tree=132
num_leaves=7
num_cat=0
split_feature=1 2 2 0 17 0
split_gain=754.413 876.779 1671.15 866.868 858.56 586.307
threshold=-12.499999999999998 20.450000000000003 14.850000000000003 77.500000000000014 -1.4999999999999998 52.500000000000007
decision_type=8 2 2 2 8 2
left_child=-1 2 3 -2 -4 -3
right_child=1 5 4 -5 -6 -7
leaf_value=-0.1046235113781552 0.020365443884188102 0.03256530760122197 0.28324862415420599 -0.15522526714950799 0.084944527118599844 -0.15652869941507067
leaf_weight=38 157 23 24 25 86 30
leaf_count=38 157 23 24 25 86 30
internal_value=0.0142297 0.0286284 0.0491132 -0.00725966 0.138645 -0.0787358
internal_weight=383 345 292 182 110 53
internal_count=383 345 292 182 110 53
is_linear=0
shrinkage=0.03


Tree=133
num_leaves=7
num_cat=0
split_feature=2 2 0 0 0 5
split_gain=665.74 1488.45 1648.38 1590.8 1407.47 904.983
threshold=14.450000000000001 18.000000000000004 42.500000000000007 62.500000000000007 77.500000000000014 -0.24999999999999994
decision_type=2 2 2 2 2 2
left_child=4 2 -2 5 -1 -3
right_child=1 3 -4 -5 -6 -7
leaf_value=-0.018782552690637937 -0.073363853539189977 -0.043885803669691081 0.19758453769439999 -0.13674013989356656 -0.25741901746162998 0.17001593399172027
leaf_weight=161 26 32 61 67 21 31
leaf_count=161 26 32 61 67 21 31
internal_value=-0.0108737 0.0244045 0.117025 -0.0396185 -0.0524642 0.0661294
internal_weight=399 217 87 130 182 63
internal_count=399 217 87 130 182 63
is_linear=0
shrinkage=0.03


Tree=134
num_leaves=7
num_cat=0
split_feature=22 2 2 1 2 22
split_gain=927.86 508.345 1021 454.469 372.231 700.051
threshold=-23.833333333333332 20.450000000000003 14.450000000000001 1.0000000180025095e-35 11.850000000000003 13.642647058823529
decision_type=8 2 2 10 2 8
left_child=-1 2 4 -4 -2 -6
right_child=1 -3 3 -5 5 -7
leaf_value=-0.097245385120622807 0.038869086035397335 -0.057254686864939598 0.030224395495540693 0.15113395729161139 -0.0011325979756342398 -0.19555967981165107
leaf_weight=59 81 50 48 74 69 17
leaf_count=59 81 50 48 74 69 17
internal_value=0.00775528 0.0271776 0.0425105 0.106626 -0.00606618 -0.0481992
internal_weight=398 339 289 122 167 86
internal_count=398 339 289 122 167 86
is_linear=0
shrinkage=0.03


Tree=135
num_leaves=7
num_cat=0
split_feature=0 1 0 22 5 2
split_gain=1472.83 471.232 542.985 493.409 683.633 452.741
threshold=107.50000000000001 12.500000000000002 32.500000000000007 1.0000000180025095e-35 0.25000000000000017 8.3500000000000032
decision_type=2 10 2 8 2 2
left_child=1 2 -1 -3 -5 -4
right_child=-2 3 5 4 -6 -7
leaf_value=0.10781178401275114 -0.20366370856761931 -0.02573910118177019 -0.154928611772401 0.023518497409491704 0.26343562351805822 -0.0098608980305261804
leaf_weight=28 27 24 15.999999999999998 24 15.999999999999998 261
leaf_count=28 27 24 16 24 16 261
internal_value=-0.0083995 0.00841989 -0.00747971 0.0792428 0.138093 -0.0208387
internal_weight=396 369 305 64 40 277
internal_count=396 369 305 64 40 277
is_linear=0
shrinkage=0.03


Tree=136
num_leaves=7
num_cat=0
split_feature=0 20 5 17 1 21
split_gain=1053.11 503.603 471.042 746.776 839.01 531.496
threshold=112.50000000000001 -23.499999999999996 -0.9330127018922193 -1.4999999999999998 1.0000000180025095e-35 3.2681372549019625
decision_type=2 8 2 8 10 10
left_child=1 -1 -3 4 -4 -5
right_child=-2 2 3 5 -6 -7
leaf_value=-0.12255821142918788 -0.20846245245500045 -0.067021930607882418 -0.027940794646739958 -0.0022842276995052157 0.2417467471105712 0.15834697851911186
leaf_weight=21 17 50 14.999999999999998 252 23 14.999999999999998
leaf_count=21 17 50 15 252 23 15
internal_value=-0.0067058 0.0050322 0.0141772 0.0283548 0.144421 0.0094849
internal_weight=393 376 355 305 38 267
internal_count=393 376 355 305 38 267
is_linear=0
shrinkage=0.03


Tree=137
num_leaves=7
num_cat=0
split_feature=2 0 17 0 1 0
split_gain=772.878 1149.36 696.974 1051.82 883.859 763.554
threshold=19.350000000000005 87.500000000000014 -77.499999999999986 52.500000000000007 17.500000000000004 67.500000000000014
decision_type=2 2 10 2 10 2
left_child=2 -2 5 -4 -5 -1
right_child=1 -3 3 4 -6 -7
leaf_value=0.032008721310505889 -0.011189801966818638 -0.25482795409534287 -0.054945378388677323 0.25075351041555405 -0.014642231090459971 -0.08947809023962866
leaf_weight=182 74 18 23 35 14.999999999999998 57
leaf_count=182 74 18 23 35 15 57
internal_value=0.00462537 -0.0695365 0.0272455 0.105113 0.177042 0.00179504
internal_weight=404 92 312 73 50 239
internal_count=404 92 312 73 50 239
is_linear=0
shrinkage=0.03


Tree=138
num_leaves=7
num_cat=0
split_feature=22 22 4 13 4 17
split_gain=995.41 759.429 450.014 405.828 486.238 565.315
threshold=-53.499999999999993 29.000000000000004 0.25000000000000011 -0.56078431372548809 -0.5 -1.4999999999999998
decision_type=8 10 2 10 2 8
left_child=-1 2 3 4 5 -2
right_child=1 -3 -4 -5 -6 -7
leaf_value=-0.20344088912010191 0.12904357428734117 0.18406638656343732 0.053284207327051615 0.089003605012382775 -0.08408127414457725 -0.022409520934132354
leaf_weight=15.999999999999998 21 15.999999999999998 96 23 94 146
leaf_count=16 21 16 96 23 94 146
internal_value=-0.00212424 0.00844501 -0.00124401 -0.0202791 -0.0314013 -0.000166888
internal_weight=412 396 380 284 261 167
internal_count=412 396 380 284 261 167
is_linear=0
shrinkage=0.03


Tree=139
num_leaves=7
num_cat=0
split_feature=22 19 2 2 20 1
split_gain=812.65 480.171 427.59 606.298 554.012 541.326
threshold=-41.299742647058814 -4.4999999999999991 20.450000000000003 14.250000000000002 -17.499999999999996 -12.499999999999998
decision_type=8 8 2 2 10 10
left_child=-1 -2 3 4 -3 -5
right_child=1 2 -4 5 -6 -7
leaf_value=-0.16138191276583178 -0.1020069550190653 -0.057799536638038676 -0.069411444524501223 -0.059682524442672726 0.057115447480351689 0.09778674363344908
leaf_weight=24 30 92 42 20 57 115
leaf_count=24 30 92 42 20 57 115
internal_value=-0.00866418 0.00372401 0.0148478 0.0282939 -0.0134117 0.0731596
internal_weight=380 356 326 284 149 135
internal_count=380 356 326 284 149 135
is_linear=0
shrinkage=0.03


Tree=140
num_leaves=7
num_cat=0
split_feature=0 17 1 21 17 0
split_gain=1833.9 973.281 1965.97 776.134 563.13 660.987
threshold=122.50000000000001 -1.4999999999999998 1.0000000180025095e-35 -2.2728758169934631 18.500000000000004 32.500000000000007
decision_type=2 8 10 10 10 2
left_child=1 2 -1 4 5 -3
right_child=-2 3 -4 -5 -6 -7
leaf_value=-0.071040376853942877 -0.27755770003795621 0.092752945992876507 0.30125837972451902 0.10412217444843716 0.10255970662639986 -0.04884235987007618
leaf_weight=20 14.999999999999998 29 24 49 26 245
leaf_count=20 15 29 24 49 26 245
internal_value=0.00279489 0.0168478 0.142051 -0.000720456 -0.0192709 -0.0324623
internal_weight=408 393 44 349 300 274
internal_count=408 393 44 349 300 274
is_linear=0
shrinkage=0.03


Tree=141
num_leaves=7
num_cat=0
split_feature=0 2 0 2 0 2
split_gain=1640.36 541.601 958.591 503.98 1256.05 749.508
threshold=122.50000000000001 19.450000000000003 87.500000000000014 14.450000000000001 42.500000000000007 16.650000000000002
decision_type=2 2 2 2 2 2
left_child=1 3 -3 -1 -5 -6
right_child=-2 2 -4 4 5 -7
leaf_value=-0.0044927603468537967 -0.2586381190473383 -0.0011343353367471074 -0.22368308291487071 -0.072092277499345631 0.21897541763989822 0.038101319588245225
leaf_weight=182 17 72 18 34 41 42
leaf_count=182 17 72 18 34 41 42
internal_value=-0.00659418 0.00756302 -0.0550743 0.0270128 0.074197 0.134814
internal_weight=406 389 90 299 117 83
internal_count=406 389 90 299 117 83
is_linear=0
shrinkage=0.03


Tree=142
num_leaves=7
num_cat=0
split_feature=22 22 20 19 22 16
split_gain=670.199 461.421 362.841 334.818 370.729 519.294
threshold=29.000000000000004 -47.999999999999993 -1.4999999999999998 5.5000000000000009 -1.2916666666666663 36.500000000000007
decision_type=10 8 10 8 10 8
left_child=1 -1 3 -3 -5 -6
right_child=-2 2 -4 4 5 -7
leaf_value=-0.14868846562775698 0.15152521537697833 -0.084485378398707039 0.069056717838559836 0.023408318609907858 0.017647574298522054 -0.12324613564688226
leaf_weight=17 18 52 44 159 46 41
leaf_count=17 18 52 44 159 46 41
internal_value=-0.00562378 -0.0154763 -0.00680755 -0.0189637 -0.0037065 -0.0518402
internal_weight=377 359 342 298 246 87
internal_count=377 359 342 298 246 87
is_linear=0
shrinkage=0.03


Tree=143
num_leaves=7
num_cat=0
split_feature=17 17 7 1 15 2
split_gain=710.834 559.314 627.667 581.858 762.237 555.563
threshold=18.500000000000004 -1.4999999999999998 1.0000000180025095e-35 1.0000000180025095e-35 5.5000000000000009 14.450000000000001
decision_type=10 10 10 10 8 2
left_child=1 2 3 -1 -5 -6
right_child=-2 -3 -4 4 5 -7
leaf_value=-0.022090526023770079 0.14422035551071166 -0.11510647261945101 -0.080217583081685001 -0.11448163139820099 0.021236693078363445 0.14285484479891286
leaf_weight=131 25 34 59 14.999999999999998 66 69
leaf_count=131 25 34 59 15 66 69
internal_value=0.00368478 -0.00748802 0.00478607 0.0237242 0.0631576 0.086279
internal_weight=399 374 340 281 150 135
internal_count=399 374 340 281 150 135
is_linear=0
shrinkage=0.03


Tree=144
num_leaves=7
num_cat=0
split_feature=20 12 2 5 17 2
split_gain=528.223 604.407 406.752 317.031 577.776 580.062
threshold=-24.499999999999996 -1.0000000180025095e-35 14.450000000000001 -0.9330127018922193 -68.999999999999986 14.15
decision_type=8 10 2 2 10 2
left_child=-1 3 -3 -2 -5 -6
right_child=1 2 -4 4 5 -7
leaf_value=-0.12118467430983272 -0.080310785483568903 0.016465803872922371 0.19001539435651565 -0.014278339134934155 -0.051170648634433741 0.12977544593183618
leaf_weight=23 35 24 22 225 19 52
leaf_count=23 35 24 22 225 19 52
internal_value=0.00466027 0.0138235 0.109959 -0.00097424 0.00958501 0.0811724
internal_weight=400 377 46 331 296 71
internal_count=400 377 46 331 296 71
is_linear=0
shrinkage=0.03


Tree=145
num_leaves=7
num_cat=0
split_feature=0 22 2 0 17 1
split_gain=1374.54 680.536 515.503 1190.24 901.268 429.946
threshold=122.50000000000001 29.000000000000004 19.450000000000003 62.500000000000007 -3.4999999999999996 -12.499999999999998
decision_type=2 10 2 2 8 8
left_child=1 2 4 -4 -1 -6
right_child=-2 -3 3 -5 5 -7
leaf_value=0.16672336214780809 -0.25345237290859218 0.16373682228001679 0.035642220495229075 -0.18671688726970126 -0.13706310970442634 0.0042636175373835222
leaf_weight=25 14.999999999999998 17 42 37 15.999999999999998 247
leaf_count=25 15 17 42 37 16 247
internal_value=-0.0109801 0.00162749 -0.0079815 -0.0734158 0.010914 -0.00673095
internal_weight=399 384 367 79 288 263
internal_count=399 384 367 79 288 263
is_linear=0
shrinkage=0.03


Tree=146
num_leaves=7
num_cat=0
split_feature=0 17 2 2 17 4
split_gain=868.696 756.32 723.164 2140.05 884.336 468.149
threshold=82.500000000000014 18.500000000000004 14.15 17.100000000000005 -68.999999999999986 -0.5
decision_type=2 10 2 2 10 2
left_child=1 5 -2 -4 -5 -1
right_child=2 -3 3 4 -6 -7
leaf_value=0.050288741483967357 -0.23485501314912521 0.19432991526343604 0.20306759412288666 -0.23215820725668559 -0.0024857035550204191 -0.026155919232279869
leaf_weight=136 15.999999999999998 17 20 28 28 143
leaf_count=136 16 17 20 28 28 143
internal_value=-0.000263664 0.0249 -0.0783352 -0.0329205 -0.126939 0.0113367
internal_weight=388 296 92 76 56 279
internal_count=388 296 92 76 56 279
is_linear=0
shrinkage=0.03


Tree=147
num_leaves=7
num_cat=0
split_feature=1 11 2 0 2 0
split_gain=727.632 692.945 684.543 936.204 1215.02 1052.85
threshold=-12.499999999999998 5.5000000000000009 20.450000000000003 47.500000000000007 14.450000000000001 72.500000000000014
decision_type=8 8 2 2 2 2
left_child=-1 -2 3 -3 5 -5
right_child=1 2 -4 4 -6 -7
leaf_value=-0.12426003714925365 -0.043847638237334431 -0.019755373180630694 -0.080164336363474531 0.096394595545391704 0.18610365758213815 -0.14545368670270992
leaf_weight=33 121 78 31 38 74 21
leaf_count=33 121 78 31 38 74 21
internal_value=0.000730835 0.0136276 0.042671 0.0621559 0.109169 0.00567456
internal_weight=396 363 242 211 133 59
internal_count=396 363 242 211 133 59
is_linear=0
shrinkage=0.03


Tree=148
num_leaves=7
num_cat=0
split_feature=0 2 2 1 17 0
split_gain=632.47 805.062 1640.91 980.613 607.338 464.769
threshold=82.500000000000014 14.750000000000002 17.100000000000005 7.5000000000000009 10.500000000000002 32.500000000000007
decision_type=2 2 2 10 10 2
left_child=4 -2 -3 -4 5 -1
right_child=1 2 3 -5 -6 -7
leaf_value=0.10613580481023402 -0.22723118207671425 0.20536574981429359 -0.010030216295272112 -0.25752759380774065 0.15341113661016734 -0.0076176292729357442
leaf_weight=32 17 17 43 17 23 252
leaf_count=32 17 17 43 17 23 252
internal_value=-0.000894806 -0.0669505 -0.019866 -0.0945701 0.0200795 0.00681417
internal_weight=401 94 77 60 307 284
internal_count=401 94 77 60 307 284
is_linear=0
shrinkage=0.03


Tree=149
num_leaves=7
num_cat=0
split_feature=17 17 22 20 12 5
split_gain=789.236 511.538 511.813 388.458 476.374 1066
threshold=18.500000000000004 -1.4999999999999998 -56.499999999999993 -8.4999999999999982 13.950000000000005 -0.9330127018922193
decision_type=10 10 8 8 8 2
left_child=1 2 -1 -4 -5 -6
right_child=-2 -3 3 4 5 -7
leaf_value=-0.14841317743062973 0.15864028820624718 -0.11819240707803418 -0.04857642341405153 0.10500160086899996 -0.18842425797296605 0.027477310884551485
leaf_weight=14.999999999999998 21 32 79 49 18 191
leaf_count=15 21 32 79 49 18 191
internal_value=-0.00140311 -0.0120821 -0.000915411 0.00772357 0.0255585 0.00491493
internal_weight=405 384 352 337 258 209
internal_count=405 384 352 337 258 209
is_linear=0
shrinkage=0.03


Tree=150
num_leaves=7
num_cat=0
split_feature=22 15 5 1 12 1
split_gain=949.172 529.211 601.078 670.876 487.213 319.341
threshold=-41.299742647058814 -2.4999999999999996 -0.9330127018922193 12.500000000000002 8.5500000000000025 1.0000000180025095e-35
decision_type=8 8 2 10 8 10
left_child=-1 5 4 -4 -3 -2
right_child=1 2 3 -5 -6 -7
leaf_value=-0.16623885703938346 0.018022989994319887 0.045647716787126327 0.020420995398633804 0.13132040978875012 -0.12309745286233151 -0.1364086764474069
leaf_weight=23 18 22 222 59 34 26
leaf_count=23 18 22 222 59 34 26
internal_value=0.00245216 0.014657 0.0276952 0.0455947 -0.0584969 -0.0778396
internal_weight=404 381 337 281 56 44
internal_count=404 381 337 281 56 44
is_linear=0
shrinkage=0.03


Tree=151
num_leaves=7
num_cat=0
split_feature=22 0 1 22 4 16
split_gain=576.42 512.563 582.877 482.169 477.916 348.698
threshold=29.000000000000004 32.500000000000007 -12.499999999999998 29.000000000000004 -0.93301270189221908 -54.999999999999993
decision_type=10 2 10 8 2 10
left_child=1 -1 -3 4 -4 -6
right_child=-2 2 3 -5 5 -7
leaf_value=0.11641908442770893 0.16907034945487975 -0.1252844823108 0.13659697108715774 0.13477127939462663 -0.053004866118838145 0.014387562492827199
leaf_weight=28 14.999999999999998 29 14.999999999999998 19 118 154
leaf_count=28 15 29 15 19 118 154
internal_value=0.0122664 0.0035778 -0.00742705 0.00557709 -0.00513711 -0.0152779
internal_weight=378 363 335 306 287 272
internal_count=378 363 335 306 287 272
is_linear=0
shrinkage=0.03


Tree=152
num_leaves=7
num_cat=0
split_feature=20 13 16 2 2 4
split_gain=594.795 553.172 334.839 348.132 919.199 482.393
threshold=-23.499999999999996 1.0000000180025095e-35 5.5000000000000009 18.000000000000004 14.15 0.25000000000000011
decision_type=8 10 10 2 2 2
left_child=-1 2 3 4 -2 -6
right_child=1 -3 -4 -5 5 -7
leaf_value=-0.13180600379194529 -0.017130415315332357 0.13083619584795086 -0.070704497169045838 -0.032230249327027567 0.050850478340003447 0.20642996826479512
leaf_weight=23 123 27 46 101 54 26
leaf_count=23 123 27 46 101 54 26
internal_value=0.00168066 0.011443 0.000519657 0.0122667 0.0346481 0.110582
internal_weight=400 377 350 304 203 80
internal_count=400 377 350 304 203 80
is_linear=0
shrinkage=0.03


Tree=153
num_leaves=7
num_cat=0
split_feature=0 0 0 4 21 22
split_gain=703.225 402.404 543.364 525.559 542.205 361.762
threshold=112.50000000000001 102.50000000000001 67.500000000000014 -0.93301270189221908 3.7705882352941189 24.757058823529416
decision_type=2 2 2 2 10 8
left_child=1 2 3 -1 5 -5
right_child=-2 -3 -4 4 -6 -7
leaf_value=0.15357785813510419 -0.16561999962880061 0.11757906226360279 -0.076504579730416564 -0.031552906522416678 0.13972111998633904 0.070681253574989944
leaf_weight=15.999999999999998 21 18 83 197 17 32
leaf_count=16 21 18 83 197 17 32
internal_value=-0.0148938 -0.0040423 -0.0119768 0.00951505 -0.00272755 -0.0160619
internal_weight=384 363 345 262 246 229
internal_count=384 363 345 262 246 229
is_linear=0
shrinkage=0.03


Tree=154
num_leaves=7
num_cat=0
split_feature=0 2 0 0 11 5
split_gain=1153.11 583.698 1099.19 541.091 654.597 1117.61
threshold=122.50000000000001 19.450000000000003 87.500000000000014 52.500000000000007 1.5000000000000002 -0.9330127018922193
decision_type=2 2 2 2 8 2
left_child=1 3 -3 -1 -5 -6
right_child=-2 2 -4 4 5 -7
leaf_value=-0.016198851468647461 -0.23370818102359769 -0.0091613751091063015 -0.26333724072575565 -0.043074707847375132 -0.066650146080979272 0.1607263650686333
leaf_weight=161 14.999999999999998 67 14.999999999999998 34 23 71
leaf_count=161 15 67 15 34 23 71
internal_value=-0.011817 0.000142853 -0.0681191 0.0203404 0.0651811 0.104535
internal_weight=386 371 82 289 128 94
internal_count=386 371 82 289 128 94
is_linear=0
shrinkage=0.03


Tree=155
num_leaves=7
num_cat=0
split_feature=0 1 20 5 1 22
split_gain=1649.38 666.838 414.513 460.162 670.697 519.863
threshold=122.50000000000001 -17.499999999999996 -17.499999999999996 -0.9330127018922193 12.500000000000002 -2.941830065359476
decision_type=2 10 8 2 10 10
left_child=1 -1 -3 5 -5 -4
right_child=-2 2 3 4 -6 -7
leaf_value=-0.15094936951347021 -0.27342424035072327 -0.074900059932615698 -0.16282911953718765 0.015813981579989193 0.12532837159931659 0.020356775428119457
leaf_weight=18 14.999999999999998 36 18 220 61 33
leaf_count=18 15 36 18 220 61 33
internal_value=-0.0077658 0.00592217 0.0155158 0.0262858 0.041363 -0.0530627
internal_weight=401 386 368 332 281 51
internal_count=401 386 368 332 281 51
is_linear=0
shrinkage=0.03


Tree=156
num_leaves=7
num_cat=0
split_feature=22 0 13 20 2 1
split_gain=779.27 341.075 352.138 495.904 543.824 354.78
threshold=-53.499999999999993 32.500000000000007 -10.92532297199816 -23.499999999999996 18.350000000000005 1.0000000180025095e-35
decision_type=8 2 10 10 2 10
left_child=-1 -2 5 4 -4 -3
right_child=1 2 3 -5 -6 -7
leaf_value=-0.17241017554117283 0.098085170553394538 -0.055034275404253943 -0.12036543230971564 0.13263622669208991 0.094057762026786798 0.011903099541503913
leaf_weight=18 29 117 18 33 14.999999999999998 168
leaf_count=18 29 117 18 33 15 168
internal_value=-0.00281031 0.00735812 -0.00141016 0.0584919 -0.0233487 -0.0160515
internal_weight=398 380 351 66 33 285
internal_count=398 380 351 66 33 285
is_linear=0
shrinkage=0.03


Tree=157
num_leaves=7
num_cat=0
split_feature=0 0 20 0 16 17
split_gain=1602.93 638.22 484.023 434.238 429.303 338.924
threshold=122.50000000000001 102.50000000000001 2.5000000000000004 72.500000000000014 9.5000000000000018 10.500000000000002
decision_type=2 2 10 2 10 10
left_child=1 2 3 4 5 -1
right_child=-2 -3 -4 -5 -6 -7
leaf_value=-0.017675373645199995 -0.25993801559720719 0.14992140756713018 0.11830861093742506 -0.077352852000736841 0.11317380487918853 0.11127169024944304
leaf_weight=219 15.999999999999998 22 23 66 25 14.999999999999998
leaf_count=219 16 22 23 66 25 15
internal_value=-0.00493316 0.00941288 -0.00146756 -0.0116081 0.00629305 -0.0072546
internal_weight=386 370 348 325 259 234
internal_count=386 370 348 325 259 234
is_linear=0
shrinkage=0.03


Tree=158
num_leaves=7
num_cat=0
split_feature=0 2 2 17 22 18
split_gain=833.741 1098.71 910.392 798.138 1298.97 274.124
threshold=72.500000000000014 14.15 20.050000000000004 -68.999999999999986 -47.999999999999993 12.500000000000002
decision_type=2 2 2 10 10 8
left_child=5 -2 3 4 -3 -1
right_child=1 2 -4 -5 -6 -7
leaf_value=-0.051038503552737986 -0.24252391521747294 -0.23102054612977163 -0.17680010372400282 0.13091831840966878 0.083073564086641571 0.03602233538937364
leaf_weight=33 21 15.999999999999998 20 33 23 243
leaf_count=33 21 16 20 33 23 243
internal_value=-0.00325387 -0.0701364 -0.0203142 0.031812 -0.0573948 0.02489
internal_weight=389 113 92 72 39 276
internal_count=389 113 92 72 39 276
is_linear=0
shrinkage=0.03


Tree=159
num_leaves=7
num_cat=0
split_feature=2 5 2 2 17 6
split_gain=816.222 686.373 1114.24 553.53 881.477 498.099
threshold=18.000000000000004 -0.5 16.050000000000004 15.850000000000003 8.5000000000000018 inf
decision_type=2 2 2 2 10 8
left_child=1 3 -3 4 -1 -2
right_child=5 2 -4 -5 -6 -7
leaf_value=0.056842163339737919 -0.011145208648929041 -0.041766686762689027 0.16069064288303769 -0.038215651238958037 0.28784937728535048 -0.13172662152812398
leaf_weight=57 68 152 24 22 17 53
leaf_count=57 68 152 24 22 17 53
internal_value=-0.00383419 0.0250099 -0.0104825 0.087377 0.124771 -0.0670932
internal_weight=393 272 176 96 74 121
internal_count=393 272 176 96 74 121
is_linear=0
shrinkage=0.03


Tree=160
num_leaves=7
num_cat=0
split_feature=2 1 2 0 2 0
split_gain=585.803 899.552 1026.92 1132.19 559.872 492.044
threshold=20.450000000000003 -12.499999999999998 14.950000000000001 82.500000000000014 15.65 57.500000000000007
decision_type=2 10 2 2 2 2
left_child=1 4 3 5 -1 -3
right_child=-2 2 -4 -5 -6 -7
leaf_value=0.029889400960611445 -0.071674580348655578 0.0011202777048250788 0.11640108488187068 -0.17676449735959371 -0.1876290143223909 0.1137948491051793
leaf_weight=15.999999999999998 55 128 114 22 21 43
leaf_count=16 55 128 114 22 21 43
internal_value=0.0151958 0.0299128 0.0470841 0.00423489 -0.101207 0.0318815
internal_weight=399 344 307 193 37 171
internal_count=399 344 307 193 37 171
is_linear=0
shrinkage=0.03


Tree=161
num_leaves=7
num_cat=0
split_feature=0 4 0 1 0 12
split_gain=772.791 450.212 994.916 729.892 558.628 797.806
threshold=122.50000000000001 0.25000000000000011 57.500000000000007 1.0000000180025095e-35 67.500000000000014 1.0000000180025095e-35
decision_type=2 2 2 10 2 10
left_child=1 4 -3 -4 5 -1
right_child=-2 2 3 -5 -6 -7
leaf_value=-0.0039875300773061237 -0.18240739989280699 -0.038557740255277986 -0.022180900812149049 0.21642698550224304 -0.074849170309655794 0.18746791970323431
leaf_weight=177 14.999999999999998 44 14.999999999999998 35 80 17
leaf_count=177 15 44 15 35 80 17
internal_value=-0.000741319 0.00900943 0.0638801 0.149336 -0.0106223 0.0170782
internal_weight=383 368 94 50 274 194
internal_count=383 368 94 50 274 194
is_linear=0
shrinkage=0.03


Tree=162
num_leaves=7
num_cat=0
split_feature=0 16 22 4 4 1
split_gain=765.698 747.967 983.578 853.65 388.14 541.97
threshold=72.500000000000014 5.5000000000000009 32.500000000000007 0.25000000000000011 -0.5 7.5000000000000009
decision_type=2 8 8 2 2 10
left_child=4 3 -3 -2 5 -1
right_child=1 2 -4 -5 -6 -7
leaf_value=0.010275108514823645 -0.089158993363380429 -0.18106800859914191 0.06189351179383018 0.16250750292902408 -0.016499123889952897 0.1283823768628968
leaf_weight=102 21 57 17 18 143 49
leaf_count=102 21 57 17 18 143 49
internal_value=-0.00692914 -0.071568 -0.124868 0.0322622 0.0186964 0.0514877
internal_weight=407 113 74 39 294 151
internal_count=407 113 74 39 294 151
is_linear=0
shrinkage=0.03


Tree=163
num_leaves=7
num_cat=0
split_feature=0 0 0 0 2 17
split_gain=830.131 574.05 963.872 331.305 379.668 634.441
threshold=122.50000000000001 102.50000000000001 92.500000000000014 32.500000000000007 9.3500000000000032 -15.999999999999998
decision_type=2 2 2 2 2 10
left_child=1 2 3 -1 -5 -6
right_child=-2 -3 -4 4 5 -7
leaf_value=0.099455836743116366 -0.19795384240150452 0.13941582069396971 -0.18888679661750793 -0.11707881431579589 -0.015833836992896057 0.10082000087289249
leaf_weight=25 14.999999999999998 20 20 20 232 46
leaf_count=25 15 20 20 20 232 46
internal_value=-0.00979098 0.000568291 -0.00941455 0.00440825 -0.00507515 0.00490884
internal_weight=378 363 343 323 298 278
internal_count=378 363 343 323 298 278
is_linear=0
shrinkage=0.03


Tree=164
num_leaves=7
num_cat=0
split_feature=0 20 1 0 22 2
split_gain=1403.88 815.717 1073.7 594.393 528.495 474.636
threshold=122.50000000000001 1.0000000180025095e-35 12.500000000000002 62.500000000000007 -9.1666666666666661 17.650000000000002
decision_type=2 8 10 2 10 2
left_child=1 3 5 -1 -4 -3
right_child=-2 2 4 -5 -6 -7
leaf_value=-0.0013704249744130447 -0.23629189699888228 0.052040030431179773 0.28228185871373052 -0.14526567749528432 0.081134399175643912 -0.046968053523729097
leaf_weight=108 14.999999999999998 121 18 29 37 62
leaf_count=108 15 121 18 29 37 62
internal_value=0.00883692 0.0216222 0.0547749 -0.0358725 0.165002 0.0181393
internal_weight=390 375 238 137 55 183
internal_count=390 375 238 137 55 183
is_linear=0
shrinkage=0.03


Tree=165
num_leaves=7
num_cat=0
split_feature=22 0 1 22 23 4
split_gain=768.77 545.26 489.192 469.277 781.085 379.111
threshold=29.000000000000004 107.50000000000001 1.0000000180025095e-35 14.200000000000001 8.0563725490196081 0.25000000000000011
decision_type=8 2 10 10 2 2
left_child=1 3 -2 5 -5 -1
right_child=2 -3 -4 4 -6 -7
leaf_value=-0.016548955953712093 2.1674931049346923e-05 -0.15116855774606974 0.18830468363232081 -0.20522851241959467 0.043768532370979135 0.066437252273871775
leaf_weight=227 23 23 22 22 17 58
leaf_count=227 23 23 22 22 17 58
internal_value=-0.00851375 -0.0240477 0.101697 -0.0128634 -0.104051 0.00119376
internal_weight=392 347 45 324 39 285
internal_count=392 347 45 324 39 285
is_linear=0
shrinkage=0.03


Tree=166
num_leaves=7
num_cat=0
split_feature=15 2 17 17 6 0
split_gain=502.216 420.349 702.859 704.802 525.179 369.179
threshold=-2.4999999999999996 20.450000000000003 -1.4999999999999998 18.500000000000004 0.75000000000000011 87.500000000000014
decision_type=8 2 8 8 8 2
left_child=-1 2 -2 -4 -3 -5
right_child=1 4 3 5 -6 -7
leaf_value=-0.079075995877604263 0.14962712754096302 0.021214896158168191 -0.1206866989135742 0.048844572692927787 -0.16051335752010346 -0.056196054145693779
leaf_weight=46 37 33 25 200 19 31
leaf_count=46 37 33 25 200 19 31
internal_value=0.00902724 0.0217362 0.0357511 0.0167413 -0.0534413 0.0338563
internal_weight=391 345 293 256 52 231
internal_count=391 345 293 256 52 231
is_linear=0
shrinkage=0.03


Tree=167
num_leaves=7
num_cat=0
split_feature=2 0 17 0 1 0
split_gain=515.917 769.267 702.956 1359.55 654.704 376.085
threshold=19.450000000000003 87.500000000000014 -68.999999999999986 52.500000000000007 17.500000000000004 32.500000000000007
decision_type=2 2 10 2 10 2
left_child=2 -2 5 -4 -5 -1
right_child=1 -3 3 4 -6 -7
leaf_value=0.11322848237518753 -0.01142171316913196 -0.21427670810533606 -0.083023042473299738 0.23491521792752401 0.0071145834241594583 -0.019396661385142368
leaf_weight=15.999999999999998 65 18 24 37 15.999999999999998 228
leaf_count=16 65 18 24 37 16 228
internal_value=-0.000638951 -0.0650896 0.0167686 0.0927826 0.172687 -0.0086009
internal_weight=404 83 321 77 53 244
internal_count=404 83 321 77 53 244
is_linear=0
shrinkage=0.03


Tree=168
num_leaves=7
num_cat=0
split_feature=21 17 22 2 0 2
split_gain=455.114 525.367 633.004 455.93 972.046 730.545
threshold=1.0000000180025095e-35 18.500000000000004 14.200000000000001 18.000000000000004 62.500000000000007 15.15
decision_type=10 10 10 2 2 2
left_child=1 2 3 5 -5 -1
right_child=-2 -3 -4 4 -6 -7
leaf_value=-0.022515577551704351 0.074866295575371222 0.10434039905153471 -0.17764302715659142 0.019519324066117404 -0.15895499962118437 0.1065682471715487
leaf_weight=159 49 24 19 55 48 47
leaf_count=159 49 24 19 55 48 47
internal_value=-0.00640208 -0.0186051 -0.0290327 -0.0172117 -0.0671616 0.00876301
internal_weight=401 352 328 309 103 206
internal_count=401 352 328 309 103 206
is_linear=0
shrinkage=0.03


Tree=169
num_leaves=7
num_cat=0
split_feature=22 13 22 22 0 2
split_gain=764.217 537.371 730.9 406.846 385.79 413.695
threshold=29.000000000000004 1.0000000180025095e-35 14.200000000000001 -53.499999999999993 32.500000000000007 14.450000000000001
decision_type=10 10 10 10 2 2
left_child=1 2 3 -1 -5 -6
right_child=-2 -3 -4 4 5 -7
leaf_value=-0.096135818537543799 0.16455379715987614 0.087860126241638858 -0.1671857450766997 0.12335646010749042 -0.052950638387203215 0.021974498586414357
leaf_weight=46 15.999999999999998 32 28 14.999999999999998 120 137
leaf_count=46 16 32 28 15 120 137
internal_value=-0.011892 -0.0214114 -0.032625 -0.0183723 -0.00372318 -0.0133529
internal_weight=394 378 346 318 272 257
internal_count=394 378 346 318 272 257
is_linear=0
shrinkage=0.03


Tree=170
num_leaves=7
num_cat=0
split_feature=0 22 17 17 4 1
split_gain=964.835 847.434 1069.7 808.716 431.178 843.353
threshold=82.500000000000014 -66.999999999999986 -15.999999999999998 18.500000000000004 -0.5 1.0000000180025095e-35
decision_type=2 10 8 10 2 10
left_child=3 -2 -3 4 5 -1
right_child=1 2 -4 -5 -6 -7
leaf_value=-0.03326120500260478 -0.26143921825289723 0.13430198676884172 -0.10405941944506208 0.20226686886378695 -0.025025552598372944 0.10963764930345925
leaf_weight=64 14.999999999999998 19 54 15.999999999999998 154 78
leaf_count=64 15 19 54 16 154 78
internal_value=-0.00264592 -0.0875811 -0.0373879 0.0223137 0.00938817 0.0462918
internal_weight=400 88 73 312 296 142
internal_count=400 88 73 312 296 142
is_linear=0
shrinkage=0.03


Tree=171
num_leaves=7
num_cat=0
split_feature=0 4 17 0 0 21
split_gain=458.527 385.619 322.24 889.792 364.082 408.314
threshold=87.500000000000014 -0.6830127018922193 -15.999999999999998 52.500000000000007 32.500000000000007 6.2107843137254894
decision_type=2 2 10 2 2 10
left_child=2 -2 4 -4 -1 -6
right_child=1 -3 3 -5 5 -7
leaf_value=0.1043762980401516 -0.18229951702058314 -0.029142585489256627 -0.060254792230469839 0.17305149967020209 -0.029245267197876779 0.10922156363725662
leaf_weight=19 17 53 23 28 226 15.999999999999998
leaf_count=19 17 53 23 28 226 16
internal_value=-0.00939087 -0.0760115 0.00651922 0.0718494 -0.00735704 -0.0180648
internal_weight=382 70 312 51 261 242
internal_count=382 70 312 51 261 242
is_linear=0
shrinkage=0.03


Tree=172
num_leaves=7
num_cat=0
split_feature=0 2 0 17 23 2
split_gain=663.961 430.94 815.796 473.443 450.376 385.221
threshold=122.50000000000001 19.450000000000003 52.500000000000007 -3.4999999999999996 -2.9142156862745092 8.0500000000000025
decision_type=2 2 2 8 2 2
left_child=1 3 4 -1 -3 -5
right_child=-2 2 -4 5 -6 -7
leaf_value=0.14454947204462118 -0.16790699279308319 -0.044293657381619722 -0.11403388805687427 -0.10951630909528051 0.15434536786241965 0.024336486322281414
leaf_weight=23 14.999999999999998 15.999999999999998 55 15.999999999999998 17 251
leaf_count=23 15 16 55 16 17 251
internal_value=0.000610405 0.0094023 -0.0470602 0.027043 0.0648798 0.0144496
internal_weight=393 378 88 290 33 267
internal_count=393 378 88 290 33 267
is_linear=0
shrinkage=0.03


Tree=173
num_leaves=7
num_cat=0
split_feature=22 2 0 20 12 22
split_gain=473.75 652.436 500.953 318.312 352.265 432.854
threshold=29.000000000000004 18.350000000000005 47.500000000000007 -24.499999999999996 -1.0000000180025095e-35 14.200000000000001
decision_type=8 2 2 8 10 10
left_child=3 2 -2 -1 5 -5
right_child=1 -3 -4 4 -6 -7
leaf_value=-0.10124527139323099 0.028934886248215386 -0.061410191606730218 0.25163842222907329 0.0037944456815830387 0.074368439217408502 -0.11138664528050206
leaf_weight=23 18 14.999999999999998 17 264 49 28
leaf_count=23 18 15 17 264 49 28
internal_value=0.0083516 0.0904244 0.155039 -0.00399465 0.00393307 -0.00893957
internal_weight=414 50 35 364 341 292
internal_count=414 50 35 364 341 292
is_linear=0
shrinkage=0.03


Tree=174
num_leaves=7
num_cat=0
split_feature=0 0 0 12 12 0
split_gain=780.994 451.275 629.612 293.523 346.993 282.077
threshold=122.50000000000001 102.50000000000001 92.500000000000014 -5.8999999999999977 8.5500000000000025 32.500000000000007
decision_type=2 2 2 10 10 2
left_child=1 2 3 5 -5 -1
right_child=-2 -3 -4 4 -6 -7
leaf_value=0.080495520053725497 -0.17686614418029784 0.12521545739904524 -0.12601160350441931 0.13643169934550919 -0.010600845914866243 -0.00727262837240046
leaf_weight=33 14.999999999999998 26 25 31 23 244
leaf_count=33 15 26 25 31 23 244
internal_value=0.00603649 0.0154108 0.00576818 0.0174484 0.0782156 0.00442534
internal_weight=397 382 356 331 54 277
internal_count=397 382 356 331 54 277
is_linear=0
shrinkage=0.03


Tree=175
num_leaves=7
num_cat=0
split_feature=22 17 22 2 2 22
split_gain=637.24 446.521 426.995 328.348 471.392 277.599
threshold=-47.999999999999993 29.000000000000004 14.200000000000001 16.850000000000005 14.950000000000001 4.0833333333333348
decision_type=8 10 8 2 2 10
left_child=-1 2 5 4 -4 -2
right_child=1 -3 3 -5 -6 -7
leaf_value=-0.17186472167139469 -0.016777141033218496 0.12569939817701067 -0.098100206417006411 -0.17998113857571627 0.078430268005891271 0.050865260163942973
leaf_weight=18 221 15.999999999999998 32 17 17 67
leaf_count=18 221 16 32 17 17 67
internal_value=-0.0185913 -0.0089426 -0.016694 -0.0825891 -0.0352637 -0.000441417
internal_weight=388 370 354 66 49 288
internal_count=388 370 354 66 49 288
is_linear=0
shrinkage=0.03


Tree=176
num_leaves=7
num_cat=0
split_feature=0 2 2 0 0 16
split_gain=329.384 279.951 764.179 1308.68 680.641 438.382
threshold=32.500000000000007 14.450000000000001 17.550000000000004 42.500000000000007 67.500000000000014 -54.999999999999993
decision_type=2 2 2 2 2 10
left_child=-1 4 3 -3 -2 -4
right_child=1 2 5 -5 -6 -7
leaf_value=0.087551743292039436 -0.010740016011893748 -0.11782798133790492 -0.0737751273997128 0.14355690519311534 -0.15235903701530051 0.040157391999630213
leaf_weight=26 145 19 85 62 34 42
leaf_count=26 145 19 85 62 34 42
internal_value=-0.00670054 -0.0140687 0.00956844 0.0789586 -0.0410489 -0.0360028
internal_weight=413 387 208 81 179 127
internal_count=413 387 208 81 179 127
is_linear=0
shrinkage=0.03


Tree=177
num_leaves=7
num_cat=0
split_feature=22 4 4 16 22 2
split_gain=643.45 592.276 646.429 654.02 631.953 427.171
threshold=-53.499999999999993 0.25000000000000011 0.68301270189221941 10.500000000000002 4.0833333333333348 14.450000000000001
decision_type=8 2 2 10 10 2
left_child=-1 5 3 4 -3 -2
right_child=1 2 -4 -5 -6 -7
leaf_value=-0.15707141841235367 -0.05741921167730564 0.074042554646730416 -0.089149652123451231 -0.044277164573254792 0.28875731706619262 0.016681332041819891
leaf_weight=18 119 43 14.999999999999998 18 15.999999999999998 157
leaf_count=18 119 43 15 18 16 157
internal_value=-0.00310402 0.00643156 0.070274 0.104873 0.15028 -0.015721
internal_weight=386 368 92 77 59 276
internal_count=386 368 92 77 59 276
is_linear=0
shrinkage=0.03


Tree=178
num_leaves=7
num_cat=0
split_feature=0 12 2 16 17 0
split_gain=817.615 365.162 507.523 343.853 347.478 403.358
threshold=92.500000000000014 -1.0000000180025095e-35 14.450000000000001 -1.4999999999999998 18.500000000000004 32.500000000000007
decision_type=2 10 2 8 10 2
left_child=1 3 -3 -1 5 -5
right_child=-2 2 -4 4 -6 -7
leaf_value=0.052809213548898698 -0.11250532706081867 -0.024572180584073067 0.17379320154396385 0.067706622651988457 0.089271530807018273 -0.050129694555256815
leaf_weight=67 55 19 21 26 18 180
leaf_count=67 55 19 21 26 18 180
internal_value=-0.0105908 0.00776581 0.0873087 -0.00445804 -0.0223661 -0.0340052
internal_weight=386 331 40 291 224 206
internal_count=386 331 40 291 224 206
is_linear=0
shrinkage=0.03


Tree=179
num_leaves=7
num_cat=0
split_feature=1 5 11 0 0 22
split_gain=479.137 604.618 549.852 794.526 641.521 389.525
threshold=-12.499999999999998 -0.9330127018922193 14.500000000000002 62.500000000000007 47.500000000000007 1.0000000180025095e-35
decision_type=10 2 8 2 2 10
left_child=-1 -2 3 -3 5 -4
right_child=1 2 4 -5 -6 -7
leaf_value=-0.090646719650729846 -0.084149555081830307 0.018068883456744071 0.060392132916966004 -0.15427487272024154 0.10613465922019844 -0.074759862452745435
leaf_weight=41 46 118 32 25 107 35
leaf_count=41 46 118 32 25 107 35
internal_value=0.00064559 0.0120484 0.0270976 -0.0162552 0.0621855 -0.0104984
internal_weight=404 363 317 143 174 67
internal_count=404 363 317 143 174 67
is_linear=0
shrinkage=0.03


Tree=180
num_leaves=7
num_cat=0
split_feature=22 2 17 2 23 2
split_gain=333.27 221.773 312.229 751.348 326.654 453.665
threshold=-47.999999999999993 8.7000000000000011 10.500000000000002 15.450000000000001 14.215196078431378 14.950000000000001
decision_type=8 2 10 2 2 2
left_child=-1 -2 4 -4 5 -3
right_child=1 2 3 -5 -6 -7
leaf_value=-0.1025350104837582 -0.091885737691606795 -0.044902159649475359 0.2043693260713057 -0.056455167487263681 0.11370590456894465 0.026264010173582798
leaf_weight=24 15.999999999999998 152 17 14.999999999999998 15.999999999999998 161
leaf_count=24 16 152 17 15 16 161
internal_value=-0.0045273 0.00297233 0.00837441 0.0910006 -0.00090416 -0.00845853
internal_weight=401 377 361 32 329 313
internal_count=401 377 361 32 329 313
is_linear=0
shrinkage=0.03


Tree=181
num_leaves=7
num_cat=0
split_feature=1 1 17 22 22 1
split_gain=530.389 506.501 489.87 443.421 324.584 414.714
threshold=-12.499999999999998 17.500000000000004 29.000000000000004 -31.833333333333332 14.200000000000001 12.500000000000002
decision_type=10 10 10 10 10 10
left_child=3 2 4 -1 5 -2
right_child=1 -3 -4 -5 -6 -7
leaf_value=-0.20126627773046493 0.01299023768556762 -0.078505676135103744 0.17110621592402459 -0.0066175847819873257 -0.06795279204845428 0.12157849508362846
leaf_weight=14.999999999999998 231 42 14.999999999999998 23 31 32
leaf_count=15 231 42 15 23 31 32
internal_value=0.0016232 0.013624 0.0271972 -0.0979213 0.0171164 0.0282243
internal_weight=389 351 309 38 294 263
internal_count=389 351 309 38 294 263
is_linear=0
shrinkage=0.03


Tree=182
num_leaves=7
num_cat=0
split_feature=0 15 4 1 17 4
split_gain=640.599 384.183 424.333 464.599 776.872 731.474
threshold=122.50000000000001 -3.4999999999999996 0.68301270189221941 -7.4999999999999991 25.500000000000004 0.25000000000000011
decision_type=2 8 2 10 8 2
left_child=1 -1 3 -3 5 -5
right_child=-2 2 -4 4 -6 -7
leaf_value=-0.085881452453987928 -0.174011634349823 -0.059666575605081297 -0.12464133882522582 0.024821584923192856 0.009927990844375208 0.25524281387329101
leaf_weight=37 14.999999999999998 54 14.999999999999998 27 242 20
leaf_count=37 15 54 15 27 242 20
internal_value=-0.00836827 1.84977e-05 0.00995708 0.0175496 0.0327469 0.137988
internal_weight=410 395 358 343 289 47
internal_count=410 395 358 343 289 47
is_linear=0
shrinkage=0.03


Tree=183
num_leaves=7
num_cat=0
split_feature=22 0 15 0 22 6
split_gain=544.324 281.224 264.452 286.412 417.057 401.926
threshold=-54.999999999999993 32.500000000000007 -3.4999999999999996 47.500000000000007 1.927777777777776 1.0000000180025095e-35
decision_type=8 2 8 2 10 10
left_child=-1 -2 -3 4 -4 -5
right_child=1 2 3 5 -6 -7
leaf_value=-0.15937329713787352 0.084286640010053121 -0.079711700178856079 0.0086352756015862092 0.036331391449715637 -0.10233986226951373 -0.090021283190983986
leaf_weight=15.999999999999998 26 38 74 180 46 21
leaf_count=16 26 38 74 180 46 21
internal_value=-0.0106353 -0.00249002 -0.00984614 -0.000479731 -0.0362972 0.0212658
internal_weight=401 385 359 321 120 201
internal_count=401 385 359 321 120 201
is_linear=0
shrinkage=0.03


Tree=184
num_leaves=7
num_cat=0
split_feature=22 1 5 2 11 22
split_gain=353.058 328.672 800.59 1211.77 960.234 577.344
threshold=-53.499999999999993 1.0000000180025095e-35 -0.9330127018922193 14.450000000000001 -28.499999999999996 6.4439215686274549
decision_type=8 10 2 2 10 10
left_child=-1 -2 -3 5 -5 -4
right_child=1 2 3 4 -6 -7
leaf_value=-0.11294413659964567 -0.024970358511898664 -0.12353704200850592 -0.066661116508276844 0.21536446864788347 0.025202096578163594 0.074377893716096877
leaf_weight=18 155 22 71 47 47 35
leaf_count=18 155 22 71 47 47 35
internal_value=0.00122465 0.00808266 0.0312019 0.0508211 0.126358 -0.018839
internal_weight=395 377 222 200 94 106
internal_count=395 377 222 200 94 106
is_linear=0
shrinkage=0.03


Tree=185
num_leaves=7
num_cat=0
split_feature=22 2 17 22 6 12
split_gain=456.03 1379.34 448.862 435.392 233.428 259.964
threshold=-66.999999999999986 18.250000000000004 -35.499999999999993 -28.999999999999996 1.0000000180025095e-35 13.950000000000005
decision_type=10 2 8 10 10 8
left_child=1 -1 -2 -4 5 -5
right_child=2 -3 3 4 -6 -7
leaf_value=0.061084401650088174 0.14299795656380329 -0.26093003381382335 -0.098977741743711864 0.090048243151572741 -0.042991579137065188 0.011614234000444413
leaf_weight=23 17 17 29 41 50 232
leaf_count=23 17 17 29 41 50 232
internal_value=0.00067843 -0.0895577 0.0115267 0.00326334 0.0138118 0.0248014
internal_weight=409 40 369 352 323 273
internal_count=409 40 369 352 323 273
is_linear=0
shrinkage=0.03


Tree=186
num_leaves=7
num_cat=0
split_feature=2 2 1 0 2 1
split_gain=267.621 362.366 552.299 564.076 837.477 628.752
threshold=20.450000000000003 14.450000000000001 -12.499999999999998 42.500000000000007 17.250000000000004 12.500000000000002
decision_type=2 2 10 2 2 10
left_child=1 -1 -3 -4 -5 -6
right_child=-2 2 3 4 5 -7
leaf_value=-0.016081249676080364 -0.057712213797815916 -0.080804618565099573 -0.031691938612077912 0.18154128466333661 0.093753251513919306 -0.096810106966230602
leaf_weight=193 53 23 37 51 32 22
leaf_count=193 53 23 37 51 32 22
internal_value=0.00215462 0.0116904 0.0436925 0.0659201 0.100194 0.0144915
internal_weight=411 358 165 142 105 54
internal_count=411 358 165 142 105 54
is_linear=0
shrinkage=0.03


Tree=187
num_leaves=7
num_cat=0
split_feature=22 17 4 15 0 21
split_gain=571.099 1336.06 590.875 271.175 255.723 290.784
threshold=-37.499999999999993 -68.999999999999986 0.68301270189221941 -2.4999999999999996 107.50000000000001 -8.1219117647058816
decision_type=8 10 2 8 2 8
left_child=1 -1 3 -2 5 -5
right_child=2 -3 -4 4 -6 -7
leaf_value=-0.28098883152008053 -0.056669445519848746 0.071164512611925593 -0.15814714819192885 -0.067123284590031418 -0.078020059051720991 0.034871906774717479
leaf_weight=16.000000000000004 44 14.999999999999998 14.999999999999998 23 18 278
leaf_count=16 44 15 15 23 18 278
internal_value=-0.010199 -0.124374 0.000666033 0.00928813 0.0191199 0.0261088
internal_weight=409 31 378 363 319 301
internal_count=409 31 378 363 319 301
is_linear=0
shrinkage=0.03


Tree=188
num_leaves=7
num_cat=0
split_feature=4 1 15 0 17 16
split_gain=288.914 320.248 593.46 520.088 526.515 479.274
threshold=0.68301270189221941 1.0000000180025095e-35 -1.4999999999999998 77.500000000000014 -15.999999999999998 5.5000000000000009
decision_type=2 10 8 2 10 8
left_child=1 -1 -3 4 -4 -5
right_child=-2 2 3 5 -6 -7
leaf_value=-0.021648045853411749 -0.10555744068963187 -0.088730365984956733 0.050315307782962913 0.086037585061529406 0.19957714970622745 -0.085678209397124075
leaf_weight=172 15.999999999999998 27 115 18 23 36
leaf_count=172 16 27 115 18 23 36
internal_value=0.00292299 0.00863884 0.0323781 0.0512287 0.0813007 -0.025999
internal_weight=407 391 219 192 138 54
internal_count=407 391 219 192 138 54
is_linear=0
shrinkage=0.03


Tree=189
num_leaves=7
num_cat=0
split_feature=22 4 6 20 20 12
split_gain=554.035 356.527 316.463 351.279 317.287 421.087
threshold=-53.499999999999993 0.68301270189221941 1.0000000180025095e-35 -12.499999999999998 -12.499999999999998 13.950000000000005
decision_type=8 2 10 10 8 8
left_child=-1 2 4 -4 -2 -6
right_child=1 -3 3 -5 5 -7
leaf_value=-0.13769785010296365 -0.072640048041939742 -0.10657995241028921 0.0098654712675785537 -0.13381270719611127 0.13138154642247571 0.026350222139096841
leaf_weight=18 19 15.999999999999998 44 18 36 241
leaf_count=18 19 16 44 18 36 241
internal_value=0.00535497 0.0139656 0.020747 -0.0387207 0.0336393 0.0420879
internal_weight=392 374 358 62 296 277
internal_count=392 374 358 62 296 277
is_linear=0
shrinkage=0.03


Tree=190
num_leaves=7
num_cat=0
split_feature=22 4 0 0 16 4
split_gain=866.01 717.989 620.523 541.724 433.083 485.557
threshold=-53.499999999999993 0.25000000000000011 67.500000000000014 52.500000000000007 9.5000000000000018 -0.93301270189221908
decision_type=8 2 2 2 10 2
left_child=-1 2 4 -3 5 -2
right_child=1 3 -4 -5 -6 -7
leaf_value=-0.17965638579534632 0.14185835734009744 -0.0032659694126674107 -0.073121055082000536 0.14092522067683083 0.1368376386165619 -0.010978268894561848
leaf_weight=15.999999999999998 15.999999999999998 37 82 58 21 167
leaf_count=16 16 37 82 58 21 167
internal_value=0.00809787 0.0182076 -0.00588656 0.0874112 0.0222418 0.00580193
internal_weight=397 381 286 95 204 183
internal_count=397 381 286 95 204 183
is_linear=0
shrinkage=0.03


Tree=191
num_leaves=7
num_cat=0
split_feature=17 22 5 17 5 18
split_gain=381.798 1042.84 427.345 630.381 839.26 305.313
threshold=-68.999999999999986 -37.499999999999993 -0.9330127018922193 -1.4999999999999998 -0.5 inf
decision_type=10 8 2 10 2 8
left_child=1 -1 -2 -4 -5 -3
right_child=2 5 3 4 -6 -7
leaf_value=-0.20834484100341796 -0.057864921803657828 -0.072967641225882937 0.16556102938950062 0.12923761241137982 -0.11458122253417968 0.014553132286159003
leaf_weight=18 21 37 37 19 22 241
leaf_count=18 21 37 37 19 22 241
internal_value=0.00295146 -0.0142076 0.052472 0.0838744 0.000174124 0.00182131
internal_weight=395 296 99 78 41 278
internal_count=395 296 99 78 41 278
is_linear=0
shrinkage=0.03


Tree=192
num_leaves=7
num_cat=0
split_feature=22 20 0 17 0 22
split_gain=391.586 303.555 253.568 254.994 370.678 211.978
threshold=29.000000000000004 5.5000000000000009 112.50000000000001 14.500000000000002 87.500000000000014 -18.791503267973855
decision_type=10 10 2 8 2 10
left_child=1 2 3 5 -5 -1
right_child=-2 -3 -4 4 -6 -7
leaf_value=-0.023877366157248614 0.12174157712947237 0.10559246188402176 -0.10304684572749667 -0.0069138678176438101 -0.1126677671250175 0.084335762045600199
leaf_weight=23 17 14.999999999999998 22 250 29 39
leaf_count=23 17 15 22 250 29 39
internal_value=-0.00135908 -0.0084124 -0.014494 -0.00737437 -0.0196963 0.0454061
internal_weight=395 378 363 341 279 62
internal_count=395 378 363 341 279 62
is_linear=0
shrinkage=0.03


Tree=193
num_leaves=7
num_cat=0
split_feature=17 17 17 2 2 12
split_gain=447 501.735 524.763 416.573 316.451 496.756
threshold=10.500000000000002 -1.4999999999999998 -68.999999999999986 10.250000000000002 14.450000000000001 -5.8999999999999977
decision_type=10 10 10 2 2 10
left_child=1 2 3 -1 -5 -6
right_child=-2 -3 -4 4 5 -7
leaf_value=0.065478256344795219 0.0914782489253127 -0.15384341722726821 0.089760834868339925 -0.064703498950982388 -0.030362722860383138 0.095165885694717109
leaf_weight=45 41 14.999999999999998 46 116 107 33
leaf_count=45 41 15 46 116 107 33
internal_value=0.00335638 -0.0077346 0.000676905 -0.0141815 -0.0291703 0.00148744
internal_weight=403 362 347 301 256 140
internal_count=403 362 347 301 256 140
is_linear=0
shrinkage=0.03


Tree=194
num_leaves=7
num_cat=0
split_feature=0 17 17 4 1 0
split_gain=365.805 293.985 284.651 272.755 617.055 475.624
threshold=82.500000000000014 -15.999999999999998 17.500000000000004 -0.5 1.0000000180025095e-35 37.500000000000007
decision_type=2 8 10 2 10 2
left_child=2 -2 3 4 5 -1
right_child=1 -3 -4 -5 -6 -7
leaf_value=0.066860513291482265 0.047347112080973128 -0.078868149632299447 0.12789983993768692 -0.017897075561708522 0.091765959761863525 -0.090393477522514074
leaf_weight=24 18 66 14.999999999999998 147 81 39
leaf_count=24 18 66 15 147 81 39
internal_value=0.00298861 -0.0506815 0.0182995 0.010585 0.0392853 -0.0299759
internal_weight=390 84 306 291 144 63
internal_count=390 84 306 291 144 63
is_linear=0
shrinkage=0.03


Tree=195
num_leaves=7
num_cat=0
split_feature=22 4 1 16 1 13
split_gain=383.301 344.435 352.293 345.676 402.808 324.642
threshold=-53.499999999999993 0.25000000000000011 17.500000000000004 10.500000000000002 12.500000000000002 -0.56078431372548809
decision_type=8 2 10 10 10 10
left_child=-1 2 5 4 -3 -2
right_child=1 3 -4 -5 -6 -7
leaf_value=-0.13281473468456947 -0.017193787890024671 0.023071170694061689 -0.11684362020985833 -0.058708082191322161 0.16752110915524618 0.094491464633208053
leaf_weight=15.999999999999998 233 51 24 18 23 21
leaf_count=16 233 51 24 18 23 21
internal_value=-0.0081346 -0.00104405 -0.017752 0.0477556 0.0757288 -0.00631407
internal_weight=386 370 278 92 74 254
internal_count=386 370 278 92 74 254
is_linear=0
shrinkage=0.03


Tree=196
num_leaves=7
num_cat=0
split_feature=22 17 17 2 2 6
split_gain=617.336 501.237 552.576 387.484 794.244 491.864
threshold=-41.299742647058814 29.000000000000004 1.0000000180025095e-35 14.850000000000003 16.750000000000004 inf
decision_type=8 10 10 2 2 8
left_child=-1 2 3 -2 5 -5
right_child=1 -3 -4 4 -6 -7
leaf_value=-0.12555816316511481 -0.014294300742666511 0.15785504673421383 -0.095039675712585439 0.029569044381380079 0.012662797154950313 0.26367331168868324
leaf_weight=27 165 14.999999999999998 40 14.999999999999998 117 17
leaf_count=27 165 15 40 15 117 17
internal_value=0.000921392 0.0117309 0.00342685 0.0172634 0.0515393 0.172762
internal_weight=396 369 354 314 149 32
internal_count=396 369 354 314 149 32
is_linear=0
shrinkage=0.03


Tree=197
num_leaves=7
num_cat=0
split_feature=20 2 2 22 17 2
split_gain=308.511 211.047 475.455 345.531 263.087 591.98
threshold=-24.499999999999996 11.450000000000001 13.250000000000002 -3.329095238095237 -1.4999999999999998 18.000000000000004
decision_type=8 2 2 8 8 2
left_child=-1 -2 3 -3 5 -4
right_child=1 2 4 -5 -6 -7
leaf_value=-0.096817600594626518 0.050463701639189777 0.025960538774728776 0.19180635874921623 -0.13799667795499165 -0.0025742997335031696 -0.0079600405202884424
leaf_weight=22 78 14.999999999999998 17 31 206 33
leaf_count=22 78 15 17 31 206 33
internal_value=0.00122807 0.00808805 -0.00350029 -0.0872288 0.0129275 0.0712229
internal_weight=402 380 302 46 256 50
internal_count=402 380 302 46 256 50
is_linear=0
shrinkage=0.03


Tree=198
num_leaves=7
num_cat=0
split_feature=0 17 2 0 20 1
split_gain=368.18 557.638 469.581 463.179 923.26 417.919
threshold=67.500000000000014 -68.999999999999986 19.650000000000002 47.500000000000007 1.0000000180025095e-35 17.500000000000004
decision_type=2 10 2 2 8 10
left_child=3 -2 5 -1 -5 -3
right_child=1 2 -4 4 -6 -7
leaf_value=-0.016143827813513138 -0.10050668035944302 0.14219004563242196 -0.098692202433943735 -0.031487982775035651 0.13395846767679734 -0.040959149122238157
leaf_weight=165 67 25 14.999999999999998 52 63 14.999999999999998
leaf_count=165 67 25 15 52 63 15
internal_value=-0.00293341 -0.0453843 0.0245446 0.0160348 0.060953 0.0765893
internal_weight=402 122 55 280 115 40
internal_count=402 122 55 280 115 40
is_linear=0
shrinkage=0.03


Tree=199
num_leaves=7
num_cat=0
split_feature=0 2 2 22 12 22
split_gain=456.592 684.212 1154.14 753.976 612.973 343.76
threshold=67.500000000000014 14.850000000000003 16.850000000000005 -59.999999999999993 -4.4999999999999991 32.500000000000007
decision_type=2 2 2 10 10 8
left_child=4 -2 -3 -4 5 -1
right_child=1 2 3 -5 -6 -7
leaf_value=-0.02143986288071522 -0.1754193663597107 0.15704342365264892 -0.21833619677502175 -0.014446751325158401 0.13676417782902717 0.078865725199381509
leaf_weight=207 29 21 18 59 25 31
leaf_count=207 29 21 18 59 25 31
internal_value=-0.0137484 -0.0592989 -0.0180893 -0.0725162 0.00894343 -0.00702093
internal_weight=390 127 98 77 263 238
internal_count=390 127 98 77 263 238
is_linear=0
shrinkage=0.03


Tree=200
num_leaves=7
num_cat=0
split_feature=0 13 17 19 3 2
split_gain=898.744 338.818 286.779 256.913 242.524 208.426
threshold=97.500000000000014 -9.7470588235294127 -15.999999999999998 -5.4999999999999991 1.0000000180025095e-35 14.250000000000002
decision_type=2 8 8 8 2 2
left_child=1 -1 -3 -4 -2 -5
right_child=4 2 3 5 -6 -7
leaf_value=-0.076738120428016116 -0.17736936145358614 -0.084015098646283148 -0.052708902955055238 0.016579943045097238 -0.041156697550957848 0.068301753709290883
leaf_weight=26 22 14.999999999999998 24 148 28 136
leaf_count=26 22 15 24 148 28 136
internal_value=0.00107028 0.0185863 0.0273123 0.0339895 -0.111766 0.0421013
internal_weight=399 349 323 308 50 284
internal_count=399 349 323 308 50 284
is_linear=0
shrinkage=0.03


Tree=201
num_leaves=7
num_cat=0
split_feature=22 2 16 4 17 15
split_gain=348.237 730.113 398.812 561.447 446.598 503.676
threshold=29.000000000000004 18.250000000000004 5.5000000000000009 -0.5 10.500000000000002 -2.4999999999999996
decision_type=8 2 8 2 10 10
left_child=2 -2 -1 -4 5 -5
right_child=1 -3 3 4 -6 -7
leaf_value=0.020451541113034457 0.12813948669084688 -0.095683361649513243 0.0076244487203657625 -0.14462493940655674 0.038491847307785695 0.030685895851680207
leaf_weight=126 36 14.999999999999998 95 79 18 15.999999999999998
leaf_count=126 36 15 95 79 18 16
internal_value=-0.0098388 0.0596438 -0.0211716 -0.0462739 -0.0899896 -0.115041
internal_weight=385 51 334 208 113 95
internal_count=385 51 334 208 113 95
is_linear=0
shrinkage=0.03


Tree=202
num_leaves=7
num_cat=0
split_feature=1 22 16 21 4 17
split_gain=434.702 530.053 383.579 441.216 379.029 510.628
threshold=-17.499999999999996 32.500000000000007 -1.4999999999999998 0.61519607843137269 -0.5 1.0000000180025095e-35
decision_type=10 8 8 10 2 8
left_child=-1 2 -2 4 5 -4
right_child=1 -3 3 -5 -6 -7
leaf_value=-0.1171692799604856 0.047870320015047721 0.10750000464645298 0.12113826348781585 0.063759537549181414 -0.078461350221186874 -0.034673230775560324
leaf_weight=21 90 39 20 39 107 73
leaf_count=21 90 39 20 39 107 73
internal_value=0.00145424 0.00970341 -0.00332523 -0.0231898 -0.0412865 0.00330556
internal_weight=389 368 329 239 200 93
internal_count=389 368 329 239 200 93
is_linear=0
shrinkage=0.03


Tree=203
num_leaves=7
num_cat=0
split_feature=1 5 17 12 5 17
split_gain=368.029 406.92 606.768 504.846 393.568 904.209
threshold=-12.499999999999998 -0.9330127018922193 -1.4999999999999998 13.950000000000005 -0.5 8.5000000000000018
decision_type=10 2 8 8 2 10
left_child=-1 3 -3 -2 5 -4
right_child=1 2 4 -5 -6 -7
leaf_value=-0.080629250854253764 0.060442762885774888 0.13845753232447 0.011934640550450102 -0.1293858406458582 -0.010824760958768319 0.24239083403348924
leaf_weight=35 15.999999999999998 34 68 30 202 14.999999999999998
leaf_count=35 16 34 68 30 202 15
internal_value=0.00591059 0.0151864 0.0274017 -0.063906 0.0119942 0.0649892
internal_weight=400 365 319 46 285 83
internal_count=400 365 319 46 285 83
is_linear=0
shrinkage=0.03


Tree=204
num_leaves=7
num_cat=0
split_feature=22 17 11 0 16 17
split_gain=332.137 594.134 375.129 371.648 539.758 427.996
threshold=29.000000000000004 14.500000000000002 14.500000000000002 67.500000000000014 5.5000000000000009 -68.999999999999986
decision_type=10 10 8 2 8 10
left_child=1 2 -1 -4 -5 -6
right_child=-2 -3 3 4 5 -7
leaf_value=-0.031035764440373106 0.11864799267479352 -0.1422909847360391 0.06851174248455974 0.068392606384374874 -0.15850385930803088 0.0031942546166278218
leaf_weight=138 15.999999999999998 21 109 39 22 32
leaf_count=138 16 21 109 39 22 32
internal_value=0.00264954 -0.0040423 0.00643502 0.0321652 -0.0117566 -0.0705325
internal_weight=377 361 340 202 93 54
internal_count=377 361 340 202 93 54
is_linear=0
shrinkage=0.03


Tree=205
num_leaves=7
num_cat=0
split_feature=4 17 22 5 1 22
split_gain=340.948 430.574 742.302 357.369 394.39 355.403
threshold=0.68301270189221941 -68.999999999999986 -37.499999999999993 -0.9330127018922193 -1.0000000180025095e-35 5.0114379084967338
decision_type=2 10 8 2 10 8
left_child=1 2 -1 -3 -5 -4
right_child=-2 3 5 4 -6 -7
leaf_value=-0.18702787382262093 -0.12484763789176939 -0.040619046367131741 0.023103840522669457 -0.02542278479446064 0.13452711186729943 -0.045588766921346432
leaf_weight=15.999999999999998 14.999999999999998 21 180 17 47 102
leaf_count=16 15 21 180 17 47 102
internal_value=-0.00409011 0.00218722 -0.014955 0.0597779 0.0932769 -0.00210379
internal_weight=398 383 298 85 64 282
internal_count=398 383 298 85 64 282
is_linear=0
shrinkage=0.03


Tree=206
num_leaves=7
num_cat=0
split_feature=1 16 18 21 23 21
split_gain=263.105 370.916 256.018 243 205.728 200.356
threshold=17.500000000000004 -54.999999999999993 inf -9.2730392156862713 -4.9499999999999984 3.2681372549019625
decision_type=8 10 8 8 2 10
left_child=2 -2 4 -4 -1 -5
right_child=1 -3 3 5 -6 -7
leaf_value=0.013789738437959125 -0.12181499535037625 0.045417753968920026 -0.072234260981733134 0.022703342691555127 -0.10676998675442659 0.10203475461764769
leaf_weight=23 26 15.999999999999998 17 268 21 28
leaf_count=23 26 16 17 268 21 28
internal_value=0.00684061 -0.060053 0.0154312 0.0250818 -0.0487736 0.0317779
internal_weight=399 42 357 313 44 296
internal_count=399 42 357 313 44 296
is_linear=0
shrinkage=0.03


Tree=207
num_leaves=7
num_cat=0
split_feature=22 2 5 16 22 11
split_gain=266.221 272.941 277.489 468.197 319.279 246.391
threshold=29.000000000000004 8.7000000000000011 -0.9330127018922193 8.5000000000000018 -53.499999999999993 14.500000000000002
decision_type=10 2 2 8 8 8
left_child=1 -1 3 -3 -4 -6
right_child=-2 2 4 -5 5 -7
leaf_value=-0.10405688963153145 0.10827430737870079 0.048585670888423915 -0.090013790037482971 -0.1288474639166485 -0.0071443734926576827 0.048465886565805215
leaf_weight=17 15.999999999999998 19 19 28 126 158
leaf_count=17 16 19 19 28 126 158
internal_value=0.00438736 -0.0015362 0.00483883 -0.0593444 0.0155964 0.024097
internal_weight=383 367 350 47 303 284
internal_count=383 367 350 47 303 284
is_linear=0
shrinkage=0.03


Tree=208
num_leaves=7
num_cat=0
split_feature=4 16 16 17 11 15
split_gain=384.937 374.237 317.821 844.447 367.088 334.121
threshold=-0.5 9.5000000000000018 5.5000000000000009 8.5000000000000018 13.500000000000002 -1.0000000180025095e-35
decision_type=2 10 8 8 8 8
left_child=1 -1 4 -4 -2 -5
right_child=2 -3 3 5 -6 -7
leaf_value=0.0036856939325608856 -0.064025626995346765 0.13583055918866938 -0.23282362317261487 -0.12238762123244148 0.068484253565018832 -0.0038093679037290748
leaf_weight=159 28 17 18 23 39 92
leaf_count=159 28 17 18 23 39 92
internal_value=-0.012226 0.0198493 -0.040248 -0.0663138 0.0125064 -0.0316364
internal_weight=376 176 200 133 67 115
internal_count=376 176 200 133 67 115
is_linear=0
shrinkage=0.03


Tree=209
num_leaves=7
num_cat=0
split_feature=4 2 2 0 0 17
split_gain=261.078 249.584 468.59 1539.73 526.584 392.848
threshold=0.68301270189221941 16.950000000000003 14.450000000000001 42.500000000000007 77.500000000000014 -68.999999999999986
decision_type=2 2 2 2 2 10
left_child=1 2 4 -4 -1 -3
right_child=-2 5 3 -5 -6 -7
leaf_value=0.030899933101014888 -0.089935562184878748 -0.047533825161505713 -0.10020442362015063 0.18460213006626475 -0.1160835745701423 0.052743565430885854
leaf_weight=136 15.999999999999998 93 21 50 21 50
leaf_count=136 16 93 21 50 21 50
internal_value=0.0133685 0.0189604 0.0381396 0.0993132 0.00826369 -0.0118745
internal_weight=387 371 228 71 157 143
internal_count=387 371 228 71 157 143
is_linear=0
shrinkage=0.03


Tree=210
num_leaves=7
num_cat=0
split_feature=22 22 2 16 2 18
split_gain=307.565 217.602 535.92 339.966 331.813 420.124
threshold=-53.499999999999993 29.000000000000004 18.250000000000004 -52.499999999999993 13.350000000000003 -10.499999999999998
decision_type=8 8 2 10 2 10
left_child=-1 3 -3 -2 -5 -6
right_child=1 2 -4 4 5 -7
leaf_value=-0.11736295294761658 -0.037618069843285612 0.11929078075289726 -0.067933000868017013 -0.032685027477495805 0.072166613423011519 -0.073687778372656207
leaf_weight=14.999999999999998 157 35 17 63 105 17
leaf_count=15 157 35 17 63 105 17
internal_value=-0.00258374 0.00320199 0.0574931 -0.00576228 0.0215506 0.0497417
internal_weight=409 394 52 342 185 122
internal_count=409 394 52 342 185 122
is_linear=0
shrinkage=0.03


Tree=211
num_leaves=7
num_cat=0
split_feature=17 0 17 0 13 1
split_gain=520.975 393.97 321.771 500.195 509.042 428.194
threshold=18.500000000000004 112.50000000000001 14.500000000000002 82.500000000000014 -8.2313725490196088 -1.0000000180025095e-35
decision_type=10 2 8 2 10 10
left_child=1 2 5 -4 -5 -1
right_child=-2 -3 3 4 -6 -7
leaf_value=-0.041874350905418391 0.11444067324029988 -0.13269183955192565 -0.0062942914881233894 -0.20102791937497944 0.0025875812768936155 0.10799956580234128
leaf_weight=25 24 20 260 21 19 38
leaf_count=25 24 20 260 21 19 38
internal_value=-0.00835771 -0.0174282 -0.00936103 -0.022402 -0.114769 0.0498199
internal_weight=407 383 363 300 40 63
internal_count=407 383 363 300 40 63
is_linear=0
shrinkage=0.03


Tree=212
num_leaves=7
num_cat=0
split_feature=0 0 17 22 17 0
split_gain=340.394 393.758 227.842 349.883 187.241 288.672
threshold=122.50000000000001 102.50000000000001 29.000000000000004 14.200000000000001 -11.499999999999998 32.500000000000007
decision_type=2 2 10 10 10 2
left_child=1 2 3 4 5 -1
right_child=-2 -3 -4 -5 -6 -7
leaf_value=0.083495700883454288 -0.11629825540951319 0.11022005946405472 0.094425288183348513 -0.10343518068713525 0.065693991633786544 -0.016551886254315633
leaf_weight=24 15.999999999999998 26 15.999999999999998 26 32 244
leaf_count=24 16 26 16 26 32 244
internal_value=0.00123813 0.00783886 -0.00142054 -0.00747993 0.00239552 -0.00622727
internal_weight=384 368 342 326 300 268
internal_count=384 368 342 326 300 268
is_linear=0
shrinkage=0.03


Tree=213
num_leaves=7
num_cat=0
split_feature=0 0 17 22 22 13
split_gain=550.549 434.861 373.114 314.058 299.722 242.135
threshold=122.50000000000001 102.50000000000001 29.000000000000004 -41.299742647058814 14.200000000000001 -11.520833333333332
decision_type=2 2 10 8 10 8
left_child=1 2 3 -1 5 -5
right_child=-2 -3 -4 4 -6 -7
leaf_value=-0.12473482532054185 -0.1471050415797667 0.11891083594026236 0.12090316840580533 -0.087693532583388412 -0.079217289447784431 0.015790340843667622
leaf_weight=14.999999999999998 17 24 15.999999999999998 17 35 272
leaf_count=15 17 24 16 17 35 272
internal_value=-0.00116621 0.00721005 -0.00188821 -0.00935675 -0.00220068 0.00831519
internal_weight=396 379 355 339 324 289
internal_count=396 379 355 339 324 289
is_linear=0
shrinkage=0.03


Tree=214
num_leaves=7
num_cat=0
split_feature=1 22 5 0 20 22
split_gain=215.958 460.595 323.099 449.82 648.803 454.587
threshold=-12.499999999999998 -31.833333333333332 -0.9330127018922193 57.500000000000007 1.0000000180025095e-35 -52.499999999999993
decision_type=10 10 2 2 8 8
left_child=1 -1 -2 -4 -5 -6
right_child=2 -3 3 4 5 -7
leaf_value=-0.15898895510605401 -0.052125802407041191 0.039342699828355206 -0.0043854665725969414 -0.031203484173331939 -0.025444926168769599 0.14949384754194933
leaf_weight=15.999999999999998 55 18 192 37 14.999999999999998 63
leaf_count=16 55 18 192 37 15 63
internal_value=0.00478994 -0.0624073 0.0118655 0.0239814 0.0695511 0.116346
internal_weight=396 34 362 307 115 78
internal_count=396 34 362 307 115 78
is_linear=0
shrinkage=0.03


Tree=215
num_leaves=7
num_cat=0
split_feature=1 16 2 16 2 2
split_gain=285.026 624.359 261.491 287.587 379.14 281.707
threshold=17.500000000000004 -54.999999999999993 11.65 33.500000000000007 9.6500000000000004 14.850000000000003
decision_type=10 10 2 8 2 2
left_child=2 -2 3 -1 -5 -4
right_child=1 -3 5 4 -6 -7
leaf_value=-0.012508083602477764 -0.14513572428907665 0.071055140115998006 -0.027780636813388101 0.025229304107752711 0.18535065065170156 0.034035020537076875
leaf_weight=24 23 17 103 28 24 168
leaf_count=24 23 17 103 28 24 168
internal_value=0.0158984 -0.0555686 0.024809 0.0721605 0.108908 0.0104629
internal_weight=387 40 347 76 52 271
internal_count=387 40 347 76 52 271
is_linear=0
shrinkage=0.03


Tree=216
num_leaves=7
num_cat=0
split_feature=1 11 13 2 1 17
split_gain=283.536 267.057 307.945 274.877 464.153 521.577
threshold=22.500000000000004 -2.4999999999999996 -0.56078431372548809 20.450000000000003 -12.499999999999998 -1.4999999999999998
decision_type=8 10 10 2 10 8
left_child=1 2 3 4 -1 -6
right_child=-2 -3 -4 -5 5 -7
leaf_value=-0.08390496557409112 -0.086251899654215036 -0.045728225788554629 0.13171140968799591 -0.058823994152247906 0.14531380718245224 0.016976601675616029
leaf_weight=28 28 69 14.999999999999998 40 29 188
leaf_count=28 28 69 15 40 29 188
internal_value=-0.00197702 0.00548543 0.0178211 0.00965934 0.0217932 0.0370142
internal_weight=397 369 300 285 245 217
internal_count=397 369 300 285 245 217
is_linear=0
shrinkage=0.03


Tree=217
num_leaves=7
num_cat=0
split_feature=22 2 0 2 0 22
split_gain=532.146 253.818 901.788 430.048 926.512 409.678
threshold=-52.499999999999993 14.450000000000001 82.500000000000014 18.000000000000004 42.500000000000007 4.0833333333333348
decision_type=8 2 2 2 2 8
left_child=-1 2 -2 4 -3 -6
right_child=1 3 -4 -5 5 -7
leaf_value=-0.12923887190611463 0.019136407520644456 -0.063707712980417108 -0.18132204123165296 0.0021213379069505364 0.06103819233529708 0.23178676486015318
leaf_weight=18 161 21 18 97 29 27
leaf_count=18 161 21 18 97 29 27
internal_value=0.0108675 0.019717 -0.00540089 0.0449858 0.0955619 0.155614
internal_weight=371 353 179 174 77 56
internal_count=371 353 179 174 77 56
is_linear=0
shrinkage=0.03


Tree=218
num_leaves=7
num_cat=0
split_feature=0 17 1 22 17 6
split_gain=532.848 467.569 340.903 324.811 1165.04 422.027
threshold=82.500000000000014 18.500000000000004 17.500000000000004 -66.999999999999986 -23.999999999999996 1.0000000180025095e-35
decision_type=2 10 10 10 8 8
left_child=1 2 -1 -2 -5 -6
right_child=3 -3 -4 4 5 -7
leaf_value=0.012600327729514773 -0.17564670807123184 0.15085279975618635 -0.11556242752075195 0.15494378912516615 0.011695915246009827 -0.15237410957037015
leaf_weight=279 14.999999999999998 15.999999999999998 14.999999999999998 17 20 38
leaf_count=279 15 16 15 17 20 38
internal_value=-0.00476224 0.0140799 0.00423828 -0.066988 -0.0356366 -0.0993601
internal_weight=400 310 294 90 75 58
internal_count=400 310 294 90 75 58
is_linear=0
shrinkage=0.03


Tree=219
num_leaves=7
num_cat=0
split_feature=17 17 17 0 2 13
split_gain=374.699 558.244 410.619 308.102 279.746 539.083
threshold=18.500000000000004 -1.4999999999999998 -68.999999999999986 32.500000000000007 17.100000000000005 -12.701359761295818
decision_type=10 10 10 2 2 10
left_child=1 2 3 -1 -5 -6
right_child=-2 -3 -4 4 5 -7
leaf_value=0.08049071964807808 0.10550748211145401 -0.12252114648422732 0.081814362787387587 0.0034286201361484908 -0.12512951005907619 0.023703039128605913
leaf_weight=27 25 28 50 177 46 36
leaf_count=27 25 28 50 177 46 36
internal_value=0.00358312 -0.00475197 0.00671473 -0.00759474 -0.0181279 -0.0621814
internal_weight=389 364 336 286 259 82
internal_count=389 364 336 286 259 82
is_linear=0
shrinkage=0.03


Tree=220
num_leaves=7
num_cat=0
split_feature=0 17 5 0 0 22
split_gain=696.93 331.468 387.113 542.482 337.345 305.787
threshold=122.50000000000001 -68.999999999999986 -0.9330127018922193 52.500000000000007 67.500000000000014 -37.499999999999993
decision_type=2 10 2 2 2 10
left_child=1 4 -3 -4 -1 -6
right_child=-2 2 3 -5 5 -7
leaf_value=0.011416113290649193 -0.17245660775899885 -0.054581641055967495 -0.02669622736317771 0.14325213198478406 -0.14521721885754513 -0.015097513531263059
leaf_weight=229 14.999999999999998 18 23 47 21 47
leaf_count=229 15 18 23 47 21 47
internal_value=0.000266071 0.00912023 0.0585617 0.0893549 -0.00625612 -0.0624756
internal_weight=400 385 88 70 297 68
internal_count=400 385 88 70 297 68
is_linear=0
shrinkage=0.03


Tree=221
num_leaves=7
num_cat=0
split_feature=4 2 22 2 20 1
split_gain=255.918 315.235 660.322 448.811 388.307 368.086
threshold=0.68301270189221941 12.250000000000002 13.642647058823529 14.15 -1.0000000180025095e-35 1.0000000180025095e-35
decision_type=2 2 10 2 8 10
left_child=1 2 4 -3 -1 -5
right_child=-2 3 -4 5 -6 -7
leaf_value=0.076878381320698685 -0.099301118169512065 -0.074310226084097569 0.20893803495168684 -0.024894318921910599 -0.049339584191753105 0.047284919503789685
leaf_weight=39 15.999999999999998 64 14.999999999999998 120 39 125
leaf_count=39 16 64 15 120 39 125
internal_value=0.00286758 0.00810396 0.0550048 -0.00666292 0.0145989 0.012141
internal_weight=418 402 93 309 78 245
internal_count=418 402 93 309 78 245
is_linear=0
shrinkage=0.03


Tree=222
num_leaves=7
num_cat=0
split_feature=2 2 2 0 5 16
split_gain=336.558 215.036 303.777 720.458 275.864 546.016
threshold=8.3500000000000032 10.050000000000002 14.15 82.500000000000014 1.0000000180025095e-35 -34.499999999999993
decision_type=2 2 2 2 2 10
left_child=-1 -2 3 4 5 -3
right_child=1 2 -4 -5 -6 -7
leaf_value=-0.10900944969483783 0.087666118686849412 0.16669010663574393 0.027892641377603184 -0.19032226170812336 -0.04161890370505196 -0.022386166189725581
leaf_weight=15.999999999999998 28 17 227 15.999999999999998 58 34
leaf_count=16 28 17 227 16 58 34
internal_value=0.00810534 0.0143882 0.00741304 -0.0294203 0.00150992 0.049895
internal_weight=396 380 352 125 109 51
internal_count=396 380 352 125 109 51
is_linear=0
shrinkage=0.03


Tree=223
num_leaves=7
num_cat=0
split_feature=17 0 22 15 1 5
split_gain=370.72 304.639 256.997 262.613 408.684 505.973
threshold=18.500000000000004 32.500000000000007 -53.499999999999993 -3.4999999999999996 1.0000000180025095e-35 -0.5
decision_type=10 2 8 8 10 2
left_child=1 -1 -3 -4 5 -5
right_child=-2 2 3 4 -6 -7
leaf_value=0.081954359742812816 0.11474927842617035 -0.1166053700021335 -0.076553353609686556 0.031511420427628285 0.030058982371474086 -0.09170519556505799
leaf_weight=27 19 15.999999999999998 39 48 179 67
leaf_count=27 19 16 39 48 179 67
internal_value=0.000394115 -0.00681453 -0.0147426 -0.00819575 0.00200062 -0.0411056
internal_weight=395 376 349 333 294 115
internal_count=395 376 349 333 294 115
is_linear=0
shrinkage=0.03


Tree=224
num_leaves=7
num_cat=0
split_feature=4 17 0 4 2 0
split_gain=201.377 265.937 302.015 300.072 342.279 244
threshold=0.68301270189221941 -68.999999999999986 97.500000000000014 0.25000000000000011 18.750000000000004 92.500000000000014
decision_type=2 10 2 2 2 2
left_child=1 2 -1 4 -3 -5
right_child=-2 3 -4 5 -6 -7
leaf_value=-0.0074609999876955281 -0.10208555147051811 -0.080335292637348163 -0.10250341583700741 0.17238616764545439 0.056054798952631046 0.020105659675598145
leaf_weight=271 14.999999999999998 25 29 15.999999999999998 32 20
leaf_count=271 15 25 29 16 32 20
internal_value=-0.00919938 -0.00441616 -0.0181782 0.03864 -0.00541986 0.100555
internal_weight=408 393 300 93 57 36
internal_count=408 393 300 93 57 36
is_linear=0
shrinkage=0.03


Tree=225
num_leaves=7
num_cat=0
split_feature=0 0 22 12 5 5
split_gain=413.009 333.176 336.063 260.729 485.545 362.064
threshold=122.50000000000001 102.50000000000001 -15.789666666666664 8.5500000000000025 -0.9330127018922193 -0.68301270189221952
decision_type=2 2 8 8 2 2
left_child=1 2 -1 -4 -5 -6
right_child=-2 -3 3 4 5 -7
leaf_value=-0.057932600968174243 -0.12966246468680245 0.095245918955121717 0.075999023990363485 -0.098776010412134629 0.083239660454647882 -0.0049107412134899815
leaf_weight=71 15.999999999999998 30 44 33 51 165
leaf_count=71 16 30 44 33 51 165
internal_value=1.17506e-05 0.00683656 -0.00164179 0.0127418 0.000287821 0.0173149
internal_weight=410 394 364 293 249 216
internal_count=410 394 364 293 249 216
is_linear=0
shrinkage=0.03


Tree=226
num_leaves=7
num_cat=0
split_feature=17 5 23 5 2 2
split_gain=230.216 427.323 306.266 302.918 616.233 203.792
threshold=-68.999999999999986 -0.9330127018922193 14.215196078431378 -0.5 16.550000000000004 9.4500000000000011
decision_type=10 2 2 2 2 2
left_child=2 -2 5 -3 -5 -1
right_child=1 3 -4 4 -6 -7
leaf_value=0.073402076196670538 -0.057445811359928205 0.14848634618359641 0.11041006914206913 -0.092692607978115918 0.11290898931603278 -0.016502793586007744
leaf_weight=20 21 32 15.999999999999998 18 26 246
leaf_count=20 21 32 16 18 26 246
internal_value=0.0140107 0.0526338 3.99379e-05 0.0847191 0.0279234 -0.00851347
internal_weight=379 97 282 76 44 266
internal_count=379 97 282 76 44 266
is_linear=0
shrinkage=0.03


Tree=227
num_leaves=7
num_cat=0
split_feature=22 17 2 0 0 20
split_gain=365.852 526.05 473.783 451.417 217.208 670.16
threshold=-66.999999999999986 -23.999999999999996 17.350000000000005 92.500000000000014 47.500000000000007 1.5000000000000002
decision_type=10 8 2 2 2 8
left_child=2 -2 -1 4 5 -3
right_child=1 3 -4 -5 -6 -7
leaf_value=0.012282560719893528 0.14947175562381743 0.040070828695463225 -0.18209841277288355 -0.099951031386852268 0.030365150241197982 -0.088607441148556315
leaf_weight=21 15.999999999999998 74 18 35 162 63
leaf_count=21 16 74 18 35 162 63
internal_value=-0.00638777 0.00380883 -0.0879299 -0.00527071 0.00727391 -0.0201388
internal_weight=389 350 39 334 299 137
internal_count=389 350 39 334 299 137
is_linear=0
shrinkage=0.03


Tree=228
num_leaves=7
num_cat=0
split_feature=9 17 0 0 20 2
split_gain=311.155 342.66 143.654 437.112 459.532 446.525
threshold=1.0000000180025095e-35 -35.499999999999993 47.500000000000007 67.500000000000014 1.0000000180025095e-35 19.150000000000002
decision_type=2 8 2 2 8 2
left_child=1 -1 -3 4 -4 -5
right_child=-2 2 3 5 -6 -7
leaf_value=0.11833962407112121 -0.11045778429508209 -0.018868294150258105 -0.0060255984849524949 0.013387037125127068 0.11838114136861543 -0.11961294098727165
leaf_weight=20 14.999999999999998 148 48 82 54 26
leaf_count=20 15 148 48 82 54 26
internal_value=0.00498565 0.0109489 0.00340207 0.0191712 0.0622909 -0.0225073
internal_weight=393 378 358 210 102 108
internal_count=393 378 358 210 102 108
is_linear=0
shrinkage=0.03


Tree=229
num_leaves=7
num_cat=0
split_feature=22 16 5 20 22 2
split_gain=363.099 327.318 474.725 407.349 311.923 300.353
threshold=8.7663398692810475 5.5000000000000009 -0.68301270189221952 -5.4999999999999991 4.0833333333333348 12.850000000000003
decision_type=10 8 2 8 8 2
left_child=1 3 4 -1 -3 -5
right_child=-2 2 -4 5 -6 -7
leaf_value=-0.046949608219058615 0.056350499319619142 -0.16995394625447013 -0.0071413065432285776 -0.029629140213131906 -0.020831031259149313 0.098014255824588961
leaf_weight=41 82 28 142 20 23 57
leaf_count=41 82 28 142 20 23 57
internal_value=0.00210413 -0.0128641 -0.0365733 0.025825 -0.110567 0.0650751
internal_weight=393 311 193 118 51 77
internal_count=393 311 193 118 51 77
is_linear=0
shrinkage=0.03


Tree=230
num_leaves=7
num_cat=0
split_feature=0 2 2 22 12 16
split_gain=484.517 510.389 1356.64 562.443 351.169 328.758
threshold=67.500000000000014 14.15 16.950000000000003 -59.999999999999993 3.9499999999999997 -1.4999999999999998
decision_type=2 2 2 10 10 10
left_child=4 -2 -3 -4 5 -1
right_child=1 2 3 -5 -6 -7
leaf_value=0.033792609176200687 -0.14773050282150507 0.14548803918702263 -0.20847901281985368 -0.025986040711402893 0.13634979110211132 -0.047003951414914459
leaf_weight=194 27 30 17 55 19 54
leaf_count=194 27 30 17 55 19 54
internal_value=0.00359824 -0.0431418 -0.00984691 -0.0798143 0.0265584 0.0156186
internal_weight=396 129 102 72 267 248
internal_count=396 129 102 72 267 248
is_linear=0
shrinkage=0.03


Tree=231
num_leaves=7
num_cat=0
split_feature=1 4 23 12 2 22
split_gain=267.094 207.034 206.867 300.016 222.043 596.793
threshold=22.500000000000004 0.68301270189221941 2.1661764705882338 13.950000000000005 18.600000000000005 -52.499999999999993
decision_type=8 2 2 8 2 10
left_child=1 2 4 -4 -1 -6
right_child=-2 -3 3 -5 5 -7
leaf_value=0.044995886722305943 -0.072870969176292419 -0.081661738707683978 0.059640154838562012 -0.070824644145916923 -0.13721697835922239 0.032410428444477349
leaf_weight=206 31 14.999999999999998 19 44 20 69
leaf_count=206 31 15 19 44 20 69
internal_value=0.00529693 0.0126714 0.0176943 -0.0299859 0.0282069 -0.0109793
internal_weight=404 373 358 63 295 89
internal_count=404 373 358 63 295 89
is_linear=0
shrinkage=0.03


Tree=232
num_leaves=7
num_cat=0
split_feature=17 22 22 18 20 19
split_gain=186.566 791.79 224.374 196.649 265.945 222.537
threshold=10.500000000000002 -9.1666666666666661 -53.499999999999993 -10.499999999999998 -23.499999999999996 -2.4999999999999996
decision_type=8 10 10 10 8 10
left_child=1 2 -1 4 -2 -5
right_child=3 -3 -4 5 -6 -7
leaf_value=-0.03492654277519746 -0.080948815298080443 -0.16089000229873962 0.098801225978136065 0.020560878089496068 0.021057196540067231 -0.12107120293785226
leaf_weight=17 20 26 20 15.999999999999998 297 17
leaf_count=17 20 26 20 16 297 17
internal_value=-0.00282818 -0.0483227 0.0405154 0.0059261 0.0134645 -0.0587313
internal_weight=413 63 37 350 317 33
internal_count=413 63 37 350 317 33
is_linear=0
shrinkage=0.03


Tree=233
num_leaves=7
num_cat=0
split_feature=18 19 16 2 2 3
split_gain=174.107 163.636 191.769 201.29 636.558 390.277
threshold=12.500000000000002 -2.4999999999999996 -1.4999999999999998 14.950000000000001 15.850000000000003 1.0000000180025095e-35
decision_type=8 10 8 2 2 2
left_child=-1 2 -2 -4 -5 -6
right_child=1 -3 3 4 5 -7
leaf_value=-0.057026222407817843 0.038803835457494093 0.079608293151855469 -0.039057909311684028 0.16515276534216744 -0.10997547614163365 0.016588413987595304
leaf_weight=40 81 20 126 15.999999999999998 24 86
leaf_count=40 81 20 126 16 24 86
internal_value=-0.00142453 0.0055844 2.66529e-05 -0.0129499 0.0136524 -0.0146065
internal_weight=393 353 333 252 126 110
internal_count=393 353 333 252 126 110
is_linear=0
shrinkage=0.03


Tree=234
num_leaves=7
num_cat=0
split_feature=0 22 4 6 4 0
split_gain=641.319 335.371 461.664 313.226 380.897 770.48
threshold=112.50000000000001 -23.833333333333332 0.68301270189221941 1.0000000180025095e-35 0.25000000000000011 67.500000000000014
decision_type=2 10 2 10 2 2
left_child=1 -1 3 4 -3 -6
right_child=-2 2 -4 -5 5 -7
leaf_value=-0.045563971576858549 -0.14740945730209348 0.025550762297165009 -0.10917950172315945 -0.037192904241383079 0.024461957897990941 0.2550800754807212
leaf_weight=74 20 181 17 43 35 17
leaf_count=74 20 181 17 43 35 17
internal_value=-0.00032989 0.00955892 0.0240117 0.0340122 0.0476583 0.115618
internal_weight=387 367 293 276 233 52
internal_count=387 367 293 276 233 52
is_linear=0
shrinkage=0.03


Tree=235
num_leaves=7
num_cat=0
split_feature=0 4 0 22 0 11
split_gain=558.227 239.521 684.055 320.004 447.193 267.099
threshold=122.50000000000001 0.25000000000000011 67.500000000000014 21.500000000000004 67.500000000000014 2.5000000000000004
decision_type=2 2 2 10 2 10
left_child=1 3 -3 4 5 -1
right_child=-2 2 -4 -5 -6 -7
leaf_value=0.018379846068897417 -0.1601682954132557 -0.019933903084602207 0.13006847643852235 0.10361764284968376 -0.084802575139328845 -0.072726817401259067
leaf_weight=163 14.999999999999998 67 40 14.999999999999998 67 30
leaf_count=163 15 67 40 15 67 30
internal_value=-0.00566314 0.00239479 0.039445 -0.0124681 -0.020994 0.00273927
internal_weight=397 382 107 275 260 193
internal_count=397 382 107 275 260 193
is_linear=0
shrinkage=0.03


Tree=236
num_leaves=7
num_cat=0
split_feature=22 1 0 21 22 2
split_gain=228.941 311.595 285.329 261.116 421.444 225.156
threshold=38.500000000000007 1.0000000180025095e-35 67.500000000000014 3.2681372549019625 14.200000000000001 16.950000000000003
decision_type=8 10 2 10 10 2
left_child=2 -2 3 4 -1 -4
right_child=1 -3 5 -5 -6 -7
leaf_value=0.017238231329116182 -0.0050474168062210082 0.15073879339865276 0.0027483050095832955 0.10695414990186691 -0.106571473612317 -0.07879438669785209
leaf_weight=208 25 15.999999999999998 54 19 23 64
leaf_count=208 25 16 54 19 23 64
internal_value=0.00240114 0.0655237 -0.00541561 0.0127633 0.00291416 -0.0428834
internal_weight=409 41 368 250 231 118
internal_count=409 41 368 250 231 118
is_linear=0
shrinkage=0.03


Tree=237
num_leaves=7
num_cat=0
split_feature=4 2 2 22 22 13
split_gain=204.095 211.486 520.105 479.767 353.396 272.299
threshold=0.68301270189221941 11.65 14.15 -3.6010737628384679 -3.9428104575163396 4.6372549019607847
decision_type=2 2 2 8 8 8
left_child=1 -1 4 -4 -3 -5
right_child=-2 2 3 5 -6 -7
leaf_value=0.051491500124205614 -0.090528857007622712 0.018190381200082841 -0.024942107154623323 0.14592519663688208 -0.1133494171500206 0.034476528972843472
leaf_weight=74 14.999999999999998 26 110 22 49 93
leaf_count=74 15 26 110 22 49 93
internal_value=0.00292036 0.00781319 -0.00362829 0.0193493 -0.0694621 0.060989
internal_weight=389 374 300 225 75 115
internal_count=389 374 300 225 75 115
is_linear=0
shrinkage=0.03


Tree=238
num_leaves=7
num_cat=0
split_feature=1 0 0 0 4 1
split_gain=220.995 386.518 307.464 243.88 205.285 465.345
threshold=-12.499999999999998 102.50000000000001 67.500000000000014 92.500000000000014 -0.6830127018922193 1.0000000180025095e-35
decision_type=10 2 2 2 2 10
left_child=2 3 -1 4 5 -2
right_child=1 -3 -4 -5 -6 -7
leaf_value=0.0052546651363372804 -0.061594024389982217 0.097168374406663982 -0.15155349898338316 -0.10284359804221561 -0.012876200640831875 0.081208188258435413
leaf_weight=25 25 33 14.999999999999998 15.999999999999998 219 64
leaf_count=25 25 33 15 16 219 64
internal_value=-0.00116784 0.00664077 -0.063854 -0.00391623 0.00278363 0.0399526
internal_weight=397 357 40 324 308 89
internal_count=397 357 40 324 308 89
is_linear=0
shrinkage=0.03


Tree=239
num_leaves=7
num_cat=0
split_feature=2 1 2 2 16 16
split_gain=242.81 249.268 369.731 529.932 434.896 382.765
threshold=20.450000000000003 -12.499999999999998 14.450000000000001 11.850000000000003 -1.4999999999999998 33.500000000000007
decision_type=2 10 2 2 8 8
left_child=1 -1 3 5 -5 -3
right_child=-2 2 -4 4 -6 -7
leaf_value=-0.062388852545193253 -0.052754213177648029 -0.03996080024058328 0.05696324528194964 0.047312470212179637 -0.095360526629856654 0.086973821660203315
leaf_weight=30 52 29 143 23 65 57
leaf_count=30 52 29 143 23 65 57
internal_value=0.00476035 0.0140062 0.0220925 -0.0073563 -0.0575321 0.0443265
internal_weight=399 347 317 174 88 86
internal_count=399 347 317 174 88 86
is_linear=0
shrinkage=0.03


Tree=240
num_leaves=7
num_cat=0
split_feature=22 12 2 22 22 2
split_gain=216.036 695.297 497.844 355.373 210.574 203.723
threshold=-3.329095238095237 13.950000000000005 19.650000000000002 32.500000000000007 14.200000000000001 18.750000000000004
decision_type=8 8 2 8 10 2
left_child=2 -2 -1 4 5 -3
right_child=1 3 -4 -5 -6 -7
leaf_value=0.040943712252591337 0.10135380004863104 -0.065537134197990538 -0.071113722175359717 0.018443261051879208 -0.13021963029553224 0.04351697941124439
leaf_weight=135 26 84 43 46 41 14.999999999999998
leaf_count=135 26 84 43 46 41 15
internal_value=-0.0115224 -0.031659 0.0126703 -0.0524186 -0.075535 -0.047716
internal_weight=390 212 178 186 140 99
internal_count=390 212 178 186 140 99
is_linear=0
shrinkage=0.03


Tree=241
num_leaves=7
num_cat=0
split_feature=5 1 17 17 1 6
split_gain=255.426 570.523 406.002 910.51 465.973 443.33
threshold=-0.9330127018922193 1.0000000180025095e-35 -1.4999999999999998 18.500000000000004 1.0000000180025095e-35 1.0000000180025095e-35
decision_type=2 10 8 8 10 10
left_child=1 -1 4 -4 -2 -5
right_child=2 -3 3 5 -6 -7
leaf_value=0.030615903047414923 -0.015961608197540045 -0.15056091194351515 -0.15718530353690896 0.041780433446507559 0.16775512453168631 -0.050501064464449887
leaf_weight=34 19 22 23 215 27 55
leaf_count=34 19 22 23 215 27 55
internal_value=0.00968601 -0.0470676 0.0196091 0.00590753 0.0977468 0.0224059
internal_weight=395 56 339 293 46 270
internal_count=395 56 339 293 46 270
is_linear=0
shrinkage=0.03


Tree=242
num_leaves=7
num_cat=0
split_feature=9 16 2 0 6 2
split_gain=189.131 247.211 231.312 378.502 644.263 346.744
threshold=1.0000000180025095e-35 -13.499999999999998 11.850000000000003 52.500000000000007 1.0000000180025095e-35 14.450000000000001
decision_type=2 8 2 2 8 2
left_child=1 -1 3 4 -3 -4
right_child=-2 2 5 -5 -6 -7
leaf_value=0.065983254014091053 -0.081538155376911156 0.095182083560661823 -0.062316829219777534 0.14506549780135569 -0.090895951477920303 0.0087755728406565519
leaf_weight=50 18 28 89 18 29 177
leaf_count=50 18 28 89 18 29 177
internal_value=0.00212591 0.00695834 -0.00252478 0.0423382 0.000815265 -0.0157219
internal_weight=409 391 341 75 57 266
internal_count=409 391 341 75 57 266
is_linear=0
shrinkage=0.03


Tree=243
num_leaves=7
num_cat=0
split_feature=17 22 22 13 4 2
split_gain=326.377 298.333 337.662 255.399 271.281 336.644
threshold=29.000000000000004 14.200000000000001 8.7663398692810475 -0.56078431372548809 -0.5 13.350000000000003
decision_type=10 10 10 8 2 2
left_child=1 2 3 -1 5 -5
right_child=-2 -3 -4 4 -6 -7
leaf_value=-0.064256112174345903 0.12190042774379252 -0.076929725339246344 0.091248331744419903 -0.035670878754519832 -0.020996375668261728 0.067924104220404916
leaf_weight=47 14.999999999999998 38 33 36 135 93
leaf_count=47 15 38 33 36 135 93
internal_value=0.00375799 -0.00239611 0.00682144 -0.0034391 0.00838128 0.0387616
internal_weight=397 382 344 311 264 129
internal_count=397 382 344 311 264 129
is_linear=0
shrinkage=0.03


Tree=244
num_leaves=7
num_cat=0
split_feature=22 2 2 0 0 5
split_gain=560.107 503.593 890.232 1108.34 582.587 240.699
threshold=-53.499999999999993 14.450000000000001 16.950000000000003 42.500000000000007 72.500000000000014 -0.5
decision_type=8 2 2 2 2 2
left_child=-1 4 3 -3 5 -2
right_child=1 2 -4 -5 -6 -7
leaf_value=-0.15203063030540945 0.057404455448291737 -0.065749751508235935 0.0014925334523332879 0.21355273137921871 -0.12935276978110011 -0.022428155883366392
leaf_weight=14.999999999999998 44 14.999999999999998 136 41 33 106
leaf_count=15 44 15 136 41 33 106
internal_value=0.00274975 0.0108599 0.0442583 0.139482 -0.0244261 0.00208576
internal_weight=390 375 192 56 183 150
internal_count=390 375 192 56 183 150
is_linear=0
shrinkage=0.03


Tree=245
num_leaves=7
num_cat=0
split_feature=0 17 0 17 1 22
split_gain=367.989 522.136 595.566 395.322 331.64 281.717
threshold=122.50000000000001 14.500000000000002 97.500000000000014 29.000000000000004 1.0000000180025095e-35 -31.833333333333332
decision_type=2 8 2 8 10 8
left_child=1 2 4 -3 -1 -5
right_child=-2 3 -4 5 -6 -7
leaf_value=-0.061301094614542445 -0.11694265983321449 -0.12981630596247587 0.20845798788187295 -0.092894335899215474 0.082440126714381293 0.01014801365440972
leaf_weight=21 17 17 18 21 28 288
leaf_count=21 17 17 18 21 28 288
internal_value=0.00253168 0.00910398 0.0822393 -0.00694213 0.0208647 0.00177744
internal_weight=410 393 67 326 49 309
internal_count=410 393 67 326 49 309
is_linear=0
shrinkage=0.03


Tree=246
num_leaves=7
num_cat=0
split_feature=1 1 17 0 4 1
split_gain=295.752 273.083 264.969 395.913 230.342 258.767
threshold=-17.499999999999996 17.500000000000004 10.500000000000002 57.500000000000007 -0.5 7.5000000000000009
decision_type=10 10 10 2 2 8
left_child=-1 2 4 -4 -2 -6
right_child=1 -3 3 -5 5 -7
leaf_value=-0.11838650643825531 0.023977602721880313 -0.07611534002215363 -0.026180541515350337 0.17028523997962475 -0.0010413353935531948 -0.07896430377232827
leaf_weight=17 133 38 15.000000000000002 14.999999999999998 110 54
leaf_count=17 133 38 15 15 110 54
internal_value=-0.0115377 -0.00502866 0.00425408 0.0823455 -0.00486668 -0.028276
internal_weight=382 365 327 30 297 164
internal_count=382 365 327 30 297 164
is_linear=0
shrinkage=0.03


Tree=247
num_leaves=7
num_cat=0
split_feature=22 0 21 16 0 22
split_gain=216.077 219.246 436.588 295.517 292 414.189
threshold=-53.499999999999993 102.50000000000001 -2.2728758169934631 10.500000000000002 82.500000000000014 18.512091503267978
decision_type=8 2 10 10 2 10
left_child=-1 2 3 4 5 -2
right_child=1 -3 -4 -5 -6 -7
leaf_value=-0.091421034742485391 -0.0063521302673166333 0.076830530864851809 0.083277673480358527 -0.12087607334960591 -0.08793299419539316 0.13560826885700225
leaf_weight=17 242 30 42 17 30 14.999999999999998
leaf_count=17 242 30 42 17 30 15
internal_value=-4.7305e-06 0.00527396 -0.00193643 -0.0148665 -0.00662488 0.00436332
internal_weight=393 376 346 304 287 257
internal_count=393 376 346 304 287 257
is_linear=0
shrinkage=0.03


Tree=248
num_leaves=7
num_cat=0
split_feature=4 16 1 16 22 1
split_gain=227.411 375.301 419.227 316.961 490.323 318.454
threshold=-0.5 8.5000000000000018 7.5000000000000009 5.5000000000000009 29.000000000000004 1.0000000180025095e-35
decision_type=2 8 10 8 8 10
left_child=1 -1 -3 -2 5 -5
right_child=3 2 -4 4 -6 -7
leaf_value=-0.038982074509014288 0.030370498362396442 0.0076718385481690781 0.12018025085025905 -0.010617879746215683 0.074532535947286163 -0.10816949552068343
leaf_weight=57 65 78 44 51 21 73
leaf_count=57 65 78 44 51 21 73
internal_value=-0.00218105 0.0223299 0.0513826 -0.0231072 -0.0472932 -0.0700141
internal_weight=389 179 122 210 145 124
internal_count=389 179 122 210 145 124
is_linear=0
shrinkage=0.03


Tree=249
num_leaves=7
num_cat=0
split_feature=0 17 1 22 2 0
split_gain=602.773 241.033 404.817 309.543 343.171 288.66
threshold=122.50000000000001 -8.4999999999999982 1.0000000180025095e-35 -31.833333333333332 17.100000000000005 32.500000000000007
decision_type=2 8 10 10 2 2
left_child=1 2 -1 4 -3 -5
right_child=-2 3 -4 5 -6 -7
leaf_value=-0.035722438820770808 -0.16940913221240045 -0.010244653799499457 0.15185817236485688 0.10371273946482688 -0.16193853922512222 -0.0045492810786692131
leaf_weight=15.999999999999998 14.999999999999998 34 18 19 18 286
leaf_count=16 15 34 18 19 18 286
internal_value=-0.00877002 -0.000546203 0.0703222 -0.00817365 -0.0723531 0.00375892
internal_weight=406 391 34 357 52 305
internal_count=406 391 34 357 52 305
is_linear=0
shrinkage=0.03


Tree=250
num_leaves=7
num_cat=0
split_feature=16 1 1 2 5 2
split_gain=289.816 396.446 297.719 267.503 353.058 407.1
threshold=-37.499999999999993 17.500000000000004 -12.499999999999998 20.450000000000003 -0.5 16.250000000000004
decision_type=10 8 10 2 2 2
left_child=1 2 -1 4 -4 -6
right_child=-2 -3 3 -5 5 -7
leaf_value=-0.084614495652563418 0.031246295495156465 -0.11415939278462355 0.11641856053296257 -0.052623747101222924 -0.032622512128204106 0.090067905766623352
leaf_weight=29 174 29 29 39 75 30
leaf_count=29 174 29 29 39 75 30
internal_value=0.00248814 -0.0193769 -0.00334073 0.0122773 0.0323799 0.00493251
internal_weight=405 231 202 173 134 105
internal_count=405 231 202 173 134 105
is_linear=0
shrinkage=0.03


Tree=251
num_leaves=7
num_cat=0
split_feature=0 21 22 5 4 2
split_gain=323.036 302.485 458.021 461.703 424.054 368.895
threshold=67.500000000000014 3.2681372549019625 -3.329095238095237 -0.68301270189221952 -0.5 13.550000000000002
decision_type=2 10 8 2 2 2
left_child=1 2 4 -4 -1 -6
right_child=-2 -3 3 -5 5 -7
leaf_value=0.099233461094313649 -0.046763092684593513 0.1033493410795927 0.064455356687307355 -0.071204866254419991 0.062567703626118604 -0.07585623845458031
leaf_weight=53 132 23 25 94 27 33
leaf_count=53 132 23 25 94 27 33
internal_value=-0.00957452 0.0102051 -0.00101456 -0.041255 0.041315 -0.0135442
internal_weight=387 255 232 119 113 60
internal_count=387 255 232 119 113 60
is_linear=0
shrinkage=0.03


Tree=252
num_leaves=7
num_cat=0
split_feature=0 4 0 20 0 11
split_gain=505.501 439.951 833.202 618.501 402.86 331.659
threshold=122.50000000000001 0.25000000000000011 52.500000000000007 -5.4999999999999991 67.500000000000014 -6.4999999999999991
decision_type=2 2 2 8 2 8
left_child=1 4 -3 -4 5 -1
right_child=-2 2 3 -5 -6 -7
leaf_value=0.076112791266608623 -0.14665611559152603 -0.045727093077518724 -0.030704201970781601 0.17417958914087367 -0.066321727323444754 -0.010703367344752142
leaf_weight=48 14.999999999999998 39 15.999999999999998 47 80 153
leaf_count=48 15 39 16 47 80 153
internal_value=0.000429119 0.0080053 0.0598183 0.123714 -0.0115192 0.011373
internal_weight=398 383 102 63 281 201
internal_count=398 383 102 63 281 201
is_linear=0
shrinkage=0.03


Tree=253
num_leaves=7
num_cat=0
split_feature=0 4 0 0 2 2
split_gain=292.471 306.495 529.405 360.735 325.188 296.946
threshold=122.50000000000001 0.25000000000000011 57.500000000000007 32.500000000000007 13.950000000000001 15.950000000000001
decision_type=2 2 2 2 2 2
left_child=1 3 -3 -1 -4 -6
right_child=-2 2 4 -5 5 -7
leaf_value=0.089557676792144769 -0.10801423711436135 -0.024252204000949858 0.013017553504970338 -0.020294118170541796 0.23967793081487926 0.053282069797101227
leaf_weight=25 15.999999999999998 46 22 259 15.999999999999998 18
leaf_count=25 16 46 22 259 16 18
internal_value=0.00106663 0.00691156 0.0502181 -0.00924193 0.108364 0.16048
internal_weight=402 386 102 284 56 34
internal_count=402 386 102 284 56 34
is_linear=0
shrinkage=0.03


Tree=254
num_leaves=7
num_cat=0
split_feature=16 2 2 4 2 11
split_gain=245.033 298.384 603.55 308.209 367.688 238.606
threshold=5.5000000000000009 11.850000000000003 14.450000000000001 -0.5 15.850000000000003 -32.499999999999993
decision_type=8 2 2 2 2 10
left_child=-1 -2 5 -4 -5 -3
right_child=1 2 3 4 -6 -7
leaf_value=0.042498726326972248 0.042391295436914868 -0.14627326068069255 0.037165214490583708 0.0659728592634201 -0.089502562759444113 -0.01592909606695175
leaf_weight=115 72 37 97 14.999999999999998 43 20
leaf_count=115 72 37 97 15 43 20
internal_value=0.00652589 -0.00852384 -0.0263941 0.00508866 -0.0472487 -0.105511
internal_weight=399 284 212 155 58 57
internal_count=399 284 212 155 58 57
is_linear=0
shrinkage=0.03


Tree=255
num_leaves=7
num_cat=0
split_feature=22 0 21 16 22 22
split_gain=267.929 293.878 324.916 251.773 301.122 301.785
threshold=-53.499999999999993 102.50000000000001 -2.2728758169934631 -1.4999999999999998 38.500000000000007 14.200000000000001
decision_type=8 2 10 8 8 10
left_child=-1 2 3 -2 5 -5
right_child=1 -3 -4 4 -6 -7
leaf_value=-0.097053023792803284 0.044301931300739707 0.10276250738650559 0.083798347494818945 -0.013945216682684773 0.058684624295968268 -0.10547850529231675
leaf_weight=14.999999999999998 71 27 39 165 34 36
leaf_count=15 71 27 39 165 34 36
internal_value=0.0101908 0.015745 0.0075642 -0.00334295 -0.0183609 -0.0325015
internal_weight=387 372 345 306 235 201
internal_count=387 372 345 306 235 201
is_linear=0
shrinkage=0.03


Tree=256
num_leaves=7
num_cat=0
split_feature=17 16 17 5 16 1
split_gain=374.195 528.023 422.195 196.294 249.249 210.871
threshold=18.500000000000004 19.500000000000004 -5.4999999999999991 -0.9330127018922193 45.500000000000007 -12.499999999999998
decision_type=10 8 10 2 8 10
left_child=1 -1 3 -3 -5 -6
right_child=-2 2 -4 4 5 -7
leaf_value=0.02477268403943847 0.093767549037483744 -0.10819354866743087 -0.14748842324722897 -0.11658336938917636 -0.07528685730695725 0.012966814158054498
leaf_weight=148 24 20 28 14.999999999999998 25 125
leaf_count=148 24 20 28 15 25 125
internal_value=-0.010172 -0.0182686 -0.0480575 -0.0295233 -0.0170858 -0.00369626
internal_weight=385 361 213 185 165 150
internal_count=385 361 213 185 165 150
is_linear=0
shrinkage=0.03


Tree=257
num_leaves=7
num_cat=0
split_feature=22 0 3 22 1 15
split_gain=242.251 347.163 564.298 258.785 256.776 164.64
threshold=8.7663398692810475 47.500000000000007 1.0000000180025095e-35 35.500000000000007 22.500000000000004 -2.4999999999999996
decision_type=8 2 2 8 10 10
left_child=4 -2 -3 -4 5 -1
right_child=1 2 3 -5 -6 -7
leaf_value=-0.0097938096134251428 -0.017877943323417141 0.19211165653334722 -0.04028568409150466 0.091992533262009207 -0.11306761211156845 0.064803840994834896
leaf_weight=232 50 22 27 18 14.999999999999998 25
leaf_count=232 50 22 27 18 15 25
internal_value=0.00607118 0.0412329 0.0835236 0.0165337 -0.0095248 -0.001439
internal_weight=389 117 67 45 272 257
internal_count=389 117 67 45 272 257
is_linear=0
shrinkage=0.03


Tree=258
num_leaves=7
num_cat=0
split_feature=22 22 2 20 6 2
split_gain=591.223 355.155 212.853 175.561 231.296 196.82
threshold=32.500000000000007 14.200000000000001 18.000000000000004 -14.499999999999998 1.0000000180025095e-35 10.950000000000001
decision_type=8 8 2 10 10 2
left_child=1 3 -2 5 -5 -1
right_child=2 -3 -4 4 -6 -7
leaf_value=-0.097287333028184042 0.13322849640995263 -0.094310036242166717 -0.0013863045573234557 0.047045796935896521 -0.056987585377693176 -0.010233920341561314
leaf_weight=22 30 42 14.999999999999998 84 20 187
leaf_count=22 30 42 15 84 20 187
internal_value=-0.00401626 -0.017394 0.0927054 -0.00575247 0.025343 -0.0214564
internal_weight=400 355 45 313 104 209
internal_count=400 355 45 313 104 209
is_linear=0
shrinkage=0.03


Tree=259
num_leaves=7
num_cat=0
split_feature=0 17 4 0 17 13
split_gain=309.367 399.737 404.511 296.611 347.03 337.559
threshold=122.50000000000001 14.500000000000002 0.25000000000000011 87.500000000000014 18.500000000000004 1.0000000180025095e-35
decision_type=2 8 2 2 10 10
left_child=1 2 -1 4 5 -3
right_child=-2 3 -4 -5 -6 -7
leaf_value=0.00023970076628029345 -0.11702251222729682 -0.019486917459372696 0.14784965654835105 -0.083084575727928517 0.11327435700789741 0.084004133893176916
leaf_weight=35 14.999999999999998 247 27 38 18 27
leaf_count=35 15 247 27 38 18 27
internal_value=-0.00191643 0.0039065 0.0707579 -0.00952208 0.00128868 -0.0079662
internal_weight=407 392 62 330 292 274
internal_count=407 392 62 330 292 274
is_linear=0
shrinkage=0.03


Tree=260
num_leaves=7
num_cat=0
split_feature=22 17 0 13 16 11
split_gain=187.729 498.684 225.055 190.758 187.656 153.478
threshold=-66.999999999999986 -35.499999999999993 97.500000000000014 1.0000000180025095e-35 19.500000000000004 -7.4999999999999991
decision_type=10 8 2 10 10 10
left_child=-1 -2 3 4 5 -3
right_child=1 2 -4 -5 -6 -7
leaf_value=-0.068635842437122729 0.12748274384997785 0.0088138369517644644 -0.087302146606585557 0.070596281356281695 -0.095072238801614098 -0.042353951818985894
leaf_weight=42 19 186 29 22 18 68
leaf_count=42 19 186 29 22 18 68
internal_value=-0.0123998 -0.00460416 -0.0141989 -0.00564869 -0.0129785 -0.00543782
internal_weight=384 342 323 294 272 254
internal_count=384 342 323 294 272 254
is_linear=0
shrinkage=0.03


Tree=261
num_leaves=7
num_cat=0
split_feature=15 2 22 22 16 4
split_gain=190.54 173.615 290.818 173.974 152.51 313.203
threshold=-3.4999999999999996 10.050000000000002 19.729215686274514 8.7663398692810475 22.500000000000004 -0.5
decision_type=8 2 10 8 8 2
left_child=-1 -2 3 4 -3 -6
right_child=1 2 -4 -5 5 -7
leaf_value=-0.060047871390978495 0.063546202815160518 0.013776618189998526 -0.087888635583221908 0.045747986559111331 0.0081569351275162447 -0.10678692236116953
leaf_weight=40 36 129 27 73 53 30
leaf_count=40 36 129 27 73 53 30
internal_value=-0.00193187 0.00550404 -0.0020898 0.00741369 -0.00653628 -0.0370959
internal_weight=388 348 312 285 212 83
internal_count=388 348 312 285 212 83
is_linear=0
shrinkage=0.03


Tree=262
num_leaves=7
num_cat=0
split_feature=17 16 4 17 2 2
split_gain=198.536 306.67 241.896 193.758 213.89 327.257
threshold=-18.499999999999996 -32.499999999999993 -0.93301270189221908 10.500000000000002 20.750000000000004 14.450000000000001
decision_type=8 8 2 8 2 2
left_child=-1 -2 -3 -4 5 -5
right_child=1 2 3 4 -6 -7
leaf_value=-0.079247023208487408 -0.11156733928647423 0.096390180301666267 -0.063302850448168246 -0.0086698560191448334 -0.060042259646831332 0.059315217571223482
leaf_weight=26 15.999999999999998 20 34 167 32 97
leaf_count=26 16 20 34 167 32 97
internal_value=-0.00635077 -0.000174117 0.00641779 -0.000392352 0.00776536 0.0169477
internal_weight=392 366 350 330 296 264
internal_count=392 366 350 330 296 264
is_linear=0
shrinkage=0.03


Tree=263
num_leaves=7
num_cat=0
split_feature=9 15 1 19 13 0
split_gain=198.092 145.581 332.171 175.594 235.369 146.221
threshold=1.0000000180025095e-35 -2.4999999999999996 7.5000000000000009 10.500000000000002 -0.56078431372548809 47.500000000000007
decision_type=2 8 10 8 8 2
left_child=1 2 -1 -3 -5 -6
right_child=-2 3 -4 4 5 -7
leaf_value=0.032519017457962041 -0.079252087236382066 0.065869474692477128 -0.12869846203497476 -0.064195894268718925 -0.013054334907155287 0.034182058252394197
leaf_weight=22 19 49 15.999999999999998 32 90 155
leaf_count=22 19 49 16 32 90 155
internal_value=0.00434012 0.0097182 -0.0424338 0.0163464 0.00657347 0.0169159
internal_weight=383 364 38 326 277 245
internal_count=383 364 38 326 277 245
is_linear=0
shrinkage=0.03


Tree=264
num_leaves=7
num_cat=0
split_feature=0 22 17 17 2 17
split_gain=252.523 247.087 261.308 235.864 230.142 198.572
threshold=32.500000000000007 29.000000000000004 16.500000000000004 8.5000000000000018 17.450000000000003 -8.4999999999999982
decision_type=2 8 10 10 2 10
left_child=-1 2 3 5 -3 -2
right_child=1 4 -4 -5 -6 -7
leaf_value=0.061472414620220656 -0.021486624144565532 0.09591626992513394 -0.13646937507390974 0.07722502273321151 -0.039284398131072519 -0.10641590684652329
leaf_weight=31 267 24 14.999999999999998 14.999999999999998 14.999999999999998 23
leaf_count=31 267 24 15 15 15 23
internal_value=-0.0146836 -0.0220138 -0.0307966 -0.0234823 0.045361 -0.0299119
internal_weight=390 359 320 305 39 290
internal_count=390 359 320 305 39 290
is_linear=0
shrinkage=0.03


Tree=265
num_leaves=7
num_cat=0
split_feature=22 4 0 1 2 2
split_gain=243.086 219.642 739.237 376.547 213.694 264.921
threshold=-53.499999999999993 0.25000000000000011 67.500000000000014 17.500000000000004 16.050000000000004 10.250000000000002
decision_type=8 2 2 10 2 2
left_child=-1 3 -3 4 5 -2
right_child=1 2 -4 -5 -6 -7
leaf_value=-0.10499576866626739 0.040906985443085429 -0.016268224765203499 0.15461660341783001 -0.11622315904189801 0.027559320878237484 -0.049892359954728321
leaf_weight=15.999999999999998 35 71 28 24 115 105
leaf_count=16 35 71 28 24 115 105
internal_value=-0.00564958 -0.000128643 0.0371727 -0.013786 -0.00209524 -0.0265647
internal_weight=394 378 99 279 255 140
internal_count=394 378 99 279 255 140
is_linear=0
shrinkage=0.03


Tree=266
num_leaves=7
num_cat=0
split_feature=1 9 2 0 0 16
split_gain=302.683 235.523 192.749 545.023 390.567 298.227
threshold=22.500000000000004 1.0000000180025095e-35 14.250000000000002 72.500000000000014 102.50000000000001 7.5000000000000009
decision_type=8 2 2 2 2 10
left_child=1 2 3 -1 5 -4
right_child=-2 -3 4 -5 -6 -7
leaf_value=0.014847632101241579 -0.082802359732714562 -0.08362381377680736 0.0017650657051032589 -0.14269461984219758 0.13902432024478911 0.10404034486701412
leaf_weight=136 28 17 150 18 24 26
leaf_count=136 28 17 150 18 24 26
internal_value=0.00438089 0.0119744 0.017666 -0.00747459 0.0367343 0.0193306
internal_weight=399 371 354 154 200 176
internal_count=399 371 354 154 200 176
is_linear=0
shrinkage=0.03


Tree=267
num_leaves=7
num_cat=0
split_feature=1 2 2 20 5 22
split_gain=336.602 248.595 215.036 338.199 401.341 490.038
threshold=-12.499999999999998 20.250000000000004 14.950000000000001 -17.499999999999996 -0.5 -12.964052287581696
decision_type=10 2 2 10 2 8
left_child=-1 2 3 4 -2 -6
right_child=1 -3 -4 -5 5 -7
leaf_value=-0.081644681837500593 0.032189982234025902 -0.048322854476242225 0.050114961413726691 0.046546933247548772 0.037553428417214978 -0.12690265862414468
leaf_weight=36 48 53 119 77 21 47
leaf_count=36 48 53 119 77 21 47
internal_value=-8.75217e-05 0.00895108 0.019289 -0.00050319 -0.0323676 -0.0770212
internal_weight=401 365 312 193 116 68
internal_count=401 365 312 193 116 68
is_linear=0
shrinkage=0.03


Tree=268
num_leaves=7
num_cat=0
split_feature=22 17 16 17 20 5
split_gain=210.169 428.756 194.658 250.078 453.794 270.581
threshold=29.000000000000004 -1.4999999999999998 -37.499999999999993 -68.999999999999986 -64.499999999999986 -0.5
decision_type=8 10 10 10 10 2
left_child=1 2 3 4 -1 -5
right_child=-2 -3 -4 5 -6 -7
leaf_value=-0.16108601002693176 0.050458692988674884 -0.10406682179868221 0.023096147840099831 -0.049612752036614853 -0.014038944994581156 0.090424105964601029
leaf_weight=20 52 35 158 17 82 25
leaf_count=20 52 35 158 17 82 25
internal_value=-0.00291663 -0.0117699 0.00044748 -0.0243443 -0.0490518 0.0344945
internal_weight=389 337 302 144 102 42
internal_count=389 337 302 144 102 42
is_linear=0
shrinkage=0.03


Tree=269
num_leaves=7
num_cat=0
split_feature=1 0 0 0 6 2
split_gain=315.012 165.396 274.051 177.379 411.527 384.083
threshold=-1.0000000180025095e-35 102.50000000000001 87.500000000000014 57.500000000000007 0.75000000000000011 18.350000000000005
decision_type=8 2 2 2 8 2
left_child=-1 2 3 5 -5 -2
right_child=1 -3 -4 4 -6 -7
leaf_value=0.042424733872711659 -0.054820905936672826 0.046300615780055523 -0.12332208490930496 -0.057320236885121889 0.078978263938680598 0.046948695247146219
leaf_weight=95 142 27 19 30 42 39
leaf_count=95 142 27 19 30 42 39
internal_value=-0.00381653 -0.0189647 -0.0261621 -0.0166169 0.0221529 -0.0322201
internal_weight=394 299 272 253 72 181
internal_count=394 299 272 253 72 181
is_linear=0
shrinkage=0.03


Tree=270
num_leaves=7
num_cat=0
split_feature=22 1 17 17 1 5
split_gain=113.698 164.453 181.699 272.776 169.909 155.914
threshold=-53.499999999999993 22.500000000000004 18.500000000000004 -1.4999999999999998 12.500000000000002 -0.5
decision_type=8 10 10 10 8 2
left_child=-1 2 3 4 -2 -6
right_child=1 -3 -4 -5 5 -7
leaf_value=-0.069755581127745755 0.0075607870317941162 0.071948556431702212 0.07137075031797091 -0.09431827252910982 -0.11785890555381776 0.0004797380983829498
leaf_weight=15.999999999999998 269 23 22 26 14.999999999999998 20
leaf_count=16 269 23 22 26 15 20
internal_value=-0.00181993 0.00195835 -0.0035585 -0.00954446 -0.000885207 -0.0586296
internal_weight=391 375 352 330 304 35
internal_count=391 375 352 330 304 35
is_linear=0
shrinkage=0.03


Tree=271
num_leaves=7
num_cat=0
split_feature=17 6 22 2 0 22
split_gain=208.803 230.551 426.117 349.38 394.814 427.701
threshold=18.500000000000004 1.0000000180025095e-35 14.934967320261441 18.000000000000004 57.500000000000007 4.0833333333333348
decision_type=10 8 10 2 2 8
left_child=1 -1 3 4 -3 -6
right_child=-2 2 -4 -5 5 -7
leaf_value=0.027467258429907739 0.083389066209395721 -0.025775327286843595 -0.15352899992465971 -0.061020412633293553 0.018426998487363257 0.17991877845403823
leaf_weight=136 22 82 14.999999999999998 71 49 17
leaf_count=136 22 82 15 71 49 17
internal_value=0.00283898 -0.00299848 -0.0209093 -0.00860149 0.0177178 0.0697644
internal_weight=392 370 234 219 148 66
internal_count=392 370 234 219 148 66
is_linear=0
shrinkage=0.03


Tree=272
num_leaves=7
num_cat=0
split_feature=22 4 17 2 4 4
split_gain=320.953 140.777 259.245 197.404 243.186 268.549
threshold=-53.499999999999993 0.68301270189221941 18.500000000000004 10.050000000000002 -0.5 0.25000000000000011
decision_type=8 2 10 2 2 2
left_child=-1 2 3 -2 -5 -6
right_child=1 -3 -4 4 5 -7
leaf_value=-0.12584943569132259 0.051959305503828962 -0.082944954335689547 0.090264496757433949 0.0084831123584246416 -0.08179829800525043 -0.001854107015981124
leaf_weight=15.999999999999998 39 14.999999999999998 21 171 74 73
leaf_count=16 39 15 21 171 74 73
internal_value=-0.0115515 -0.00537555 -0.00125476 -0.00781063 -0.0158318 -0.043465
internal_weight=409 393 378 357 318 147
internal_count=409 393 378 357 318 147
is_linear=0
shrinkage=0.03


Tree=273
num_leaves=7
num_cat=0
split_feature=1 4 18 0 13 12
split_gain=177.335 190.18 147.845 174.721 169.76 168.295
threshold=-17.499999999999996 0.68301270189221941 -1.0000000180025095e-35 97.500000000000014 -11.520833333333332 8.5500000000000025
decision_type=10 2 8 2 8 8
left_child=-1 2 -2 4 -4 -6
right_child=1 -3 3 -5 5 -7
leaf_value=-0.060842810558236156 -0.050819579869508739 -0.063440345376729962 -0.04457863174751401 -0.016107215818356384 0.10873317793795938 0.038487852933971216
leaf_weight=18 14.999999999999998 15.999999999999998 14.999999999999998 50 33 248
leaf_count=18 15 16 15 50 33 248
internal_value=0.0208595 0.0255057 0.0302607 0.0344496 0.0431153 0.048494
internal_weight=395 377 361 346 296 281
internal_count=395 377 361 346 296 281
is_linear=0
shrinkage=0.03


Tree=274
num_leaves=7
num_cat=0
split_feature=5 1 17 17 1 5
split_gain=240.38 305.844 273.354 516.901 489.863 334.63
threshold=-0.9330127018922193 -1.0000000180025095e-35 -3.4999999999999996 -68.999999999999986 1.0000000180025095e-35 -0.5
decision_type=2 10 10 10 10 2
left_child=1 -1 3 -2 -5 -4
right_child=2 -3 5 4 -6 -7
leaf_value=0.0059443271929217915 -0.0048789303946693468 -0.13466581648793713 0.02450036177268395 -0.0097091553376420694 0.19298563213348388 -0.1247334665665403
leaf_weight=26 271 24 21 18 20 27
leaf_count=26 271 24 21 18 20 27
internal_value=-0.00927367 -0.0676552 -0.000275459 0.0103654 0.107008 -0.0632917
internal_weight=407 50 357 309 38 48
internal_count=407 50 357 309 38 48
is_linear=0
shrinkage=0.03


Tree=275
num_leaves=7
num_cat=0
split_feature=16 11 17 2 0 22
split_gain=240.722 185.288 166.783 264.779 332.608 245.305
threshold=-1.4999999999999998 -12.499999999999998 -68.999999999999986 20.450000000000003 52.500000000000007 -6.7051020408163264
decision_type=8 10 10 2 2 8
left_child=1 -1 5 4 -4 -2
right_child=2 -3 3 -5 -6 -7
leaf_value=0.061459558320098688 -0.082291286226648538 -0.038851501887494866 -0.043151170688290753 -0.079837591633200644 0.077562311570244763 -0.0073525667822462292
leaf_weight=79 47 17 26 14.999999999999998 61 166
leaf_count=79 47 17 26 15 61 166
internal_value=0.00229834 0.0426522 -0.0104743 0.0204175 0.0411025 -0.0253965
internal_weight=411 96 315 102 87 213
internal_count=411 96 315 102 87 213
is_linear=0
shrinkage=0.03


Tree=276
num_leaves=7
num_cat=0
split_feature=0 17 5 2 17 0
split_gain=194.601 235.332 214.837 375.968 389.404 409.992
threshold=32.500000000000007 -1.4999999999999998 -0.5 18.600000000000005 40.500000000000007 57.500000000000007
decision_type=2 8 2 2 8 2
left_child=-1 -2 -3 4 -4 -6
right_child=1 2 3 -5 5 -7
leaf_value=0.07401598972384818 0.056170792755348462 0.018195374717158597 -0.12810783265401487 -0.12444660503755915 -0.024919289481969406 0.083422351985476734
leaf_weight=27 47 122 18 28 112 38
leaf_count=27 47 122 18 28 112 38
internal_value=0.0030695 -0.00310789 -0.0126031 -0.0317493 -0.0131496 0.00433293
internal_weight=392 365 318 196 168 150
internal_count=392 365 318 196 168 150
is_linear=0
shrinkage=0.03


Tree=277
num_leaves=7
num_cat=0
split_feature=17 12 16 16 5 22
split_gain=290.732 242.491 392.183 318.232 197.714 169.117
threshold=-35.499999999999993 13.950000000000005 5.5000000000000009 2.5000000000000004 -0.9330127018922193 18.512091503267978
decision_type=8 8 10 10 2 10
left_child=-1 3 4 -2 -3 -6
right_child=1 2 -4 -5 5 -7
leaf_value=0.10407572555754865 -0.014313585657943434 -0.078055532002641301 -0.097316747628725497 0.10981022702821064 -0.0050047375305530698 0.086069503784179685
leaf_weight=15.999999999999998 42 26 47 27 218 14.999999999999998
leaf_count=16 42 26 47 27 218 15
internal_value=-0.00466687 -0.0106149 -0.0221057 0.0383944 -0.00687268 0.00254342
internal_weight=391 375 306 69 259 233
internal_count=391 375 306 69 259 233
is_linear=0
shrinkage=0.03


Tree=278
num_leaves=7
num_cat=0
split_feature=2 22 22 5 20 17
split_gain=226.127 285.145 235.047 233.955 212.959 244.103
threshold=11.850000000000003 38.500000000000007 14.200000000000001 0.9330127018922193 -24.499999999999996 10.500000000000002
decision_type=2 8 10 2 8 8
left_child=-1 2 3 4 -2 -6
right_child=1 -3 -4 -5 5 -7
leaf_value=0.051404413639678202 -0.070950461901151216 0.081018313897006658 -0.08143123444270442 -0.077623408139953678 -0.029803875180936995 0.041099983236315293
leaf_weight=92 21 29 32 26 58 142
leaf_count=92 21 29 32 26 58 142
internal_value=0.011459 -0.00110325 -0.0109153 -0.000345176 0.0102626 0.0203125
internal_weight=400 308 279 247 221 200
internal_count=400 308 279 247 221 200
is_linear=0
shrinkage=0.03


Tree=279
num_leaves=7
num_cat=0
split_feature=13 16 4 2 2 2
split_gain=192.991 208.634 326.136 417.078 404.444 355.825
threshold=-10.92532297199816 5.5000000000000009 -0.5 15.850000000000003 15.350000000000003 18.600000000000005
decision_type=8 8 2 2 2 2
left_child=-1 -2 4 -4 -3 -6
right_child=1 2 3 -5 5 -7
leaf_value=-0.08164048092232809 0.035254211497695552 -0.053104192227125167 -0.0078434158137175615 -0.1160441766679287 0.11996832847595214 0.0015570188049847881
leaf_weight=22 110 40 99 43 38 49
leaf_count=22 110 40 99 43 38 49
internal_value=-0.00414499 0.00135788 -0.0128935 -0.0434411 0.0216139 0.0569861
internal_weight=401 379 269 142 127 87
internal_count=401 379 269 142 127 87
is_linear=0
shrinkage=0.03


Tree=280
num_leaves=7
num_cat=0
split_feature=22 0 16 19 1 3
split_gain=193.31 276.808 245.684 225.03 291.732 217.761
threshold=-7.2321895424836571 67.500000000000014 13.500000000000002 -13.499999999999998 1.0000000180025095e-35 1.0000000180025095e-35
decision_type=8 2 10 10 10 2
left_child=1 3 -2 4 -1 -3
right_child=2 5 -4 -5 -6 -7
leaf_value=-0.025175536384708 0.026738676217839468 -0.14766486942768095 -0.051982762782379635 -0.075675524236126376 0.097091537499252492 -0.029950652588158846
leaf_weight=33 210 19 38 17 29 43
leaf_count=33 210 19 38 17 29 43
internal_value=-0.00200115 -0.0294658 0.0138876 0.00809024 0.0349917 -0.0743521
internal_weight=389 141 248 79 62 62
internal_count=389 141 248 79 62 62
is_linear=0
shrinkage=0.03


Tree=281
num_leaves=7
num_cat=0
split_feature=1 22 1 16 2 19
split_gain=213.359 138.337 251.158 371.658 309.41 257.375
threshold=-17.499999999999996 38.500000000000007 12.500000000000002 inf 13.550000000000002 -1.4999999999999998
decision_type=10 8 10 8 2 10
left_child=-1 2 5 -4 -5 -2
right_child=1 -3 3 4 -6 -7
leaf_value=-0.091074922531843183 0.019171636287628867 0.054724335068693522 0.014678860171156567 -0.0028916226625442507 -0.17380869388580322 -0.074046810001134875
leaf_weight=19 238 34 38 14.999999999999998 22 25
leaf_count=19 238 34 38 15 22 25
internal_value=-0.00437809 0.00119914 -0.00490429 -0.0514935 -0.113111 0.00909442
internal_weight=391 372 338 75 37 263
internal_count=391 372 338 75 37 263
is_linear=0
shrinkage=0.03


Tree=282
num_leaves=7
num_cat=0
split_feature=23 20 16 13 16 2
split_gain=136.12 111.541 130.135 180.114 140.083 394.192
threshold=14.215196078431378 -24.499999999999996 11.500000000000002 -4.1186274509803935 -45.999999999999993 12.950000000000001
decision_type=2 8 10 10 10 2
left_child=1 -1 4 -4 -3 -6
right_child=-2 2 3 -5 5 -7
leaf_value=-0.057816702175140379 0.083916217088699341 -0.0018172105774283409 -0.10720861306786535 0.022231258494513371 -0.034500264021689472 0.07560860484575524
leaf_weight=20 14.999999999999998 203 15.000000000000002 15.999999999999998 41 80
leaf_count=20 15 203 15 16 41 80
internal_value=0.00763881 0.0035237 0.00773451 -0.0465921 0.0135615 0.0384105
internal_weight=390 375 355 31 324 121
internal_count=390 375 355 31 324 121
is_linear=0
shrinkage=0.03


Tree=283
num_leaves=7
num_cat=0
split_feature=16 2 2 12 0 5
split_gain=160.078 162.66 348.207 397.808 304.602 321.377
threshold=-12.499999999999998 11.850000000000003 14.250000000000002 -1.0000000180025095e-35 67.500000000000014 0.25000000000000017
decision_type=8 2 2 10 2 2
left_child=-1 -2 4 -4 5 -3
right_child=1 2 3 -5 -6 -7
leaf_value=0.044840030482182137 0.031259871077723801 0.07554358511790632 -0.012360465377242417 0.10964500984975269 -0.15689341649115085 -0.068501281850039966
leaf_weight=60 75 14.999999999999998 166 23 20 43
leaf_count=60 75 15 166 23 20 43
internal_value=0.00165181 -0.006462 -0.0174379 0.00493 -0.068669 -0.0282094
internal_weight=402 342 267 189 78 58
internal_count=402 342 267 189 78 58
is_linear=0
shrinkage=0.03


Tree=284
num_leaves=7
num_cat=0
split_feature=22 22 17 2 6 22
split_gain=202.752 115.443 160.729 215.517 181.537 230.109
threshold=-53.499999999999993 -34.833333333333321 10.500000000000002 17.350000000000005 1.0000000180025095e-35 -13.633333333333331
decision_type=8 8 8 2 10 10
left_child=-1 -2 3 -3 -4 -6
right_child=1 2 4 -5 5 -7
leaf_value=-0.083803163912633191 0.073090744731218918 -0.11136569742113352 0.020835593129548399 0.012323752462863923 0.026499156566070655 -0.095160040080547334
leaf_weight=18 18 19 273 25 23 25
leaf_count=18 18 19 273 25 23 25
internal_value=0.0027833 0.00788014 0.00372002 -0.0470013 0.0112867 -0.0398646
internal_weight=401 383 365 44 321 48
internal_count=401 383 365 44 321 48
is_linear=0
shrinkage=0.03


Tree=285
num_leaves=7
num_cat=0
split_feature=4 17 4 2 6 2
split_gain=216.76 294.458 439.727 269.372 205.003 188.565
threshold=0.68301270189221941 -68.999999999999986 0.25000000000000011 10.250000000000002 1.0000000180025095e-35 18.750000000000004
decision_type=2 10 2 2 8 2
left_child=1 3 5 4 -1 -3
right_child=-2 2 -4 -5 -6 -7
leaf_value=0.094904997233301397 -0.10709109354391694 -0.063712244667112825 0.11800044096433199 -0.030829497675514881 -0.032637148797512054 0.03871727969836105
leaf_weight=25 14.999999999999998 27 34 265 14.999999999999998 28
leaf_count=25 15 27 34 265 15 28
internal_value=-0.0107017 -0.00573599 0.0408606 -0.0197728 0.0487646 -0.0126854
internal_weight=409 394 89 305 40 55
internal_count=409 394 89 305 40 55
is_linear=0
shrinkage=0.03


Tree=286
num_leaves=7
num_cat=0
split_feature=22 17 0 18 0 12
split_gain=410.595 454.363 539.336 176.975 209.753 197.945
threshold=-66.999999999999986 -35.499999999999993 97.500000000000014 12.500000000000002 32.500000000000007 -1.0000000180025095e-35
decision_type=10 8 2 8 2 10
left_child=-1 -2 3 -3 -5 -6
right_child=1 2 -4 4 5 -7
leaf_value=-0.098278250469621728 0.1341268730366772 -0.051080848813999623 -0.1115139660353844 0.10058719314634799 -0.0052417529728806126 0.064262937267621348
leaf_weight=36 17 36 34 19 201 40
leaf_count=36 17 36 34 19 201 40
internal_value=-0.00849447 0.00208396 -0.00661861 0.00708242 0.0159476 0.00736598
internal_weight=383 347 330 296 260 241
internal_count=383 347 330 296 260 241
is_linear=0
shrinkage=0.03


Tree=287
num_leaves=7
num_cat=0
split_feature=17 22 22 22 0 2
split_gain=451.957 444.9 166.484 328.926 484.701 146.136
threshold=-68.999999999999986 -37.499999999999993 -9.1666666666666661 6.4439215686274549 52.500000000000007 18.750000000000004
decision_type=10 8 10 10 2 2
left_child=1 -1 -2 -4 -5 -3
right_child=2 5 3 4 -6 -7
leaf_value=-0.13780978928743437 0.11969201482619558 0.013951506678474276 -0.057731309509277344 -0.046959209356989183 0.14189694679835263 -0.037902163730135982
leaf_weight=17 30 214 20 15.999999999999998 29 58
leaf_count=17 30 214 20 16 29 58
internal_value=0.0108484 -0.00804174 0.0658429 0.0342153 0.0767671 0.0024099
internal_weight=384 289 95 65 45 272
internal_count=384 289 95 65 45 272
is_linear=0
shrinkage=0.03


Tree=288
num_leaves=7
num_cat=0
split_feature=0 11 1 0 22 0
split_gain=268.301 238.212 219.405 285.873 319.575 206.142
threshold=122.50000000000001 14.500000000000002 -17.499999999999996 102.50000000000001 -15.789666666666664 62.500000000000007
decision_type=2 8 10 2 8 2
left_child=1 5 -3 4 -4 -1
right_child=-2 2 3 -5 -6 -7
leaf_value=-0.0029541982123474321 -0.10530721181631088 -0.066022182648832139 -0.055815594082698219 0.12803077319493661 0.03879180717490175 -0.086159095887626921
leaf_weight=116 14.999999999999998 17 35 21 165 30
leaf_count=116 15 17 35 21 165 30
internal_value=0.00187902 0.00736573 0.025672 0.03403 0.021278 -0.0223379
internal_weight=399 384 238 221 200 146
internal_count=399 384 238 221 200 146
is_linear=0
shrinkage=0.03


Tree=289
num_leaves=7
num_cat=0
split_feature=22 22 11 12 0 0
split_gain=344.572 213.18 160.072 199.261 201.44 185.135
threshold=-47.999999999999993 25.500000000000004 -17.999999999999996 3.9499999999999997 32.500000000000007 47.500000000000007
decision_type=8 10 10 10 2 2
left_child=-1 2 5 4 -4 -2
right_child=1 -3 3 -5 -6 -7
leaf_value=-0.098164587668303785 -0.013020536229014397 -0.086498079836368549 0.063504127174615857 0.067081437921524045 -0.040911680845543738 0.046616235727262569
leaf_weight=24 63 14.999999999999998 14.999999999999998 20 105 159
leaf_count=24 63 15 15 20 105 159
internal_value=0.00155115 0.00910089 0.0141866 -0.0107115 -0.0258416 0.0297783
internal_weight=401 377 362 140 120 222
internal_count=401 377 362 140 120 222
is_linear=0
shrinkage=0.03


Tree=290
num_leaves=7
num_cat=0
split_feature=0 12 16 2 0 5
split_gain=161.504 181.286 264.037 212.95 514.193 549.957
threshold=117.50000000000001 3.9499999999999997 10.500000000000002 19.650000000000002 62.500000000000007 -0.24999999999999994
decision_type=2 10 10 2 2 2
left_child=1 2 3 -1 5 -5
right_child=-2 -3 -4 4 -6 -7
leaf_value=0.015307371410890482 0.088927329450845707 0.058868689438836136 -0.089335673131769697 -0.057863661048135583 -0.12226900091243756 0.14904134778678418
leaf_weight=251 14.999999999999998 39 26 23 32 14.999999999999998
leaf_count=251 15 39 26 23 32 15
internal_value=0.00579986 0.00147364 -0.00572167 0.00231711 -0.0421774 0.0316429
internal_weight=401 386 347 321 70 38
internal_count=401 386 347 321 70 38
is_linear=0
shrinkage=0.03


Tree=291
num_leaves=7
num_cat=0
split_feature=22 17 0 17 22 0
split_gain=670.99 350.705 628.17 293.227 282.919 233.436
threshold=-66.999999999999986 -35.499999999999993 92.500000000000014 10.500000000000002 4.6733006535947714 32.500000000000007
decision_type=10 8 2 10 10 2
left_child=-1 -2 3 5 -4 -3
right_child=1 2 4 -5 -6 -7
leaf_value=-0.11836659850286585 0.11911929875612258 0.095241135768592361 -0.1596166815531665 0.1007209724187851 -0.0063593198634360141 -0.0026473468416952526
leaf_weight=37 19 19 24 28 18 251
leaf_count=37 19 19 24 28 18 251
internal_value=-0.00487737 0.00828454 0.000454233 0.0162768 -0.101599 0.00584751
internal_weight=396 359 340 298 42 270
internal_count=396 359 340 298 42 270
is_linear=0
shrinkage=0.03


Tree=292
num_leaves=7
num_cat=0
split_feature=4 17 2 2 0 2
split_gain=168.168 194.167 552.478 117.735 384.562 337.135
threshold=0.68301270189221941 10.500000000000002 15.850000000000003 18.600000000000005 87.500000000000014 14.850000000000003
decision_type=2 10 2 2 2 2
left_child=1 3 -3 5 -5 -1
right_child=-2 2 -4 4 -6 -7
leaf_value=-0.011447705648200853 -0.076690161510237623 0.18533481994271278 -0.031210185706615445 0.0074451080488937872 -0.13213234857372613 0.058385444623370142
leaf_weight=170 15.999999999999998 14.999999999999998 20 76 18 92
leaf_count=170 16 15 20 76 18 92
internal_value=0.00616504 0.010481 0.073161 0.00339072 -0.024606 0.013708
internal_weight=407 391 35 356 94 262
internal_count=407 391 35 356 94 262
is_linear=0
shrinkage=0.03


Tree=293
num_leaves=7
num_cat=0
split_feature=2 22 22 16 2 0
split_gain=188.725 308.183 374.912 301.807 846.823 202.82
threshold=12.250000000000002 14.200000000000001 8.7663398692810475 33.500000000000007 10.65 42.500000000000007
decision_type=2 10 10 8 2 2
left_child=3 2 -2 -1 5 -5
right_child=1 -3 -4 4 -6 -7
leaf_value=-0.038429444836309327 -0.017221801574933571 -0.093315257902552434 0.093555225818868604 0.045829629221116192 0.22043901776725594 -0.068243651998043067
leaf_weight=34 239 36 26 27 17 20
leaf_count=34 239 36 26 27 17 20
internal_value=-0.00499125 -0.0167576 -0.00482188 0.0302074 0.0668133 -0.0046066
internal_weight=399 301 265 98 64 47
internal_count=399 301 265 98 64 47
is_linear=0
shrinkage=0.03


Tree=294
num_leaves=7
num_cat=0
split_feature=16 2 11 1 13 5
split_gain=428.058 232.226 349.878 227.695 246.289 243.485
threshold=5.5000000000000009 12.850000000000003 1.5000000000000002 -1.0000000180025095e-35 0.94901960784313755 -0.9330127018922193
decision_type=8 2 8 8 10 2
left_child=1 -1 -3 -2 5 -5
right_child=3 2 -4 4 -6 -7
leaf_value=-0.035196757960704067 0.018926080512729558 -0.0095694298506146525 0.1099418885509173 -0.15068492831095406 0.04181097388267517 -0.042783891779920417
leaf_weight=26 61 36 49 18 22 161
leaf_count=26 61 36 49 18 22 161
internal_value=-0.00988478 0.0383915 0.0616057 -0.0306736 -0.0458203 -0.0574341
internal_weight=373 111 85 262 201 179
internal_count=373 111 85 262 201 179
is_linear=0
shrinkage=0.03


Tree=295
num_leaves=7
num_cat=0
split_feature=1 16 19 0 22 12
split_gain=201.265 287.057 187.645 131.795 527.104 183.447
threshold=17.500000000000004 19.500000000000004 -1.0000000180025095e-35 92.500000000000014 -10.656209150326795 3.9499999999999997
decision_type=8 8 10 2 10 10
left_child=2 -2 3 5 -5 -1
right_child=1 -3 -4 4 -6 -7
leaf_value=0.010734195329848378 0.022102380752563475 -0.12097940005105118 -0.068550543795371885 0.048510026499629016 -0.14867688860212053 0.094728637796181889
leaf_weight=256 20 24 24 25 15.999999999999998 21
leaf_count=256 20 24 24 25 16 21
internal_value=-0.00344285 -0.0603233 0.00463888 0.0111383 -0.0362373 0.0186687
internal_weight=386 44 342 318 41 277
internal_count=386 44 342 318 41 277
is_linear=0
shrinkage=0.03


Tree=296
num_leaves=7
num_cat=0
split_feature=0 17 2 18 0 2
split_gain=251.225 292.024 273.016 195.792 243.956 284.63
threshold=122.50000000000001 -68.999999999999986 10.250000000000002 8.0000000000000018 87.500000000000014 14.850000000000003
decision_type=2 10 2 8 2 2
left_child=1 2 -1 -4 5 -5
right_child=-2 -3 3 4 -6 -7
leaf_value=0.06473246362364414 -0.094831920325756075 0.062258160456337711 -0.078503898417311063 -0.019958424146227897 -0.072478790279175781 0.053189994535475439
leaf_weight=44 14.999999999999998 83 30 107 32 79
leaf_count=44 15 83 30 107 32 79
internal_value=0.00900566 0.0143523 -8.3653e-05 -0.0126353 -0.0020139 0.0116891
internal_weight=390 375 292 248 218 186
internal_count=390 375 292 248 218 186
is_linear=0
shrinkage=0.03


Tree=297
num_leaves=7
num_cat=0
split_feature=22 17 2 1 20 22
split_gain=229.114 307.643 292.304 265.058 572.333 423.655
threshold=-66.999999999999986 -1.4999999999999998 18.250000000000004 12.500000000000002 -11.499999999999998 23.166666666666668
decision_type=10 8 2 10 10 10
left_child=2 -2 -1 5 -5 -3
right_child=1 3 -4 4 -6 -7
leaf_value=0.003119396459439705 0.0693148031156018 -0.0058452944056945361 -0.14763890943743965 -0.11058394366277839 0.074417053975842209 0.13472500298704418
leaf_weight=24 48 234 17 48 17 15.999999999999998
leaf_count=24 48 234 17 48 17 16
internal_value=-0.00556353 0.00239704 -0.0686433 -0.00872367 -0.0603396 0.00561647
internal_weight=404 363 41 315 65 250
internal_count=404 363 41 315 65 250
is_linear=0
shrinkage=0.03


Tree=298
num_leaves=7
num_cat=0
split_feature=1 9 11 2 22 22
split_gain=256.301 234.897 280.291 265.579 348.669 280.217
threshold=22.500000000000004 1.0000000180025095e-35 -6.4999999999999991 14.450000000000001 -3.4712418300653591 -3.6010737628384679
decision_type=10 2 10 2 10 10
left_child=1 2 3 4 -1 -5
right_child=-2 -3 -4 5 -6 -7
leaf_value=0.042562889399295541 -0.08133893883228302 -0.083361736604053036 -0.031958182283872087 0.024387728569360032 -0.055238639940736724 0.11027609777237687
leaf_weight=66 25 18 81 98 56 51
leaf_count=66 25 18 81 98 56 51
internal_value=0.00308478 0.00979755 0.0156622 0.0302167 -0.00273694 0.0564117
internal_weight=395 370 352 271 122 149
internal_count=395 370 352 271 122 149
is_linear=0
shrinkage=0.03


Tree=299
num_leaves=7
num_cat=0
split_feature=22 0 0 22 4 12
split_gain=136.603 228.446 203.427 195.363 149.409 159.385
threshold=-66.999999999999986 67.500000000000014 102.50000000000001 -17.266666666666662 -0.93301270189221908 13.950000000000005
decision_type=10 2 2 10 2 8
left_child=1 -1 3 -2 -5 -6
right_child=2 -3 -4 4 5 -7
leaf_value=0.014796403279948619 -0.041736737179068423 -0.11581464622701916 0.082294139669221986 0.089443741162186077 0.052468131068399398 -0.0036934194155037402
leaf_weight=26 60 15.999999999999998 29 18 54 196
leaf_count=26 60 16 29 18 54 196
internal_value=0.00624293 -0.0419876 0.0124187 0.00509778 0.0161555 0.0092284
internal_weight=399 42 357 328 268 250
internal_count=399 42 357 328 268 250
is_linear=0
shrinkage=0.03


Tree=300
num_leaves=7
num_cat=0
split_feature=22 17 17 22 22 11
split_gain=195.519 245.108 184.215 364.878 172.926 158.386
threshold=17.858169934640525 1.0000000180025095e-35 -68.999999999999986 -37.499999999999993 -9.1666666666666661 -17.999999999999996
decision_type=10 10 10 8 10 10
left_child=1 2 3 -1 -4 -5
right_child=-2 -3 4 5 -6 -7
leaf_value=-0.11664582188640321 0.077792120293567052 -0.077729453583215841 0.10634339874440973 0.034756545156833706 -0.010765672411237444 -0.0098718945819123733
leaf_weight=15.999999999999998 33 24 28 141 15.999999999999998 137
leaf_count=16 33 24 28 141 16 137
internal_value=0.0130207 0.00613674 0.013138 0.00409058 0.0670052 0.0129775
internal_weight=395 362 338 294 44 278
internal_count=395 362 338 294 44 278
is_linear=0
shrinkage=0.03


Tree=301
num_leaves=7
num_cat=0
split_feature=21 0 17 2 22 22
split_gain=196.052 197.804 158.768 499.946 205.81 88.0045
threshold=3.2681372549019625 67.500000000000014 10.500000000000002 15.450000000000001 8.0545098039215706 3.5416666666666674
decision_type=10 2 10 2 10 8
left_child=2 -2 4 -4 5 -1
right_child=1 -3 3 -5 -6 -7
leaf_value=-0.0169333872153275 0.11800170732581097 -0.015190103820392062 0.12965611261244003 -0.069176558170999797 -0.091338733196258542 0.022543795686501722
leaf_weight=233 18 15.999999999999998 21 15.999999999999998 25 60
leaf_count=233 18 16 21 16 25 60
internal_value=-0.00251666 0.0614115 -0.00940725 0.045675 -0.016424 -0.00860671
internal_weight=389 34 355 37 318 293
internal_count=389 34 355 37 318 293
is_linear=0
shrinkage=0.03


Tree=302
num_leaves=7
num_cat=0
split_feature=0 0 0 2 2 5
split_gain=218.911 192.771 205.183 212.08 211.968 211.588
threshold=122.50000000000001 102.50000000000001 92.500000000000014 18.950000000000003 15.65 -0.5
decision_type=2 2 2 2 2 2
left_child=1 2 3 4 5 -1
right_child=-2 -3 -4 -5 -6 -7
leaf_value=0.048263577388032622 -0.093921895793506072 0.081337310831461632 -0.08336165117025375 0.045455645934751862 -0.063081320986863892 -0.015872234625424791
leaf_weight=64 15.999999999999998 23 20 84 46 136
leaf_count=64 16 23 20 84 46 136
internal_value=0.000359519 0.00559262 -0.000460379 0.00573315 -0.00846592 0.00532781
internal_weight=389 373 350 330 246 200
internal_count=389 373 350 330 246 200
is_linear=0
shrinkage=0.03


Tree=303
num_leaves=7
num_cat=0
split_feature=9 5 1 2 16 1
split_gain=228.879 223.349 251.233 406.433 268.029 209.692
threshold=1.0000000180025095e-35 -0.9330127018922193 12.500000000000002 13.950000000000001 2.5000000000000004 1.0000000180025095e-35
decision_type=2 2 10 2 8 10
left_child=1 5 -3 -4 -5 -1
right_child=-2 2 3 4 -6 -7
leaf_value=0.0063131003379821773 -0.09293472032994031 0.0035608468246209665 -0.019931693749146207 0.017918798788027331 0.17205308929566415 -0.10910809285365618
leaf_weight=30 15.999999999999998 251 29 17 26 21
leaf_count=30 16 251 29 17 26 21
internal_value=0.00352982 0.00882825 0.0181761 0.0655868 0.11933 -0.0467116
internal_weight=390 374 323 72 43 51
internal_count=390 374 323 72 43 51
is_linear=0
shrinkage=0.03


Tree=304
num_leaves=7
num_cat=0
split_feature=2 22 20 2 0 22
split_gain=175.455 303.848 277.544 298.98 641.242 501.618
threshold=11.850000000000003 14.200000000000001 5.5000000000000009 18.600000000000005 57.500000000000007 -47.999999999999993
decision_type=2 10 8 2 2 10
left_child=-1 2 -2 4 -4 -5
right_child=1 -3 3 5 -6 -7
leaf_value=0.031191439224309045 -0.043562542683032064 -0.092575981624424458 -0.031041940027531585 -0.14130715250968931 0.11194065848986307 0.035042456059079415
leaf_weight=90 92 35 48 19 58 33
leaf_count=90 92 35 48 19 58 33
internal_value=-0.00425826 -0.0157977 -0.00344426 0.0205355 0.0487121 -0.0361361
internal_weight=375 285 250 158 106 52
internal_count=375 285 250 158 106 52
is_linear=0
shrinkage=0.03


Tree=305
num_leaves=7
num_cat=0
split_feature=0 0 22 0 5 22
split_gain=262.013 147.991 123.598 125.165 137.249 679.999
threshold=122.50000000000001 102.50000000000001 38.500000000000007 92.500000000000014 -0.5 -4.4098823529411755
decision_type=2 2 8 2 2 10
left_child=1 2 3 4 5 -1
right_child=-2 -3 -4 -5 -6 -7
leaf_value=-0.066832481253147127 -0.11238885739445685 0.068202461118881522 0.044529130080571536 -0.076599319320917125 -0.022531510402003057 0.077386115187158183
leaf_weight=45 14.999999999999998 21 34 20 179 67
leaf_count=45 15 21 34 20 179 67
internal_value=-0.0066541 -0.000864433 -0.00598277 -0.0121222 -0.00647169 0.0190613
internal_weight=381 366 345 311 291 112
internal_count=381 366 345 311 291 112
is_linear=0
shrinkage=0.03


Tree=306
num_leaves=7
num_cat=0
split_feature=17 0 20 20 2 2
split_gain=207.043 157.207 613.72 548.44 393.733 1192.72
threshold=10.500000000000002 47.500000000000007 1.0000000180025095e-35 -4.4999999999999991 16.750000000000004 14.450000000000001
decision_type=8 2 8 8 2 2
left_child=-1 3 -3 -2 5 -4
right_child=1 2 4 -5 -6 -7
leaf_value=-0.0566839169855438 0.056205454435465589 -0.054026519527392729 0.011714561893131758 -0.059203579913120009 -0.01528546831011772 0.24261569005827749
leaf_weight=62 51 65 59 106 45 26
leaf_count=62 51 65 59 106 45 26
internal_value=-0.0083466 0.000842007 0.0186234 -0.0211364 0.055604 0.091898
internal_weight=414 352 195 157 130 85
internal_count=414 352 195 157 130 85
is_linear=0
shrinkage=0.03


Tree=307
num_leaves=7
num_cat=0
split_feature=20 22 2 6 5 2
split_gain=192.887 171.16 133.122 431.601 360.749 178.481
threshold=-2.4999999999999996 -53.499999999999993 11.850000000000003 1.0000000180025095e-35 -0.5 13.250000000000002
decision_type=10 8 2 8 2 2
left_child=1 -1 3 -3 -5 -4
right_child=-2 2 5 4 -6 -7
leaf_value=-0.085912524706551002 -0.067567714392504793 0.15312284503664289 -0.061796665981411938 0.092776010393032002 -0.061523213127198127 0.0034705390039276567
leaf_weight=15.999999999999998 42 15.999999999999998 40 15.999999999999998 34 230
leaf_count=16 42 16 40 16 34 230
internal_value=-0.0104778 -0.00281503 0.00234369 0.0389362 -0.00820198 -0.00714645
internal_weight=394 352 336 66 50 270
internal_count=394 352 336 66 50 270
is_linear=0
shrinkage=0.03


Tree=308
num_leaves=7
num_cat=0
split_feature=16 2 17 0 22 17
split_gain=239.354 197.905 158.226 346.882 247.36 195.54
threshold=5.5000000000000009 14.950000000000001 -46.499999999999993 92.500000000000014 -15.291666666666666 18.500000000000004
decision_type=10 2 8 2 10 10
left_child=2 -2 -1 5 -5 -4
right_child=1 -3 3 4 -6 -7
leaf_value=0.094564267527312035 -0.077108895087783985 0.022352273746811108 0.012913490922101551 0.013634818121790885 -0.12240521937094885 0.11093864545226097
leaf_weight=14.999999999999998 50 24 247 19 24 14.999999999999998
leaf_count=15 50 24 247 19 24 15
internal_value=0.00137586 -0.0454781 0.0127438 0.00725954 -0.0671357 0.020498
internal_weight=394 74 320 305 43 262
internal_count=394 74 320 305 43 262
is_linear=0
shrinkage=0.03


Tree=309
num_leaves=7
num_cat=0
split_feature=22 17 0 17 0 5
split_gain=311.63 406.177 538.131 235.897 406.692 222.141
threshold=-66.999999999999986 -35.499999999999993 97.500000000000014 10.500000000000002 52.500000000000007 0.25000000000000017
decision_type=10 8 2 10 2 2
left_child=5 -2 3 -3 -5 -1
right_child=1 2 -4 4 -6 -7
leaf_value=-0.14601314821413586 0.1370907885474818 0.0043596442004270623 -0.10719420413713196 -0.022557697849614276 0.17207047939300538 -0.010097705372448626
leaf_weight=15.999999999999998 15.999999999999998 292 32 15.999999999999998 15.999999999999998 24
leaf_count=16 16 292 32 16 16 24
internal_value=-2.83113e-05 0.00887879 0.0012975 0.013479 0.0848586 -0.0746469
internal_weight=412 372 356 324 32 40
internal_count=412 372 356 324 32 40
is_linear=0
shrinkage=0.03


Tree=310
num_leaves=7
num_cat=0
split_feature=22 22 16 22 2 22
split_gain=210.203 171.482 346.909 168.685 168 146.151
threshold=29.000000000000004 14.200000000000001 22.500000000000004 8.7663398692810475 18.350000000000005 -11.841830065359476
decision_type=8 10 10 10 2 10
left_child=1 3 -3 5 -2 -1
right_child=4 2 -4 -5 -6 -7
leaf_value=0.027646471616915528 0.097412424580408968 -0.11970730291945593 0.04502634802034923 0.064517863956945282 -0.016046916157007214 -0.016451575517119295
leaf_weight=103 34 23 15.999999999999998 37 14.999999999999998 176
leaf_count=103 34 23 16 37 15 176
internal_value=0.00926584 0.000865508 -0.0546875 0.00846677 0.0644101 2.8464e-05
internal_weight=404 355 39 316 49 279
internal_count=404 355 39 316 49 279
is_linear=0
shrinkage=0.03


Tree=311
num_leaves=7
num_cat=0
split_feature=1 0 17 17 2 0
split_gain=212.67 305.396 268.254 185.197 125.871 147.641
threshold=-17.499999999999996 122.50000000000001 -46.499999999999993 18.500000000000004 21.200000000000006 97.500000000000014
decision_type=10 2 8 10 2 2
left_child=-1 2 -2 4 5 -4
right_child=1 -3 3 -5 -6 -7
leaf_value=-0.082058939039707179 0.12307265154272316 -0.10436028555035591 0.016094481251911139 0.083859526685305996 -0.04808901186836393 -0.06017903775572777
leaf_weight=19 14.999999999999998 14.999999999999998 271 23 33 20
leaf_count=19 15 15 271 23 33 20
internal_value=0.00464618 0.0100328 0.0161301 0.00982467 0.00337452 0.00992433
internal_weight=396 377 362 347 324 291
internal_count=396 377 362 347 324 291
is_linear=0
shrinkage=0.03


Tree=312
num_leaves=7
num_cat=0
split_feature=22 17 22 22 22 16
split_gain=140.579 257.152 104.819 201.417 176.316 269.181
threshold=-66.999999999999986 -35.499999999999993 14.200000000000001 9.8263823529411773 29.000000000000004 22.500000000000004
decision_type=10 8 10 10 10 10
left_child=-1 -2 3 -3 5 -4
right_child=1 2 4 -5 -6 -7
leaf_value=-0.043798873937129973 0.10929157366129486 0.0026268782660997703 -0.11700082343816756 0.084781197551637877 0.042957134599035433 0.022364180274307727
leaf_weight=45 17 260 25 25 17 19
leaf_count=45 17 260 25 25 17 19
internal_value=0.00345231 0.0098254 0.00345109 0.0111709 -0.0307307 -0.0606793
internal_weight=408 363 346 285 61 44
internal_count=408 363 346 285 61 44
is_linear=0
shrinkage=0.03


Tree=313
num_leaves=7
num_cat=0
split_feature=12 16 2 22 2 1
split_gain=209.828 375.21 228.297 499.187 579.496 599.098
threshold=13.950000000000005 -3.4999999999999996 18.000000000000004 -3.4712418300653591 15.050000000000002 7.5000000000000009
decision_type=8 10 2 10 2 8
left_child=1 -1 3 4 5 -2
right_child=2 -3 -4 -5 -6 -7
leaf_value=-0.016703337416052816 0.05831714301223033 0.11378980405190411 -0.056245411345330266 -0.041103663892674266 0.13654760138690469 -0.098009559839653468
leaf_weight=45 52 29 87 128 35 31
leaf_count=45 52 29 87 128 35 31
internal_value=-0.00570398 0.0384011 -0.0159282 -0.000833268 0.042745 -0.00232122
internal_weight=407 74 333 246 118 83
internal_count=407 74 333 246 118 83
is_linear=0
shrinkage=0.03


Tree=314
num_leaves=7
num_cat=0
split_feature=22 22 22 0 20 16
split_gain=151.796 333.844 272.413 205.847 331.664 184.213
threshold=18.512091503267978 14.200000000000001 8.7663398692810475 37.500000000000007 -7.4999999999999991 5.5000000000000009
decision_type=10 10 10 2 8 8
left_child=1 2 3 4 -1 -5
right_child=-2 -3 -4 5 -6 -7
leaf_value=0.12262958698946497 0.046067336536035307 -0.12823329611258072 0.068504722518601305 0.0015347302557443673 -0.014670397820618917 -0.051238521439954637
leaf_weight=18 36 17 33 101 48 139
leaf_count=18 36 17 33 101 48 139
internal_value=-0.00882093 -0.0149326 -0.00746958 -0.0166325 0.0287739 -0.0294517
internal_weight=392 356 339 306 66 240
internal_count=392 356 339 306 66 240
is_linear=0
shrinkage=0.03


Tree=315
num_leaves=7
num_cat=0
split_feature=17 7 2 1 15 11
split_gain=200.828 151.855 220.088 213.375 260.473 183.879
threshold=18.500000000000004 1.0000000180025095e-35 9.9500000000000011 1.0000000180025095e-35 -1.0000000180025095e-35 13.500000000000002
decision_type=10 8 2 10 8 8
left_child=1 3 -3 -1 -5 -6
right_child=-2 2 -4 4 5 -7
leaf_value=0.052256143803796951 0.069581345213311052 -0.1244824237525463 -0.019390027490444481 -0.11532203614711761 0.045044477455159451 -0.04583892439944403
leaf_weight=58 23 14.999999999999998 211 14.999999999999998 42 30
leaf_count=58 23 15 211 15 42 30
internal_value=-0.00809823 -0.0137752 -0.0289086 0.0099895 -0.0194969 0.00665881
internal_weight=394 371 226 145 87 72
internal_count=394 371 226 145 87 72
is_linear=0
shrinkage=0.03


Tree=316
num_leaves=7
num_cat=0
split_feature=22 2 4 17 0 17
split_gain=190.607 530.659 222.801 177.543 479.579 213.177
threshold=-66.999999999999986 18.250000000000004 0.68301270189221941 -35.499999999999993 97.500000000000014 -6.4999999999999991
decision_type=10 2 2 8 2 10
left_child=1 -1 3 -2 5 -5
right_child=2 -3 -4 4 -6 -7
leaf_value=0.021035711411386729 0.088230970072644674 -0.17669510722160339 -0.097221918264403934 0.0014676915170563445 -0.10676534835358753 0.070764769014525927
leaf_weight=27 17 15.999999999999998 14.999999999999998 268 29 42
leaf_count=27 17 16 15 268 29 42
internal_value=-0.00702675 -0.0632803 0.000247992 0.00564455 0.00028082 0.0118306
internal_weight=414 43 371 356 339 310
internal_count=414 43 371 356 339 310
is_linear=0
shrinkage=0.03


Tree=317
num_leaves=7
num_cat=0
split_feature=4 2 2 22 1 2
split_gain=186.676 262.916 337.269 239.894 224.89 515.998
threshold=-0.5 15.950000000000001 14.850000000000003 -31.833333333333332 7.5000000000000009 14.15
decision_type=2 2 2 8 10 2
left_child=3 2 -2 -1 -5 -6
right_child=1 -3 -4 4 5 -7
leaf_value=-0.052968161659171946 -0.003187910980531867 -0.051986112541790246 0.11862110644578934 0.017949569652645058 -0.028729869564995167 0.15464588892459871
leaf_weight=21 137 74 19 99 19 35
leaf_count=21 137 74 19 99 19 35
internal_value=0.010448 -0.007288 0.014871 0.0334408 0.0466017 0.0931579
internal_weight=404 230 156 174 153 54
internal_count=404 230 156 174 153 54
is_linear=0
shrinkage=0.03


Tree=318
num_leaves=7
num_cat=0
split_feature=22 4 0 2 18 15
split_gain=170.187 239.944 209.149 199.694 228.663 203.997
threshold=-66.999999999999986 0.68301270189221941 47.500000000000007 10.250000000000002 12.500000000000002 -1.0000000180025095e-35
decision_type=10 2 2 2 8 8
left_child=2 3 -1 5 -5 -2
right_child=1 -3 -4 4 -6 -7
leaf_value=0.010734414032527378 -0.020120304912328722 -0.10573388868570327 -0.12621948566287755 -0.074124390698969367 0.0027084633155324816 0.11216803162462181
leaf_weight=15.999999999999998 14.999999999999998 14.999999999999998 19 35 269 22
leaf_count=16 15 15 19 35 269 22
internal_value=-0.0114021 -0.00474073 -0.0700961 0.00116553 -0.00719371 0.0625269
internal_weight=391 356 35 341 304 37
internal_count=391 356 35 341 304 37
is_linear=0
shrinkage=0.03


Tree=319
num_leaves=7
num_cat=0
split_feature=22 15 0 3 22 2
split_gain=435.911 183.939 189.852 371.101 462.892 227.802
threshold=-45.860457516339856 -1.0000000180025095e-35 47.500000000000007 1.0000000180025095e-35 4.0833333333333348 14.250000000000002
decision_type=8 8 2 2 8 2
left_child=-1 -2 -3 4 -4 -5
right_child=1 2 3 5 -6 -7
leaf_value=-0.11744433773888481 -0.049835876957936717 -0.011735504902199023 0.012592280515602657 -0.056725700299108492 0.18296195886772254 0.030481158937177351
leaf_weight=22 39 128 30 33 24 88
leaf_count=22 39 128 30 33 24 88
internal_value=-0.00135176 0.00770086 0.0157954 0.0356989 0.0974005 0.00539025
internal_weight=364 342 303 175 54 121
internal_count=364 342 303 175 54 121
is_linear=0
shrinkage=0.03


Tree=320
num_leaves=7
num_cat=0
split_feature=0 0 22 17 1 11
split_gain=153.273 285.143 261.385 162.077 166.03 123.577
threshold=102.50000000000001 87.500000000000014 -15.291666666666666 18.500000000000004 17.500000000000004 14.500000000000002
decision_type=2 2 10 10 8 10
left_child=1 3 -2 4 5 -1
right_child=2 -3 -4 -5 -6 -7
leaf_value=-0.0032422916630416043 0.11311696955790886 -0.085466136698562054 -0.029202079455489697 0.08204731196165084 -0.083519086864861564 0.073953196182847014
leaf_weight=275 21 33 18 15.999999999999998 17 14.999999999999998
leaf_count=275 21 33 18 16 17 15
internal_value=-0.00130381 -0.00773107 0.0515771 0.00139267 -0.00405833 0.00193635
internal_weight=395 356 39 323 307 290
internal_count=395 356 39 323 307 290
is_linear=0
shrinkage=0.03


Tree=321
num_leaves=7
num_cat=0
split_feature=0 2 2 1 17 17
split_gain=260.385 231.68 427.316 231.374 201.549 147.769
threshold=67.500000000000014 14.15 19.750000000000004 -7.4999999999999991 -8.4999999999999982 11.500000000000002
decision_type=2 2 2 10 10 8
left_child=4 -2 3 -3 -1 -5
right_child=1 2 -4 5 -6 -7
leaf_value=0.020781519616186586 -0.10720240819879939 -0.062816869478140566 -0.11024621105194092 -0.0071635284332128672 -0.0575363557303653 0.091386307391027613
leaf_weight=228 30 15.999999999999998 25 21 29 31
leaf_count=228 30 16 25 21 29 31
internal_value=-0.00620548 -0.0412107 -0.0155396 0.0244452 0.0110147 0.0544501
internal_weight=380 123 93 68 257 52
internal_count=380 123 93 68 257 52
is_linear=0
shrinkage=0.03


Tree=322
num_leaves=7
num_cat=0
split_feature=16 6 12 10 22 3
split_gain=195.999 107.117 106.694 231.537 164.457 263.238
threshold=-1.4999999999999998 1.0000000180025095e-35 13.950000000000005 -13.499999999999998 -9.946862745098036 1.0000000180025095e-35
decision_type=8 10 8 10 8 2
left_child=1 -1 3 -2 5 -4
right_child=2 -3 4 -5 -6 -7
leaf_value=0.062950991278514265 0.077141573762852009 -0.0082945438551491717 0.11350945169511048 -0.048674767315387724 -0.022191280748644102 -0.018838078979934964
leaf_weight=70 33 24 18 15.999999999999998 214 30
leaf_count=70 33 24 18 16 214 30
internal_value=0.00849143 0.0452604 -0.00316233 0.0353557 -0.0108933 0.0368186
internal_weight=405 94 311 49 262 48
internal_count=405 94 311 49 262 48
is_linear=0
shrinkage=0.03


Tree=323
num_leaves=7
num_cat=0
split_feature=22 17 0 5 4 0
split_gain=176.793 433.891 436.316 354.937 146.577 182.624
threshold=-66.999999999999986 -35.499999999999993 97.500000000000014 0.25000000000000017 -0.6830127018922193 32.500000000000007
decision_type=10 8 2 2 2 2
left_child=3 -2 4 -1 -3 -6
right_child=1 2 -4 -5 5 -7
leaf_value=-0.15965246343612668 0.12414200865704079 0.032952179669038108 -0.1093550373489658 0.0071545119247128884 0.075891778439283367 -0.018805974774852234
leaf_weight=14.999999999999998 18 87 31 26 14.999999999999998 225
leaf_count=15 18 87 31 26 15 225
internal_value=-0.00907278 -0.00225053 -0.0102279 -0.0645926 0.000674885 -0.0114593
internal_weight=417 376 358 41 327 240
internal_count=417 376 358 41 327 240
is_linear=0
shrinkage=0.03


Tree=324
num_leaves=7
num_cat=0
split_feature=16 6 22 1 0 2
split_gain=287.264 157.039 287.527 199.326 337.582 323.161
threshold=5.5000000000000009 1.0000000180025095e-35 -13.633333333333331 -7.4999999999999991 57.500000000000007 19.150000000000002
decision_type=10 10 10 10 2 2
left_child=1 3 -3 -1 5 -5
right_child=-2 2 -4 4 -6 -7
leaf_value=-0.02487101715450224 -0.049607218125462531 0.025001748723598817 -0.095567233502864835 -0.019112866481437403 0.08012370806686657 0.10538961006247478
leaf_weight=52 70 40 25 97 92 18
leaf_count=52 70 40 25 97 92 18
internal_value=0.00342436 0.0154616 -0.0248848 0.0258667 0.0388983 0.00395374
internal_weight=394 324 65 259 207 115
internal_count=394 324 65 259 207 115
is_linear=0
shrinkage=0.03


Tree=325
num_leaves=7
num_cat=0
split_feature=0 1 23 17 13 2
split_gain=205.738 148.654 186.5 184.141 192.604 210.562
threshold=32.500000000000007 -1.0000000180025095e-35 -16.499999999999996 -1.4999999999999998 -11.520833333333332 18.000000000000004
decision_type=2 10 2 8 10 2
left_child=-1 -2 -3 -4 5 -5
right_child=1 2 3 4 -6 -7
leaf_value=0.068966745593352238 0.021345834648305789 0.052096861694008109 0.038092153177541846 -0.035288060125077625 0.0098613060620282925 -0.11980646622393813
leaf_weight=27 96 24 29 146 57 30
leaf_count=27 96 24 29 146 57 30
internal_value=-0.00420656 -0.0102027 -0.0209773 -0.0285213 -0.0374383 -0.0526062
internal_weight=409 382 286 262 233 176
internal_count=409 382 286 262 233 176
is_linear=0
shrinkage=0.03


Tree=326
num_leaves=7
num_cat=0
split_feature=0 4 16 0 17 0
split_gain=224.043 191.519 395.456 577.316 219.306 385.295
threshold=32.500000000000007 0.25000000000000011 9.5000000000000018 72.500000000000014 3.5000000000000004 62.500000000000007
decision_type=2 2 8 2 10 2
left_child=-1 -2 3 -3 5 -4
right_child=1 2 4 -5 -6 -7
leaf_value=0.068411754100200006 -0.025605825308598295 -0.00029859994264209972 0.01689299876689911 0.2091635899543762 0.03830122281930276 -0.16557834827899931
leaf_weight=29 261 29 20 14.999999999999998 23 14.999999999999998
leaf_count=29 261 29 20 15 23 15
internal_value=-0.00536231 -0.0121055 0.0220216 0.0851657 -0.0288382 -0.072231
internal_weight=392 363 102 44 58 35
internal_count=392 363 102 44 58 35
is_linear=0
shrinkage=0.03


Tree=327
num_leaves=7
num_cat=0
split_feature=11 3 21 3 17 2
split_gain=191.145 251.826 252.41 183.896 423.193 337.268
threshold=-6.4999999999999991 1.0000000180025095e-35 0.61519607843137269 1.0000000180025095e-35 3.5000000000000004 14.450000000000001
decision_type=10 2 10 2 8 2
left_child=3 2 -2 4 -1 -5
right_child=1 -3 -4 5 -6 -7
leaf_value=-0.08605454023182392 -0.11824315544511926 0.02273402942683209 0.014506823239119157 -0.052828561325686196 0.065999657507377893 0.027077131784103047
leaf_weight=14.999999999999998 33 39 18 71 103 122
leaf_count=15 33 39 18 71 103 122
internal_value=0.00411678 -0.0332556 -0.0742783 0.015287 0.0439583 -0.00290997
internal_weight=401 90 51 311 118 193
internal_count=401 90 51 311 118 193
is_linear=0
shrinkage=0.03


Tree=328
num_leaves=7
num_cat=0
split_feature=0 1 2 19 13 5
split_gain=253.134 127.647 298.756 221.8 157.804 114.952
threshold=32.500000000000007 17.500000000000004 16.750000000000004 -1.0000000180025095e-35 0.94901960784313755 0.9330127018922193
decision_type=2 10 2 10 10 2
left_child=-1 3 -3 4 5 -2
right_child=1 2 -4 -5 -6 -7
leaf_value=0.084950594562908696 0.0087387336747264139 0.024335662309940047 -0.12440255334377288 -0.083133997453583602 0.085899408459663387 -0.041354705365944877
leaf_weight=24 255 21 20 22 15.999999999999998 44
leaf_count=24 255 21 20 22 16 44
internal_value=-0.000513046 -0.00697749 -0.0538551 -0.000570293 0.00640493 0.000808191
internal_weight=402 378 41 337 315 299
internal_count=402 378 41 337 315 299
is_linear=0
shrinkage=0.03


Tree=329
num_leaves=7
num_cat=0
split_feature=22 17 0 22 2 2
split_gain=130.18 185.304 226.787 220.005 105.346 121.297
threshold=-14.799999999999999 -68.999999999999986 77.500000000000014 -19.153431372549019 8.0500000000000025 12.250000000000002
decision_type=8 10 2 10 2 2
left_child=1 2 3 -1 -2 -6
right_child=4 -3 -4 -5 5 -7
leaf_value=0.047873721185273353 -0.049457078433849597 0.034413875915051899 -0.1232017484651162 -0.082478297431021932 0.051879968547821044 0.007317298952719732
leaf_weight=23 17 27 21 14.999999999999998 70 214
leaf_count=23 17 27 21 15 70 214
internal_value=0.00508757 -0.0264956 -0.0548804 -0.00718841 0.0143968 0.0190086
internal_weight=387 86 59 38 301 284
internal_count=387 86 59 38 301 284
is_linear=0
shrinkage=0.03


Tree=330
num_leaves=7
num_cat=0
split_feature=18 22 23 2 2 0
split_gain=219.539 280.684 196.492 174.795 292.226 313.347
threshold=12.500000000000002 -23.833333333333332 -5.9749999999999988 20.450000000000003 18.850000000000005 57.500000000000007
decision_type=8 8 2 2 2 2
left_child=2 -2 -1 4 5 -3
right_child=1 3 -4 -5 -6 -7
leaf_value=0.0097152363896369932 -0.044738630657872328 -0.0036913744478327469 -0.11422422688007355 -0.032346031858204782 0.11973722588631414 0.067832134980708364
leaf_weight=20 60 159 20 39 26 79
leaf_count=20 60 159 20 39 26 79
internal_value=0.00455982 0.0121552 -0.0580606 0.0239647 0.03273 0.0209568
internal_weight=403 363 40 303 264 238
internal_count=403 363 40 303 264 238
is_linear=0
shrinkage=0.03


Tree=331
num_leaves=7
num_cat=0
split_feature=16 13 0 2 17 17
split_gain=148.858 240.393 111.483 315.688 222.507 167.593
threshold=10.500000000000002 0.94901960784313755 82.500000000000014 19.850000000000005 -15.999999999999998 37.000000000000007
decision_type=10 10 2 2 8 8
left_child=2 -2 -1 4 -4 -6
right_child=1 -3 3 -5 5 -7
leaf_value=0.015718062066266109 -0.091689636510175962 0.041211285620927809 0.085037072462070235 -0.12801808109879495 -0.090477995216338467 0.01518573611169248
leaf_weight=265 31 14.999999999999998 18 14.999999999999998 17 32
leaf_count=265 31 15 18 15 17 32
internal_value=-0.000668033 -0.0485608 0.00628047 -0.0233696 0.00732235 -0.0264564
internal_weight=393 46 347 82 67 49
internal_count=393 46 347 82 67 49
is_linear=0
shrinkage=0.03


Tree=332
num_leaves=7
num_cat=0
split_feature=22 17 22 17 2 20
split_gain=188.44 389.272 141.54 134.771 215.651 278.066
threshold=14.200000000000001 18.500000000000004 8.7663398692810475 1.0000000180025095e-35 12.250000000000002 -1.0000000180025095e-35
decision_type=10 10 10 8 2 8
left_child=2 -2 3 -1 5 -5
right_child=1 -3 -4 4 -6 -7
leaf_value=0.044773321058262476 -0.1181719523532824 0.033562469244003294 0.06398742521534094 0.087114809910918398 -0.022507775207324061 -0.027359460617105164
leaf_weight=50 28 25 32 38 199 31
leaf_count=50 28 25 32 38 199 31
internal_value=0.000261464 -0.0498759 0.00844923 0.00195648 -0.00670546 0.0373108
internal_weight=403 53 350 318 268 69
internal_count=403 53 350 318 268 69
is_linear=0
shrinkage=0.03


Tree=333
num_leaves=7
num_cat=0
split_feature=5 2 11 2 2 2
split_gain=161.346 307.53 230.055 226.849 190.141 210.981
threshold=-0.9330127018922193 18.350000000000005 -16.499999999999996 10.950000000000001 9.8500000000000032 18.000000000000004
decision_type=2 2 10 2 2 2
left_child=1 -1 4 -4 -2 -6
right_child=2 -3 3 -5 5 -7
leaf_value=-0.10351765817451861 -0.056397708356380458 0.0306788192410022 0.049862952757005884 -0.037875597475512515 0.059074632096004116 -0.010680741773071614
leaf_weight=26 14.999999999999998 27 31 98 153 50
leaf_count=26 15 27 31 98 153 50
internal_value=0.00811099 -0.0384022 0.0156599 -0.0157173 0.0341632 0.0420498
internal_weight=400 53 347 129 218 203
internal_count=400 53 347 129 218 203
is_linear=0
shrinkage=0.03


Tree=334
num_leaves=7
num_cat=0
split_feature=17 17 1 2 2 2
split_gain=140.369 403.038 152.523 143.95 267.321 329.492
threshold=-5.4999999999999991 10.500000000000002 7.5000000000000009 18.950000000000003 14.950000000000001 17.100000000000005
decision_type=10 10 10 2 2 2
left_child=3 -2 -3 4 -1 -6
right_child=1 2 -4 -5 5 -7
leaf_value=-0.002791092992541106 -0.14927362182310649 0.069590127955783496 -0.033865398001526631 -0.025282480525118965 0.12797924077824541 0.0053854780121052517
leaf_weight=165 15.999999999999998 17 26 86 33 42
leaf_count=165 16 17 26 86 33 42
internal_value=-0.000801163 -0.0414624 0.0100241 0.00707292 0.0189463 0.0639541
internal_weight=385 59 43 326 240 75
internal_count=385 59 43 326 240 75
is_linear=0
shrinkage=0.03


Tree=335
num_leaves=7
num_cat=0
split_feature=18 2 2 16 5 20
split_gain=137.265 172.979 356.171 239.901 201.995 405.659
threshold=-10.499999999999998 14.250000000000002 13.550000000000002 7.5000000000000009 -0.5 -4.4999999999999991
decision_type=10 2 2 10 2 8
left_child=1 2 4 -3 -1 -6
right_child=-2 3 -4 -5 5 -7
leaf_value=0.048881775900663345 -0.061691495559432284 0.0082754071403194109 -0.12495514240264893 0.10776234762668609 0.043339685564455777 -0.074745352459590755
leaf_weight=43 28 180 20 20 41 57
leaf_count=43 28 180 20 20 41 57
internal_value=-0.00311916 0.00220456 -0.0205912 0.0206098 -0.00201549 -0.0256368
internal_weight=389 361 161 200 141 98
internal_count=389 361 161 200 141 98
is_linear=0
shrinkage=0.03


Tree=336
num_leaves=7
num_cat=0
split_feature=1 22 16 22 11 3
split_gain=158.511 245.784 236.059 203.326 131.881 269.825
threshold=17.500000000000004 24.118431372549022 36.500000000000007 14.200000000000001 -1.0000000180025095e-35 1.0000000180025095e-35
decision_type=8 10 8 10 10 2
left_child=1 3 -2 4 -1 -6
right_child=2 -3 -4 -5 5 -7
leaf_value=0.0135400964337363 0.017931761144158929 0.093306400179862969 -0.11253549873828889 -0.07568823066449934 -0.086167088140909731 0.041512062583978354
leaf_weight=264 21 21 22 26 32 21
leaf_count=264 21 21 22 26 32 21
internal_value=-0.00232812 0.00437141 -0.0535882 -0.00233597 0.00476217 -0.0363598
internal_weight=407 364 43 343 317 53
internal_count=407 364 43 343 317 53
is_linear=0
shrinkage=0.03


Tree=337
num_leaves=7
num_cat=0
split_feature=1 17 1 17 17 7
split_gain=266.704 225.682 248.051 195.727 177.55 188.893
threshold=17.500000000000004 -1.4999999999999998 1.0000000180025095e-35 40.500000000000007 10.500000000000002 1.0000000180025095e-35
decision_type=8 8 10 8 8 10
left_child=1 2 -1 -2 -3 -6
right_child=3 4 -4 -5 5 -7
leaf_value=-0.0070729629565840181 -0.13162134777415882 -0.083243373249258318 0.13839208427816627 -0.0052555669471621514 0.017785826674884271 -0.044086882129518522
leaf_weight=18 17 15.999999999999998 19 23 247 49
leaf_count=18 17 16 19 23 247 49
internal_value=0.00119069 0.00992078 0.0752079 -0.0676183 0.00111428 0.00698119
internal_weight=389 349 37 40 312 296
internal_count=389 349 37 40 312 296
is_linear=0
shrinkage=0.03


Tree=338
num_leaves=7
num_cat=0
split_feature=13 17 23 15 15 5
split_gain=160.664 138.976 146.091 135.572 165.278 110.572
threshold=1.0000000180025095e-35 -35.499999999999993 -19.837254901960783 -3.4999999999999996 5.5000000000000009 0.6830127018922193
decision_type=10 8 2 8 8 2
left_child=1 -1 -3 -4 -5 -6
right_child=-2 2 3 4 5 -7
leaf_value=0.060468939844518906 0.050223494308335441 0.040743532069609498 -0.084168190114638372 0.051621696613728993 -0.037565367233061621 0.005633009748905897
leaf_weight=14.999999999999998 30 27 29 22 204 70
leaf_count=15 30 27 29 22 204 70
internal_value=-0.0115065 -0.0171598 -0.0212684 -0.0269595 -0.0200495 -0.0266261
internal_weight=397 367 352 325 296 274
internal_count=397 367 352 325 296 274
is_linear=0
shrinkage=0.03


Tree=339
num_leaves=7
num_cat=0
split_feature=12 16 16 1 21 23
split_gain=134.527 156.265 140.962 136.346 117.406 105.954
threshold=3.9499999999999997 10.500000000000002 5.5000000000000009 17.500000000000004 -9.8514705882352924 -16.499999999999996
decision_type=10 10 10 8 8 2
left_child=2 -2 3 4 -1 -6
right_child=1 -3 -4 -5 5 -7
leaf_value=-0.064933174124785831 -0.017564167807308524 0.085676647782325741 -0.060950312475589193 -0.059315791981560839 0.071840730334462755 0.003044018215421899
leaf_weight=15.999999999999998 21 25 39 30 17 246
leaf_count=16 21 25 39 30 17 246
internal_value=-0.00416864 0.0414437 -0.0106995 -0.00348759 0.00345404 0.0087483
internal_weight=394 46 348 309 279 263
internal_count=394 46 348 309 279 263
is_linear=0
shrinkage=0.03


Tree=340
num_leaves=7
num_cat=0
split_feature=9 4 20 22 13 22
split_gain=129.342 133.039 205.457 273.614 143.896 209.197
threshold=1.0000000180025095e-35 0.25000000000000011 -1.4999999999999998 19.729215686274514 1.0000000180025095e-35 -1.2916666666666663
decision_type=2 2 8 10 10 10
left_child=1 4 -3 -4 5 -1
right_child=-2 2 3 -5 -6 -7
leaf_value=-0.0027581599255114102 -0.083466801658272735 -0.055088127994537349 0.066469440350381589 -0.060224180817604063 0.047955160331109477 -0.059183994122077303
leaf_weight=167 14.999999999999998 20 72 14.999999999999998 24 87
leaf_count=167 15 20 72 15 24 87
internal_value=-0.00904076 -0.00510813 0.022647 0.0425398 -0.0160022 -0.0228546
internal_weight=400 385 107 87 278 254
internal_count=400 385 107 87 278 254
is_linear=0
shrinkage=0.03


Tree=341
num_leaves=7
num_cat=0
split_feature=22 0 0 2 22 22
split_gain=170.59 311.137 154.985 143.411 168.94 223.918
threshold=38.500000000000007 52.500000000000007 32.500000000000007 14.15 14.200000000000001 -4.4098823529411755
decision_type=8 2 2 2 10 10
left_child=2 -2 -1 -4 5 -5
right_child=1 -3 3 4 -6 -7
leaf_value=0.066560315010340321 -0.030801611244678496 0.12386259191036222 -0.037155057421409864 -0.012578671587965426 -0.066236388214996889 0.056015384794377225
leaf_weight=18 19 20 136 112 23 63
leaf_count=18 19 20 136 112 23 63
internal_value=-0.00219173 0.0535756 -0.00903432 -0.0140299 0.00237794 0.0129852
internal_weight=391 39 352 334 198 175
internal_count=391 39 352 334 198 175
is_linear=0
shrinkage=0.03


Tree=342
num_leaves=7
num_cat=0
split_feature=22 17 2 4 17 1
split_gain=251.23 316.745 315.827 219.086 269.62 203.849
threshold=-66.999999999999986 -35.499999999999993 18.250000000000004 -0.93301270189221908 10.500000000000002 1.0000000180025095e-35
decision_type=10 8 2 2 8 10
left_child=2 -2 -1 -3 -5 -6
right_child=1 3 -4 4 5 -7
leaf_value=-0.0025528308429888314 0.11232433994114398 0.075088222838938234 -0.16403485221522193 -0.085288199578722315 0.024646489187625461 -0.027609100732253863
leaf_weight=23 14.999999999999998 20 15.999999999999998 40 111 155
leaf_count=23 15 20 16 40 111 155
internal_value=-0.0124388 -0.00367844 -0.0799139 -0.0106321 -0.0173519 -0.00575079
internal_weight=380 341 39 326 306 266
internal_count=380 341 39 326 306 266
is_linear=0
shrinkage=0.03


Tree=343
num_leaves=7
num_cat=0
split_feature=22 4 2 2 16 0
split_gain=317.317 127.753 216.816 288.642 272.285 325.815
threshold=-53.499999999999993 0.68301270189221941 12.250000000000002 14.250000000000002 7.5000000000000009 102.50000000000001
decision_type=8 2 2 2 10 2
left_child=-1 2 -2 -4 5 -5
right_child=1 -3 3 4 -6 -7
leaf_value=-0.10133482197468931 0.06147454824536866 -0.058538072526454918 -0.046866310634042903 -0.0059569317066303354 0.10443746305536479 0.1043898233921001
leaf_weight=17 81 14.999999999999998 64 169 27 23
leaf_count=17 81 15 64 169 27 23
internal_value=0.00967909 0.0159132 0.0197329 0.00692581 0.0233411 0.00957568
internal_weight=396 379 364 283 219 192
internal_count=396 379 364 283 219 192
is_linear=0
shrinkage=0.03


Tree=344
num_leaves=7
num_cat=0
split_feature=0 17 0 2 23 4
split_gain=214.901 172.746 166.461 447.447 109.851 152.579
threshold=122.50000000000001 -18.499999999999996 52.500000000000007 16.250000000000004 14.215196078431378 -0.93301270189221908
decision_type=2 10 2 2 2 2
left_child=1 4 -3 -4 5 -1
right_child=-2 2 3 -5 -6 -7
leaf_value=-0.097643150429834014 -0.10569459786372525 -0.022006540093570948 0.17634613332152366 -0.0080870519172061579 0.047212470941569488 -0.014916992558101291
leaf_weight=17 15.999999999999998 27 14.999999999999998 28 18 274
leaf_count=17 16 27 15 28 18 274
internal_value=-0.0122196 -0.0069486 0.0340779 0.0679177 -0.0166373 -0.0213175
internal_weight=395 379 70 43 309 291
internal_count=395 379 70 43 309 291
is_linear=0
shrinkage=0.03


Tree=345
num_leaves=7
num_cat=0
split_feature=1 20 1 16 6 16
split_gain=173.309 223.95 250.165 176.484 203.732 171.746
threshold=12.500000000000002 -9.4999999999999982 17.500000000000004 -1.4999999999999998 1.0000000180025095e-35 45.500000000000007
decision_type=10 8 10 10 8 8
left_child=3 -2 5 4 -1 -3
right_child=1 2 -4 -5 -6 -7
leaf_value=0.052187797421990312 -0.045234443396329878 0.032073758549988264 0.0073666684329509735 -0.038298561309986719 -0.0063524192069391054 0.17610924655024937
leaf_weight=74 14.999999999999998 15.000000000000002 31 77 163 17.999999999999996
leaf_count=74 15 15 31 77 163 18
internal_value=0.00996896 0.048244 0.0718433 -0.000265995 0.0126266 0.123473
internal_weight=393 79 64 314 237 33
internal_count=393 79 64 314 237 33
is_linear=0
shrinkage=0.03


Tree=346
num_leaves=7
num_cat=0
split_feature=16 4 1 2 2 11
split_gain=149.082 227.433 394.771 277.898 264.249 432.032
threshold=5.5000000000000009 -0.5 1.0000000180025095e-35 12.350000000000003 16.050000000000004 -56.499999999999993
decision_type=8 2 8 2 2 10
left_child=-1 4 -3 -4 5 -2
right_child=1 2 3 -5 -6 -7
leaf_value=0.028073951935353267 -0.11893035637480871 0.02460439772146647 -0.0057260409642297489 -0.11462873859138324 0.049138003405691542 0.042406611550938
leaf_weight=127 23 56 34 53 83 28
leaf_count=127 23 56 34 53 83 28
internal_value=0.00178083 -0.0105582 -0.03629 -0.0746933 0.0172195 -0.0344756
internal_weight=404 277 143 87 134 51
internal_count=404 277 143 87 134 51
is_linear=0
shrinkage=0.03


Tree=347
num_leaves=7
num_cat=0
split_feature=0 4 0 17 0 2
split_gain=283.959 290.171 487.705 252.979 172.432 170.67
threshold=122.50000000000001 0.25000000000000011 102.50000000000001 37.000000000000007 32.500000000000007 16.250000000000004
decision_type=2 2 2 8 2 2
left_child=1 3 5 -1 -5 -3
right_child=-2 2 -4 4 -6 -7
leaf_value=-0.059451056404547259 -0.10162617994844914 0.043476304595733616 0.19053095832467079 0.081860910760504849 0.0025798101503453495 -0.055774971395730968
leaf_weight=50 14.999999999999998 72 14.999999999999998 23 212 14.999999999999998
leaf_count=50 15 72 15 23 212 15
internal_value=0.00882651 0.0143493 0.0564747 -0.00144098 0.011883 0.0242628
internal_weight=402 387 102 285 235 87
internal_count=402 387 102 285 235 87
is_linear=0
shrinkage=0.03


Tree=348
num_leaves=7
num_cat=0
split_feature=22 2 0 0 17 22
split_gain=202.96 222.053 363.301 199.322 272.944 96.0023
threshold=18.512091503267978 18.250000000000004 57.500000000000007 92.500000000000014 -5.4999999999999991 -15.789666666666664
decision_type=8 2 2 2 8 8
left_child=3 2 -2 5 -5 -1
right_child=1 -3 -4 4 -6 -7
leaf_value=-0.024934676937991753 0.013768380761146544 -0.034289658027035846 0.17480843992336936 0.01822999149560928 -0.11941759237287833 0.016620202815967568
leaf_weight=59 30 15.999999999999998 18 22 23 228
leaf_count=59 30 16 18 22 23 228
internal_value=0.00799903 0.0548175 0.0849526 -0.00170562 -0.0570297 0.00779688
internal_weight=396 64 48 332 45 287
internal_count=396 64 48 332 45 287
is_linear=0
shrinkage=0.03


Tree=349
num_leaves=7
num_cat=0
split_feature=2 16 2 13 1 16
split_gain=195.859 227.803 297.68 211.292 195.643 155.516
threshold=11.850000000000003 33.500000000000007 10.65 -11.520833333333332 1.0000000180025095e-35 -3.4999999999999996
decision_type=2 8 2 10 8 8
left_child=1 -1 4 5 -3 -2
right_child=3 2 -4 -5 -6 -7
leaf_value=-0.023568277620843479 0.02131432849651901 0.085305391430854777 0.16679543001311165 0.041109867274062704 -0.0301820668382249 -0.032954681750100391
leaf_weight=30 59 20.000000000000004 15.999999999999998 59 23.999999999999996 190
leaf_count=30 59 20 16 59 24 190
internal_value=0.00373239 0.0414228 0.0732317 -0.00776682 0.0256603 -0.0199293
internal_weight=398 90 60 308 44 249
internal_count=398 90 60 308 44 249
is_linear=0
shrinkage=0.03


end of trees

feature_importances:
dv_all_mean=383
v0=360
abs_lat=306
dv_COTC=218
dv_past12=199
dv_CTCX=103
month_sin=87
month_cos=86
dv_AEMN=84
dv_IFS-ENSM=48
dv_IFS=39
dv_GFS=36
land_frac=32
dv_ecmwf_mean=28
rule=24
dv_HWRF=20
arabian_sea=12
dv_UKM=12
dv_CMC=12
on_land_now=7
land_at_lead=3
dv_AIFS=1

parameters:
[boosting: gbdt]
[objective: regression]
[metric: l2]
[tree_learner: serial]
[device_type: cpu]
[data_sample_strategy: bagging]
[data: ]
[valid: ]
[num_iterations: 350]
[learning_rate: 0.03]
[num_leaves: 7]
[num_threads: 0]
[seed: 0]
[deterministic: 0]
[force_col_wise: 0]
[force_row_wise: 0]
[histogram_pool_size: -1]
[max_depth: -1]
[min_data_in_leaf: 15]
[min_sum_hessian_in_leaf: 0.001]
[bagging_fraction: 0.8]
[pos_bagging_fraction: 1]
[neg_bagging_fraction: 1]
[bagging_freq: 1]
[bagging_seed: 7719]
[bagging_by_query: 0]
[feature_fraction: 0.8]
[feature_fraction_bynode: 1]
[feature_fraction_seed: 2437]
[extra_trees: 0]
[extra_seed: 11797]
[early_stopping_round: 0]
[early_stopping_min_delta: 0]
[first_metric_only: 0]
[max_delta_step: 0]
[lambda_l1: 0]
[lambda_l2: 5]
[linear_lambda: 0]
[min_gain_to_split: 0]
[drop_rate: 0.1]
[max_drop: 50]
[skip_drop: 0.5]
[xgboost_dart_mode: 0]
[uniform_drop: 0]
[drop_seed: 21238]
[top_rate: 0.2]
[other_rate: 0.1]
[min_data_per_group: 100]
[max_cat_threshold: 32]
[cat_l2: 10]
[cat_smooth: 10]
[max_cat_to_onehot: 4]
[top_k: 20]
[monotone_constraints: ]
[monotone_constraints_method: basic]
[monotone_penalty: 0]
[feature_contri: ]
[forcedsplits_filename: ]
[refit_decay_rate: 0.9]
[cegb_tradeoff: 1]
[cegb_penalty_split: 0]
[cegb_penalty_feature_lazy: ]
[cegb_penalty_feature_coupled: ]
[path_smooth: 0]
[interaction_constraints: ]
[verbosity: -1]
[saved_feature_importance_type: 0]
[use_quantized_grad: 0]
[num_grad_quant_bins: 4]
[quant_train_renew_leaf: 0]
[stochastic_rounding: 1]
[linear_tree: 0]
[max_bin: 255]
[max_bin_by_feature: ]
[min_data_in_bin: 3]
[bin_construct_sample_cnt: 200000]
[data_random_seed: 38]
[is_enable_sparse: 1]
[enable_bundle: 1]
[use_missing: 1]
[zero_as_missing: 0]
[feature_pre_filter: 1]
[pre_partition: 0]
[two_round: 0]
[header: 0]
[label_column: ]
[weight_column: ]
[group_column: ]
[ignore_column: ]
[categorical_feature: ]
[forcedbins_filename: ]
[precise_float_parser: 0]
[parser_config_file: ]
[objective_seed: 8855]
[num_class: 1]
[is_unbalance: 0]
[scale_pos_weight: 1]
[sigmoid: 1]
[boost_from_average: 1]
[reg_sqrt: 0]
[alpha: 0.9]
[fair_c: 1]
[poisson_max_delta_step: 0.7]
[tweedie_variance_power: 1.5]
[lambdarank_truncation_level: 30]
[lambdarank_norm: 1]
[label_gain: ]
[lambdarank_position_bias_regularization: 0]
[eval_at: ]
[multi_error_top_k: 1]
[auc_mu_weights: ]
[num_machines: 1]
[local_listen_port: 12400]
[time_out: 120]
[machine_list_filename: ]
[machines: ]
[gpu_platform_id: -1]
[gpu_device_id: -1]
[gpu_device_id_list: ]
[gpu_use_dp: 0]
[num_gpu: 1]

end of parameters

pandas_categorical:[]
