tree
version=v4
num_class=1
num_tree_per_iteration=1
label_index=0
max_feature_idx=23
objective=regression
feature_names=v0 dv_past12 abs_lat arabian_sea month_sin month_cos land_frac land_at_lead hours_to_land on_land_now dv_AIFS dv_GFS dv_IFS dv_IFS-ENSM dv_AIFS-ENSM dv_HWRF dv_CTCX dv_COTC dv_UKM dv_CMC dv_AEMN dv_ecmwf_mean dv_all_mean rule
feature_infos=[25:140] [-30:50] [4.5999999999999996:23.899999999999999] [0:1] [-1:0.86602540378443871] [-1:1] [0:1] [0:1] [12:999] none none [-33:55] [-28:61] [-29.978431372549018:26.241176470588243] none [-31:77] [-56:86] [-108:103] none [-26:31] [-35:35] [-28.376530612244899:43.620588235294122] [-108:103] [-30:55]
tree_sizes=716 764 717 750 730 656 754 714 714 723 716 717 726 702 715 735 732 715 734 718 735 734 732 728 733 752 713 751 748 719 722 719 719 735 736 715 700 703 737 719 725 739 725 703 737 733 753 723 732 749 737 792 742 717 735 732 740 768 735 742 747 751 740 757 745 751 718 727 727 716 768 742 742 718 729 737 732 739 755 774 745 749 758 723 720 723 791 740 726 729 725 730 746 739 740 742 754 741 772 739 772 791 763 738 725 789 709 698 760 730 735 748 761 739 712 763 728 724 725 729 766 730 758 778 760 753 750 725 761 770 757 766 750 725 767 697 729 764 710 745 712 732 781 741 742 752 712 744 787 755 741 757 778 743 740 749 759 754 729 760 734 733 764 774 764 755 762 756 721 735 735 736 754 732 732 778 776 740 738 709 725 724 755 765 716 747 768 739 770 733 776 735 728 740 742 752 733 731 736 749 729 725 749 755 754 732 734 742 757 743 741 785 763 754 746 761 744 729 763 737 742 749 745 764 752 745 750 768 773 747 729 755 755 718 727 752 734 756 734 749 739 726 736 765 743 755 762 747 728 759 724 745 735 767 741 759 791 782 741 735 772 770 760 732 735 733 751 754 770 714 777 743 763 740 735 804 734 770 754 743 771 768 740 741 729 720 765 779 737 720 767 769 758 794 775 743 744 752 727 766 731 762 732 754 751 769 771 725 770 755 765 753 779 776 747 743 764 785 747 747 766 764 747 790 765 751 741 729 720 740 738 763 755 738 734 814 744 782 744 745 725 754 738 739 778 733 745 803 747 766

Tree=0
num_leaves=7
num_cat=0
split_feature=0 16 11 2 16 5
split_gain=137471 37745.4 22277.9 16145.9 6900.45 5593.69
threshold=82.500000000000014 -7.9999999999999991 -1.0000000180025095e-35 16.650000000000002 8.0000000000000018 -0.9330127018922193
decision_type=2 8 8 2 8 2
left_child=1 -1 -3 4 -4 -2
right_child=5 2 3 -5 -6 -7
leaf_value=-0.6721875031789144 -0.79236980219682063 -0.30893518820405008 0.19163825648526348 -0.14245266798770789 1.0007077656883629 -1.7603029972134212
leaf_weight=25 19 22 17 17 68 28
leaf_count=25 19 22 17 17 68 28
internal_value=-0.134851 0.315218 0.526977 0.706468 0.866632 -1.4688
internal_weight=196 149 124 102 85 47
internal_count=196 149 124 102 85 47
is_linear=0
shrinkage=1


Tree=1
num_leaves=7
num_cat=0
split_feature=0 16 4 2 11 16
split_gain=144141 42078.4 26564.1 11091.2 9797.54 5030.34
threshold=87.500000000000014 -10.499999999999998 0.25000000000000011 16.850000000000005 -1.0000000180025095e-35 57.500000000000007
decision_type=2 8 2 2 8 8
left_child=1 -1 3 4 -3 -6
right_child=-2 2 -4 -5 5 -7
leaf_value=-0.68250311034066324 -1.5367713858864525 -0.1650040797293186 1.1718173846906546 -0.25008281809943061 0.30826012351933646 0.96442711684438942
leaf_weight=23 39 14.999999999999998 44 23 29.000000000000004 21.999999999999996
leaf_count=23 39 15 44 23 29 22
internal_value=-0.015455 0.400788 0.606065 0.278915 0.467891 0.65215
internal_weight=195 156 133 89 66 51
internal_count=195 156 133 89 66 51
is_linear=0
shrinkage=0.03


Tree=2
num_leaves=7
num_cat=0
split_feature=22 2 22 22 22 7
split_gain=107590 62962.3 20892 15192.4 6521.95 1327.29
threshold=-12.124999999999998 16.650000000000002 13.62573529411765 23.500000000000004 -24.499999999999996 inf
decision_type=8 2 8 8 10 8
left_child=4 2 5 -3 -1 -2
right_child=1 3 -4 -5 -6 -7
leaf_value=-1.462902681827545 -0.0088058598552431377 -0.0016151187029378167 1.1048995519024984 -1.0809338235855102 -0.57206056917352333 0.3310392439152513
leaf_weight=27 15.999999999999998 24 65 18 23 23
leaf_count=27 16 24 65 18 23 23
internal_value=-0.00652614 0.407409 0.79291 -0.529964 -1.14237 0.206459
internal_weight=196 146 104 42 50 39
internal_count=196 146 104 42 50 39
is_linear=0
shrinkage=0.03


Tree=3
num_leaves=7
num_cat=0
split_feature=0 20 12 17 0 5
split_gain=120959 30613.8 19790 9627.22 8027.36 1600.71
threshold=67.500000000000014 -6.4999999999999991 1.0000000180025095e-35 -34.499999999999993 52.500000000000007 0.6830127018922193
decision_type=2 8 10 10 2 2
left_child=1 -1 3 -2 5 -3
right_child=2 4 -4 -5 -6 -7
leaf_value=-0.32077271427959203 -1.4203632724285125 1.0344727086393457 -0.015582657541547503 -0.37738617593050006 0.21796710899897984 0.49278510325484809
leaf_weight=27 43 52 15.999999999999998 14.999999999999998 23 22
leaf_count=27 43 52 16 15 23 22
internal_value=-0.0391325 0.527973 -0.962689 -1.20199 0.768365 0.914812
internal_weight=198 124 74 58 97 74
internal_count=198 124 74 58 97 74
is_linear=0
shrinkage=0.03


Tree=4
num_leaves=7
num_cat=0
split_feature=22 4 22 22 1 4
split_gain=98610.2 38929.1 19128.9 8399.27 8357.19 2236.79
threshold=-10.899999999999999 0.25000000000000011 1.0000000180025095e-35 -34.958843537414957 -1.0000000180025095e-35 -0.25000000000000028
decision_type=8 2 10 10 10 2
left_child=3 2 4 -1 -2 -4
right_child=1 -3 5 -5 -6 -7
leaf_value=-1.4401557760972241 -0.78456093580826469 1.11354092140587 0.62183600652602411 -0.59358958677105278 0.00041259515670038035 0.18879892139545371
leaf_weight=21 18 44 26 41 26 26
leaf_count=21 18 44 26 41 26 26
internal_value=-0.0149183 0.425249 0.070273 -0.966406 -0.368002 0.440872
internal_weight=202 140 96 62 44 52
internal_count=202 140 96 62 44 52
is_linear=0
shrinkage=0.03


Tree=5
num_leaves=6
num_cat=0
split_feature=0 22 22 2 22
split_gain=95198.7 42571.7 37316.9 7762.46 5074.31
threshold=62.500000000000007 6.1790849673202635 -12.981372549019605 16.650000000000002 -6.1758169934640508
decision_type=2 8 10 2 10
left_child=1 4 -2 -4 -1
right_child=2 -3 3 -5 -6
leaf_value=-0.32830309699563415 -1.2175823939063333 1.0609396825619597 0.42129052566445391 -0.38749576306343075 0.24428186699748039
leaf_weight=29 50 62 18 14.999999999999998 19
leaf_count=29 50 62 18 15 19
internal_value=0.00381896 0.57203 -0.738946 0.0510465 -0.0999913
internal_weight=193 110 83 33 48
internal_count=193 110 83 33 48
is_linear=0
shrinkage=0.03


Tree=6
num_leaves=7
num_cat=0
split_feature=22 2 22 5 22 20
split_gain=81411.1 55741.2 21392.2 16407.5 8725.65 1812.64
threshold=-12.124999999999998 16.650000000000002 15.062745098039221 1.0000000180025095e-35 -31.499999999999996 -25.499999999999996
decision_type=8 2 8 2 10 10
left_child=4 2 5 -3 -1 -2
right_child=1 3 -4 -5 -6 -7
leaf_value=-1.4332923889160156 0.28080473138440037 -0.039224516358868824 1.0415627016271314 -1.1959983307974678 -0.54046574195226038 -0.09051065530095781
leaf_weight=23 26 24 57 15.999999999999998 31 15.999999999999998
leaf_count=23 26 24 57 16 31 16
internal_value=-0.073037 0.313386 0.686357 -0.583411 -1.00998 0.144771
internal_weight=193 139 99 40 54 42
internal_count=193 139 99 40 54 42
is_linear=0
shrinkage=0.03


Tree=7
num_leaves=7
num_cat=0
split_feature=0 22 22 2 22 2
split_gain=88685.6 52486.6 23349.3 4256.7 3937.17 2957.97
threshold=72.500000000000014 6.1790849673202635 -12.981372549019605 12.15 -6.1758169934640508 13.750000000000002
decision_type=2 8 10 2 10 2
left_child=1 4 -2 -3 -1 -5
right_child=2 3 -4 5 -6 -7
leaf_value=-0.34243253679985697 -1.283296484170958 1.2708750601609546 -0.11923448370349023 0.20468131327629088 0.14838272483452505 0.80452108036069303
leaf_weight=42 38 31 26 14.999999999999998 18 29
leaf_count=42 38 31 26 15 18 29
internal_value=0.0276436 0.460838 -0.853305 0.964986 -0.1951 0.641783
internal_weight=199 135 64 75 60 44
internal_count=199 135 64 75 60 44
is_linear=0
shrinkage=0.03


Tree=8
num_leaves=7
num_cat=0
split_feature=0 22 2 0 0 22
split_gain=73950.8 46066.9 8202.91 5682.95 3360.13 828.994
threshold=87.500000000000014 2.1250000000000004 12.15 42.500000000000007 57.500000000000007 -41.666539949313055
decision_type=2 8 2 2 2 10
left_child=1 3 -3 -1 -4 -2
right_child=5 2 4 -5 -6 -7
leaf_value=0.011121773924678564 -1.402404021024704 1.0430610591173171 0.59417572937228469 -0.5501509634256363 0.090882558938529756 -0.60895578718185417
leaf_weight=27 19 37 28 35 22 14.999999999999998
leaf_count=27 19 37 28 35 22 15
internal_value=-0.00859979 0.287143 0.71598 -0.323136 0.401121 -1.1753
internal_weight=183 149 87 62 50 34
internal_count=183 149 87 62 50 34
is_linear=0
shrinkage=0.03


Tree=9
num_leaves=7
num_cat=0
split_feature=22 1 22 22 4 16
split_gain=78525.3 26415.6 15742.1 5385.63 4912.89 773.178
threshold=-12.124999999999998 -1.0000000180025095e-35 6.1790849673202635 -31.499999999999996 0.25000000000000011 8.0000000000000018
decision_type=8 8 8 10 2 8
left_child=3 -2 5 -1 -4 -3
right_child=1 2 4 -5 -6 -7
leaf_value=-1.3151769355773926 -0.42342656806111334 -0.062952967500686643 0.50548104871556443 -0.55084500629650923 1.0864653946096834 0.1737924744074161
leaf_weight=20 27 20 48 33 32 21
leaf_count=20 27 20 48 33 32 21
internal_value=0.0124918 0.368528 0.555036 -0.927785 0.788114 0.064017
internal_weight=201 148 121 53 80 41
internal_count=201 148 121 53 80 41
is_linear=0
shrinkage=0.03


Tree=10
num_leaves=7
num_cat=0
split_feature=0 22 22 2 0 2
split_gain=84516.9 40106.1 29823.3 10450.4 3502.17 414.142
threshold=67.500000000000014 6.1790849673202635 -12.981372549019605 16.850000000000005 37.500000000000007 12.15
decision_type=2 8 10 2 2 2
left_child=1 4 -2 -4 -1 -3
right_child=2 5 3 -5 -6 -7
leaf_value=0.14289424972874779 -1.2168541215390576 1.1258048726990819 0.43487128504684991 -0.4823224520683288 -0.30422831362799591 0.66123746760513469
leaf_weight=23 44 31 15.999999999999998 19 33 41
leaf_count=23 44 31 16 19 33 41
internal_value=0.00621211 0.476588 -0.73892 -0.061086 -0.123928 0.921375
internal_weight=207 128 79 35 56 72
internal_count=207 128 79 35 56 72
is_linear=0
shrinkage=0.03


Tree=11
num_leaves=7
num_cat=0
split_feature=0 22 2 22 0 2
split_gain=88941.1 41899.3 6557.64 4723.46 4177.18 5193.05
threshold=87.500000000000014 -6.1758169934640508 12.15 -18.263336445689383 57.500000000000007 13.750000000000002
decision_type=2 8 2 10 2 2
left_child=1 -1 -3 -2 5 -4
right_child=3 2 4 -5 -6 -7
leaf_value=-0.37326054961681365 -1.376834853080011 0.98994735774668785 0.15529780323090761 -0.46867621278762811 0.10784222602844237 0.84954974539818295
leaf_weight=45 26 39 18 14.999999999999998 25 26
leaf_count=45 26 39 18 15 25 26
internal_value=0.0300624 0.367328 0.678769 -1.13164 0.447881 0.610365
internal_weight=194 153 108 41 69 44
internal_count=194 153 108 41 69 44
is_linear=0
shrinkage=0.03


Tree=12
num_leaves=7
num_cat=0
split_feature=22 2 22 22 22 7
split_gain=56468.9 36903.4 11240.7 8183.08 3725.99 1323.93
threshold=-12.124999999999998 16.850000000000005 19.338235294117652 -8.6666666666666661 -31.499999999999996 inf
decision_type=8 2 8 10 10 8
left_child=4 2 5 -3 -1 -2
right_child=1 3 -4 -5 -6 -7
leaf_value=-1.1928160410342008 -0.042073963880538939 -0.91129526853561393 0.83391523478810603 -0.058384483655293778 -0.50100193568638396 0.2871601167367771
leaf_weight=18 15 14.999999999999998 60 22 30 27
leaf_count=18 15 15 60 22 30 27
internal_value=-0.0115624 0.296874 0.584599 -0.471483 -0.848487 0.177609
internal_weight=187 139 102 37 48 42
internal_count=187 139 102 37 48 42
is_linear=0
shrinkage=0.03


Tree=13
num_leaves=7
num_cat=0
split_feature=0 22 22 2 0 2
split_gain=68474.7 31475.6 12704.2 4629.21 3509.17 3759.43
threshold=77.500000000000014 -6.1758169934640508 -12.981372549019605 12.15 57.500000000000007 13.750000000000002
decision_type=2 8 10 2 2 2
left_child=1 -1 -2 -3 5 -5
right_child=2 3 -4 4 -6 -7
leaf_value=-0.3206529216817085 -1.2673071906145881 0.89858971709158353 -0.25260505226942209 0.17342047959566115 0.062023123741149898 0.78092773343835553
leaf_weight=42 29 36 21 19 20 23
leaf_count=42 29 36 21 19 20 23
internal_value=-0.00156943 0.340346 -0.90284 0.625445 0.411622 0.553789
internal_weight=190 140 50 98 62 42
internal_count=190 140 50 98 62 42
is_linear=0
shrinkage=0.03


Tree=14
num_leaves=7
num_cat=0
split_feature=0 16 20 2 0 0
split_gain=62205 17477.1 12885.4 4760.37 4276.96 4197.95
threshold=82.500000000000014 -12.999999999999998 2.5000000000000004 11.250000000000002 97.500000000000014 52.500000000000007
decision_type=2 8 8 2 2 2
left_child=1 -1 -3 -4 -2 -5
right_child=4 2 3 5 -6 -7
leaf_value=-0.48952361645905862 -0.47425224622090656 -0.097636516119043032 0.99713716089725479 0.62480634792623191 -1.2388346174028184 0.15112027113254253
leaf_weight=18 22 31 19 39 22 34
leaf_count=18 22 31 19 39 22 34
internal_value=-0.0195307 0.291387 0.420325 0.590891 -0.943946 0.428015
internal_weight=185 141 123 92 44 73
internal_count=185 141 123 92 44 73
is_linear=0
shrinkage=0.03


Tree=15
num_leaves=7
num_cat=0
split_feature=0 22 22 22 0 16
split_gain=69147.4 41988.8 5348.58 4662.89 2251.02 824.403
threshold=82.500000000000014 4.166666666666667 -8.6666666666666661 -17.714379084967316 52.500000000000007 10.500000000000002
decision_type=2 8 10 10 2 8
left_child=1 3 -2 -1 -3 -5
right_child=2 4 -4 5 -6 -7
leaf_value=-0.57345502495765688 -1.1631183275495256 0.93482710285319226 -0.34280882017953057 -0.15082259774208068 0.44120977986942633 0.08498225944546553
leaf_weight=18 30 49 15.999999999999998 23 28 21
leaf_count=18 30 49 16 23 28 21
internal_value=0.0101553 0.346095 -0.939375 -0.22691 0.793178 -0.0410917
internal_weight=185 139 46 62 77 44
internal_count=185 139 46 62 77 44
is_linear=0
shrinkage=0.03


Tree=16
num_leaves=7
num_cat=0
split_feature=0 22 22 2 2 0
split_gain=80443.5 34718.4 10039.7 4119.22 2888.71 2645.96
threshold=82.500000000000014 -6.1758169934640508 -16.94279738562091 11.850000000000003 13.250000000000002 57.500000000000007
decision_type=2 8 10 2 2 2
left_child=1 -1 -2 -3 -5 -6
right_child=2 3 -4 4 5 -7
leaf_value=-0.31862036095000801 -1.2739945379892983 0.92752535035567618 -0.32454000778198239 0.087290648005225444 0.71642561038335162 0.17755413566316877
leaf_weight=43 31 37 20 17 31 15.999999999999998
leaf_count=43 31 37 20 17 31 16
internal_value=0.00562668 0.369816 -0.96388 0.664117 0.455657 0.567692
internal_weight=195 144 51 101 64 47
internal_count=195 144 51 101 64 47
is_linear=0
shrinkage=0.03


Tree=17
num_leaves=7
num_cat=0
split_feature=22 2 6 20 2 22
split_gain=54665.3 30042.8 11561.4 9976.77 4701.38 2442.94
threshold=-14.366666666666665 17.100000000000005 inf 12.500000000000002 11.450000000000001 -34.958843537414957
decision_type=8 2 8 8 2 10
left_child=5 3 -3 -2 -5 -1
right_child=1 2 -4 4 -6 -7
leaf_value=-1.0894253814697266 -0.10328708052635192 0.12686758829199749 -0.8681468497623096 1.0472323939204216 0.47201271245035076 -0.50112708969494779
leaf_weight=20 14.999999999999998 18 17 25 54 32
leaf_count=20 15 18 17 25 54 32
internal_value=-0.025584 0.30611 -0.404532 0.577778 0.705544 -0.803111
internal_weight=181 129 35 94 79 52
internal_count=181 129 35 94 79 52
is_linear=0
shrinkage=0.03


Tree=18
num_leaves=7
num_cat=0
split_feature=22 2 6 22 22 20
split_gain=49110.4 29930.6 12293.3 10360.6 3577.99 2452.44
threshold=-14.366666666666665 16.850000000000005 inf 13.62573529411765 -19.874999999999996 -25.499999999999996
decision_type=8 2 8 8 10 10
left_child=4 3 -3 5 -1 -2
right_child=1 2 -4 -5 -6 -7
leaf_value=-0.9518391137388913 0.29475507561117409 0.17510936177295186 -0.79731721931033661 0.74445483503309451 -0.2715816996395588 -0.13070000341960361
leaf_weight=32 27 18 22 69 14.999999999999998 15.999999999999998
leaf_count=32 27 18 22 69 15 16
internal_value=0.0177813 0.28202 -0.38889 0.52801 -0.781725 0.139322
internal_weight=199 152 40 112 47 43
internal_count=199 152 40 112 47 43
is_linear=0
shrinkage=0.03


Tree=19
num_leaves=7
num_cat=0
split_feature=0 22 22 2 0 0
split_gain=61813.7 23097.1 21556.1 7507.23 1945.24 491.949
threshold=62.500000000000007 6.1790849673202635 -16.94279738562091 16.850000000000005 37.500000000000007 97.500000000000014
decision_type=2 8 10 2 2 2
left_child=1 4 5 -4 -1 -2
right_child=2 -3 3 -5 -6 -7
leaf_value=0.10187321429069225 -0.67698261048863917 0.77618765878326756 0.34687299403277311 -0.40728788797671972 -0.26277544830526622 -1.2818634569644929
leaf_weight=21 29 63 17 21 23 19
leaf_count=21 29 63 17 21 23 19
internal_value=-0.0437811 0.429212 -0.623521 -0.0687972 -0.0961022 -1.01476
internal_weight=193 107 86 38 44 48
internal_count=193 107 86 38 44 48
is_linear=0
shrinkage=0.03


Tree=20
num_leaves=7
num_cat=0
split_feature=0 16 20 0 0 16
split_gain=54256.3 13831.4 9816.29 8490.19 6169.42 3156.92
threshold=82.500000000000014 10.500000000000002 2.5000000000000004 52.500000000000007 92.500000000000014 -10.499999999999998
decision_type=2 8 8 2 2 10
left_child=1 5 -3 -4 -2 -1
right_child=4 2 3 -5 -6 -7
leaf_value=-0.38152347581727164 -0.25852615207433699 -0.0040233414173126217 0.8849917090364865 0.18477488602361372 -1.023090414047241 0.08725492695399692
leaf_weight=15.999999999999998 19 25 51 26 30 30
leaf_count=16 19 25 51 26 30 30
internal_value=0.0405742 0.328162 0.515578 0.674239 -0.778015 -0.0972171
internal_weight=197 148 102 77 49 46
internal_count=197 148 102 77 49 46
is_linear=0
shrinkage=0.03


Tree=21
num_leaves=7
num_cat=0
split_feature=0 22 0 22 5 0
split_gain=63594.8 26267.6 6649.62 4696.02 2134.53 601.705
threshold=87.500000000000014 6.1790849673202635 57.500000000000007 -12.981372549019605 -0.9330127018922193 37.500000000000007
decision_type=2 8 2 10 2 2
left_child=1 3 -3 -1 -2 -5
right_child=4 2 -4 5 -6 -7
leaf_value=-0.40656847497901399 -0.48405548715591429 0.72681827847386749 0.084189914703369131 0.14781003108391394 -1.2389708657100282 -0.054480925351381299
leaf_weight=32 14.999999999999998 66 20 21 24 23
leaf_count=32 15 66 20 21 24 23
internal_value=-0.0224653 0.24541 0.590207 -0.157104 -1.03662 0.0472979
internal_weight=201 162 86 76 39 44
internal_count=201 162 86 76 39 44
is_linear=0
shrinkage=0.03


Tree=22
num_leaves=7
num_cat=0
split_feature=0 22 0 0 16 2
split_gain=39401.9 25436.4 2627.72 2352.62 2046.56 1046.17
threshold=87.500000000000014 -2.1346405228758187 42.500000000000007 97.500000000000014 8.0000000000000018 12.15
decision_type=2 8 2 2 8 2
left_child=1 2 -1 -2 -3 -6
right_child=3 4 -4 -5 5 -7
leaf_value=0.0060224845366818559 -0.36953186443873814 0.159345532144819 -0.40102742304673067 -1.0553790001435712 0.76033430496660559 0.42202130736546078
leaf_weight=23 15.999999999999998 15.999999999999998 32 17 34 50
leaf_count=23 16 16 32 17 34 50
internal_value=0.0547284 0.259632 -0.24449 -0.815224 0.535338 0.59398
internal_weight=188 155 55 33 100 84
internal_count=188 155 55 33 100 84
is_linear=0
shrinkage=0.03


Tree=23
num_leaves=7
num_cat=0
split_feature=22 22 1 4 22 4
split_gain=46077.8 12127.9 9156.98 3341.1 2209.1 837.674
threshold=-1.0000000180025095e-35 -17.714379084967316 -1.0000000180025095e-35 0.25000000000000011 -17.714379084967316 -0.25000000000000028
decision_type=10 8 8 2 10 2
left_child=1 -1 -3 5 -4 -2
right_child=3 2 4 -5 -6 -7
leaf_value=-0.81991990652951319 0.4246235038772706 -0.66982636741969892 0.25939342932701109 0.7552951724943705 -0.10450438480628163 0.15165983395142987
leaf_weight=39 26 18 20 27 33 28
leaf_count=39 26 18 20 27 33 28
internal_value=-0.033833 -0.425816 -0.169636 0.492297 0.0433391 0.307934
internal_weight=191 110 71 81 53 54
internal_count=191 110 71 81 53 54
is_linear=0
shrinkage=0.03


Tree=24
num_leaves=7
num_cat=0
split_feature=0 16 20 0 0 0
split_gain=43863.8 12187.7 7795.43 3981.09 2979.23 1286.44
threshold=77.500000000000014 10.500000000000002 2.5000000000000004 52.500000000000007 97.500000000000014 47.500000000000007
decision_type=2 8 8 2 2 2
left_child=1 5 -3 -4 -2 -1
right_child=4 2 3 -5 -6 -7
leaf_value=0.064055210083723071 -0.42370565450191494 -0.041507009267807003 0.76829287283274594 0.23501754838228223 -0.98273547099186809 -0.25699767443441579
leaf_weight=14.999999999999998 35 21 44 25 21 26
leaf_count=15 35 21 44 25 21 26
internal_value=-0.0289973 0.271558 0.459134 0.604012 -0.696711 -0.145344
internal_weight=187 131 90 69 56 41
internal_count=187 131 90 69 56 41
is_linear=0
shrinkage=0.03


Tree=25
num_leaves=7
num_cat=0
split_feature=22 4 22 5 22 5
split_gain=31724 14559 7078.92 3326.69 2862.12 1428.93
threshold=-17.714379084967316 0.25000000000000011 4.166666666666667 0.6830127018922193 20.825816993464056 1.0000000180025095e-35
decision_type=8 2 10 2 8 2
left_child=-1 2 3 5 -3 -2
right_child=1 4 -4 -5 -6 -7
leaf_value=-0.72337107392874633 -0.11068608386175974 0.18143072605133057 0.26282115296441683 0.052576608955860131 0.75572252432505294 -0.51670193594235636
leaf_weight=39 15.999999999999998 14.999999999999998 44 25 31 21
leaf_count=39 16 15 44 25 31 21
internal_value=-0.0117185 0.188099 -0.0117398 -0.211662 0.6046 -0.375206
internal_weight=191 152 106 62 46 37
internal_count=191 152 106 62 46 37
is_linear=0
shrinkage=0.03


Tree=26
num_leaves=7
num_cat=0
split_feature=0 16 0 20 2 0
split_gain=46135.5 9394.35 8983.78 7358.34 4885.5 3236.13
threshold=72.500000000000014 10.500000000000002 97.500000000000014 2.5000000000000004 17.550000000000004 52.500000000000007
decision_type=2 8 2 8 2 2
left_child=1 -1 4 -3 -2 -5
right_child=2 3 -4 5 -6 -7
leaf_value=-0.092614780635368529 0.057369464039802552 -0.028366305140348581 -1.0324369927375547 0.73260924047893949 -0.567237808227539 0.23340097112315039
leaf_weight=36 19 21 26 49 20 23
leaf_count=36 19 21 26 49 20 23
internal_value=-0.0163228 0.31016 -0.640137 0.462843 -0.291002 0.598651
internal_weight=194 129 65 93 39 72
internal_count=194 129 65 93 39 72
is_linear=0
shrinkage=0.03


Tree=27
num_leaves=7
num_cat=0
split_feature=0 22 22 0 17 22
split_gain=39760.7 16057.9 13639.6 1687.79 1221.85 989.409
threshold=67.500000000000014 6.1790849673202635 -12.981372549019605 37.500000000000007 3.5000000000000004 2.1250000000000004
decision_type=2 8 10 2 10 8
left_child=1 3 -2 -1 -3 -4
right_child=2 4 5 -5 -6 -7
leaf_value=0.12803253568135775 -0.85790789109468457 0.43442032163793393 -0.18161039346456526 -0.18928052728240555 0.81551155233383166 0.11407914297921315
leaf_weight=21 40 50 14.999999999999998 32 25 16.000000000000004
leaf_count=21 40 50 15 32 25 16
internal_value=0.023733 0.335969 -0.524242 -0.063354 0.604481 -0.0343485
internal_weight=199 128 71 53 75 31
internal_count=199 128 71 53 75 31
is_linear=0
shrinkage=0.03


Tree=28
num_leaves=7
num_cat=0
split_feature=0 22 22 5 0 16
split_gain=38978.3 17658.7 3664.76 2431.81 1658.79 1639.64
threshold=82.500000000000014 -6.1758169934640508 -16.94279738562091 1.0000000180025095e-35 42.500000000000007 -1.0000000180025095e-35
decision_type=2 8 10 2 2 10
left_child=1 4 -2 -3 -1 -5
right_child=2 3 -4 5 -6 -7
leaf_value=-0.008234549516981297 -0.9308726636188871 0.54962713252414364 -0.28319070059320195 0.34385473930835725 -0.37365234732627867 -0.024930906295776368
leaf_weight=17 29 61 18 25 29 15.999999999999998
leaf_count=17 29 61 18 25 29 16
internal_value=-0.0249046 0.216877 -0.733905 0.430537 -0.252654 0.212872
internal_weight=195 148 47 102 46 41
internal_count=195 148 47 102 46 41
is_linear=0
shrinkage=0.03


Tree=29
num_leaves=7
num_cat=0
split_feature=22 0 22 0 4 16
split_gain=27885.9 10264.6 6055.32 2382.44 1791.54 1691.86
threshold=-12.124999999999998 82.500000000000014 6.1790849673202635 67.500000000000014 0.25000000000000011 57.500000000000007
decision_type=8 2 8 2 2 8
left_child=3 2 -2 -1 5 -4
right_child=1 -3 4 -5 -6 -7
leaf_value=-0.22248324676201892 0.029905217758246831 -0.28481861709520734 0.050979813987558534 -0.70530245751142495 0.66636519780525794 0.43835469938814636
leaf_weight=21 37 24 17 31 34 27
leaf_count=21 37 24 17 31 34 27
internal_value=0.0150917 0.237038 0.353276 -0.546938 0.495628 0.309161
internal_weight=191 139 115 52 78 44
internal_count=191 139 115 52 78 44
is_linear=0
shrinkage=0.03


Tree=30
num_leaves=7
num_cat=0
split_feature=0 22 22 2 22 2
split_gain=31690.8 14816.4 6374.92 3897.95 3468.06 2662.59
threshold=82.500000000000014 -7.833333333333333 -12.981372549019605 12.15 22.097549019607843 13.250000000000002
decision_type=2 8 10 2 8 2
left_child=1 -1 -2 4 -3 -5
right_child=2 3 -4 5 -6 -7
leaf_value=-0.2395219995172656 -0.91678537538105787 0.16891773247718811 -0.16039075690767038 -0.087362195930697703 0.79757543344651494 0.32955166111601158
leaf_weight=44 28 14.999999999999998 18 17 26 42
leaf_count=44 28 15 18 17 26 42
internal_value=-0.0205607 0.200896 -0.665547 0.396859 0.610939 0.211984
internal_weight=190 144 46 100 41 59
internal_count=190 144 46 100 41 59
is_linear=0
shrinkage=0.03


Tree=31
num_leaves=7
num_cat=0
split_feature=0 22 0 2 2 4
split_gain=33274.9 18539.4 3150.99 2484.27 2202.45 2468.51
threshold=87.500000000000014 2.1250000000000004 37.500000000000007 12.15 13.750000000000002 1.0000000180025095e-35
decision_type=2 8 2 2 2 2
left_child=1 2 -1 -3 -5 -6
right_child=-2 3 -4 4 5 -7
leaf_value=0.14310277314289757 -0.74720708902065569 0.66580428118291102 -0.29187127177812616 0.012258535542271352 0.61881098806858059 0.099616511208670475
leaf_weight=18 34 41 44 17 19 15.999999999999998
leaf_count=18 34 41 44 17 19 16
internal_value=0.0396324 0.230186 -0.164333 0.488164 0.301984 0.423585
internal_weight=189 155 62 93 52 35
internal_count=189 155 62 93 52 35
is_linear=0
shrinkage=0.03


Tree=32
num_leaves=7
num_cat=0
split_feature=0 22 22 16 0 2
split_gain=30159.4 13005.1 7626.5 3320.14 1960.29 1025.49
threshold=72.500000000000014 6.1790849673202635 -12.981372549019605 25.000000000000004 37.500000000000007 12.15
decision_type=2 8 10 10 2 2
left_child=1 4 -2 5 -1 -3
right_child=2 3 -4 -5 -6 -7
leaf_value=0.134688467780749 -0.77115171039976727 0.79766710230282378 -0.079392993943444609 0.079060393810272203 -0.19513168369020734 0.40300069217170986
leaf_weight=22 36 23 24 14.999999999999998 37 37
leaf_count=22 36 23 24 15 37 37
internal_value=0.0118762 0.261029 -0.52184 0.510524 -0.0712335 0.604011
internal_weight=194 134 60 75 59 60
internal_count=194 134 60 75 59 60
is_linear=0
shrinkage=0.03


Tree=33
num_leaves=7
num_cat=0
split_feature=0 0 20 2 16 16
split_gain=29099.9 11236.5 9099.85 6108.9 5568.28 1312.3
threshold=97.500000000000014 52.500000000000007 2.5000000000000004 19.050000000000004 -12.999999999999998 -10.499999999999998
decision_type=2 2 8 2 8 10
left_child=1 2 -1 4 -3 -6
right_child=-2 3 -4 -5 5 -7
leaf_value=-0.048829130331675207 -0.86847079677134753 -0.36484132289886473 0.57166874251195365 -0.53541762766630752 0.37266392469406129 0.036393394160270688
leaf_weight=31 25 15.999999999999998 58 18 20 20
leaf_count=31 25 16 58 18 20 20
internal_value=-0.0080139 0.145878 0.364439 -0.123416 0.0420453 0.227254
internal_weight=188 163 89 74 56 40
internal_count=188 163 89 74 56 40
is_linear=0
shrinkage=0.03


Tree=34
num_leaves=7
num_cat=0
split_feature=2 22 22 16 0 22
split_gain=29127.2 17691 9659.82 3482.18 1798 1453.37
threshold=17.350000000000005 -6.1758169934640508 -34.958843537414957 57.500000000000007 77.500000000000014 -14.366666666666665
decision_type=2 8 10 8 2 10
left_child=1 5 -2 -3 -4 -1
right_child=2 3 4 -5 -6 -7
leaf_value=-0.38828831374645228 -0.94667320346832273 0.17273616355199078 0.063636750340461734 0.58501096102453409 -0.33732325278222558 -0.036170395016670229
leaf_weight=25 25 34 14.999999999999998 58 19 18
leaf_count=25 25 34 15 58 19 18
internal_value=-0.0206602 0.222227 -0.550363 0.449406 -0.174949 -0.260012
internal_weight=194 135 59 92 34 43
internal_count=194 135 59 92 34 43
is_linear=0
shrinkage=0.03


Tree=35
num_leaves=7
num_cat=0
split_feature=0 22 22 17 1 0
split_gain=25723.3 10821 5261.72 1701.43 2358.19 1544.75
threshold=72.500000000000014 6.1790849673202635 -16.94279738562091 3.5000000000000004 7.5000000000000009 42.500000000000007
decision_type=2 8 10 10 8 2
left_child=1 5 -2 4 -3 -1
right_child=2 3 -4 -5 -6 -7
leaf_value=0.072087967872619632 -0.68407773861518262 0.51160193854364855 -0.12404263889088349 0.67042807728052134 0.10510375052690506 -0.22628203782541997
leaf_weight=30 34 24 29 27 29 24
leaf_count=30 34 24 29 27 29 24
internal_value=0.0243965 0.257731 -0.45436 0.468984 0.317414 -0.0684593
internal_weight=197 134 63 80 53 54
internal_count=197 134 63 80 53 54
is_linear=0
shrinkage=0.03


Tree=36
num_leaves=7
num_cat=0
split_feature=0 22 22 2 2 0
split_gain=26457.7 9405.09 5230.99 4177.3 3243.39 2732.57
threshold=72.500000000000014 -6.1758169934640508 -16.94279738562091 12.15 13.550000000000002 52.500000000000007
decision_type=2 8 10 2 2 2
left_child=1 -1 -2 -3 -5 -6
right_child=2 3 -4 4 5 -7
leaf_value=-0.17278902420401571 -0.7090173857552664 0.60844396399897205 -0.11606907146317617 -0.13146641939878465 0.51474865330590136 0.022322625030170785
leaf_weight=35 37 38 23 17 22 17
leaf_count=35 37 38 23 17 22 17
internal_value=-0.011753 0.229467 -0.508133 0.380405 0.188476 0.32703
internal_weight=189 129 60 94 56 39
internal_count=189 129 60 94 56 39
is_linear=0
shrinkage=0.03


Tree=37
num_leaves=7
num_cat=0
split_feature=2 16 6 20 2 2
split_gain=19623 9672.18 7977.76 6189.45 3353.86 4724.08
threshold=16.850000000000005 -12.999999999999998 0.22500000000000003 2.5000000000000004 12.15 13.250000000000002
decision_type=2 8 8 8 2 2
left_child=1 -1 -2 -3 -5 -6
right_child=2 3 -4 4 5 -7
leaf_value=-0.34188203172683712 0.072104660421609873 -0.1073634851191725 -0.64370393633842471 0.66858923455647057 -0.11507058337330817 0.41899900570511817
leaf_weight=20 19 23 40 30 19 43
leaf_count=20 19 23 40 30 19 43
internal_value=0.00985672 0.208555 -0.425565 0.314539 0.420112 0.258959
internal_weight=194 135 59 115 92 62
internal_count=194 135 59 115 92 62
is_linear=0
shrinkage=0.03


Tree=38
num_leaves=7
num_cat=0
split_feature=0 22 1 16 5 0
split_gain=22646 12279.6 3056.34 2060.4 2716.5 1447.93
threshold=87.500000000000014 -2.1346405228758187 -1.0000000180025095e-35 -26.499999999999996 -0.5 47.500000000000007
decision_type=2 8 10 10 2 2
left_child=1 -1 -3 4 -4 -5
right_child=-2 2 3 5 -6 -7
leaf_value=-0.20297683527220539 -0.64298841698964437 -0.056744535326957696 0.14181066853659494 0.3478288731791756 0.67055926895141593 -0.0077118130773305886
leaf_weight=62 40 14.999999999999998 15.999999999999998 17 30 19
leaf_count=62 40 15 16 17 30 19
internal_value=-0.0478141 0.116954 0.321371 0.389825 0.51858 0.182126
internal_weight=199 159 97 82 46 36
internal_count=199 159 97 82 46 36
is_linear=0
shrinkage=0.03


Tree=39
num_leaves=7
num_cat=0
split_feature=0 22 22 2 2 2
split_gain=23933.7 8368.43 5838.06 2852.33 1847.63 1271.9
threshold=62.500000000000007 -16.94279738562091 6.1790849673202635 16.850000000000005 17.350000000000005 11.850000000000003
decision_type=2 10 8 2 2 2
left_child=2 4 -1 -3 -2 -4
right_child=1 3 5 -5 -6 -7
leaf_value=-0.0095118074757712216 -0.27663186192512512 0.21648242774217025 0.64850194454193111 -0.24674893255233762 -0.7713215771588412 0.29895009689033031
leaf_weight=37 19 18 22 20 28 43
leaf_count=37 19 18 22 20 28 43
internal_value=-0.00949345 -0.369804 0.294016 -0.0276658 -0.617169 0.455131
internal_weight=187 85 102 38 47 65
internal_count=187 85 102 38 47 65
is_linear=0
shrinkage=0.03


Tree=40
num_leaves=7
num_cat=0
split_feature=22 2 6 22 1 16
split_gain=19047.2 14746 2879.79 2501.04 2060.22 1875.13
threshold=-10.899999999999999 16.850000000000005 inf 19.338235294117652 1.0000000180025095e-35 25.000000000000004
decision_type=8 2 8 8 10 10
left_child=-1 3 -3 4 -2 -5
right_child=1 2 -4 5 -6 -7
leaf_value=-0.45261219470838049 0.35308099031448364 -0.022471465587615966 -0.56938241247426369 0.55554895134533155 -0.024724055556580422 0.13806513645432211
leaf_weight=56 19 14.999999999999998 17 46 27 17
leaf_count=56 19 15 17 46 27 17
internal_value=-0.00758407 0.178612 -0.350698 0.342572 0.150643 0.46133
internal_weight=197 141 32 109 46 63
internal_count=197 141 32 109 46 63
is_linear=0
shrinkage=0.03


Tree=41
num_leaves=7
num_cat=0
split_feature=0 22 22 2 1 1
split_gain=21837.3 8823.04 7042.62 3407.4 868.845 758.698
threshold=57.500000000000007 3.2500000000000004 7.2274509803921587 16.850000000000005 1.0000000180025095e-35 7.5000000000000009
decision_type=2 10 8 2 10 10
left_child=2 3 4 -2 -1 -4
right_child=1 -3 5 -5 -6 -7
leaf_value=0.14278468234198435 -0.21834845907547895 0.13264551537561006 0.61606171028954637 -0.70452879706827498 -0.10717108670261598 0.29240801600848926
leaf_weight=15.999999999999998 29 24 30 34 26 29
leaf_count=16 29 24 30 34 26 29
internal_value=0.000655214 -0.337541 0.294153 -0.513242 -0.0068899 0.492251
internal_weight=188 87 101 63 42 59
internal_count=188 87 101 63 42 59
is_linear=0
shrinkage=0.03


Tree=42
num_leaves=7
num_cat=0
split_feature=0 0 20 1 16 16
split_gain=23547.3 6017.09 5122.44 2477.32 3267.8 1712.55
threshold=97.500000000000014 52.500000000000007 12.500000000000002 -1.0000000180025095e-35 inf 31.000000000000004
decision_type=2 2 8 10 8 8
left_child=1 2 -1 -3 -5 -4
right_child=-2 3 5 4 -6 -7
leaf_value=-0.0094259326965422229 -0.78809607945639515 -0.30095924579896605 0.13621907711029052 -0.16041540286757727 0.26943137806269429 0.55308031812958092
leaf_weight=32 24 21 15.999999999999998 28 26 41
leaf_count=32 24 21 16 28 26 41
internal_value=0.00172266 0.137203 0.297378 -0.0595784 0.0518418 0.456489
internal_weight=188 164 89 75 54 57
internal_count=188 164 89 75 54 57
is_linear=0
shrinkage=0.03


Tree=43
num_leaves=7
num_cat=0
split_feature=0 22 2 22 0 2
split_gain=15517.1 8269.11 3263.13 2986.96 1733.04 1668.38
threshold=92.500000000000014 2.1250000000000004 12.15 4.166666666666667 37.500000000000007 14.450000000000001
decision_type=2 8 2 10 2 2
left_child=1 4 -3 -4 -1 -5
right_child=-2 2 3 5 -6 -7
leaf_value=0.079871343482624396 -0.64217783613638435 0.46565124420019294 -0.17973104000091553 0.005415976426818154 -0.24493769296397597 0.3864254911078347
leaf_weight=17 28 34 19 17 54 22
leaf_count=17 28 34 19 17 54 22
internal_value=-0.0484007 0.0696746 0.251541 0.0990333 -0.167028 0.239833
internal_weight=191 163 92 58 71 39
internal_count=191 163 92 58 71 39
is_linear=0
shrinkage=0.03


Tree=44
num_leaves=7
num_cat=0
split_feature=0 22 0 2 5 2
split_gain=21070.8 9724.62 2097.47 1618.68 2574.51 1496.35
threshold=87.500000000000014 -6.1758169934640508 97.500000000000014 12.15 -0.24999999999999994 13.950000000000001
decision_type=2 8 2 2 2 2
left_child=1 -1 -2 -3 -5 -6
right_child=2 3 -4 4 5 -7
leaf_value=-0.15767986536122344 -0.18945521123707293 0.49592000383597146 -0.70897248990833761 -0.0067537275769493791 0.088905557870864863 0.49949191676245791
leaf_weight=53 14.999999999999998 34 27 28 14.999999999999998 22
leaf_count=53 15 34 27 28 15 22
internal_value=-0.00622742 0.160745 -0.563324 0.3306 0.214879 0.363438
internal_weight=194 152 42 99 65 37
internal_count=194 152 42 99 65 37
is_linear=0
shrinkage=0.03


Tree=45
num_leaves=7
num_cat=0
split_feature=0 16 2 20 0 16
split_gain=14158 7100.9 6233.98 6835.21 2235.28 1414.29
threshold=97.500000000000014 -12.999999999999998 17.350000000000005 19.500000000000004 52.500000000000007 -10.499999999999998
decision_type=2 8 2 8 2 10
left_child=1 -1 3 -3 -4 -5
right_child=-2 2 4 5 -6 -7
leaf_value=-0.30423444676399231 -0.66181022488552599 -0.10304394963112745 0.1072777966090611 0.51250790259877188 -0.32548613343853505 0.23300459178838323
leaf_weight=25 18 28 15.999999999999998 56 19 42
leaf_count=25 18 28 16 56 19 42
internal_value=0.0426136 0.126324 0.200331 0.296288 -0.138971 0.409847
internal_weight=204 186 161 126 35 98
internal_count=204 186 161 126 35 98
is_linear=0
shrinkage=0.03


Tree=46
num_leaves=7
num_cat=0
split_feature=0 2 22 22 22 0
split_gain=18548.9 7832.13 7636.13 1972.91 1648.08 877.368
threshold=67.500000000000014 17.550000000000004 6.1790849673202635 -0.83986928104575276 -31.499999999999996 37.500000000000007
decision_type=2 2 8 8 10 2
left_child=2 3 5 -2 -3 -1
right_child=1 4 -4 -5 -6 -7
leaf_value=0.10341717397173245 -0.18289130427620628 -0.76426968362596304 0.43688867196254433 0.22891643804311754 -0.25119410514831542 -0.12469661150154258
leaf_weight=22 17 22 75 14.999999999999998 15.999999999999998 30
leaf_count=22 17 22 75 15 16 30
internal_value=0.0397195 -0.338075 0.252871 0.0149924 -0.602566 -0.027581
internal_weight=197 70 127 32 38 52
internal_count=197 70 127 32 38 52
is_linear=0
shrinkage=0.03


Tree=47
num_leaves=7
num_cat=0
split_feature=0 22 22 0 0 22
split_gain=17946.8 7776.75 6548.18 1206.81 834.513 821.358
threshold=57.500000000000007 -14.366666666666665 13.62573529411765 92.500000000000014 37.500000000000007 2.1250000000000004
decision_type=2 10 8 2 2 10
left_child=2 3 4 -2 -1 -3
right_child=1 5 -4 -5 -6 -7
leaf_value=0.095961907668547189 -0.32445607801846094 -0.12285048089244148 0.43806707534600386 -0.72791290723360491 -0.12271112072467802 0.12635136023736918
leaf_weight=28 30 17 61 21 25 21
leaf_count=28 30 17 61 21 25 21
internal_value=-0.00625691 -0.31595 0.238637 -0.540745 -0.00887225 0.0135448
internal_weight=203 89 114 51 53 38
internal_count=203 89 114 51 53 38
is_linear=0
shrinkage=0.03


Tree=48
num_leaves=7
num_cat=0
split_feature=22 0 17 22 22 0
split_gain=15939.6 6707.86 4246.1 2662.22 1885.71 1326.57
threshold=2.1250000000000004 52.500000000000007 3.5000000000000004 25.500000000000004 15.062745098039221 37.500000000000007
decision_type=8 2 8 8 8 2
left_child=2 4 -1 -3 -2 -4
right_child=1 3 5 -5 -6 -7
leaf_value=-0.58684571921825401 0.11418925845623015 0.21862938788074712 0.081067691872065722 -0.18730931049043481 0.54546851949691766 -0.20502590267725709
leaf_weight=23 14.999999999999998 21 17 28 45 48
leaf_count=23 15 21 17 28 45 48
internal_value=0.0175535 0.254916 -0.27435 -0.0092008 0.454726 -0.129755
internal_weight=197 109 88 49 60 65
internal_count=197 109 88 49 60 65
is_linear=0
shrinkage=0.03


Tree=49
num_leaves=7
num_cat=0
split_feature=0 22 16 1 5 22
split_gain=15496.9 8613.1 2345.29 3190.31 1471.68 1160.8
threshold=92.500000000000014 -9.9999999999999982 -1.0000000180025095e-35 -1.0000000180025095e-35 1.0000000180025095e-35 6.1790849673202635
decision_type=2 8 10 10 2 8
left_child=1 -1 3 -3 -4 -5
right_child=-2 2 4 5 -6 -7
leaf_value=-0.2309088551797546 -0.63105277039110663 -0.043355152845382688 0.18841544825297135 0.17523602426052093 -0.14584315115755256 0.53022583426498782
leaf_weight=47 27 14.999999999999998 21 19 17 36
leaf_count=47 27 15 21 19 17 36
internal_value=-0.0290528 0.0922551 0.236886 0.334371 0.0393082 0.432415
internal_weight=182 155 108 70 38 55
internal_count=182 155 108 70 38 55
is_linear=0
shrinkage=0.03


Tree=50
num_leaves=7
num_cat=0
split_feature=0 22 2 22 4 2
split_gain=12078.9 6143.64 3406.58 2776.21 1768.03 2153.81
threshold=97.500000000000014 4.166666666666667 17.350000000000005 -6.1758169934640508 0.25000000000000011 13.550000000000002
decision_type=2 10 2 8 2 2
left_child=1 2 3 -1 5 -3
right_child=-2 4 -4 -5 -6 -7
leaf_value=-0.15267408622277748 -0.60044436989159411 -0.12852685251832008 -0.31174597131578546 0.20424696264522416 0.46343819488739141 0.27880106059774273
leaf_weight=32 24 14.999999999999998 33 37 24 26
leaf_count=32 24 15 33 37 24 26
internal_value=-0.0347847 0.0615993 -0.0833357 0.0395869 0.278743 0.132006
internal_weight=191 167 102 69 65 41
internal_count=191 167 102 69 65 41
is_linear=0
shrinkage=0.03


Tree=51
num_leaves=7
num_cat=0
split_feature=2 22 0 16 4 22
split_gain=10254.9 7526.79 5801.17 3192.46 1858.35 454.982
threshold=17.550000000000004 -9.1666666666666661 52.500000000000007 -1.0000000180025095e-35 1.0000000180025095e-35 -31.499999999999996
decision_type=2 8 2 10 2 10
left_child=1 -1 -2 -3 -5 -4
right_child=2 3 5 4 -6 -7
leaf_value=-0.21387643743838583 0.11944409796595573 0.3849517825947088 -0.64639888616708618 -0.16427627516829449 0.22638250874621527 -0.25949608936160795
leaf_weight=37 14.999999999999998 63 20.999999999999996 18 15.999999999999998 15.000000000000002
leaf_count=37 15 63 21 18 16 15
internal_value=-0.00756748 0.130716 -0.350132 0.2662 0.0250174 -0.536495
internal_weight=185 134 51 97 34 36
internal_count=185 134 51 97 34 36
is_linear=0
shrinkage=0.03


Tree=52
num_leaves=7
num_cat=0
split_feature=2 22 22 22 1 4
split_gain=13647.5 8004.09 5199.74 2000.89 917.524 870.068
threshold=17.550000000000004 -6.1758169934640508 -31.499999999999996 44.500000000000007 12.500000000000002 1.0000000180025095e-35
decision_type=2 8 10 8 10 2
left_child=1 -1 -2 4 5 -3
right_child=2 3 -4 -5 -6 -7
leaf_value=-0.19027797573457725 -0.66869748210906987 0.051765060735785441 -0.096018142153819402 0.45987667683945144 -0.031934081554412845 0.33834061074588034
leaf_weight=39 25 18 31 38 14.999999999999998 22
leaf_count=39 25 18 31 38 15 22
internal_value=-0.0125803 0.153939 -0.385534 0.300631 0.161452 0.229462
internal_weight=188 132 56 93 55 40
internal_count=188 132 56 93 55 40
is_linear=0
shrinkage=0.03


Tree=53
num_leaves=7
num_cat=0
split_feature=0 22 22 16 0 2
split_gain=16153.6 6383.1 6211.35 1854.88 978.975 203.669
threshold=67.500000000000014 6.1790849673202635 -16.94279738562091 25.000000000000004 37.500000000000007 18.000000000000004
decision_type=2 8 10 10 2 2
left_child=1 4 5 -3 -1 -2
right_child=2 3 -4 -5 -6 -7
leaf_value=0.11302530795335769 -0.3046222569465637 0.50675296958755045 0.016942095550544121 0.10595442652702332 -0.12779325999958174 -0.63297968196868892
leaf_weight=22 20 46 29 17 30 25
leaf_count=22 20 46 29 17 30 25
internal_value=0.00373919 0.222953 -0.32948 0.414344 -0.0249312 -0.532099
internal_weight=189 115 74 63 52 45
internal_count=189 115 74 63 52 45
is_linear=0
shrinkage=0.03


Tree=54
num_leaves=7
num_cat=0
split_feature=0 2 20 16 16 0
split_gain=11138.9 4753.8 3799.84 2527.57 780.531 922.239
threshold=62.500000000000007 18.000000000000004 2.5000000000000004 31.000000000000004 -12.999999999999998 82.500000000000014
decision_type=2 2 8 8 8 2
left_child=2 4 -1 -4 -2 -6
right_child=1 -3 3 -5 5 -7
leaf_value=-0.059970164387612733 -0.19214413099668243 -0.52603059768676752 0.032061741716331908 0.41415450765240575 0.17932046882808209 -0.10310186862945556
leaf_weight=32 17 28 22 57 14.999999999999998 17
leaf_count=32 17 28 22 57 15 17
internal_value=0.0210173 -0.247171 0.209693 0.315991 -0.0538704 0.0356262
internal_weight=188 77 111 79 49 32
internal_count=188 77 111 79 49 32
is_linear=0
shrinkage=0.03


Tree=55
num_leaves=7
num_cat=0
split_feature=0 22 2 16 5 5
split_gain=15685.7 7319.58 2387.71 2668.99 2320.55 1492.04
threshold=97.500000000000014 -6.1758169934640508 17.550000000000004 1.0000000180025095e-35 -0.5 1.0000000180025095e-35
decision_type=2 8 2 10 2 2
left_child=1 -1 3 4 -3 -5
right_child=-2 2 -4 5 -6 -7
leaf_value=-0.19036180719488957 -0.63804881751537323 0.12607214754278009 -0.096019886596636336 0.19055614306376528 0.50414988994598386 -0.15526319611072539
leaf_weight=56 27 28 17 21 40 14.999999999999998
leaf_count=56 27 28 17 21 40 15
internal_value=-0.0260562 0.0822627 0.210983 0.263269 0.367769 0.0451023
internal_weight=204 177 121 104 68 36
internal_count=204 177 121 104 68 36
is_linear=0
shrinkage=0.03


Tree=56
num_leaves=7
num_cat=0
split_feature=0 22 17 0 2 2
split_gain=13204.3 5340.18 2269.05 2464.22 783.257 889.352
threshold=92.500000000000014 -9.9999999999999982 -11.499999999999998 32.500000000000007 13.550000000000002 12.350000000000003
decision_type=2 8 10 2 2 2
left_child=1 -1 3 -3 5 -5
right_child=-2 2 -4 4 -6 -7
leaf_value=-0.18129615900178367 -0.5490193900707605 0.35037836700677871 0.37713253789826445 0.033004916429519651 0.11526116144657134 -0.22629709788731167
leaf_weight=47 32 19 33 25 25 15.999999999999998
leaf_count=47 32 19 33 25 25 16
internal_value=-0.0361646 0.0765204 0.182405 0.0900536 -0.00428531 -0.0817846
internal_weight=197 165 118 85 66 41
internal_count=197 165 118 85 66 41
is_linear=0
shrinkage=0.03


Tree=57
num_leaves=7
num_cat=0
split_feature=22 22 16 1 22 4
split_gain=7783.94 3412.69 1576.42 1552.39 1502.85 462.094
threshold=3.2500000000000004 -31.499999999999996 25.000000000000004 -1.0000000180025095e-35 -31.499999999999996 -0.6830127018922193
decision_type=10 8 10 8 10 2
left_child=1 -1 -2 -3 -5 -6
right_child=2 3 -4 4 5 -7
leaf_value=-0.49807462871074676 0.32697089008159108 -0.24392956039868294 -0.009245550973074777 0.21200564799101454 -0.18308701047843154 -0.0066271740049123765
leaf_weight=15.999999999999998 49 27 15.999999999999998 18 17 35
leaf_count=16 49 27 16 18 17 35
internal_value=-0.00120171 -0.149849 0.249461 -0.07081 0.00777505 -0.0753158
internal_weight=178 113 65 97 70 52
internal_count=178 113 65 97 70 52
is_linear=0
shrinkage=0.03


Tree=58
num_leaves=7
num_cat=0
split_feature=22 2 20 16 17 1
split_gain=9007.85 4356.43 3203.55 1738.24 997.782 451.57
threshold=-12.981372549019605 17.550000000000004 12.500000000000002 31.000000000000004 -23.999999999999996 7.5000000000000009
decision_type=8 2 8 8 8 10
left_child=4 2 -2 -4 -1 -5
right_child=1 -3 3 5 -6 -7
leaf_value=-0.48108771453814014 -0.1300044688156673 -0.17217929891136008 0.080816177366809405 0.49104548983275886 -0.16051040806341915 0.24621528311473567
leaf_weight=18 15.999999999999998 27 28 27 27 36
leaf_count=18 16 27 28 27 27 36
internal_value=0.0219241 0.145578 0.229867 0.296617 -0.324027 0.379534
internal_weight=179 134 107 91 45 63
internal_count=179 134 107 91 45 63
is_linear=0
shrinkage=0.03


Tree=59
num_leaves=7
num_cat=0
split_feature=0 1 23 2 2 1
split_gain=11996.6 2672.93 2410.28 821.533 1898.17 900.449
threshold=92.500000000000014 -7.4999999999999991 -8.4999999999999982 11.050000000000002 15.050000000000002 1.0000000180025095e-35
decision_type=2 10 2 2 2 10
left_child=1 -1 -3 -4 5 -5
right_child=-2 2 3 4 -6 -7
leaf_value=-0.22350066063864885 -0.52150606141736111 -0.10936651918021115 0.31691576915628772 0.16487265808241708 0.27908971327107124 -0.076719629095821834
leaf_weight=18 31 28 29 15.999999999999998 36 36
leaf_count=18 31 28 29 16 36 36
internal_value=-0.0250713 0.0820537 0.12617 0.18471 0.126446 0.00555826
internal_weight=194 163 145 117 88 52
internal_count=194 163 145 117 88 52
is_linear=0
shrinkage=0.03


Tree=60
num_leaves=7
num_cat=0
split_feature=0 22 4 0 16 0
split_gain=8376.54 3674.44 2347.03 1089.85 1136.66 786.788
threshold=97.500000000000014 -6.1758169934640508 0.25000000000000011 47.500000000000007 -1.0000000180025095e-35 52.500000000000007
decision_type=2 8 2 2 10 2
left_child=1 5 3 4 -3 -1
right_child=-2 2 -4 -5 -6 -7
leaf_value=0.0016060788823025567 -0.50994171601075389 0.31207237048582598 0.33189808082580563 -0.042617421074181185 -0.020291307538747787 -0.22523461271734799
leaf_weight=23 21 17 40 44 14.999999999999998 29
leaf_count=23 21 17 40 44 15 29
internal_value=-0.00806477 0.0675949 0.159561 0.0539693 0.174588 -0.133562
internal_weight=189 168 116 76 32 52
internal_count=189 168 116 76 32 52
is_linear=0
shrinkage=0.03


Tree=61
num_leaves=7
num_cat=0
split_feature=0 0 17 0 20 17
split_gain=8053.29 3068.57 2844.82 1752.42 1536.29 1317.91
threshold=62.500000000000007 97.500000000000014 3.5000000000000004 37.500000000000007 2.5000000000000004 -23.999999999999996
decision_type=2 2 10 2 8 10
left_child=2 5 3 4 -1 -2
right_child=1 -3 -4 -5 -6 -7
leaf_value=-0.017898780958993093 -0.16556663196737115 -0.4736102951806167 0.431364713244968 -0.052356056956683883 0.34776950193776024 0.11854130072253091
leaf_weight=15.999999999999998 50 24 22 46 22 15.999999999999998
leaf_count=16 50 24 22 46 22 16
internal_value=-0.0117458 -0.214226 0.162077 0.071278 0.209626 -0.0931943
internal_weight=196 90 106 84 38 66
internal_count=196 90 106 84 38 66
is_linear=0
shrinkage=0.03


Tree=62
num_leaves=7
num_cat=0
split_feature=22 2 22 4 22 22
split_gain=7836.38 3477.29 2482.87 2550.74 503.543 493.147
threshold=-12.981372549019605 16.850000000000005 56.500000000000007 1.0000000180025095e-35 -34.958843537414957 2.1250000000000004
decision_type=8 2 8 2 10 10
left_child=4 2 3 5 -1 -2
right_child=1 -3 -4 -5 -6 -7
leaf_value=-0.38204017716905342 0.047333003526384178 -0.10669284633227756 0.47046774342656134 0.28654813372118526 -0.15273404313967778 -0.16207711185514925
leaf_weight=18 17 30 27 38 34 14.999999999999998
leaf_count=18 17 30 27 38 34 15
internal_value=0.036405 0.16244 0.246827 0.134951 -0.258659 -0.0594653
internal_weight=179 127 97 70 52 32
internal_count=179 127 97 70 52 32
is_linear=0
shrinkage=0.03


Tree=63
num_leaves=7
num_cat=0
split_feature=22 2 4 0 22 5
split_gain=7823.76 5591.11 2388.91 1641.58 1770.75 1077.35
threshold=-12.981372549019605 12.850000000000003 0.25000000000000011 32.500000000000007 37.742973856209154 1.0000000180025095e-35
decision_type=10 2 2 2 10 2
left_child=1 -1 3 -2 5 -5
right_child=2 -3 -4 4 -6 -7
leaf_value=0.15279501371913487 0.28721486842632288 -0.36851056889125278 0.33929761157717025 0.034613360601166883 0.23189743191003798 -0.20193850566943486
leaf_weight=22 14.999999999999998 65 30 31 14.999999999999998 31
leaf_count=22 15 65 30 31 15 31
internal_value=-0.0254034 -0.235546 0.127826 0.0449334 -0.0168995 -0.089906
internal_weight=209 87 122 92 77 62
internal_count=209 87 122 92 77 62
is_linear=0
shrinkage=0.03


Tree=64
num_leaves=7
num_cat=0
split_feature=2 22 22 22 2 4
split_gain=7115.58 5254.75 4865.45 2237.56 1026.59 925.083
threshold=17.100000000000005 -31.499999999999996 44.500000000000007 -17.714379084967316 13.950000000000001 1.0000000180025095e-35
decision_type=2 10 8 10 2 2
left_child=2 -2 3 -1 -4 -5
right_child=1 -3 4 5 -6 -7
leaf_value=-0.27238537582067346 -0.57664443877435501 -0.043936672085939453 0.16826819559623454 -0.064564649279300973 0.52014425611495962 0.13338709052186459
leaf_weight=21 26 38 24 34 14.999999999999998 43
leaf_count=21 26 38 24 34 15 43
internal_value=-0.0372818 -0.286453 0.0851071 -0.0310433 0.347333 0.0473727
internal_weight=201 64 137 98 39 77
internal_count=201 64 137 98 39 77
is_linear=0
shrinkage=0.03


Tree=65
num_leaves=7
num_cat=0
split_feature=0 16 2 20 2 2
split_gain=9098.18 3665.37 2620.63 2628.43 655.729 2740.29
threshold=97.500000000000014 31.000000000000004 16.850000000000005 19.500000000000004 12.15 15.050000000000002
decision_type=2 8 2 8 2 2
left_child=1 -1 3 -3 -5 -6
right_child=-2 2 -4 4 5 -7
leaf_value=-0.11250951442756314 -0.50145346426963811 -0.067596223439489081 -0.064969659342485317 0.449859646208146 -0.088584418952465036 0.4183921343939645
leaf_weight=62 25 15.999999999999998 29 29 15.000000000000002 15.999999999999998
leaf_count=62 25 16 29 29 15 16
internal_value=-0.0197993 0.0647857 0.16983 0.257904 0.343227 0.194849
internal_weight=192 167 105 76 60 31
internal_count=192 167 105 76 60 31
is_linear=0
shrinkage=0.03


Tree=66
num_leaves=7
num_cat=0
split_feature=0 2 16 0 5 2
split_gain=8213.89 3677.93 3127.81 1881.5 1266.79 975.109
threshold=97.500000000000014 17.550000000000004 8.0000000000000018 57.500000000000007 0.6830127018922193 12.15
decision_type=2 2 8 2 2 2
left_child=1 2 -1 -3 5 -4
right_child=-2 3 4 -5 -6 -7
leaf_value=-0.074849088004231457 -0.47134821161627766 0.066750041842460625 0.39526392973386326 -0.32609708756208416 0.043249699744311247 0.130386402536841
leaf_weight=45 27 14.999999999999998 34 25 28 29
leaf_count=45 27 15 34 25 28 29
internal_value=-0.0288358 0.0501951 0.124349 -0.187731 0.221622 0.291889
internal_weight=203 176 136 40 91 63
internal_count=203 176 136 40 91 63
is_linear=0
shrinkage=0.03


Tree=67
num_leaves=7
num_cat=0
split_feature=2 22 22 2 2 22
split_gain=6496.46 3465.37 2256.26 2145.46 3965.38 937.283
threshold=17.550000000000004 19.338235294117652 -24.499999999999996 12.15 14.450000000000001 -12.981372549019605
decision_type=2 8 10 2 2 10
left_child=1 5 -2 -3 -5 -1
right_child=2 3 -4 4 -6 -7
leaf_value=-0.14379955875873565 -0.46667396993637084 0.45667127946624531 -0.061450892036611374 -0.22529209327697755 0.35021203145384788 0.064712810901078305
leaf_weight=25 20 29 28 14.999999999999998 19 50
leaf_count=25 20 29 28 15 19 50
internal_value=0.0260553 0.130568 -0.258391 0.285678 0.0999807 -0.00943478
internal_weight=186 138 48 63 34 75
internal_count=186 138 48 63 34 75
is_linear=0
shrinkage=0.03


Tree=68
num_leaves=7
num_cat=0
split_feature=0 0 22 1 16 16
split_gain=10343.5 3184.43 2876.71 1319.41 1633.28 836.535
threshold=57.500000000000007 92.500000000000014 6.1790849673202635 -1.0000000180025095e-35 inf 57.500000000000007
decision_type=2 2 8 10 8 8
left_child=2 3 -1 -2 -5 -4
right_child=1 -3 5 4 -6 -7
leaf_value=0.0070989679022038241 -0.25094772260922649 -0.43083016303869393 0.11029765372690946 -0.114090557308758 0.22254023960658481 0.39212494130037268
leaf_weight=42 21 34 18 29 15.999999999999998 44
leaf_count=42 21 34 18 29 16 44
internal_value=-0.00214417 -0.214598 0.202611 -0.0807095 0.0158853 0.324641
internal_weight=204 100 104 66 45 62
internal_count=204 100 104 66 45 62
is_linear=0
shrinkage=0.03


Tree=69
num_leaves=7
num_cat=0
split_feature=0 2 22 22 0 22
split_gain=5850.34 4428.19 2519.38 2389.07 935.82 779.899
threshold=52.500000000000007 18.000000000000004 -12.981372549019605 7.2274509803921587 37.500000000000007 3.2500000000000004
decision_type=2 2 8 10 2 10
left_child=3 2 -2 4 -1 -4
right_child=1 -3 5 -5 -6 -7
leaf_value=0.15863992336918326 -0.19653133196215475 -0.39770890615488352 0.26672422857284545 0.3548788462792124 -0.067233150980689299 0.0060262052909187654
leaf_weight=29 26 33 20 37 28 18
leaf_count=29 26 33 20 37 28 18
internal_value=0.018782 -0.141164 0.0103513 0.182626 0.0512107 0.158296
internal_weight=191 97 64 94 57 38
internal_count=191 97 64 94 57 38
is_linear=0
shrinkage=0.03


Tree=70
num_leaves=7
num_cat=0
split_feature=0 22 2 4 22 2
split_gain=7050.51 3830.46 2043.99 2493.85 1653.88 1425.38
threshold=92.500000000000014 2.1250000000000004 12.15 -0.6830127018922193 25.500000000000004 10.250000000000002
decision_type=2 8 2 2 8 2
left_child=1 -1 5 -4 -5 -3
right_child=-2 2 3 4 -6 -7
leaf_value=-0.084053764251562274 -0.39809918648856024 0.12918230155239932 0.32661137989589145 0.11926127169813426 -0.2567073980244724 0.54369123186383916
leaf_weight=73 30 18 15.999999999999998 16.000000000000004 16.999999999999996 15.999999999999998
leaf_count=73 30 18 16 16 17 16
internal_value=-0.0124879 0.0717284 0.205733 0.0688104 -0.0827125 0.368941
internal_weight=186 156 83 49 33 34
internal_count=186 156 83 49 33 34
is_linear=0
shrinkage=0.03


Tree=71
num_leaves=7
num_cat=0
split_feature=2 4 4 2 6 16
split_gain=6684.21 5111.66 3983.54 4557.9 4204.78 1677.43
threshold=13.050000000000002 0.25000000000000011 0.25000000000000011 16.850000000000005 0.22500000000000003 -30.499999999999996
decision_type=2 2 2 2 8 10
left_child=1 -1 3 5 -5 -2
right_child=2 -3 -4 4 -6 -7
leaf_value=-0.069532663311277124 0.34981116927188377 0.42827781972560014 -0.51560283115931915 0.13918775081634521 -0.36853123173117636 -0.0015983945275506665
leaf_weight=30 18 39 15.999999999999998 18 43 26
leaf_count=30 18 39 16 18 43 26
internal_value=-0.00466232 0.221765 -0.137458 -0.0590189 -0.219518 0.163186
internal_weight=190 69 121 105 61 44
internal_count=190 69 121 105 61 44
is_linear=0
shrinkage=0.03


Tree=72
num_leaves=7
num_cat=0
split_feature=0 22 2 16 5 2
split_gain=8293.82 3461.23 1401.29 1114.46 603.194 2305.13
threshold=97.500000000000014 -6.1758169934640508 18.000000000000004 1.0000000180025095e-35 -0.5 13.250000000000002
decision_type=2 8 2 10 2 2
left_child=1 -1 3 4 -3 -6
right_child=-2 2 -4 -5 5 -7
leaf_value=-0.097728039132010544 -0.45362685132026676 0.15148226781324908 -0.06226948193141392 0.071593288802183588 0.093071285702965467 0.59667343173708232
leaf_weight=57 25 28 15.999999999999998 34 17 15.999999999999998
leaf_count=57 25 28 16 34 17 16
internal_value=0.00703616 0.0867166 0.181561 0.223688 0.296616 0.383624
internal_weight=193 168 111 95 61 33
internal_count=193 168 111 95 61 33
is_linear=0
shrinkage=0.03


Tree=73
num_leaves=7
num_cat=0
split_feature=0 2 22 1 11 22
split_gain=5621.73 2785.05 1655.09 2775.71 1758.75 1526.87
threshold=52.500000000000007 18.000000000000004 32.750000000000007 7.5000000000000009 4.5000000000000009 2.1250000000000004
decision_type=2 2 10 8 8 8
left_child=2 5 3 4 -1 -2
right_child=1 -3 -4 -5 -6 -7
leaf_value=0.00015319810973273384 -0.16397632160782813 -0.37836972650359657 0.3758390430450439 -0.15959286751418278 0.34863231260329486 0.10807235179628644
leaf_weight=22 35 29 20 24 27 30
leaf_count=22 35 29 20 24 27 30
internal_value=0.00149511 -0.157991 0.162532 0.0837459 0.206674 -0.0396646
internal_weight=187 94 93 73 49 65
internal_count=187 94 93 73 49 65
is_linear=0
shrinkage=0.03


Tree=74
num_leaves=7
num_cat=0
split_feature=0 22 2 16 5 5
split_gain=6323.67 2927.86 1255.63 1139.15 1407.5 865.846
threshold=97.500000000000014 -6.1758169934640508 12.550000000000002 -1.0000000180025095e-35 1.0000000180025095e-35 -0.68301270189221952
decision_type=2 10 2 10 2 2
left_child=1 2 -1 -3 -5 -4
right_child=-2 3 5 4 -6 -7
leaf_value=0.1008241854453909 -0.40294313446167973 0.25939364903851558 -0.27806075348854065 0.1786780704005525 -0.14069986565546555 -0.043461994071339452
leaf_weight=24 26 52 20 24 17 38
leaf_count=24 26 52 20 24 17 38
internal_value=-0.0073593 0.0609735 -0.0677757 0.17216 0.0453536 -0.140006
internal_weight=201 175 82 93 41 58
internal_count=201 175 82 93 41 58
is_linear=0
shrinkage=0.03


Tree=75
num_leaves=7
num_cat=0
split_feature=0 23 0 15 17 20
split_gain=6118.55 2556.58 2442.09 1902.58 1690.81 938.104
threshold=52.500000000000007 2.5186274509803899 97.500000000000014 14.000000000000002 -11.499999999999998 -19.499999999999996
decision_type=2 2 2 8 10 10
left_child=3 2 4 -1 -2 -5
right_child=1 -3 -4 5 -6 -7
leaf_value=-0.10322381875731727 -0.20621863222784467 0.14851150662771292 -0.47310844156477189 0.14319388068857647 0.10768389359764431 0.40031489805741743
leaf_weight=17 49 15.999999999999998 22 58 18 17
leaf_count=17 49 16 22 58 18 17
internal_value=-0.0136487 -0.166493 -0.228011 0.160384 -0.120265 0.222852
internal_weight=197 105 89 92 67 75
internal_count=197 105 89 92 67 75
is_linear=0
shrinkage=0.03


Tree=76
num_leaves=7
num_cat=0
split_feature=0 22 2 4 22 22
split_gain=5214.25 2510.65 2330.5 3033.2 870.267 1232.79
threshold=97.500000000000014 56.500000000000007 12.15 0.25000000000000011 22.097549019607843 -12.124999999999998
decision_type=2 10 2 2 8 10
left_child=1 2 3 -1 5 -4
right_child=-2 -3 4 -5 -6 -7
leaf_value=-0.10298376202583312 -0.37509534228931773 0.35347812259197237 -0.14408919208928159 0.36352110731190646 -0.20654266159875051 0.091968024883951449
leaf_weight=19 28 14.999999999999998 33 24 30 37
leaf_count=19 28 15 33 24 30 37
internal_value=-0.0318315 0.0386401 -0.00521097 0.168135 -0.0842069 -0.0215031
internal_weight=186 158 143 43 100 70
internal_count=186 158 143 43 100 70
is_linear=0
shrinkage=0.03


Tree=77
num_leaves=7
num_cat=0
split_feature=0 4 2 2 1 0
split_gain=4859.14 2860.16 5105.88 1885.8 3229.45 1375.18
threshold=97.500000000000014 0.25000000000000011 11.950000000000001 13.550000000000002 -1.0000000180025095e-35 67.500000000000014
decision_type=2 2 2 2 10 2
left_child=1 3 -3 -1 -5 -6
right_child=-2 2 -4 4 5 -7
leaf_value=-0.16940595355144766 -0.35415685415267945 0.4645104707990374 -0.15651885294914245 -0.18450891137123107 0.32204488875184739 0.0081218803882598875
leaf_weight=38 23 30 14.999999999999998 24 30 20
leaf_count=38 23 30 15 24 30 20
internal_value=0.0110838 0.0738697 0.26255 -0.00991963 0.0775172 0.208629
internal_weight=180 157 45 112 74 50
internal_count=180 157 45 112 74 50
is_linear=0
shrinkage=0.03


Tree=78
num_leaves=7
num_cat=0
split_feature=0 2 20 5 2 21
split_gain=4498.22 3114.39 1909.51 1249.89 1491.75 1151.29
threshold=52.500000000000007 18.000000000000004 2.5000000000000004 1.0000000180025095e-35 11.950000000000001 18.622549019607849
decision_type=2 2 8 2 2 8
left_child=2 5 -1 4 -4 -2
right_child=1 -3 3 -5 -6 -7
leaf_value=-0.036111661891142524 0.18862407599176678 -0.33390535390377041 0.50588458836078642 0.079500192403793329 0.094372756140572681 -0.069470080539584159
leaf_weight=31 15.999999999999998 35 19 30 15.999999999999998 55
leaf_count=31 16 35 19 30 16 55
internal_value=0.00986585 -0.122192 0.15451 0.241508 0.353076 -0.00272499
internal_weight=202 106 96 65 35 71
internal_count=202 106 96 65 35 71
is_linear=0
shrinkage=0.03


Tree=79
num_leaves=7
num_cat=0
split_feature=22 1 22 22 5 16
split_gain=4332 1378.67 1092.83 672.388 666.788 791.178
threshold=7.2274509803921587 -7.4999999999999991 6.1790849673202635 -31.499999999999996 -0.9330127018922193 25.000000000000004
decision_type=10 10 8 10 2 10
left_child=1 -1 3 -3 -2 -6
right_child=4 2 -4 -5 5 -7
leaf_value=-0.29639310121536255 0.014511709481477737 -0.25965351828932764 0.11510107543733385 -0.058602595020742977 0.33462121065706013 0.050571264445781701
leaf_weight=23 14.999999999999998 14.999999999999998 22 80 27 14.999999999999998
leaf_count=23 15 15 22 80 27 15
internal_value=-0.016614 -0.105969 -0.0579226 -0.101743 0.193702 0.249347
internal_weight=197 140 117 95 57 42
internal_count=197 140 117 95 57 42
is_linear=0
shrinkage=0.03


Tree=80
num_leaves=7
num_cat=0
split_feature=0 22 0 2 13 16
split_gain=3873.39 2401.59 3021.76 932.702 868.429 610.43
threshold=92.500000000000014 44.500000000000007 32.500000000000007 11.250000000000002 -6.6039215686274479 -30.499999999999996
decision_type=2 10 2 2 10 10
left_child=1 2 -1 -4 5 -5
right_child=-2 -3 3 4 -6 -7
leaf_value=0.31242604786699463 -0.31468397161539863 0.30185633870271539 0.082437442064285285 -0.06443921120166779 0.07882062605023385 -0.23601522494852542
leaf_weight=17 29 21 25 45 14.999999999999998 35
leaf_count=17 29 21 25 45 15 35
internal_value=-0.0239096 0.0374761 -0.0122511 -0.0689043 -0.110862 -0.148971
internal_weight=187 158 137 120 95 80
internal_count=187 158 137 120 95 80
is_linear=0
shrinkage=0.03


Tree=81
num_leaves=7
num_cat=0
split_feature=0 1 0 17 2 4
split_gain=4168.93 2105.56 1719.31 1803.39 755.052 1693.17
threshold=97.500000000000014 -7.4999999999999991 32.500000000000007 -34.499999999999993 15.050000000000002 1.0000000180025095e-35
decision_type=2 8 2 10 2 2
left_child=1 -1 -3 4 5 -4
right_child=-2 2 3 -5 -6 -7
leaf_value=-0.22261072827503084 -0.35258916812283653 0.33304909365517754 -0.19346649850936645 0.19990083420818502 0.097766011929319746 0.080341792171065865
leaf_weight=19 23 15.999999999999998 42 39 26 32
leaf_count=19 23 16 42 39 26 32
internal_value=-0.0124506 0.0411032 0.0793758 0.0396257 -0.0294241 -0.0774719
internal_weight=197 174 155 139 100 74
internal_count=197 174 155 139 100 74
is_linear=0
shrinkage=0.03


Tree=82
num_leaves=7
num_cat=0
split_feature=22 17 2 2 4 16
split_gain=4369.49 1506.92 1007.77 705.079 703.364 549.697
threshold=2.1250000000000004 -34.499999999999993 18.000000000000004 15.050000000000002 -0.6830127018922193 80.000000000000014
decision_type=10 8 2 2 2 8
left_child=1 -1 3 4 -3 -2
right_child=5 2 -4 -5 -6 -7
leaf_value=-0.36197206377983093 0.069131726399518353 -0.20369175536291939 -0.20988511800765988 0.1322588074207306 0.0080517680213806463 0.24374447957498996
leaf_weight=14.999999999999998 36 15.999999999999998 28 18 42 36
leaf_count=15 36 16 28 18 42 36
internal_value=-0.0111983 -0.121152 -0.0714069 -0.010582 -0.0618904 0.166596
internal_weight=191 119 104 76 58 72
internal_count=191 119 104 76 58 72
is_linear=0
shrinkage=0.03


Tree=83
num_leaves=7
num_cat=0
split_feature=2 5 2 2 4 1
split_gain=4761 2376.73 1314.4 2837.37 4716.55 1892.27
threshold=17.550000000000004 1.0000000180025095e-35 14.700000000000001 13.050000000000002 1.0000000180025095e-35 1.0000000180025095e-35
decision_type=2 2 2 2 2 10
left_child=2 -2 3 4 -1 -5
right_child=1 -3 -4 5 -6 -7
leaf_value=-0.13035925848730678 -0.031241755219730168 -0.4150936981609889 0.27789211766095828 0.047900923015549775 0.38084805415570738 -0.33245227233930069
leaf_weight=24 32 23 27 23 35 17
leaf_count=24 32 23 27 23 35 17
internal_value=0.00857397 -0.212976 0.10972 0.0526998 0.178961 -0.132727
internal_weight=181 55 126 99 59 40
internal_count=181 55 126 99 59 40
is_linear=0
shrinkage=0.03


Tree=84
num_leaves=7
num_cat=0
split_feature=0 22 0 20 0 2
split_gain=4243.6 1748.67 885.482 820.503 775.816 951.183
threshold=97.500000000000014 -6.1758169934640508 52.500000000000007 19.500000000000004 37.500000000000007 15.050000000000002
decision_type=2 10 2 8 2 2
left_child=1 4 3 -3 -1 -6
right_child=-2 2 -4 -5 5 -7
leaf_value=0.10368300489757372 -0.34284973358285836 0.019338885979218914 0.01377937863149294 0.27006672894954681 -0.19163657234936224 0.030478291728279806
leaf_weight=18 24 17 36 40 36 28
leaf_count=18 24 17 36 40 36 28
internal_value=-0.00620508 0.0482045 0.134116 0.202878 -0.0513403 -0.0992944
internal_weight=199 175 93 57 82 64
internal_count=199 175 93 57 82 64
is_linear=0
shrinkage=0.03


Tree=85
num_leaves=7
num_cat=0
split_feature=0 23 20 1 17 22
split_gain=4869.27 2263.82 1889.31 1594.59 846.515 807.015
threshold=52.500000000000007 1.295588235294119 2.5000000000000004 7.5000000000000009 53.500000000000007 -34.958843537414957
decision_type=2 2 8 10 8 10
left_child=2 3 -1 5 -5 -2
right_child=1 -3 -4 4 -6 -7
leaf_value=-0.047044886175323937 -0.43543125118528092 0.13661792046026042 0.23452032200668169 -0.18480778999328615 0.058125729209610393 -0.13756018528571495
leaf_weight=29 23 18 64 20 23 21
leaf_count=29 23 18 64 20 23 21
internal_value=-0.00510702 -0.141992 0.1488 -0.203927 -0.0623474 -0.321809
internal_weight=198 105 93 87 43 44
internal_count=198 105 93 87 43 44
is_linear=0
shrinkage=0.03


Tree=86
num_leaves=7
num_cat=0
split_feature=4 0 0 13 22 2
split_gain=3041.44 2531.62 810.247 974.382 642.245 708.46
threshold=0.68301270189221941 102.50000000000001 57.500000000000007 -8.5401960784313804 32.750000000000007 13.750000000000002
decision_type=2 2 2 10 10 2
left_child=1 2 4 -4 5 -1
right_child=-2 -3 3 -5 -6 -7
leaf_value=-0.085792497870873424 0.31607862156629563 -0.38418254784175326 -0.1728619830883466 0.081305965974926939 0.17350094420569281 0.094158717231316996
leaf_weight=44 14.999999999999998 15.999999999999998 47 14.999999999999998 15.999999999999998 28
leaf_count=44 15 16 47 15 16 28
internal_value=-0.0352798 -0.0753428 -0.0310695 -0.109891 0.0273863 -0.0142415
internal_weight=181 166 150 62 88 72
internal_count=181 166 150 62 88 72
is_linear=0
shrinkage=0.03


Tree=87
num_leaves=7
num_cat=0
split_feature=0 22 15 1 1 0
split_gain=3362 1598.33 748.13 1012.04 1697.81 686.225
threshold=97.500000000000014 50.500000000000007 14.000000000000002 -7.4999999999999991 7.5000000000000009 52.500000000000007
decision_type=2 10 8 8 10 2
left_child=1 2 -1 -4 -5 -6
right_child=-2 -3 3 4 5 -7
leaf_value=-0.16195746887188692 -0.32046745869421189 0.25851987215605648 -0.1768212065952165 0.18298793741634914 -0.17116123933058519 0.023488707811288211
leaf_weight=21 26 17 15.999999999999998 44 21 41
leaf_count=21 26 17 16 44 21 41
internal_value=-0.0344214 0.0203636 -0.015726 0.0148303 0.0504207 -0.0502942
internal_weight=186 160 143 122 106 62
internal_count=186 160 143 122 106 62
is_linear=0
shrinkage=0.03


Tree=88
num_leaves=7
num_cat=0
split_feature=0 16 1 1 2 2
split_gain=2564 1952.43 984.577 909.662 855.273 1067.21
threshold=92.500000000000014 inf -1.0000000180025095e-35 1.0000000180025095e-35 9.8500000000000032 12.350000000000003
decision_type=2 8 8 10 2 2
left_child=1 3 -3 -1 -4 -6
right_child=-2 2 4 -5 5 -7
leaf_value=0.058018621707504443 -0.26298176488568703 -0.067171553288187288 0.0011338112130761147 -0.14420879812945017 0.40288048072294752 0.10926208074276263
leaf_weight=28 26 15.999999999999998 19 50 17 34
leaf_count=28 26 16 19 50 17 34
internal_value=-0.0124518 0.0338718 0.129024 -0.0724924 0.175357 0.234368
internal_weight=190 164 86 78 70 51
internal_count=190 164 86 78 70 51
is_linear=0
shrinkage=0.03


Tree=89
num_leaves=7
num_cat=0
split_feature=0 0 22 3 5 17
split_gain=3215.86 1668.59 1278.83 540.067 375.135 351.712
threshold=97.500000000000014 32.500000000000007 2.1250000000000004 1.0000000180025095e-35 1.0000000180025095e-35 3.5000000000000004
decision_type=2 2 8 2 2 10
left_child=1 -1 4 -4 -3 -5
right_child=-2 2 3 5 -6 -7
leaf_value=0.30191701816475908 -0.27773214290881976 0.0094780613780021655 0.20610647201538085 -0.010681274347007275 -0.12865265202231524 0.13224186165332794
leaf_weight=18 24 30 25 39 36 20
leaf_count=18 24 30 25 39 36 20
internal_value=0.0150563 0.0637013 0.0262983 0.10134 -0.0696201 0.0443136
internal_weight=192 168 150 84 66 59
internal_count=192 168 150 84 66 59
is_linear=0
shrinkage=0.03


Tree=90
num_leaves=7
num_cat=0
split_feature=2 22 22 16 16 2
split_gain=3295.17 2055.52 1828.85 699.838 364.317 355.506
threshold=17.550000000000004 -31.499999999999996 -6.1758169934640508 25.000000000000004 20.500000000000004 10.800000000000002
decision_type=2 10 8 10 8 2
left_child=2 -2 -1 4 -4 -6
right_child=1 -3 3 -5 5 -7
leaf_value=-0.072305014101748763 -0.36609370818627729 0.0068268198370933534 0.072035985078130457 -0.006245465949177742 0.089661661956621258 0.28623480669089724
leaf_weight=42 23 25 23 19 18 37
leaf_count=42 23 25 23 19 18 37
internal_value=0.0130575 -0.189544 0.0871726 0.156384 0.193989 0.234735
internal_weight=187 48 139 97 78 55
internal_count=187 48 139 97 78 55
is_linear=0
shrinkage=0.03


Tree=91
num_leaves=7
num_cat=0
split_feature=0 17 20 5 0 2
split_gain=3347.06 1476.42 1385.04 1087.29 909.706 1607.88
threshold=92.500000000000014 -11.499999999999998 -7.4999999999999991 -0.5 42.500000000000007 13.050000000000002
decision_type=2 10 10 2 2 2
left_child=1 2 4 -3 5 -1
right_child=-2 3 -4 -5 -6 -7
leaf_value=0.24961035432560102 -0.28162630871364047 0.0017716606638648294 0.19605807900428773 0.30857278138399125 -0.11830100002762389 -0.099332260053072663
leaf_weight=15.999999999999998 30 17 19 22 68 23
leaf_count=16 30 17 19 22 68 23
internal_value=-0.0147827 0.0405905 -0.0112219 0.190237 -0.055138 0.0559208
internal_weight=195 165 126 39 107 39
internal_count=195 165 126 39 107 39
is_linear=0
shrinkage=0.03


Tree=92
num_leaves=7
num_cat=0
split_feature=0 20 4 1 22 1
split_gain=4216.35 1783.21 1229.08 1060.93 985.219 598.486
threshold=47.500000000000007 2.5000000000000004 1.0000000180025095e-35 7.5000000000000009 -12.981372549019605 -1.0000000180025095e-35
decision_type=2 8 2 10 8 10
left_child=1 -1 5 -3 -4 -2
right_child=2 3 4 -5 -6 -7
leaf_value=-0.013179146545273916 -0.34453127145767209 0.37128788036604721 -0.16257211940156088 0.078847639973346997 0.062498628428578375 -0.10579101715130465
leaf_weight=30 15.999999999999998 31 22 21 45 30
leaf_count=30 16 31 22 21 45 30
internal_value=0.0137639 0.171898 -0.10341 0.270463 -0.0175627 -0.214467
internal_weight=195 82 113 52 67 46
internal_count=195 82 113 52 67 46
is_linear=0
shrinkage=0.03


Tree=93
num_leaves=7
num_cat=0
split_feature=22 2 4 4 2 22
split_gain=2408.64 2629.68 2236.27 1979.07 2250.89 1008.73
threshold=4.166666666666667 12.850000000000003 0.25000000000000011 0.25000000000000011 16.850000000000005 -34.958843537414957
decision_type=10 2 2 2 2 10
left_child=1 2 -1 4 -3 -6
right_child=-2 3 -4 -5 5 -7
leaf_value=-0.084891935747403363 0.13664217046421509 0.1243412208965709 0.3324759536439722 -0.42560404743467056 -0.3466477314685471 -0.073488902304623585
leaf_weight=21 64 26 17 15.999999999999998 19 32
leaf_count=21 64 26 17 16 19 32
internal_value=-0.00793076 -0.0809887 0.118774 -0.164508 -0.0876105 -0.197118
internal_weight=195 131 38 93 77 51
internal_count=195 131 38 93 77 51
is_linear=0
shrinkage=0.03


Tree=94
num_leaves=7
num_cat=0
split_feature=2 4 4 2 2 5
split_gain=2029.46 4820.68 4031.3 2889.03 1629.14 1404.66
threshold=13.050000000000002 0.25000000000000011 0.25000000000000011 16.850000000000005 14.700000000000001 1.0000000180025095e-35
decision_type=2 2 2 2 2 2
left_child=1 -1 3 4 -2 -5
right_child=2 -3 -4 5 -6 -7
leaf_value=-0.13697223470761224 0.022137772791251977 0.32679709387380024 -0.44128444650898807 0.0061009647629477765 0.37825227874517436 -0.29073299926930463
leaf_weight=34 29 38 18 28 14.999999999999998 24
leaf_count=34 29 38 18 28 15 24
internal_value=-0.00707529 0.113122 -0.0845524 0.000869354 0.16975 -0.144385
internal_weight=186 72 114 96 44 52
internal_count=186 72 114 96 44 52
is_linear=0
shrinkage=0.03


Tree=95
num_leaves=7
num_cat=0
split_feature=22 2 4 4 23 0
split_gain=1997.76 1624.54 2518.86 2468.16 1466.77 1638.25
threshold=50.500000000000007 12.850000000000003 0.25000000000000011 0.25000000000000011 1.295588235294119 67.500000000000014
decision_type=10 2 2 2 2 2
left_child=1 3 4 -1 5 -3
right_child=-2 2 -4 -5 -6 -7
leaf_value=-0.10272979551875913 0.25616714239120486 0.039123172643171111 -0.38427345800399776 0.25603339747949078 0.15999539008140565 -0.21719184308635944
leaf_weight=32 15.999999999999998 39 20 28 20 44
leaf_count=32 16 39 20 28 20 44
internal_value=-0.0220604 -0.0525523 -0.113499 0.0715092 -0.0455657 -0.101375
internal_weight=199 183 123 60 103 83
internal_count=199 183 123 60 103 83
is_linear=0
shrinkage=0.03


Tree=96
num_leaves=7
num_cat=0
split_feature=22 0 4 1 4 1
split_gain=2906.31 1780.56 803.82 729.854 743.436 435.253
threshold=-14.366666666666665 67.500000000000014 0.25000000000000011 1.0000000180025095e-35 -0.6830127018922193 7.5000000000000009
decision_type=10 2 2 8 2 10
left_child=1 -1 3 -2 -5 -3
right_child=2 5 -4 4 -6 -7
leaf_value=0.033106046135608962 0.15209283263732989 -0.31662696753778763 0.22473991596618215 0.12468378102779389 -0.10282771905531754 -0.081674379408359518
leaf_weight=34 31 26 32 14.999999999999998 32 14.999999999999998
leaf_count=34 31 26 32 15 32 15
internal_value=0.012221 -0.126972 0.10852 0.0501734 -0.0252106 -0.24889
internal_weight=185 75 110 78 47 41
internal_count=185 75 110 78 47 41
is_linear=0
shrinkage=0.03


Tree=97
num_leaves=7
num_cat=0
split_feature=2 22 2 6 4 20
split_gain=2026.62 1262.23 1160.47 1045.37 1035.13 920.732
threshold=16.850000000000005 44.500000000000007 13.950000000000001 0.32500000000000007 -0.6830127018922193 19.500000000000004
decision_type=2 8 2 8 2 8
left_child=1 2 5 -2 -5 -1
right_child=3 -3 -4 4 -6 -7
leaf_value=-0.082082929997865497 0.017411294419031876 0.20232242831817041 -0.16985572670172486 -0.39505779111385347 -0.068097394537925723 0.13022150616038519
leaf_weight=24 21 34 22 14.999999999999998 20 48
leaf_count=24 21 34 22 15 20 48
internal_value=-0.00701107 0.0588406 -0.00065424 -0.150015 -0.24009 0.0587186
internal_weight=184 128 94 56 35 72
internal_count=184 128 94 56 35 72
is_linear=0
shrinkage=0.03


Tree=98
num_leaves=7
num_cat=0
split_feature=0 16 2 2 22 13
split_gain=3367.23 2143.39 1221.08 1855.19 778.648 580.153
threshold=97.500000000000014 20.500000000000004 9.8500000000000032 16.850000000000005 -17.714379084967316 -6.6039215686274479
decision_type=2 8 2 2 10 10
left_child=1 5 -3 -4 -5 -1
right_child=-2 2 3 4 -6 -7
leaf_value=-0.11996266670086804 -0.26099039316177364 -0.034074294388294221 0.29157219299954956 -0.12979756186902522 0.13493261718749999 0.074797763049602506
leaf_weight=46 28 25 56 15.000000000000002 14.999999999999998 14.999999999999998
leaf_count=46 28 25 56 15 15 15
internal_value=0.0177149 0.0691765 0.1454 0.196578 0.00293432 -0.0700324
internal_weight=200 172 111 86 30 61
internal_count=200 172 111 86 30 61
is_linear=0
shrinkage=0.03


Tree=99
num_leaves=7
num_cat=0
split_feature=2 4 4 0 2 2
split_gain=3229.09 3406.96 2968 2097.35 1091.15 868.981
threshold=13.050000000000002 1.0000000180025095e-35 0.25000000000000011 67.500000000000014 18.000000000000004 15.050000000000002
decision_type=2 2 2 2 2 2
left_child=1 -1 3 5 -5 -2
right_child=2 -3 -4 4 -6 -7
leaf_value=-0.11165622054599225 -0.045062438640743489 0.29558383378576719 -0.43686915193285258 -0.00083725803371133473 -0.26074170151272336 0.20284713045243294
leaf_weight=27 19 42 15.999999999999998 24 32 26
leaf_count=27 19 42 16 24 32 26
internal_value=-0.017381 0.139452 -0.111797 -0.0421223 -0.158553 0.104135
internal_weight=186 69 117 101 56 45
internal_count=186 69 117 101 56 45
is_linear=0
shrinkage=0.03


Tree=100
num_leaves=7
num_cat=0
split_feature=22 2 22 2 2 17
split_gain=1451.34 1398.15 947.824 526.742 616.165 572.694
threshold=2.1250000000000004 11.050000000000002 -56.499999999999993 10.500000000000002 12.350000000000003 66.000000000000014
decision_type=10 2 10 2 2 8
left_child=1 -1 -3 -2 -5 -6
right_child=3 2 -4 4 5 -7
leaf_value=0.13745286166667939 -0.044021848284679907 -0.24196373327358348 -0.047857653535902496 0.26519629205976214 -0.076776488631963721 0.12956081754781981
leaf_weight=19 18 32 67 15.999999999999998 15.000000000000002 27.999999999999996
leaf_count=19 18 32 67 16 15 28
internal_value=-0.00901472 -0.07398 -0.119215 0.0889829 0.12983 0.0570829
internal_weight=195 118 99 77 59 43
internal_count=195 118 99 77 59 43
is_linear=0
shrinkage=0.03


Tree=101
num_leaves=7
num_cat=0
split_feature=5 2 2 2 23 5
split_gain=1775.81 2429.76 2162.41 2903.99 1217.81 854.082
threshold=1.0000000180025095e-35 12.850000000000003 17.100000000000005 14.450000000000001 2.5186274509803899 -0.9330127018922193
decision_type=2 2 2 2 2 2
left_child=1 -1 3 -2 5 -3
right_child=2 4 -4 -5 -6 -7
leaf_value=0.25162692677836085 -0.11597464500367642 0.018773419229047641 -0.30210501907858994 0.29872653731278009 0.15767016853604998 -0.2222858151074113
leaf_weight=38 50 22.999999999999996 27 15.999999999999998 15.999999999999998 24.000000000000004
leaf_count=38 50 23 27 16 16 24
internal_value=-0.00785081 0.0774566 -0.0997215 -0.00148378 -0.0383759 -0.113858
internal_weight=194 101 93 66 63 47
internal_count=194 101 93 66 63 47
is_linear=0
shrinkage=0.03


Tree=102
num_leaves=7
num_cat=0
split_feature=2 22 22 21 2 17
split_gain=1737.64 1675.5 1526.11 977.322 898.531 1185.58
threshold=17.550000000000004 56.500000000000007 -64.999999999999986 18.622549019607849 13.950000000000001 -84.999999999999986
decision_type=2 8 10 8 2 10
left_child=1 3 -2 -1 5 -5
right_child=2 -3 -4 4 -6 -7
leaf_value=0.18890891499817369 -0.3386494287422725 0.23490796942968625 -0.0081926783516600328 -0.062022205373162734 -0.18427451770752667 0.20166129526766863
leaf_weight=14.999999999999998 15.999999999999998 32 32 46 23 17
leaf_count=15 16 32 32 46 23 17
internal_value=0.00628352 0.0621993 -0.139901 -0.00101974 -0.0427063 0.0187267
internal_weight=181 133 48 101 86 63
internal_count=181 133 48 101 86 63
is_linear=0
shrinkage=0.03


Tree=103
num_leaves=7
num_cat=0
split_feature=0 17 23 1 22 5
split_gain=2117.6 1146.86 1104.95 871.573 643.962 286.761
threshold=32.500000000000007 1.0000000180025095e-35 2.5186274509803899 -7.4999999999999991 37.742973856209154 -0.24999999999999994
decision_type=2 10 2 10 8 2
left_child=-1 2 3 -2 5 -5
right_child=1 -3 -4 4 -6 -7
leaf_value=0.25921576519962403 -0.28060304263363717 0.10614540948317601 0.11060187871456147 -0.038390392830426043 0.066935041500971862 -0.15264558982963747
leaf_weight=19 18 34 20 39 21 47
leaf_count=19 18 34 20 39 21 47
internal_value=-0.00598232 -0.0404108 -0.0771684 -0.11031 -0.0704146 -0.105788
internal_weight=198 179 145 125 107 86
internal_count=198 179 145 125 107 86
is_linear=0
shrinkage=0.03


Tree=104
num_leaves=7
num_cat=0
split_feature=0 2 2 4 2 4
split_gain=3337.95 1931.56 1324.01 1373.46 1657.59 1061.25
threshold=32.500000000000007 18.000000000000004 15.050000000000002 -0.6830127018922193 12.550000000000002 0.25000000000000011
decision_type=2 2 2 2 2 2
left_child=-1 2 3 -2 5 -5
right_child=1 -3 -4 4 -6 -7
leaf_value=0.3209485981581004 -0.26506317802097484 -0.2330846873919169 0.14646428106646786 -0.062500370852649201 -0.15679347381398484 0.20311981916427613
leaf_weight=18 18 40 33 19 32 30
leaf_count=18 18 40 33 19 32 30
internal_value=-0.0196409 -0.0633435 -0.00527726 -0.0604676 -0.00223458 0.103874
internal_weight=190 172 132 99 81 49
internal_count=190 172 132 99 81 49
is_linear=0
shrinkage=0.03


Tree=105
num_leaves=7
num_cat=0
split_feature=2 6 22 4 4 4
split_gain=1767.8 1927.81 1257.53 1082.71 924.976 778.214
threshold=16.850000000000005 0.22500000000000003 56.500000000000007 -0.6830127018922193 0.25000000000000011 -0.6830127018922193
decision_type=2 8 8 2 2 2
left_child=2 -2 5 -3 -4 -1
right_child=1 3 4 -5 -6 -7
leaf_value=-0.16407877607004984 0.07758866173880441 -0.40772977079663958 0.33660640410014558 -0.087586107582881531 0.025200749146086828 0.040103080027869768
leaf_weight=15.999999999999998 23 15.999999999999998 15.999999999999998 24 15.999999999999998 79
leaf_count=16 23 16 16 24 16 79
internal_value=-0.00722505 -0.131321 0.0569769 -0.246718 0.20535 -0.000769956
internal_weight=190 63 127 40 32 95
internal_count=190 63 127 40 32 95
is_linear=0
shrinkage=0.03


Tree=106
num_leaves=7
num_cat=0
split_feature=0 0 16 23 17 0
split_gain=1648.38 1049.69 577.17 1660.32 583.145 347.522
threshold=102.50000000000001 32.500000000000007 inf 2.5186274509803899 -11.499999999999998 67.500000000000014
decision_type=2 2 8 2 10 2
left_child=1 -1 3 -3 5 -4
right_child=-2 2 4 -5 -6 -7
leaf_value=0.21807433682939281 -0.24091675571773363 -0.14299316691941227 0.042189225052914968 0.15533207312226296 0.14403566131116571 -0.10572732023217461
leaf_weight=18 18 53 36 19 32 17
leaf_count=18 18 53 36 19 32 17
internal_value=-0.00180774 0.0287953 0.0010336 -0.0592939 0.0525897 -0.01028
internal_weight=193 175 157 72 85 53
internal_count=193 175 157 72 85 53
is_linear=0
shrinkage=0.03


Tree=107
num_leaves=7
num_cat=0
split_feature=0 16 23 1 5 5
split_gain=2002.39 969.293 1899.44 743.794 1092.16 1352.49
threshold=102.50000000000001 inf 2.5186274509803899 -1.0000000180025095e-35 -0.5 0.6830127018922193
decision_type=2 8 2 10 2 2
left_child=1 2 -1 -3 -5 -6
right_child=-2 3 -4 4 5 -7
leaf_value=-0.11800155445933341 -0.25509569437607471 -0.053893914073705675 0.19019893293678758 -0.0082433195276693863 0.33305800724029538 0.018815674996376035
leaf_weight=60 18 19 20 28 30 20
leaf_count=60 18 19 20 28 30 20
internal_value=0.00889805 0.0420154 -0.0342956 0.103548 0.142836 0.220499
internal_weight=195 177 80 97 78 50
internal_count=195 177 80 97 78 50
is_linear=0
shrinkage=0.03


Tree=108
num_leaves=7
num_cat=0
split_feature=0 22 5 2 2 2
split_gain=1261.81 1369.05 1251.72 1850.31 734.005 2818.34
threshold=32.500000000000007 44.500000000000007 1.0000000180025095e-35 12.850000000000003 15.050000000000002 18.000000000000004
decision_type=2 10 2 2 2 2
left_child=-1 2 3 -2 -4 -6
right_child=1 -3 4 -5 5 -7
leaf_value=0.22837553998698359 0.21316751907853518 0.1985817915916443 -0.20132989790211334 -0.067092673974601835 0.24335277611017223 -0.26032581371068952
leaf_weight=18 29 20 42 52 15.000000000000002 14.999999999999998
leaf_count=18 29 20 42 52 15 15
internal_value=0.0195848 -0.00794386 -0.0403706 0.0398071 -0.127298 -0.00969888
internal_weight=191 173 153 81 72 30
internal_count=191 173 153 81 72 30
is_linear=0
shrinkage=0.03


Tree=109
num_leaves=7
num_cat=0
split_feature=0 16 22 2 2 4
split_gain=1551.77 1095.28 689.23 722.619 1398.07 1571.64
threshold=97.500000000000014 -12.999999999999998 2.1250000000000004 9.8500000000000032 12.15 1.0000000180025095e-35
decision_type=2 8 8 2 2 2
left_child=1 -1 -3 -4 -5 -6
right_child=-2 2 3 4 5 -7
leaf_value=-0.11927019649744033 -0.18762798317547499 -0.0060383561187250124 -0.046282039710453575 0.34678651552360795 0.21899702592329545 -0.070152397846492631
leaf_weight=25 24 54 15.999999999999998 21 28 31
leaf_count=25 24 54 16 21 28 31
internal_value=0.0165214 0.0489532 0.0799334 0.126197 0.161387 0.0734596
internal_weight=199 175 150 96 80 59
internal_count=199 175 150 96 80 59
is_linear=0
shrinkage=0.03


Tree=110
num_leaves=7
num_cat=0
split_feature=22 23 0 0 4 22
split_gain=1986.86 607.551 894.165 507.244 393.859 599.785
threshold=-34.958843537414957 -6.4999999999999991 47.500000000000007 67.500000000000014 1.0000000180025095e-35 10.750000000000002
decision_type=10 2 2 2 2 10
left_child=3 -2 -3 -1 -4 -6
right_child=1 2 4 -5 5 -7
leaf_value=-0.039208412170410149 -0.085566144893611112 0.17341124622718146 -0.093744358368791067 -0.24510503277839982 0.15138016709914576 -0.049148479137441206
leaf_weight=19 23 41 21 29 21 24
leaf_count=19 23 41 21 29 21 24
internal_value=-0.019783 0.0418836 0.0718763 -0.174992 0.00103134 0.0502116
internal_weight=178 130 107 48 66 45
internal_count=178 130 107 48 66 45
is_linear=0
shrinkage=0.03


Tree=111
num_leaves=7
num_cat=0
split_feature=22 16 1 1 23 20
split_gain=1178.36 852.179 590.96 1132.83 461.399 335.761
threshold=-17.714379084967316 -1.0000000180025095e-35 -7.4999999999999991 7.5000000000000009 1.295588235294119 -14.499999999999998
decision_type=10 10 8 10 2 10
left_child=2 5 -1 -4 -3 -2
right_child=1 4 3 -5 -6 -7
leaf_value=-0.24279854848980903 0.1220632070551316 -0.13109228109475224 0.11453533306717872 -0.1576928517425602 0.056779029887169596 -0.020747721384872089
leaf_weight=17 67 27 19 28 14.999999999999998 17
leaf_count=17 67 27 19 28 15 17
internal_value=-0.0129428 0.0402498 -0.112994 -0.0472118 -0.065093 0.0936191
internal_weight=190 126 64 47 42 84
internal_count=190 126 64 47 42 84
is_linear=0
shrinkage=0.03


Tree=112
num_leaves=7
num_cat=0
split_feature=0 22 11 16 22 2
split_gain=2389.21 1405.77 813.995 724.404 608.045 826.171
threshold=37.500000000000007 2.1250000000000004 13.000000000000002 1.0000000180025095e-35 -3.748039215686275 16.850000000000005
decision_type=2 10 8 10 8 2
left_child=2 4 -1 -3 -2 -6
right_child=1 3 -4 -5 5 -7
leaf_value=0.0052168733795935462 -0.065807383503885042 0.1455428952000597 0.26230833801356229 -0.06496750003347794 -0.050915739195687426 -0.35622783822672704
leaf_weight=17 57 29 28 22 15.999999999999998 15.999999999999998
leaf_count=17 57 29 28 22 16 16
internal_value=-0.0034989 -0.065074 0.175419 0.0570417 -0.134362 -0.231081
internal_weight=185 140 45 51 89 32
internal_count=185 140 45 51 89 32
is_linear=0
shrinkage=0.03


Tree=113
num_leaves=7
num_cat=0
split_feature=0 21 0 16 2 0
split_gain=2316.03 1053.77 1019.1 1081.02 942.862 797.175
threshold=47.500000000000007 18.622549019607849 102.50000000000001 -30.499999999999996 16.850000000000005 32.500000000000007
decision_type=2 8 2 10 2 2
left_child=5 -2 3 4 -3 -1
right_child=1 2 -4 -5 -6 -7
leaf_value=0.26556868485782459 0.076244166464145682 0.12974632263055133 -0.32552576065063477 -0.21458047830965368 -0.11222771876515691 0.050994093622430223
leaf_weight=18 23 24 15.999999999999998 27 24 59
leaf_count=18 23 24 16 27 24 59
internal_value=-0.00861244 -0.092939 -0.137444 -0.0794817 0.00958565 0.114289
internal_weight=191 114 91 75 48 77
internal_count=191 114 91 75 48 77
is_linear=0
shrinkage=0.03


Tree=114
num_leaves=7
num_cat=0
split_feature=2 4 4 2 22 2
split_gain=1803.98 2237.8 1614.29 1639.77 1175.67 357.67
threshold=12.15 0.25000000000000011 0.25000000000000011 16.850000000000005 -64.999999999999986 14.450000000000001
decision_type=2 2 2 2 10 2
left_child=1 -1 3 5 -5 -2
right_child=2 -3 -4 4 -6 -7
leaf_value=-0.086645484856433336 0.035960395525802262 0.28207595581809675 -0.27779313401534006 -0.29045804920182983 -0.021198108143666211 0.20392374995609988
leaf_weight=22 28 31 21 17 46 18
leaf_count=22 28 31 21 17 46 18
internal_value=-0.00532743 0.134747 -0.0653101 -0.0139846 -0.10987 0.115234
internal_weight=183 53 130 109 63 46
internal_count=183 53 130 109 63 46
is_linear=0
shrinkage=0.03


Tree=115
num_leaves=7
num_cat=0
split_feature=22 0 2 4 16 23
split_gain=1383.91 940.335 927.567 832.071 697.156 535.013
threshold=-31.499999999999996 47.500000000000007 17.350000000000005 1.0000000180025095e-35 -5.4999999999999991 -8.4999999999999982
decision_type=10 2 2 2 10 2
left_child=2 3 -1 4 5 -2
right_child=1 -3 -4 -5 -6 -7
leaf_value=0.0070023758411407464 0.0059488693837608598 -0.018821623102926153 -0.24099824406463524 0.28505961461500684 -0.071452205300331112 0.24060862863063814
leaf_weight=25 16.000000000000004 80 24 17 20 14.999999999999998
leaf_count=25 16 80 24 17 20 15
internal_value=0.00516529 0.0511259 -0.125535 0.12907 0.0562642 0.137142
internal_weight=197 148 49 68 51 31
internal_count=197 148 49 68 51 31
is_linear=0
shrinkage=0.03


Tree=116
num_leaves=7
num_cat=0
split_feature=0 22 0 20 21 17
split_gain=1426.54 727.609 526.889 549.037 535.872 1037.01
threshold=32.500000000000007 -74.999999999999986 47.500000000000007 12.500000000000002 18.622549019607849 27.500000000000004
decision_type=2 10 2 8 8 8
left_child=-1 -2 3 -3 -4 -6
right_child=1 2 4 -5 5 -7
leaf_value=0.20074953198432921 -0.16422313425991986 -0.040203494534694725 0.061774666301078258 0.14780735778808593 0.052363942812742856 -0.18213944302952806
leaf_weight=19 32 23 22 25 24 41
leaf_count=19 32 23 22 25 24 41
internal_value=-0.0164486 -0.0462772 -0.013453 0.062425 -0.0564342 -0.097998
internal_weight=186 167 135 48 87 65
internal_count=186 167 135 48 87 65
is_linear=0
shrinkage=0.03


Tree=117
num_leaves=7
num_cat=0
split_feature=0 22 0 0 11 4
split_gain=1474.3 1187.91 754.511 730.843 557.152 481.848
threshold=97.500000000000014 56.500000000000007 47.500000000000007 77.500000000000014 13.000000000000002 1.0000000180025095e-35
decision_type=2 8 2 2 8 2
left_child=1 2 4 -4 -1 -3
right_child=-2 5 3 -5 -6 -7
leaf_value=-0.005926772612147033 -0.16276694107440209 0.30292622990906237 -0.11149785182725351 0.07385773409278161 0.17439272945267811 0.067818350882633868
leaf_weight=27 26 17 47 26 30 18
leaf_count=27 26 17 47 26 30 18
internal_value=0.0284909 0.0625293 0.0178207 -0.0449782 0.0953885 0.205605
internal_weight=191 165 130 73 57 35
internal_count=191 165 130 73 57 35
is_linear=0
shrinkage=0.03


Tree=118
num_leaves=7
num_cat=0
split_feature=0 22 20 1 22 1
split_gain=1459.08 689.578 591.003 582.009 554.923 301.714
threshold=52.500000000000007 25.500000000000004 2.5000000000000004 7.5000000000000009 2.1250000000000004 7.5000000000000009
decision_type=2 8 8 10 10 10
left_child=2 4 -1 -4 5 -2
right_child=1 -3 3 -5 -6 -7
leaf_value=-0.027155772041409246 -0.12387386436121804 -0.1865757561666625 0.20941178010060235 0.015500057126794543 0.10841288853098045 0.016482865581145652
leaf_weight=26 30 30 34 23 17 21
leaf_count=26 30 30 34 23 17 21
internal_value=-0.00157455 -0.0781757 0.0881731 0.138727 -0.0208486 -0.0697684
internal_weight=181 98 83 57 68 51
internal_count=181 98 83 57 68 51
is_linear=0
shrinkage=0.03


Tree=119
num_leaves=7
num_cat=0
split_feature=0 2 20 2 2 22
split_gain=1298.63 829.848 1183.24 748.938 1314.29 1060.37
threshold=102.50000000000001 18.000000000000004 12.500000000000002 15.050000000000002 12.15 20.825816993464056
decision_type=2 2 8 2 2 8
left_child=1 2 -1 4 -4 -6
right_child=-2 -3 3 -5 5 -7
leaf_value=-0.10384439461590612 -0.22360761986537414 -0.093005465428034464 0.17817139102862431 0.22072095292535696 0.044605014726806141 -0.22576800942420958
leaf_weight=29 17 40 34 28 34 14.999999999999998
leaf_count=29 17 40 34 28 34 15
internal_value=-0.00583471 0.0202203 0.0546621 0.0987648 0.0474195 -0.051403
internal_weight=197 180 140 111 83 49
internal_count=197 180 140 111 83 49
is_linear=0
shrinkage=0.03


Tree=120
num_leaves=7
num_cat=0
split_feature=4 23 0 3 1 22
split_gain=1302.79 1073.05 1188.92 1110.33 483.854 473.725
threshold=0.68301270189221941 1.295588235294119 57.500000000000007 1.0000000180025095e-35 12.500000000000002 -15.879999999999997
decision_type=2 2 2 2 10 8
left_child=1 2 3 -1 5 -4
right_child=-2 -3 4 -5 -6 -7
leaf_value=-0.13478481487918861 0.19497063057763236 0.093787545962259175 -0.11834567796799443 0.089298281762748954 -0.058450421402531288 -0.35059907027653281
leaf_weight=29 15.999999999999998 31 26 43 26 15.999999999999998
leaf_count=29 16 31 26 43 26 16
internal_value=-0.0295255 -0.0554731 -0.0906181 -0.00384891 -0.175935 -0.234708
internal_weight=187 171 140 72 68 42
internal_count=187 171 140 72 68 42
is_linear=0
shrinkage=0.03


Tree=121
num_leaves=7
num_cat=0
split_feature=23 22 0 2 2 2
split_gain=838.794 916.346 529.376 980.721 822.704 1058.29
threshold=2.5186274509803899 44.500000000000007 42.500000000000007 13.050000000000002 11.65 16.850000000000005
decision_type=2 10 2 2 2 2
left_child=1 2 3 -1 -4 -6
right_child=-2 -3 4 -5 5 -7
leaf_value=0.14671833713650703 0.12000172096154382 0.12094985264539718 -0.28777653642743828 -0.11657217931288939 0.024845130264759062 -0.17356436192989347
leaf_weight=20 26 20 14.999999999999998 21 50 40
leaf_count=20 26 20 15 21 50 40
internal_value=-0.0244597 -0.0499334 -0.0765719 0.0138496 -0.110904 -0.0678307
internal_weight=192 166 146 41 105 90
internal_count=192 166 146 41 105 90
is_linear=0
shrinkage=0.03


Tree=122
num_leaves=7
num_cat=0
split_feature=1 22 5 16 20 4
split_gain=998.888 1640.22 931.4 695.857 836.006 505.636
threshold=-7.4999999999999991 56.500000000000007 1.0000000180025095e-35 10.500000000000002 -21.499999999999996 -0.6830127018922193
decision_type=8 8 2 8 10 2
left_child=-1 2 3 -2 -5 -4
right_child=1 -3 5 4 -6 -7
leaf_value=-0.136827726822633 -0.04684874714585021 0.22672244238001957 -0.20115291672093527 0.044442083408435182 0.28929559224843981 -0.012909376752795651
leaf_weight=21 27 37 15.999999999999998 40 14.999999999999998 35
leaf_count=21 27 37 16 40 15 35
internal_value=0.0383208 0.063248 0.0112033 0.0722603 0.129763 -0.0846533
internal_weight=191 170 133 82 55 51
internal_count=191 170 133 82 55 51
is_linear=0
shrinkage=0.03


Tree=123
num_leaves=7
num_cat=0
split_feature=0 22 5 2 22 13
split_gain=1633.82 1084.7 974.676 1465.65 1352.84 433.637
threshold=32.500000000000007 56.500000000000007 -0.24999999999999994 12.15 19.338235294117652 -5.2823529411764705
decision_type=2 10 2 2 8 10
left_child=-1 2 3 -2 5 -5
right_child=1 -3 -4 4 -6 -7
leaf_value=0.25175836801528928 0.19002474731206892 0.18207908552885055 -0.12767032060702332 -0.0429700063935348 -0.26925715325027705 0.13005011482962539
leaf_weight=15.999999999999998 25 14.999999999999998 75 30 14.999999999999998 15.999999999999998
leaf_count=16 25 15 75 30 15 16
internal_value=0.00130753 -0.0277864 -0.0522345 0.0169528 -0.0630006 0.0240608
internal_weight=192 176 161 86 61 46
internal_count=192 176 161 86 61 46
is_linear=0
shrinkage=0.03


Tree=124
num_leaves=7
num_cat=0
split_feature=2 22 12 2 22 2
split_gain=1380.52 1492.37 1015.91 863.419 831.877 649.249
threshold=17.550000000000004 56.500000000000007 32.95000000000001 14.450000000000001 -64.999999999999986 12.15
decision_type=2 8 8 2 10 2
left_child=1 2 -1 -3 -2 -4
right_child=4 3 5 -5 -6 -7
leaf_value=0.19976802796125412 -0.25396728685923986 0.061205714046955101 0.061851338531289775 0.36063984819820949 -0.016310122290322946 -0.092517086908221233
leaf_weight=15.999999999999998 15.999999999999998 19 37 15.999999999999998 38 55
leaf_count=16 16 19 37 16 38 55
internal_value=0.0210376 0.0694881 0.0109899 0.226059 -0.102282 -0.0304461
internal_weight=197 143 108 35 54 92
internal_count=197 143 108 35 54 92
is_linear=0
shrinkage=0.03


Tree=125
num_leaves=7
num_cat=0
split_feature=0 20 1 0 0 17
split_gain=1360.99 1245.15 699.158 327.863 318.5 325.218
threshold=62.500000000000007 12.500000000000002 7.5000000000000009 42.500000000000007 102.50000000000001 23.500000000000004
decision_type=2 8 10 2 2 8
left_child=1 -1 3 -3 5 -2
right_child=4 2 -4 -5 -6 -7
leaf_value=-0.070182156889484482 0.058308934897184375 0.30814480802287225 0.038140189602971081 0.088724530083792538 -0.19000838799232786 -0.087202349101357587
leaf_weight=34 14.999999999999998 18 35 15.999999999999998 17 46
leaf_count=34 15 18 35 16 17 46
internal_value=0.00149314 0.0716579 0.14157 0.229501 -0.0898955 -0.0497143
internal_weight=181 103 69 34 78 61
internal_count=181 103 69 34 78 61
is_linear=0
shrinkage=0.03


Tree=126
num_leaves=7
num_cat=0
split_feature=23 2 22 22 22 7
split_gain=1070.71 1194.76 1151.58 995.722 453.772 428.262
threshold=2.5186274509803899 17.550000000000004 56.500000000000007 25.500000000000004 -64.999999999999986 1.0000000180025095e-35
decision_type=2 2 8 10 10 8
left_child=1 2 3 5 -3 -1
right_child=-2 4 -4 -5 -6 -7
leaf_value=-0.097495240688323964 0.17779799136622196 -0.25385233211517333 0.16491887207329273 -0.20468594003807414 -0.059329203741722986 0.063080901775173226
leaf_weight=15 24 14.999999999999998 35 17 33 56
leaf_count=15 24 15 35 17 33 56
internal_value=0.0090814 -0.0189765 0.0311851 -0.0280114 -0.138331 0.0249741
internal_weight=195 171 123 88 48 71
internal_count=195 171 123 88 48 71
is_linear=0
shrinkage=0.03


Tree=127
num_leaves=7
num_cat=0
split_feature=2 4 4 2 22 22
split_gain=1198.3 2338.29 1439.89 1010.29 2438.64 885.053
threshold=12.15 0.25000000000000011 0.25000000000000011 16.850000000000005 56.500000000000007 -3.748039215686275
decision_type=2 2 2 2 8 8
left_child=1 -1 3 4 -2 -5
right_child=2 -3 -4 5 -6 -7
leaf_value=-0.095642812214791775 -0.03240877853035927 0.2738237601921365 -0.25293841854385707 0.028327269118565777 0.35602763652801517 -0.18459330756436376
leaf_weight=23 45 32 18 34 15.999999999999998 29
leaf_count=23 45 32 18 34 16 29
internal_value=0.0114883 0.124225 -0.0349174 0.005308 0.0887294 -0.0760501
internal_weight=197 55 142 124 61 63
internal_count=197 55 142 124 61 63
is_linear=0
shrinkage=0.03


Tree=128
num_leaves=7
num_cat=0
split_feature=0 17 0 5 2 2
split_gain=834.232 541.692 716.849 489.609 629.027 477.897
threshold=102.50000000000001 -11.499999999999998 37.500000000000007 1.0000000180025095e-35 13.050000000000002 12.550000000000002
decision_type=2 10 2 2 2 2
left_child=1 2 -1 5 -5 -4
right_child=-2 -3 3 4 -6 -7
leaf_value=0.092584371961214953 -0.17363634208403525 0.11968761736284131 0.13857371006906033 -0.23161628574810245 -0.017226518974772519 -0.043041573629567495
leaf_weight=46 14.999999999999998 41 14.999999999999998 17 30 33
leaf_count=46 15 41 15 17 30 33
internal_value=0.0108521 0.0302933 0.00109049 -0.0456259 -0.109586 0.021432
internal_weight=197 182 141 95 47 48
internal_count=197 182 141 95 47 48
is_linear=0
shrinkage=0.03


Tree=129
num_leaves=7
num_cat=0
split_feature=4 0 20 16 2 2
split_gain=976.2 919.322 523.426 583.853 485.489 912.858
threshold=0.68301270189221941 102.50000000000001 -1.0000000180025095e-35 1.5000000000000002 18.000000000000004 15.050000000000002
decision_type=2 2 10 10 2 2
left_child=1 2 3 4 5 -1
right_child=-2 -3 -4 -5 -6 -7
leaf_value=-0.0075818849688590465 0.20569062352180481 -0.19252506313764531 0.15394207388162612 -0.11925303429365158 -0.070222331332532972 0.19343078326806423
leaf_weight=62 14.999999999999998 18 14.999999999999998 29 33 25
leaf_count=62 15 18 15 29 33 25
internal_value=0.00661615 -0.0148521 0.00976761 -0.00927347 0.0210119 0.0575537
internal_weight=197 182 164 149 120 87
internal_count=197 182 164 149 120 87
is_linear=0
shrinkage=0.03


Tree=130
num_leaves=7
num_cat=0
split_feature=0 0 17 23 4 2
split_gain=984.856 652.39 448.808 561.893 875.737 2047.04
threshold=102.50000000000001 32.500000000000007 27.500000000000004 2.5186274509803899 -0.6830127018922193 15.050000000000002
decision_type=2 2 8 2 2 2
left_child=1 -1 -3 4 5 -4
right_child=-2 2 3 -5 -6 -7
leaf_value=0.15799407129702359 -0.19249409222602842 0.085802666111425924 -0.1516474230689081 0.10625254903520857 -0.119644430804138 0.26412188713571849
leaf_weight=18 20 28 17 15.999999999999998 73 15.999999999999998
leaf_count=18 20 28 17 16 73 16
internal_value=-0.0167754 0.00910235 -0.0132849 -0.038509 -0.0641617 0.0581662
internal_weight=188 168 150 122 106 33
internal_count=188 168 150 122 106 33
is_linear=0
shrinkage=0.03


Tree=131
num_leaves=7
num_cat=0
split_feature=0 22 5 0 2 0
split_gain=1031.96 805.75 546.689 372.985 361.579 337.413
threshold=32.500000000000007 -84.999999999999986 1.0000000180025095e-35 67.500000000000014 14.450000000000001 77.500000000000014
decision_type=2 10 2 2 2 2
left_child=-1 3 5 -2 -4 -3
right_child=1 2 4 -5 -6 -7
leaf_value=0.17558544874191284 -0.036665100029536657 -0.00045290104081404617 -0.11841536842113316 -0.24289717265537808 0.026136385161015723 0.11952948979554431
leaf_weight=19 15.999999999999998 53 38 15.999999999999998 22 30
leaf_count=19 16 53 38 16 22 30
internal_value=-0.00947574 -0.0338873 -0.00154672 -0.15867 -0.0674797 0.0472416
internal_weight=194 175 143 32 60 83
internal_count=194 175 143 32 60 83
is_linear=0
shrinkage=0.03


Tree=132
num_leaves=7
num_cat=0
split_feature=0 0 22 22 5 16
split_gain=1757.45 719.725 495.618 535.261 442.427 672.791
threshold=102.50000000000001 32.500000000000007 56.500000000000007 25.500000000000004 -0.24999999999999994 8.0000000000000018
decision_type=2 2 8 10 2 8
left_child=1 -1 3 4 5 -3
right_child=-2 2 -4 -5 -6 -7
leaf_value=0.17987738363444802 -0.26314453525202613 -0.039158635047428746 0.096257712843899543 -0.15360436245799064 -0.062119764715433123 0.1566047639964569
leaf_weight=19 15.999999999999998 29 34 19 45 26
leaf_count=19 16 29 34 19 45 26
internal_value=-0.00375164 0.0271298 0.00306906 -0.026364 0.00397491 0.0587226
internal_weight=188 172 153 119 100 55
internal_count=188 172 153 119 100 55
is_linear=0
shrinkage=0.03


Tree=133
num_leaves=7
num_cat=0
split_feature=0 1 16 2 1 2
split_gain=842.199 453.571 708.398 759.69 538.238 946.367
threshold=92.500000000000014 -7.4999999999999991 inf 9.8500000000000032 12.500000000000002 14.450000000000001
decision_type=2 8 8 2 8 2
left_child=1 -1 -3 -4 5 -5
right_child=-2 2 3 4 -6 -7
leaf_value=-0.10917027537118304 -0.15279033577442167 -0.027051611067500054 -0.055108041344210504 -0.082344253225760028 0.27777328933988299 0.18251397046035731
leaf_weight=17 25 77 19 17 15.999999999999998 24
leaf_count=17 25 77 19 17 16 24
internal_value=-0.00605855 0.0192686 0.0365427 0.0986664 0.150235 0.0756811
internal_weight=195 170 153 76 57 41
internal_count=195 170 153 76 57 41
is_linear=0
shrinkage=0.03


Tree=134
num_leaves=7
num_cat=0
split_feature=23 16 1 22 0 4
split_gain=700.553 980.015 741.827 949.127 751.925 817.004
threshold=2.5186274509803899 -1.0000000180025095e-35 12.500000000000002 4.166666666666667 42.500000000000007 -0.25000000000000028
decision_type=2 10 10 8 2 2
left_child=1 2 4 -4 5 -1
right_child=-2 -3 3 -5 -6 -7
leaf_value=0.22493058013064518 0.14686610600149089 -0.16702839242028336 -0.020067773027853533 0.2760268289702279 -0.063575791911926208 -0.038214834704995156
leaf_weight=15.999999999999998 28 23 17 15.999999999999998 77 19
leaf_count=16 28 23 17 16 77 19
internal_value=0.0204877 -0.00421128 0.0263216 0.140923 -0.0120242 0.0951597
internal_weight=196 168 145 33 112 35
internal_count=196 168 145 33 112 35
is_linear=0
shrinkage=0.03


Tree=135
num_leaves=7
num_cat=0
split_feature=0 0 16 13 5 2
split_gain=1175.01 638.792 450.596 772.816 745.14 1162.26
threshold=32.500000000000007 97.500000000000014 inf -6.6039215686274479 -0.5 9.8500000000000032
decision_type=2 2 8 10 2 2
left_child=-1 2 3 -2 -4 -6
right_child=1 -3 4 -5 5 -7
leaf_value=0.19296058849096298 -0.11045595871135631 -0.15819384730287961 -0.065865470013448169 0.090508425343036658 -0.07515206442637877 0.20633908145521815
leaf_weight=20 54 23 30 20 17 33
leaf_count=20 54 23 30 20 17 33
internal_value=0.0001121 -0.0263812 -0.00233926 -0.0538505 0.0456735 0.112501
internal_weight=197 177 154 74 80 50
internal_count=197 177 154 74 80 50
is_linear=0
shrinkage=0.03


Tree=136
num_leaves=7
num_cat=0
split_feature=22 0 16 2 22 4
split_gain=1215.87 427.715 424.697 395.922 341.809 226.451
threshold=-84.999999999999986 52.500000000000007 -10.499999999999998 15.450000000000001 6.1790849673202635 0.25000000000000011
decision_type=10 2 10 2 10 2
left_child=3 4 5 -1 -2 -3
right_child=1 2 -4 -5 -6 -7
leaf_value=-0.037004705721681769 0.016533085776938371 -0.013672211414097614 -0.12278974871635437 -0.24303284460848026 0.14375458752638415 0.10142947343262759
leaf_weight=17 41 48 20 17 33 17
leaf_count=17 41 48 20 17 33 17
internal_value=-0.00757855 0.0284163 -0.0173658 -0.15797 0.0787746 0.021526
internal_weight=193 159 85 34 74 65
internal_count=193 159 85 34 74 65
is_linear=0
shrinkage=0.03


Tree=137
num_leaves=7
num_cat=0
split_feature=0 12 17 16 0 22
split_gain=1161.04 667.129 801.167 498.072 795.651 419.114
threshold=32.500000000000007 5.0500000000000016 53.500000000000007 -28.499999999999996 97.500000000000014 25.500000000000004
decision_type=2 10 10 10 2 8
left_child=-1 2 3 4 5 -2
right_child=1 -3 -4 -5 -6 -7
leaf_value=0.21430800676345824 0.074019938041182121 0.10902291913330556 0.13461774484813213 -0.14260694362926032 -0.18234733769839459 -0.067754799664020524
leaf_weight=15.999999999999998 46 25 14.999999999999998 48 17 25
leaf_count=16 46 25 15 48 17 25
internal_value=0.0032288 -0.0213502 -0.0457377 -0.0696981 -0.0244007 0.022926
internal_weight=192 176 151 136 88 71
internal_count=192 176 151 136 88 71
is_linear=0
shrinkage=0.03


Tree=138
num_leaves=7
num_cat=0
split_feature=2 20 16 5 2 2
split_gain=646.091 837.902 547.655 656.497 2673.85 1822.21
threshold=16.850000000000005 12.500000000000002 -7.9999999999999991 -0.5 13.15 13.450000000000001
decision_type=2 8 8 2 2 2
left_child=1 -1 -3 4 -4 -5
right_child=-2 2 3 5 -6 -7
leaf_value=-0.10749218347881521 -0.079976919073674643 -0.066640167364052358 0.2183038204908371 0.0017641950797821792 -0.21340176999568938 0.38405127192085436
leaf_weight=23 54 15.999999999999998 23 23 19 17
leaf_count=23 54 16 23 23 19 17
internal_value=0.00200848 0.0403188 0.0785432 0.109073 0.0210822 0.188856
internal_weight=175 121 98 82 42 40
internal_count=175 121 98 82 42 40
is_linear=0
shrinkage=0.03


Tree=139
num_leaves=7
num_cat=0
split_feature=0 2 22 0 2 21
split_gain=923.621 987.917 927.439 416.971 297.669 628.186
threshold=37.500000000000007 12.550000000000002 -84.999999999999986 47.500000000000007 18.850000000000005 18.622549019607849
decision_type=2 2 10 2 2 8
left_child=1 -1 -2 -4 5 -5
right_child=2 -3 3 4 -6 -7
leaf_value=0.24685750229358674 -0.18100743355289581 -0.023898104694154529 0.093053154642967623 0.14764917406439779 -0.12068224016577006 -0.04461754717620519
leaf_weight=20 26 22 29 14.999999999999998 19 60
leaf_count=20 26 22 29 15 19 60
internal_value=0.00120018 0.117578 -0.0343568 0.00250216 -0.0287225 0.000660536
internal_weight=191 42 149 123 94 75
internal_count=191 42 149 123 94 75
is_linear=0
shrinkage=0.03


Tree=140
num_leaves=7
num_cat=0
split_feature=0 16 12 2 5 2
split_gain=805.625 902.731 721.813 461.099 885.338 1370.49
threshold=92.500000000000014 inf 5.0500000000000016 9.8500000000000032 -0.5 16.550000000000004
decision_type=2 8 10 2 2 2
left_child=1 2 -1 -3 -5 -6
right_child=-2 3 -4 4 5 -7
leaf_value=-0.11688413304667319 -0.16510924320667983 -0.047779983801301572 0.09399009237438441 -0.025671769715845585 0.34970500121945919 0.00015767812728881836
leaf_weight=57 25 19 14.999999999999998 25 18 18
leaf_count=57 25 19 15 25 18 18
internal_value=-0.0230238 0.00485958 -0.0697015 0.0721173 0.110253 0.196264
internal_weight=177 152 72 80 61 36
internal_count=177 152 72 80 61 36
is_linear=0
shrinkage=0.03


Tree=141
num_leaves=7
num_cat=0
split_feature=2 5 22 22 23 0
split_gain=963.449 1058.58 936.538 755.735 499.521 744.921
threshold=13.050000000000002 1.0000000180025095e-35 -74.999999999999986 23.500000000000004 2.5186274509803899 57.500000000000007
decision_type=2 2 10 8 2 2
left_child=1 3 -2 -1 5 -4
right_child=2 -3 4 -5 -6 -7
leaf_value=0.026747523148854573 -0.20015523606731045 -0.053545151750246683 0.067102993375488681 0.27046007946133616 0.11799756507981907 -0.11307977369986474
leaf_weight=22 26 31 30 22 17 47
leaf_count=22 26 31 30 22 17 47
internal_value=-0.00521715 0.0762122 -0.0571233 0.163767 -0.00945048 -0.0430676
internal_weight=195 75 120 44 94 77
internal_count=195 75 120 44 94 77
is_linear=0
shrinkage=0.03


Tree=142
num_leaves=7
num_cat=0
split_feature=4 21 5 1 2 17
split_gain=731.673 384.784 323.306 478.644 286.808 463.849
threshold=0.68301270189221941 18.622549019607849 0.6830127018922193 1.0000000180025095e-35 19.450000000000003 3.5000000000000004
decision_type=2 8 2 10 2 10
left_child=1 -1 4 -4 5 -3
right_child=-2 2 3 -5 -6 -7
leaf_value=0.037015593393760565 0.13350936251878737 -0.1513180367747344 0.07994593792728015 -0.092614402279257768 0.013794347640126943 0.019521167384726659
leaf_weight=29 14.999999999999998 78 23 25 14.999999999999998 15.999999999999998
leaf_count=29 15 78 23 25 15 16
internal_value=-0.0411883 -0.058403 -0.0766266 -0.0101877 -0.104154 -0.122722
internal_weight=201 186 157 48 109 94
internal_count=201 186 157 48 109 94
is_linear=0
shrinkage=0.03


Tree=143
num_leaves=7
num_cat=0
split_feature=2 6 20 1 2 2
split_gain=508.005 696.232 485.321 481.186 394.406 1238.33
threshold=17.550000000000004 0.32500000000000007 19.500000000000004 7.5000000000000009 12.850000000000003 15.050000000000002
decision_type=2 8 8 8 2 2
left_child=2 -2 -1 -4 -5 -6
right_child=1 -3 3 4 5 -7
leaf_value=-0.059143671271475878 0.070847447142004957 -0.13950640812868603 0.14292130374312401 0.090069977249417982 -0.21952164083719253 0.098645661261677745
leaf_weight=28 19 32 45 30 14.999999999999998 20
leaf_count=28 19 32 45 30 15 20
internal_value=0.0152633 -0.0618107 0.0449125 0.0728193 0.0175451 -0.0481073
internal_weight=189 51 138 110 65 35
internal_count=189 51 138 110 65 35
is_linear=0
shrinkage=0.03


Tree=144
num_leaves=7
num_cat=0
split_feature=22 15 0 22 1 2
split_gain=774.309 488.79 425.67 524.803 356.316 1090.92
threshold=-17.714379084967316 14.000000000000002 47.500000000000007 25.500000000000004 7.5000000000000009 18.000000000000004
decision_type=10 8 2 10 10 2
left_child=4 -2 3 -3 5 -1
right_child=1 2 -4 -5 -6 -7
leaf_value=0.16073002892732619 -0.079062164263291781 0.22674766077049846 0.024508755930253992 0.023514134356608755 -0.15268992592181477 -0.12735451847828669
leaf_weight=14.999999999999998 17 24 64 21 23 24
leaf_count=15 17 24 64 21 23 24
internal_value=0.0123564 0.0544946 0.0778785 0.143741 -0.0709552 -0.0108791
internal_weight=188 126 109 45 62 39
internal_count=188 126 109 45 62 39
is_linear=0
shrinkage=0.03


Tree=145
num_leaves=7
num_cat=0
split_feature=0 17 13 22 22 17
split_gain=659.715 683.822 759.062 256.902 202.658 125.7
threshold=32.500000000000007 53.500000000000007 -6.6039215686274479 -3.748039215686275 7.2274509803921587 -84.999999999999986
decision_type=2 10 10 8 10 10
left_child=-1 2 3 5 -5 -2
right_child=1 -3 -4 4 -6 -7
leaf_value=0.13310285186225718 -0.066420489902794352 0.12579217270016671 0.094222663629055015 -0.16963028015060858 -0.052509288698942821 0.018742679107189176
leaf_weight=17 45 14.999999999999998 20 39 28 20
leaf_count=17 45 15 20 39 28 20
internal_value=-0.0224832 -0.0417302 -0.0617416 -0.0879489 -0.12773 -0.0407494
internal_weight=184 167 152 132 67 65
internal_count=184 167 152 132 67 65
is_linear=0
shrinkage=0.03


Tree=146
num_leaves=7
num_cat=0
split_feature=23 0 16 1 0 4
split_gain=777.437 659.555 679.674 576.51 508.137 698.567
threshold=2.5186274509803899 97.500000000000014 inf 12.500000000000002 57.500000000000007 -0.25000000000000028
decision_type=2 2 8 10 2 2
left_child=1 2 -1 4 5 -4
right_child=-2 -3 3 -5 -6 -7
leaf_value=-0.08457710277426457 0.13059710879479686 -0.16592452462230411 0.1622351680466762 0.1603627628750271 -0.11799825366586446 -0.043447688479597367
leaf_weight=57 26 23 21 22 19 31
leaf_count=57 26 23 21 22 19 31
internal_value=-0.00828099 -0.032235 -0.00704481 0.0423657 -0.00234159 0.0465614
internal_weight=199 173 150 93 71 52
internal_count=199 173 150 93 71 52
is_linear=0
shrinkage=0.03


Tree=147
num_leaves=7
num_cat=0
split_feature=0 2 22 17 2 0
split_gain=941.627 1055.96 790.455 439.767 428.435 213.405
threshold=37.500000000000007 12.550000000000002 -74.999999999999986 27.500000000000004 15.050000000000002 47.500000000000007
decision_type=2 2 10 8 2 2
left_child=1 -1 -2 4 -4 -5
right_child=2 -3 3 5 -6 -7
leaf_value=0.26292935672131451 -0.177534856565537 -0.020865459853205186 0.1748294236063957 0.036327484068274497 -0.021678518712844538 -0.068068477366651808
leaf_weight=17 26 24 14.999999999999998 20 18 65
leaf_count=17 26 24 15 20 18 65
internal_value=-0.00622556 0.112595 -0.0426994 -0.00698068 0.0788943 -0.0428512
internal_weight=185 41 144 118 33 85
internal_count=185 41 144 118 33 85
is_linear=0
shrinkage=0.03


Tree=148
num_leaves=7
num_cat=0
split_feature=0 22 0 19 16 13
split_gain=476.458 569.044 640.895 327.948 256.558 524.016
threshold=32.500000000000007 -84.999999999999986 67.500000000000014 -16.499999999999996 -26.499999999999996 -5.2823529411764705
decision_type=2 10 2 10 10 10
left_child=-1 2 -2 4 -3 -6
right_child=1 3 -4 -5 5 -7
leaf_value=0.12979253939219884 0.0071057630668986925 0.054075894911968431 -0.24141475886106489 -0.10253405741669915 -0.089828653581440446 0.099027402698993683
leaf_weight=15.999999999999998 17 81 14.999999999999998 17 35 14.999999999999998
leaf_count=16 17 81 15 17 35 15
internal_value=-0.00579177 -0.0210259 -0.126269 0.00511229 0.0223377 -0.02932
internal_weight=196 180 32 148 131 50
internal_count=196 180 32 148 131 50
is_linear=0
shrinkage=0.03


Tree=149
num_leaves=7
num_cat=0
split_feature=0 22 16 11 2 2
split_gain=555.907 512.926 371.517 275.024 212.487 196.229
threshold=32.500000000000007 -84.999999999999986 1.0000000180025095e-35 -21.999999999999996 12.550000000000002 15.950000000000001
decision_type=2 10 10 10 2 2
left_child=-1 -2 3 5 -4 -3
right_child=1 2 4 -5 -6 -7
leaf_value=0.12086047719825399 -0.14827146649360656 0.069473276516936452 -0.0068178636106577782 -0.08821441083401442 -0.14640424325466156 -0.015306822975476583
leaf_weight=17 27 53 17 14.999999999999998 20 40
leaf_count=17 27 53 17 15 20 40
internal_value=-0.0222655 -0.0394262 -0.0148916 0.01395 -0.0907166 0.0340882
internal_weight=189 172 145 108 37 93
internal_count=189 172 145 108 37 93
is_linear=0
shrinkage=0.03


Tree=150
num_leaves=7
num_cat=0
split_feature=0 5 0 1 16 0
split_gain=1107.16 597.319 251.976 367.27 188.99 273.856
threshold=32.500000000000007 1.0000000180025095e-35 82.500000000000014 12.500000000000002 -7.9999999999999991 57.500000000000007
decision_type=2 2 2 10 10 2
left_child=-1 2 3 -2 5 -3
right_child=1 4 -4 -5 -6 -7
leaf_value=0.19258184422146188 0.03301995287122933 0.013328437745571136 0.0851464508338408 -0.1141105947935063 -0.17939004805684089 -0.11353369904061157
leaf_weight=17 41 25 28 18 14.999999999999998 31
leaf_count=17 41 25 28 18 15 31
internal_value=-0.00741196 -0.0341776 0.018524 -0.0172754 -0.0957258 -0.0604485
internal_weight=175 158 87 59 71 56
internal_count=175 158 87 59 71 56
is_linear=0
shrinkage=0.03


Tree=151
num_leaves=7
num_cat=0
split_feature=0 2 2 4 2 22
split_gain=875.697 425.614 1098.15 1731.05 772.855 908.814
threshold=32.500000000000007 13.550000000000002 13.050000000000002 0.25000000000000011 17.550000000000004 37.742973856209154
decision_type=2 2 2 2 2 8
left_child=-1 2 3 -2 5 -3
right_child=1 4 -4 -5 -6 -7
leaf_value=0.15959652829170226 -0.16795896685123443 0.00036776551130143076 -0.26722240277699061 0.12276956230401992 -0.077467629313468941 0.24915035927295687
leaf_weight=20 30 39 15.999999999999998 34 43 14.999999999999998
leaf_count=20 30 39 16 34 43 15
internal_value=-0.00708696 -0.0297883 -0.0788497 -0.0158051 0.0125563 0.084732
internal_weight=197 177 80 64 97 54
internal_count=197 177 80 64 97 54
is_linear=0
shrinkage=0.03


Tree=152
num_leaves=7
num_cat=0
split_feature=4 0 22 1 22 21
split_gain=834.359 781.022 792.772 1209.01 658.981 573.037
threshold=0.68301270189221941 47.500000000000007 13.62573529411765 7.5000000000000009 -8.6666666666666661 18.622549019607849
decision_type=2 2 10 10 10 8
left_child=1 2 3 4 -1 -3
right_child=-2 5 -4 -5 -6 -7
leaf_value=0.16722434785503607 0.17048191802948715 0.043003177642822264 0.18032384798526763 -0.20712094332490646 -0.063091456549508221 -0.11707002089573786
leaf_weight=21 14.999999999999998 23 20 15.999999999999998 15.999999999999998 86
leaf_count=21 15 23 20 16 16 86
internal_value=-0.0141494 -0.0335177 0.0407881 -0.0228729 0.0719741 -0.0828884
internal_weight=197 182 73 53 37 109
internal_count=197 182 73 53 37 109
is_linear=0
shrinkage=0.03


Tree=153
num_leaves=7
num_cat=0
split_feature=23 2 3 2 2 22
split_gain=745.05 694.753 334.27 771.142 639.402 328.622
threshold=2.5186274509803899 17.550000000000004 1.0000000180025095e-35 15.050000000000002 13.050000000000002 -7.833333333333333
decision_type=2 2 2 2 2 10
left_child=1 2 4 5 -1 -4
right_child=-2 -3 3 -5 -6 -7
leaf_value=0.037487736010878549 0.13491996978409587 -0.11557706995921976 -0.0747350073675625 0.18977646404769843 -0.16120606961457626 0.078277842232159209
leaf_weight=36 27 46 27 21 18 15.999999999999998
leaf_count=36 27 46 27 21 18 16
internal_value=0.00223862 -0.0229507 0.0163883 0.0606739 -0.0367922 -0.0155768
internal_weight=191 164 118 64 54 43
internal_count=191 164 118 64 54 43
is_linear=0
shrinkage=0.03


Tree=154
num_leaves=7
num_cat=0
split_feature=2 2 2 22 4 22
split_gain=734.215 597.845 1010.16 972.89 927.16 1388.85
threshold=17.550000000000004 9.8500000000000032 12.15 20.825816993464056 0.25000000000000011 56.500000000000007
decision_type=2 2 2 8 2 8
left_child=1 -1 3 -3 5 -4
right_child=-2 2 4 -5 -6 -7
leaf_value=-0.081554125245532086 -0.082082389959339364 0.030607611595288565 -0.015855812843029313 0.34416113412380217 -0.13671419024467468 0.28110865294933318
leaf_weight=24 54 18 47 14.999999999999998 22 14.999999999999998
leaf_count=24 54 18 47 15 22 15
internal_value=0.00742827 0.043346 0.0712589 0.199663 0.0124313 0.071607
internal_weight=195 141 117 33 84 62
internal_count=195 141 117 33 84 62
is_linear=0
shrinkage=0.03


Tree=155
num_leaves=7
num_cat=0
split_feature=4 23 17 0 2 16
split_gain=640.927 701.016 509.762 612.967 1441.45 692.256
threshold=0.68301270189221941 1.295588235294119 -84.999999999999986 42.500000000000007 13.050000000000002 -12.999999999999998
decision_type=2 2 10 2 2 8
left_child=1 2 3 4 -1 -5
right_child=-2 -3 -4 5 -6 -7
leaf_value=0.17806472846995228 0.1503750980347395 0.092586662547928938 0.039147772055405837 -0.0028108686208724977 -0.14513562387890286 -0.20668007248081266
leaf_weight=18 14.999999999999998 30 34 22 22 43
leaf_count=18 15 30 34 22 22 43
internal_value=-0.0108196 -0.0290369 -0.0575899 -0.0892701 0.00392949 -0.142808
internal_weight=184 169 139 105 40 65
internal_count=184 169 139 105 40 65
is_linear=0
shrinkage=0.03


Tree=156
num_leaves=7
num_cat=0
split_feature=17 0 23 17 2 5
split_gain=613.973 748.313 509.439 395.212 390.591 1283.91
threshold=58.500000000000007 92.500000000000014 -8.4999999999999982 10.000000000000002 15.050000000000002 1.0000000180025095e-35
decision_type=8 2 2 10 2 2
left_child=1 3 -2 -1 5 -4
right_child=2 -3 4 -5 -6 -7
leaf_value=0.12059530222957784 -0.030932056490952771 -0.19308274653553964 0.16642926308304765 -0.065177894420921798 0.176498277370951 -0.071168287932872762
leaf_weight=17 31 14.999999999999998 38 14.999999999999998 37 35
leaf_count=17 31 15 38 15 37 35
internal_value=0.0419533 -0.0483099 0.0726651 0.036474 0.101936 0.0552529
internal_weight=188 47 141 32 110 73
internal_count=188 47 141 32 110 73
is_linear=0
shrinkage=0.03


Tree=157
num_leaves=7
num_cat=0
split_feature=23 2 4 2 2 17
split_gain=887.801 535.334 425.491 2554.8 1029.13 775.734
threshold=2.5186274509803899 18.000000000000004 0.25000000000000011 12.850000000000003 13.750000000000002 78.500000000000014
decision_type=2 2 2 2 2 8
left_child=1 2 4 -4 -1 -6
right_child=-2 -3 3 -5 5 -7
leaf_value=-0.072621103799281023 0.133642622097846 -0.13556054060052081 0.072627199234440915 -0.3382848262786865 -0.036414592824876309 0.21590862245208794
leaf_weight=40 26 36 35 15.999999999999998 14.999999999999998 26
leaf_count=40 26 36 35 16 15 26
internal_value=-0.0146584 -0.040809 -0.0109633 -0.0749802 0.0313596 0.129671
internal_weight=194 168 132 51 81 41
internal_count=194 168 132 51 81 41
is_linear=0
shrinkage=0.03


Tree=158
num_leaves=7
num_cat=0
split_feature=2 2 16 2 2 1
split_gain=408.172 502.512 583.861 1421.15 1368.8 491.284
threshold=15.950000000000001 9.8500000000000032 20.500000000000004 12.15 13.450000000000001 1.0000000180025095e-35
decision_type=2 2 8 2 2 10
left_child=1 -1 5 -4 -5 -3
right_child=-2 2 3 4 -6 -7
leaf_value=-0.078220786010989779 -0.045242828613789664 0.095621435523033135 0.33941952449083329 -0.15206720449707725 0.17915274632365805 -0.080711727792566468
leaf_weight=21 73 20 14.999999999999998 17 18 28
leaf_count=21 73 20 15 17 18 28
internal_value=0.00877052 0.042393 0.0707813 0.137517 0.0193759 -0.00515002
internal_weight=192 119 98 50 35 48
internal_count=192 119 98 50 35 48
is_linear=0
shrinkage=0.03


Tree=159
num_leaves=7
num_cat=0
split_feature=2 4 4 2 2 6
split_gain=457.431 2089.71 1606.96 1134.24 548.173 597.773
threshold=13.050000000000002 0.25000000000000011 0.25000000000000011 10.250000000000002 16.850000000000005 0.22500000000000003
decision_type=2 2 2 2 2 8
left_child=1 -1 4 -3 -2 -6
right_child=2 3 -4 -5 5 -7
leaf_value=-0.10950619477964937 0.094396713045151792 -0.0066633673366159199 -0.26510354127202718 0.31249579988676929 0.079158248342573651 -0.099659654494860903
leaf_weight=30 46 14.999999999999998 15.999999999999998 24 22 41
leaf_count=30 46 15 16 24 22 41
internal_value=0.00952955 0.0688702 -0.0246155 0.202934 0.0207646 -0.0359863
internal_weight=194 69 125 39 109 63
internal_count=194 69 125 39 109 63
is_linear=0
shrinkage=0.03


Tree=160
num_leaves=7
num_cat=0
split_feature=16 1 5 22 22 5
split_gain=498.957 463.716 552.513 1411.53 578.679 387.526
threshold=-1.0000000180025095e-35 -7.4999999999999991 -0.5 79.500000000000014 22.097549019607843 -0.9330127018922193
decision_type=10 8 2 8 8 2
left_child=1 -1 4 -4 5 -3
right_child=-2 2 3 -5 -6 -7
leaf_value=-0.077969966116878717 -0.073321841907628041 0.13582392368465659 0.032686728870639434 0.32183578831808907 -0.13245822958324266 -0.034308007004169312
leaf_weight=22 42 19 60 15.999999999999998 18 21
leaf_count=22 42 19 60 16 18 21
internal_value=0.0130695 0.0378834 0.0590246 0.109669 -0.0107742 0.052617
internal_weight=198 156 134 76 58 40
internal_count=198 156 134 76 58 40
is_linear=0
shrinkage=0.03


Tree=161
num_leaves=7
num_cat=0
split_feature=2 4 4 0 16 11
split_gain=737.701 1433.48 1370.64 716.862 575.586 370.86
threshold=12.15 0.25000000000000011 0.25000000000000011 67.500000000000014 1.0000000180025095e-35 18.500000000000004
decision_type=2 2 2 2 8 8
left_child=1 -1 3 5 -5 -2
right_child=2 -3 -4 4 -6 -7
leaf_value=-0.097714956110715859 -0.032287400789558884 0.20187051002537676 -0.22241501474380493 0.059206263041496274 -0.12415398949587886 0.13367871187627314
leaf_weight=20 14.999999999999998 31 25 20 39 35
leaf_count=20 15 31 25 20 39 35
internal_value=-0.00594318 0.0861512 -0.0428322 0.0063051 -0.0622284 0.08548
internal_weight=185 51 134 109 59 50
internal_count=185 51 134 109 59 50
is_linear=0
shrinkage=0.03


Tree=162
num_leaves=7
num_cat=0
split_feature=20 4 4 4 0 21
split_gain=494.397 577.006 887.612 354.408 378.431 286.338
threshold=-3.9999999999999996 0.68301270189221941 0.25000000000000011 -0.6830127018922193 47.500000000000007 18.622549019607849
decision_type=10 2 2 2 2 8
left_child=1 2 3 -1 -5 -6
right_child=-2 -3 -4 4 5 -7
leaf_value=-0.055278133831240917 0.14574456757307053 0.13741166291492327 -0.16643553927540777 0.1242309775238391 0.074587805786958103 -0.052108822209494449
leaf_weight=50 14.999999999999998 15.999999999999998 29 27 21 37
leaf_count=50 15 16 29 27 21 37
internal_value=0.00413767 -0.011283 -0.029426 0.00489862 0.0414012 -0.00395695
internal_weight=195 180 164 135 85 58
internal_count=195 180 164 135 85 58
is_linear=0
shrinkage=0.03


Tree=163
num_leaves=7
num_cat=0
split_feature=0 23 4 17 22 22
split_gain=936.059 888.083 883.04 746.721 568.352 184.893
threshold=32.500000000000007 2.5186274509803899 0.68301270189221941 1.0000000180025095e-35 -5.2068627450980367 -34.958843537414957
decision_type=2 2 2 10 8 10
left_child=-1 2 3 4 5 -2
right_child=1 -3 -4 -5 -6 -7
leaf_value=0.18950134839330401 -0.11222401475364512 0.14472570387125014 0.14149494785070418 0.074986842075983676 -0.17461055157943203 -0.0067653600788778728
leaf_weight=15.999999999999998 17 20 14.999999999999998 22 50 49
leaf_count=16 17 20 15 22 50 49
internal_value=7.41057e-05 -0.0222761 -0.0479955 -0.0728195 -0.102792 -0.0399191
internal_weight=189 173 153 138 116 66
internal_count=189 173 153 138 116 66
is_linear=0
shrinkage=0.03


Tree=164
num_leaves=7
num_cat=0
split_feature=22 1 4 23 16 2
split_gain=469.355 398.594 348.529 339.876 422.458 303.38
threshold=-84.999999999999986 7.5000000000000009 -0.6830127018922193 2.5186274509803899 31.000000000000004 16.550000000000004
decision_type=10 10 2 2 8 2
left_child=1 -1 5 4 -4 -2
right_child=2 -3 3 -5 -6 -7
leaf_value=0.0051671309091828087 -0.14369787156581879 -0.18677167881618845 -0.060918610268695779 0.14106771702351778 0.05689357341050285 0.023503374968256267
leaf_weight=17 15.999999999999998 17 39 18 68 15.999999999999998
leaf_count=17 16 17 39 18 68 16
internal_value=-0.00919395 -0.102444 0.0135388 0.0362875 0.0131501 -0.0682185
internal_weight=191 34 157 125 107 32
internal_count=191 34 157 125 107 32
is_linear=0
shrinkage=0.03


Tree=165
num_leaves=7
num_cat=0
split_feature=22 15 0 3 1 1
split_gain=526.417 345.466 628.461 462.248 653.407 292.794
threshold=-74.999999999999986 14.000000000000002 47.500000000000007 1.0000000180025095e-35 1.0000000180025095e-35 1.0000000180025095e-35
decision_type=10 8 2 2 10 10
left_child=-1 -2 5 -4 -5 -3
right_child=1 2 3 4 -6 -7
leaf_value=-0.1158842515519687 -0.093558522502758659 0.019931047447025774 0.10060438139098031 0.055982340920356012 -0.11975823330429364 0.16252913516134984
leaf_weight=37 23 25 15.999999999999998 26 48 26
leaf_count=37 23 25 16 26 48 26
internal_value=-0.021114 0.00306304 0.0214883 -0.0263057 -0.0583764 0.100649
internal_weight=201 164 141 90 74 51
internal_count=201 164 141 90 74 51
is_linear=0
shrinkage=0.03


Tree=166
num_leaves=7
num_cat=0
split_feature=0 2 2 5 2 17
split_gain=618.668 360.543 651.921 738.499 595.013 730.804
threshold=32.500000000000007 13.550000000000002 12.850000000000003 1.0000000180025095e-35 17.550000000000004 78.500000000000014
decision_type=2 2 2 2 2 8
left_child=-1 2 3 -2 5 -3
right_child=1 4 -4 -5 -6 -7
leaf_value=0.14686308145523072 0.062077521258457134 -0.077776912621089392 -0.21677855622768402 -0.12592116953974419 -0.061508891808986665 0.1403022436910997
leaf_weight=17 39 15.999999999999998 14.999999999999998 28 45 41
leaf_count=17 39 16 15 28 45 41
internal_value=-0.00380305 -0.0212403 -0.0662018 -0.0197776 0.0163098 0.0777514
internal_weight=201 184 82 67 102 57
internal_count=201 184 82 67 102 57
is_linear=0
shrinkage=0.03


Tree=167
num_leaves=7
num_cat=0
split_feature=0 22 2 2 22 22
split_gain=770.038 880.732 822.074 979.304 866.803 595.855
threshold=37.500000000000007 -5.2068627450980367 13.450000000000001 18.000000000000004 33.856470588235304 32.750000000000007
decision_type=2 10 2 2 8 8
left_child=1 -1 4 5 -2 -4
right_child=2 -3 3 -5 -6 -7
leaf_value=0.23400245746597645 -0.033336374690135319 -0.023928676032357744 0.02876633154909785 -0.083399162170561869 -0.2803573576211929 0.23788688099384309
leaf_weight=19 40 22 36 39 14.999999999999998 14.999999999999998
leaf_count=19 40 22 36 39 15 15
internal_value=0.000682172 0.108043 -0.0322646 0.0238694 -0.118455 0.106021
internal_weight=186 41 145 90 55 51
internal_count=186 41 145 90 55 51
is_linear=0
shrinkage=0.03


Tree=168
num_leaves=7
num_cat=0
split_feature=13 1 5 2 4 4
split_gain=376.958 445.013 1296.93 267.76 477.015 380.493
threshold=-6.6039215686274479 12.500000000000002 -0.5 12.15 -0.25000000000000028 0.25000000000000011
decision_type=10 10 2 2 2 2
left_child=1 3 -3 5 -5 -1
right_child=-2 2 -4 4 -6 -7
leaf_value=-0.053867824668572706 0.10589313295754518 -0.082588385152816773 0.22978750959038735 -0.0098028487801551812 -0.14755194446619818 0.12637335346213407
leaf_weight=17 28 20 19 70 29 15.999999999999998
leaf_count=17 28 20 19 70 29 16
internal_value=0.0130462 -0.00473319 0.0784134 -0.0312645 -0.0553075 0.0386513
internal_weight=199 171 39 132 99 33
internal_count=199 171 39 132 99 33
is_linear=0
shrinkage=0.03


Tree=169
num_leaves=7
num_cat=0
split_feature=0 22 5 17 16 12
split_gain=400.341 479.703 545.353 384.014 461.03 490.978
threshold=32.500000000000007 -84.999999999999986 1.0000000180025095e-35 27.500000000000004 25.000000000000004 37.550000000000004
decision_type=2 10 2 10 8 8
left_child=-1 -2 3 4 5 -3
right_child=1 2 -4 -5 -6 -7
leaf_value=0.086791572833061215 -0.1456636241349307 0.083647797634968393 -0.082262417774485494 -0.083647681759162373 0.13766829829663038 -0.10262115322351456
leaf_weight=20 28 21 64 17 31 20
leaf_count=20 28 21 64 17 31 20
internal_value=-0.0271267 -0.041709 -0.0186771 0.0289907 0.0592906 -0.00849318
internal_weight=201 181 153 89 72 41
internal_count=201 181 153 89 72 41
is_linear=0
shrinkage=0.03


Tree=170
num_leaves=7
num_cat=0
split_feature=2 2 4 0 3 2
split_gain=307.119 631.349 382.795 518.349 697.673 311.257
threshold=9.8500000000000032 11.65 0.25000000000000011 47.500000000000007 1.0000000180025095e-35 18.450000000000003
decision_type=2 2 2 2 2 2
left_child=-1 -2 3 4 -3 -5
right_child=1 2 -4 5 -6 -7
leaf_value=-0.085140525475144377 0.16480257116258146 -0.037617169951221767 -0.10161890642983572 0.024598124206066128 0.20426476081403402 -0.084614276610887953
leaf_weight=23 19 15.999999999999998 23 55 21 34
leaf_count=23 19 16 23 55 21 34
internal_value=0.00725945 0.0220045 -0.000964127 0.0205867 0.107641 -0.019405
internal_weight=191 168 149 126 37 89
internal_count=191 168 149 126 37 89
is_linear=0
shrinkage=0.03


Tree=171
num_leaves=7
num_cat=0
split_feature=22 0 20 16 4 13
split_gain=554.673 402.091 593.625 331.581 259.114 318.718
threshold=-84.999999999999986 47.500000000000007 19.500000000000004 1.0000000180025095e-35 0.25000000000000011 5.7098039215686294
decision_type=10 2 8 10 2 8
left_child=-1 2 -2 4 5 -3
right_child=1 3 -4 -5 -6 -7
leaf_value=-0.1065599283012184 -0.012510136711705278 0.078047337965531774 0.16189737769464652 -0.11137533059120178 0.094691151237487795 -0.059362951040267939
leaf_weight=32 33 17 31 20 20 45
leaf_count=32 33 17 31 20 20 45
internal_value=-0.00127097 0.021548 0.0775786 -0.0155908 0.0128296 -0.0186732
internal_weight=198 166 64 102 82 62
internal_count=198 166 64 102 82 62
is_linear=0
shrinkage=0.03


Tree=172
num_leaves=7
num_cat=0
split_feature=22 19 20 17 4 2
split_gain=620.529 322.858 334.721 447.456 434.976 392.245
threshold=-84.999999999999986 29.000000000000004 -21.499999999999996 23.500000000000004 1.0000000180025095e-35 13.550000000000002
decision_type=10 8 10 8 2 2
left_child=-1 -2 3 4 -3 -5
right_child=1 2 -4 5 -6 -7
leaf_value=-0.13165596398440274 -0.082801919089896328 -0.02663727307319641 0.12847780405282974 -0.095586334647134286 0.17166145560331642 0.027606129451439931
leaf_weight=28 23 14.999999999999998 20 38 19 47
leaf_count=28 23 15 20 38 19 47
internal_value=-0.0130191 0.0108139 0.0286415 0.00735835 0.0919777 -0.0297188
internal_weight=190 162 139 119 34 85
internal_count=190 162 139 119 34 85
is_linear=0
shrinkage=0.03


Tree=173
num_leaves=7
num_cat=0
split_feature=0 20 21 17 2 2
split_gain=611.987 790.652 476.441 686.919 262.846 226.017
threshold=42.500000000000007 19.500000000000004 18.622549019607849 -84.999999999999986 13.550000000000002 15.950000000000001
decision_type=2 8 8 10 2 2
left_child=1 -1 -2 4 -4 -5
right_child=2 -3 3 5 -6 -7
leaf_value=-0.025407962061597834 0.082805008649826053 0.1926035978219339 -0.19744543940790238 0.061981998911925719 -0.055836962515657597 -0.046723245820578407
leaf_weight=30 20 23 26 30 28 29
leaf_count=30 20 23 26 30 28 29
internal_value=-0.00423509 0.0776487 -0.0384965 -0.0625648 -0.134973 0.00907468
internal_weight=186 53 133 113 54 59
internal_count=186 53 133 113 54 59
is_linear=0
shrinkage=0.03


Tree=174
num_leaves=7
num_cat=0
split_feature=2 5 17 2 0 2
split_gain=1036.3 815.935 554.574 377.746 320.486 426.556
threshold=12.15 1.0000000180025095e-35 -11.499999999999998 13.450000000000001 37.500000000000007 18.600000000000005
decision_type=2 2 10 2 2 2
left_child=1 2 -1 -2 -5 -6
right_child=3 -3 -4 4 5 -7
leaf_value=0.26895413246154781 -0.13164142959258135 -0.053494335277514023 0.027774354323744772 -0.11928422063758426 0.053052115193991493 -0.074243771176080442
leaf_weight=20 29 17 14.999999999999998 17 61 32
leaf_count=20 29 17 15 17 61 32
internal_value=-0.0012407 0.107061 0.181984 -0.044067 -0.0162594 0.00769816
internal_weight=191 52 35 139 110 93
internal_count=191 52 35 139 110 93
is_linear=0
shrinkage=0.03


Tree=175
num_leaves=7
num_cat=0
split_feature=0 4 2 2 2 22
split_gain=522.522 446.94 1047.43 567.535 647.643 624.979
threshold=102.50000000000001 -0.6830127018922193 15.050000000000002 11.250000000000002 9.3500000000000032 19.338235294117652
decision_type=2 2 2 2 2 8
left_child=1 2 -1 4 -3 -5
right_child=-2 3 -4 5 -6 -7
leaf_value=-0.099576882362365712 -0.15805581271648406 -0.061169307678937898 0.18666561198388706 -0.0084379201744283951 0.1820040430341448 -0.15985524272918702
leaf_weight=14.999999999999998 18 15.000000000000002 24 65 15.999999999999998 35
leaf_count=15 18 15 24 65 16 35
internal_value=-0.0238326 -0.00551086 0.0777674 -0.0322512 0.0721861 -0.0665225
internal_weight=188 170 39 131 31 100
internal_count=188 170 39 131 31 100
is_linear=0
shrinkage=0.03


Tree=176
num_leaves=7
num_cat=0
split_feature=4 0 22 1 20 2
split_gain=395.72 537.578 790.38 1449.57 894.926 541.719
threshold=0.68301270189221941 47.500000000000007 13.62573529411765 7.5000000000000009 -14.499999999999998 13.450000000000001
decision_type=2 2 10 10 10 2
left_child=1 2 3 4 -1 -3
right_child=-2 5 -4 -5 -6 -7
leaf_value=0.19796983494208409 0.12938271099328993 -0.14979409544808522 0.18992558140754698 -0.22328151270747185 -0.070828638279012271 -0.0087378152853317473
leaf_weight=21 14.999999999999998 30 20 14.999999999999998 15.999999999999998 84
leaf_count=21 15 30 20 15 16 84
internal_value=0.00247339 -0.0108803 0.051199 -0.0141371 0.0871384 -0.0505921
internal_weight=201 186 72 52 37 114
internal_count=201 186 72 52 37 114
is_linear=0
shrinkage=0.03


Tree=177
num_leaves=7
num_cat=0
split_feature=22 23 22 7 22 1
split_gain=403.158 286.476 392.643 221.321 249.837 261.415
threshold=-3.748039215686275 1.295588235294119 44.500000000000007 1.0000000180025095e-35 -17.714379084967316 1.0000000180025095e-35
decision_type=10 2 10 8 8 10
left_child=3 2 -2 -1 -5 -6
right_child=1 -3 -4 4 5 -7
leaf_value=-0.063312921289354562 -0.13863357214132943 0.025387142122723159 0.01943907395005226 -0.015451724483416631 -0.0038935751438140868 0.12745495885656011
leaf_weight=15 40 25 19 34 20 36
leaf_count=15 40 25 19 34 20 36
internal_value=-0.00902536 -0.0562962 -0.0901871 0.0296313 0.0476389 0.0840707
internal_weight=189 84 59 105 90 56
internal_count=189 84 59 105 90 56
is_linear=0
shrinkage=0.03


Tree=178
num_leaves=7
num_cat=0
split_feature=16 2 5 1 3 0
split_gain=382.857 298.687 325.342 989.564 647.435 502.826
threshold=1.0000000180025095e-35 10.800000000000002 -0.5 12.500000000000002 1.0000000180025095e-35 42.500000000000007
decision_type=10 2 2 10 2 2
left_child=1 -1 4 5 -3 -4
right_child=-2 2 3 -5 -6 -7
leaf_value=-0.081083538565370761 -0.089307191669940944 -0.15593433697115289 0.12242341101338917 0.25100593864917753 0.039721959745511411 -0.052606179873148598
leaf_weight=22 39 17 17 14.999999999999998 45 40
leaf_count=22 39 17 17 15 45 40
internal_value=-0.0110854 0.0106363 0.0280698 0.0694306 -0.0215591 0.00525866
internal_weight=195 156 134 72 62 57
internal_count=195 156 134 72 62 57
is_linear=0
shrinkage=0.03


Tree=179
num_leaves=7
num_cat=0
split_feature=1 16 2 2 5 5
split_gain=291.374 471.196 340.096 361.233 563.384 1113.64
threshold=-7.4999999999999991 1.0000000180025095e-35 9.8500000000000032 12.15 -0.5 -0.9330127018922193
decision_type=10 10 2 2 2 2
left_child=-1 2 -2 -4 5 -5
right_child=1 -3 3 4 -6 -7
leaf_value=-0.10065037386170748 -0.079836736605925981 -0.087621716491878027 0.15369210811331868 0.073481461171592974 0.084550530459393161 -0.21395463174039667
leaf_weight=24 17 35 19 23 50 17
leaf_count=24 17 35 19 23 50 17
internal_value=-0.0131093 0.00257887 0.0300226 0.0499067 0.0210606 -0.0588782
internal_weight=185 161 126 109 90 40
internal_count=185 161 126 109 90 40
is_linear=0
shrinkage=0.03


Tree=180
num_leaves=7
num_cat=0
split_feature=1 5 13 2 4 16
split_gain=496.187 1080.7 353.788 297.181 919.631 284.535
threshold=12.500000000000002 -0.5 -5.2823529411764705 11.050000000000002 0.25000000000000011 -1.0000000180025095e-35
decision_type=10 2 10 2 2 10
left_child=2 -2 3 -1 5 -5
right_child=1 -3 -4 4 -6 -7
leaf_value=0.054924904257059093 -0.042978059631586067 0.25277989658442412 0.10252800773490559 0.025502587566907341 -0.20968930850028991 -0.097391046800396647
leaf_weight=27 20 17 17 69 20 17
leaf_count=27 20 17 17 69 20 17
internal_value=0.0156368 0.106826 -0.00957698 -0.0271018 -0.0495283 -0.00280672
internal_weight=187 37 150 133 106 86
internal_count=187 37 150 133 106 86
is_linear=0
shrinkage=0.03


Tree=181
num_leaves=7
num_cat=0
split_feature=0 2 2 3 2 22
split_gain=455.026 488.77 819.46 1169.98 273.71 538.449
threshold=47.500000000000007 9.8500000000000032 12.550000000000002 1.0000000180025095e-35 18.450000000000003 10.750000000000002
decision_type=2 2 2 2 2 10
left_child=1 -1 -3 -4 5 -2
right_child=4 2 3 -5 -6 -7
leaf_value=-0.06143086625470056 0.039827792526167978 0.22815546848773954 -0.13941581017971039 0.14301310885165419 -0.1036335999919818 -0.11107798648457373
leaf_weight=22 63 20 20 23 34 26
leaf_count=22 63 20 20 23 34 26
internal_value=-0.000998183 0.0507136 0.0915126 0.0108119 -0.037319 -0.00782051
internal_weight=208 85 63 43 123 89
internal_count=208 85 63 43 123 89
is_linear=0
shrinkage=0.03


Tree=182
num_leaves=7
num_cat=0
split_feature=0 4 22 1 20 4
split_gain=484.016 501.546 350.264 238.222 225.802 203.081
threshold=32.500000000000007 0.68301270189221941 -84.999999999999986 12.500000000000002 12.500000000000002 1.0000000180025095e-35
decision_type=2 2 10 10 8 2
left_child=-1 2 -2 4 -4 -6
right_child=1 -3 3 -5 5 -7
leaf_value=0.11940581171558454 -0.1268333705779045 0.12019920953682489 -0.060743161953625183 -0.07781027835149032 -0.01838516504690051 0.074514764361083508
leaf_weight=21 26 15.999999999999998 26 34 35 43
leaf_count=21 26 16 26 34 35 43
internal_value=-0.00184193 -0.0188324 -0.0355513 -0.0145198 0.00879141 0.0342326
internal_weight=201 180 164 138 104 78
internal_count=201 180 164 138 104 78
is_linear=0
shrinkage=0.03


Tree=183
num_leaves=7
num_cat=0
split_feature=1 23 16 1 4 2
split_gain=307.479 520.801 391.217 311.42 325.3 1484.24
threshold=17.500000000000004 2.5186274509803899 -1.0000000180025095e-35 -7.4999999999999991 0.25000000000000011 12.550000000000002
decision_type=10 2 10 8 2 2
left_child=1 2 3 -1 -5 -6
right_child=-2 -3 -4 4 5 -7
leaf_value=-0.089439497852325425 -0.12059291741251946 0.13386515520513059 -0.10814658415588464 0.0607722759464892 0.111292067273305 -0.23353943574428557
leaf_weight=20 14.999999999999998 19 28 77 21 14.999999999999998
leaf_count=20 15 19 28 77 21 15
internal_value=-0.00898894 0.0033193 -0.0156548 0.00703003 0.0271706 -0.0433462
internal_weight=195 180 161 133 113 36
internal_count=195 180 161 133 113 36
is_linear=0
shrinkage=0.03


Tree=184
num_leaves=7
num_cat=0
split_feature=0 16 5 1 2 0
split_gain=639.076 326.964 575.794 627.271 607.567 827.644
threshold=102.50000000000001 1.0000000180025095e-35 -0.5 12.500000000000002 12.350000000000003 57.500000000000007
decision_type=2 10 2 10 2 2
left_child=1 2 -1 4 -4 -6
right_child=-2 -3 3 -5 5 -7
leaf_value=-0.040394464012627536 -0.15666455858133055 -0.058471118031546122 -0.080360124547566678 0.22222257581624116 0.19238572919801356 -0.04585680270195007
leaf_weight=52 17 38 23 17 26 20
leaf_count=52 17 38 23 17 26 20
internal_value=-0.00407582 0.0145835 0.036041 0.0819379 0.0346953 0.0944615
internal_weight=193 176 138 86 69 46
internal_count=193 176 138 86 69 46
is_linear=0
shrinkage=0.03


Tree=185
num_leaves=7
num_cat=0
split_feature=2 2 5 2 5 2
split_gain=301.851 653.478 660.925 448.711 801.578 167.246
threshold=13.450000000000001 12.850000000000003 1.0000000180025095e-35 17.550000000000004 -0.5 21.050000000000004
decision_type=2 2 2 2 2 2
left_child=1 2 -1 4 -2 -5
right_child=3 -3 -4 5 -6 -7
leaf_value=0.080539089048450641 -0.038780170101007178 -0.19076908457279204 -0.095580077153794907 -0.053856587675499154 0.18095119307438531 0.048868430533579414
leaf_weight=39 23 14.999999999999998 29 42 31 15.999999999999998
leaf_count=39 23 15 29 42 31 16
internal_value=0.00200996 -0.0400157 0.00402736 0.0335331 0.0920067 -0.0238892
internal_weight=195 83 68 112 54 58
internal_count=195 83 68 112 54 58
is_linear=0
shrinkage=0.03


Tree=186
num_leaves=7
num_cat=0
split_feature=12 4 4 1 22 22
split_gain=484.048 385.817 457.475 485.145 291.839 336.696
threshold=5.0500000000000016 0.68301270189221941 0.25000000000000011 -7.4999999999999991 79.500000000000014 20.825816993464056
decision_type=10 2 2 10 8 10
left_child=1 2 3 -1 5 -5
right_child=-2 -3 -4 4 -6 -7
leaf_value=-0.11170611317341143 0.12941824333025859 0.11630491545796394 -0.10648837163028391 0.034427819654345514 0.12746385719465173 -0.10324862033128739
leaf_weight=21 21 14.999999999999998 39 75 18 14.999999999999998
leaf_count=21 21 15 39 75 18 15
internal_value=0.00823946 -0.00873844 -0.0229418 0.00534748 0.0320436 0.0072553
internal_weight=204 183 168 129 108 90
internal_count=204 183 168 129 108 90
is_linear=0
shrinkage=0.03


Tree=187
num_leaves=7
num_cat=0
split_feature=2 22 2 1 5 22
split_gain=659.076 1175.48 371.18 339.372 377.393 190.555
threshold=17.550000000000004 79.500000000000014 20.850000000000005 12.500000000000002 -0.5 -3.748039215686275
decision_type=2 8 2 10 2 8
left_child=1 3 5 4 -1 -2
right_child=2 -3 -4 -5 -6 -7
leaf_value=0.12722140223408737 -0.02269888447863715 0.24788573570251463 0.051606336156371981 -0.054423691469889422 0.0020860842615365981 -0.16476181752979754
leaf_weight=31 15.999999999999998 20 14.999999999999998 34 55 19
leaf_count=31 16 20 15 34 55 19
internal_value=0.0275945 0.06055 -0.061797 0.0206609 0.0517048 -0.110774
internal_weight=190 140 50 120 86 35
internal_count=190 140 50 120 86 35
is_linear=0
shrinkage=0.03


Tree=188
num_leaves=7
num_cat=0
split_feature=16 0 20 1 22 22
split_gain=459.916 226.847 573.206 151.545 777.105 654.314
threshold=20.500000000000004 37.500000000000007 -16.999999999999996 12.500000000000002 -84.999999999999986 -6.9609591944886064
decision_type=10 2 10 10 10 10
left_child=1 2 -1 4 -3 -5
right_child=-2 3 -4 5 -6 -7
leaf_value=0.19089491443974629 -0.12515146120028062 -0.17133853762694026 -0.034947861988436087 0.17045174581663949 0.024461972703006162 -0.058954502177238459
leaf_weight=15.999999999999998 17 18 17 15.999999999999998 84 20
leaf_count=16 17 18 17 16 84 20
internal_value=0.00429306 0.0203517 0.0852616 0.00239128 -0.0164829 0.0513567
internal_weight=188 171 33 138 102 36
internal_count=188 171 33 138 102 36
is_linear=0
shrinkage=0.03


Tree=189
num_leaves=7
num_cat=0
split_feature=22 22 5 2 23 22
split_gain=582.027 400.568 220.983 272.726 219.017 335.561
threshold=79.500000000000014 -3.748039215686275 1.0000000180025095e-35 14.300000000000002 -8.4999999999999982 -16.94279738562091
decision_type=8 10 2 2 2 10
left_child=1 4 3 -3 -1 -6
right_child=-2 2 -4 -5 5 -7
leaf_value=-0.02713241457939148 0.12471867147613973 0.031444133230157802 -0.13664829730987549 -0.092134206898767376 0.0073503820708877331 0.16077849984169007
leaf_weight=30 29 32 19 24 32 17
leaf_count=30 29 32 19 24 32 17
internal_value=0.0122972 -0.0121293 -0.0598502 -0.0247288 0.0340412 0.0705387
internal_weight=183 154 75 56 79 49
internal_count=183 154 75 56 79 49
is_linear=0
shrinkage=0.03


Tree=190
num_leaves=7
num_cat=0
split_feature=2 4 4 1 22 2
split_gain=397.116 1379.16 991.554 328.387 362.291 295.022
threshold=13.050000000000002 0.25000000000000011 0.25000000000000011 7.5000000000000009 -2.1346405228758187 10.250000000000002
decision_type=2 2 2 10 10 2
left_child=2 3 -1 -2 -5 -4
right_child=1 -3 5 4 -6 -7
leaf_value=-0.077906801462173464 -0.036213555607999506 -0.27086775621771808 0.021405350983142852 0.15307373236526142 -0.029901537895202637 0.19336195898467098
leaf_weight=30 63 14.999999999999998 14.999999999999998 17 14.999999999999998 24
leaf_count=30 63 15 15 17 15 24
internal_value=-0.00979032 -0.0444373 0.0447144 0.0030707 0.0748538 0.137173
internal_weight=179 110 69 95 32 39
internal_count=179 110 69 95 32 39
is_linear=0
shrinkage=0.03


Tree=191
num_leaves=7
num_cat=0
split_feature=12 16 1 4 16 22
split_gain=362.875 261.853 284.969 257.856 179.776 214.653
threshold=5.0500000000000016 4.0000000000000009 -7.4999999999999991 0.25000000000000011 -24.499999999999996 1.0591503267973865
decision_type=10 10 10 2 10 8
left_child=1 2 -1 4 5 -4
right_child=-2 -3 3 -5 -6 -7
leaf_value=-0.095099132766148869 0.099045988655090331 -0.11315447473526 -0.036744410041719675 -0.04865585315162721 0.113394913835959 0.060046854532042213
leaf_weight=23 20 20 35 41 17 38
leaf_count=23 20 20 35 41 17 38
internal_value=-0.00827503 -0.0230329 -0.00813848 0.0100644 0.0379676 0.0142595
internal_weight=194 174 154 131 90 73
internal_count=194 174 154 131 90 73
is_linear=0
shrinkage=0.03


Tree=192
num_leaves=7
num_cat=0
split_feature=0 2 2 22 2 16
split_gain=381.065 590.786 394.305 394.649 311.127 661.573
threshold=37.500000000000007 13.050000000000002 13.450000000000001 -19.874999999999996 16.850000000000005 inf
decision_type=2 2 2 10 2 8
left_child=1 -1 3 -2 5 -4
right_child=2 -3 4 -5 -6 -7
leaf_value=0.16846966995133295 -0.19022994947433472 -0.038842666143178932 -0.037043976386388143 -0.024615235569629263 -0.03179342856139622 0.18389907740056513
leaf_weight=22 14.999999999999998 20 22 42 50 19
leaf_count=22 15 20 22 42 50 19
internal_value=0.00144026 0.0761195 -0.0215475 -0.0800244 0.0173412 0.0742041
internal_weight=190 42 148 57 91 41
internal_count=190 42 148 57 91 41
is_linear=0
shrinkage=0.03


Tree=193
num_leaves=7
num_cat=0
split_feature=0 0 16 2 5 22
split_gain=618.097 274.621 350.791 307.583 314.684 565.364
threshold=32.500000000000007 102.50000000000001 1.0000000180025095e-35 9.6500000000000004 -0.5 2.1250000000000004
decision_type=2 2 10 2 2 8
left_child=-1 2 3 -2 -5 -6
right_child=1 -3 -4 4 5 -7
leaf_value=0.14925820959650951 -0.08875649209320545 -0.11267189111641567 -0.082127789181510077 -0.014061043283035014 -0.0010377899729288541 0.17595273925412083
leaf_weight=18 14.999999999999998 18 33 53 34 26
leaf_count=18 15 18 33 53 34 26
internal_value=0.00269317 -0.0157006 -0.00179196 0.0212285 0.0389705 0.0832932
internal_weight=197 179 161 128 113 60
internal_count=197 179 161 128 113 60
is_linear=0
shrinkage=0.03


Tree=194
num_leaves=7
num_cat=0
split_feature=0 22 1 20 22 21
split_gain=311.41 484.336 660.818 762.595 437.65 384.493
threshold=47.500000000000007 13.62573529411765 7.5000000000000009 -14.499999999999998 56.500000000000007 13.126960784313727
decision_type=2 10 8 10 8 8
left_child=1 2 3 -1 5 -2
right_child=4 -3 -4 -5 -6 -7
leaf_value=0.17833579944954675 0.032580670776466529 0.14252832949161529 -0.15353784745931626 -0.074218936548991629 0.065527513248139407 -0.10591668643835765
leaf_weight=17 22 22 14.999999999999998 17 24 62
leaf_count=17 22 22 15 17 24 62
internal_value=-0.00678458 0.0403695 -0.0144479 0.0587326 -0.0381986 -0.069851
internal_weight=179 71 49 34 108 84
internal_count=179 71 49 34 108 84
is_linear=0
shrinkage=0.03


Tree=195
num_leaves=7
num_cat=0
split_feature=22 2 22 5 4 17
split_gain=483.688 525.47 377.296 206.084 173.316 152.683
threshold=-3.748039215686275 17.550000000000004 -7.833333333333333 1.0000000180025095e-35 -0.6830127018922193 23.500000000000004
decision_type=10 2 8 2 2 10
left_child=1 2 -1 5 -3 -2
right_child=3 4 -4 -5 -6 -7
leaf_value=0.0076727595648100212 0.00041050537489354608 -0.11759673516520044 0.14631144823835177 -0.12963084589351306 0.00015067570975848608 -0.098229820919888369
leaf_weight=38 43 17 29 28 23 15.999999999999998
leaf_count=38 43 17 29 28 23 16
internal_value=-0.0180871 0.0243001 0.0736739 -0.0687059 -0.057398 -0.0319238
internal_weight=194 107 67 87 40 59
internal_count=194 107 67 87 40 59
is_linear=0
shrinkage=0.03


Tree=196
num_leaves=7
num_cat=0
split_feature=13 2 2 4 2 2
split_gain=359.636 304.733 535.228 315.359 557.441 309.191
threshold=-5.2823529411764705 16.850000000000005 15.050000000000002 -0.6830127018922193 13.15 8.4500000000000011
decision_type=10 2 2 2 2 2
left_child=1 2 3 -1 5 -5
right_child=-2 -3 -4 4 -6 -7
leaf_value=-0.12586434375156055 0.098092076539993286 -0.079778720017137192 0.1349534750243892 -0.053203651053564886 -0.11826303279669954 0.087049563478450387
leaf_weight=17 20 53 18 15.999999999999998 20 44
leaf_count=17 20 53 18 16 20 44
internal_value=-0.00854079 -0.0237033 0.00438742 -0.025269 0.00225384 0.0484331
internal_weight=188 168 115 97 80 60
internal_count=188 168 115 97 80 60
is_linear=0
shrinkage=0.03


Tree=197
num_leaves=7
num_cat=0
split_feature=0 5 2 22 2 1
split_gain=375.679 288.015 793.918 608.222 546.977 321.911
threshold=32.500000000000007 1.0000000180025095e-35 11.65 79.500000000000014 12.850000000000003 7.5000000000000009
decision_type=2 2 2 8 2 8
left_child=-1 4 -3 -4 -2 -6
right_child=1 2 3 -5 5 -7
leaf_value=0.10352784315347671 0.097936929890087662 -0.22601201221346853 -0.068282185231938075 0.1124226459145546 0.012192193285695143 -0.1257152319431305
leaf_weight=20 37 14.999999999999998 46 20 37 20
leaf_count=20 37 15 46 20 37 20
internal_value=-0.00560664 -0.0206085 -0.0603729 -0.00946233 0.0149752 -0.0424324
internal_weight=195 175 81 66 94 57
internal_count=195 175 81 66 94 57
is_linear=0
shrinkage=0.03


Tree=198
num_leaves=7
num_cat=0
split_feature=2 5 3 17 17 2
split_gain=460.604 1360.04 742.325 348.664 169.908 379.853
threshold=13.050000000000002 1.0000000180025095e-35 1.0000000180025095e-35 -11.499999999999998 39.000000000000007 18.000000000000004
decision_type=2 2 2 10 8 2
left_child=1 3 -2 -1 -4 -6
right_child=2 -3 4 -5 5 -7
leaf_value=0.22473787581920623 -0.18503522289835889 -0.095750660338709423 -0.049296545433635645 0.040094879052855754 0.083979473480063932 -0.049033307643497691
leaf_weight=25 18 26 32 17 41 29
leaf_count=25 18 26 32 17 41 29
internal_value=0.00400049 0.0637802 -0.0310709 0.162218 0.00347618 0.029279
internal_weight=188 68 120 42 102 70
internal_count=188 68 120 42 102 70
is_linear=0
shrinkage=0.03


Tree=199
num_leaves=7
num_cat=0
split_feature=17 2 2 6 4 2
split_gain=238.023 254.37 816.844 400.481 397.418 519.637
threshold=-84.999999999999986 17.550000000000004 14.450000000000001 0.22500000000000003 -0.6830127018922193 13.15
decision_type=10 2 2 8 2 2
left_child=1 2 4 -3 -1 -6
right_child=-2 3 -4 -5 5 -7
leaf_value=-0.16335421142253007 0.030541016244497454 -0.0040027608815580611 0.15977396455407142 -0.1951712839944022 0.037378300064139891 -0.13058840349316597
leaf_weight=17 56 19 14.999999999999998 15.999999999999998 49 19
leaf_count=17 56 19 15 16 49 19
internal_value=-0.0196208 -0.0407762 -0.0144191 -0.104867 -0.0523276 -0.0152835
internal_weight=191 135 100 35 85 68
internal_count=191 135 100 35 85 68
is_linear=0
shrinkage=0.03


Tree=200
num_leaves=7
num_cat=0
split_feature=2 2 4 2 2 2
split_gain=268.986 1024.72 474.433 323.261 707.434 478.499
threshold=9.8500000000000032 11.65 0.25000000000000011 13.550000000000002 16.850000000000005 15.050000000000002
decision_type=2 2 2 2 2 2
left_child=-1 -2 3 -3 5 -5
right_child=1 2 -4 4 -6 -7
leaf_value=-0.069575280716706961 0.21068440295755864 -0.067355736758973869 -0.10815036398172378 0.031900299005210402 -0.016803260667249558 0.25209179708361629
leaf_weight=24 19 22 25 19 55 14.999999999999998
leaf_count=24 19 22 25 19 55 15
internal_value=0.0150808 0.0299535 -0.00187141 0.0256952 0.0510558 0.148909
internal_weight=179 155 136 111 89 34
internal_count=179 155 136 111 89 34
is_linear=0
shrinkage=0.03


Tree=201
num_leaves=7
num_cat=0
split_feature=2 5 5 5 22 22
split_gain=258.34 817.657 426.7 871.998 399.288 346.147
threshold=13.050000000000002 1.0000000180025095e-35 -0.5 -0.9330127018922193 23.500000000000004 28.500000000000004
decision_type=2 2 2 2 8 8
left_child=1 4 3 -2 -1 -4
right_child=2 -3 5 -5 -6 -7
leaf_value=0.031872869815145213 0.014286425031903312 -0.062663372702458323 -0.0078284638642140154 -0.22364128303121436 0.21186968446351015 0.13746663549116678
leaf_weight=23 36 29 48 17 21 15.999999999999998
leaf_count=23 36 29 48 17 21 16
internal_value=0.0123488 0.05475 -0.0152662 -0.0747304 0.130634 0.0358245
internal_weight=190 73 117 53 44 64
internal_count=190 73 117 53 44 64
is_linear=0
shrinkage=0.03


Tree=202
num_leaves=7
num_cat=0
split_feature=22 0 16 6 2 2
split_gain=505.363 505.448 307.458 252.951 452.616 526.883
threshold=-84.999999999999986 57.500000000000007 1.5000000000000002 1.0000000180025095e-35 15.950000000000001 11.850000000000003
decision_type=10 2 10 8 2 2
left_child=1 -1 3 -2 5 -5
right_child=2 -3 -4 4 -6 -7
leaf_value=0.0066838073730468746 -0.037462874792124096 -0.21146813137190681 -0.06587496990194687 -0.0057614222900010644 -0.030347072688432841 0.16868690375983716
leaf_weight=17 33 15.999999999999998 34 25 34 35
leaf_count=17 33 16 34 25 34 35
internal_value=-0.0145498 -0.112994 0.008424 0.0300569 0.0544555 0.101148
internal_weight=194 33 161 127 94 60
internal_count=194 33 161 127 94 60
is_linear=0
shrinkage=0.03


Tree=203
num_leaves=7
num_cat=0
split_feature=0 20 2 2 22 21
split_gain=493.505 399.424 429.746 295.608 794.21 680.552
threshold=47.500000000000007 2.5000000000000004 12.550000000000002 18.000000000000004 56.500000000000007 18.622549019607849
decision_type=2 8 2 2 8 8
left_child=1 -1 -3 4 5 -2
right_child=3 2 -4 -5 -6 -7
leaf_value=-0.026570186142263742 0.11545262407511472 0.20729563299911097 0.029715910662304269 -0.090226434704869282 0.16866414653403417 -0.087423844518231569
leaf_weight=24 14.999999999999998 20 28 38 15.999999999999998 56
leaf_count=24 15 20 28 38 16 56
internal_value=0.0100539 0.0700322 0.116283 -0.0258584 0.00563201 -0.0397869
internal_weight=197 72 48 125 87 71
internal_count=197 72 48 125 87 71
is_linear=0
shrinkage=0.03


Tree=204
num_leaves=7
num_cat=0
split_feature=16 12 17 5 2 2
split_gain=304.684 320.512 233.804 393.306 424.106 349.681
threshold=25.000000000000004 32.95000000000001 -84.999999999999986 -0.68301270189221952 17.350000000000005 13.750000000000002
decision_type=10 8 10 2 2 2
left_child=1 -1 3 -3 5 -5
right_child=-2 2 -4 4 -6 -7
leaf_value=0.080888958135071923 -0.12629189908504485 -0.13079324157798991 0.027573948226502682 -0.022583382899562517 -0.099977592831027917 0.12528172266483306
leaf_weight=29 14.999999999999998 29 56 31 24 20
leaf_count=29 15 29 56 31 24 20
internal_value=-0.0149324 -0.00306724 -0.0202744 -0.0461218 -0.00725386 0.0414115
internal_weight=204 189 160 104 75 51
internal_count=204 189 160 104 75 51
is_linear=0
shrinkage=0.03


Tree=205
num_leaves=7
num_cat=0
split_feature=0 5 20 17 13 5
split_gain=510.115 492.027 358.323 323.981 443.615 163.338
threshold=42.500000000000007 1.0000000180025095e-35 19.500000000000004 27.500000000000004 -6.6039215686274479 0.6830127018922193
decision_type=2 2 8 8 10 2
left_child=2 3 -1 -2 -5 -3
right_child=1 5 -4 4 -6 -7
leaf_value=0.0069439184578026043 0.10400091573115318 -0.11616945661604404 0.1560913305580616 -0.069790616263945893 0.088015810847282411 -0.011466585007997658
leaf_weight=29 26 39 25 40 20 21
leaf_count=29 26 39 25 40 20 21
internal_value=0.00874679 -0.0207003 0.0833701 0.0250972 -0.0144643 -0.0832244
internal_weight=200 146 54 86 60 60
internal_count=200 146 54 86 60 60
is_linear=0
shrinkage=0.03


Tree=206
num_leaves=7
num_cat=0
split_feature=0 22 16 3 21 0
split_gain=369.683 526.09 364.719 215.234 202.597 127.039
threshold=37.500000000000007 -84.999999999999986 -30.499999999999996 1.0000000180025095e-35 18.622549019607849 52.500000000000007
decision_type=2 10 10 2 8 2
left_child=3 -2 -3 -1 -4 -6
right_child=1 2 4 -5 5 -7
leaf_value=0.0083117630746629492 -0.12399653458595276 0.059490471875667569 0.036280527412891388 0.13387542590498924 -0.011443802826106547 -0.11687832403641479
leaf_weight=22 25 70 19 25 19 21
leaf_count=22 25 70 19 25 19 21
internal_value=0.0123292 -0.0106973 0.0150674 0.0815515 -0.038168 -0.0736331
internal_weight=201 154 129 47 59 40
internal_count=201 154 129 47 59 40
is_linear=0
shrinkage=0.03


Tree=207
num_leaves=7
num_cat=0
split_feature=2 2 4 4 2 22
split_gain=295.847 672.892 1678.17 1648.98 678.469 819.757
threshold=9.8500000000000032 13.050000000000002 0.25000000000000011 0.25000000000000011 16.850000000000005 28.500000000000004
decision_type=2 2 2 2 2 8
left_child=-1 3 4 -2 5 -3
right_child=1 2 -4 -5 -6 -7
leaf_value=-0.085321620702743517 -0.086043739502246558 0.0045121604553423822 -0.26031529044563123 0.23874395868994971 -0.038958819887799319 0.25877389383316041
leaf_weight=25 21 27 17 28 56 14.999999999999998
leaf_count=25 21 27 17 28 56 15
internal_value=0.00153715 0.0169104 -0.0231963 0.104471 0.0285765 0.113189
internal_weight=189 164 115 49 98 42
internal_count=189 164 115 49 98 42
is_linear=0
shrinkage=0.03


Tree=208
num_leaves=7
num_cat=0
split_feature=4 2 22 0 2 0
split_gain=386.206 376.734 565.666 526.736 328.943 272.127
threshold=-0.6830127018922193 13.050000000000002 16.500000000000004 42.500000000000007 15.450000000000001 57.500000000000007
decision_type=2 2 8 2 2 2
left_child=4 3 -3 -2 -1 -6
right_child=1 2 -4 -5 5 -7
leaf_value=-0.13546559427793209 0.18099458023905751 0.045786443443761926 -0.1246145502420572 0.0051806520126961367 0.086134241726249436 -0.070475038200616832
leaf_weight=21 25 49 21 32 15.000000000000002 14.999999999999998
leaf_count=21 25 49 21 32 15 15
internal_value=0.00898956 0.0367728 -0.0102335 0.0906697 -0.0573022 0.00894812
internal_weight=178 127 70 57 51 30
internal_count=178 127 70 57 51 30
is_linear=0
shrinkage=0.03


Tree=209
num_leaves=7
num_cat=0
split_feature=0 2 2 0 17 17
split_gain=350.453 542.659 352.862 705.937 322.036 277.727
threshold=42.500000000000007 13.050000000000002 13.450000000000001 57.500000000000007 -11.499999999999998 -11.499999999999998
decision_type=2 2 2 2 10 8
left_child=1 -1 4 -4 -2 -5
right_child=2 -3 3 5 -6 -7
leaf_value=0.16034926979772504 -0.14047643202543258 -0.016211021301735726 0.16111731633543969 0.069816620009286054 0.014018283803015947 -0.058032291794227343
leaf_weight=26 25 30 19 15.999999999999998 19 54
leaf_count=26 25 30 19 16 19 54
internal_value=0.0125497 0.0721876 -0.0142666 0.0203091 -0.0791399 -0.0261034
internal_weight=189 56 133 89 44 70
internal_count=189 56 133 89 44 70
is_linear=0
shrinkage=0.03


Tree=210
num_leaves=7
num_cat=0
split_feature=0 22 19 22 5 16
split_gain=440.716 530.485 193.625 176.276 425.269 620.079
threshold=32.500000000000007 -84.999999999999986 29.000000000000004 25.500000000000004 1.0000000180025095e-35 8.0000000000000018
decision_type=2 10 8 10 2 8
left_child=-1 -2 -3 4 5 -4
right_child=1 2 3 -5 -6 -7
leaf_value=0.10742905334286068 -0.14520477037275989 -0.086672574684489523 -0.020181929035221827 -0.050391407262634587 -0.044292863698109336 0.16827719575725494
leaf_weight=18 26 19 29 32 41 27
leaf_count=18 26 19 29 32 41 27
internal_value=-0.0168218 -0.0323171 -0.00838831 0.00594575 0.0260903 0.0770276
internal_weight=192 174 148 129 97 56
internal_count=192 174 148 129 97 56
is_linear=0
shrinkage=0.03


Tree=211
num_leaves=7
num_cat=0
split_feature=4 0 2 23 3 2
split_gain=283.287 645.676 513.023 601.619 534.528 489.737
threshold=0.68301270189221941 47.500000000000007 12.550000000000002 -1.0000000180025095e-35 1.0000000180025095e-35 13.550000000000002
decision_type=2 2 2 2 2 2
left_child=1 2 3 -1 -4 -3
right_child=-2 5 4 -5 -6 -7
leaf_value=6.6389679908752431e-05 0.10888699445128441 -0.14892964108901866 -0.11661867569322172 0.25142493045330044 0.085973738329485044 -0.013286851722747087
leaf_weight=15.000000000000002 14.999999999999998 29 18 14.999999999999998 19 85
leaf_count=15 15 29 18 15 19 85
internal_value=0.00163822 -0.00993795 0.0612634 0.143709 -0.0147348 -0.0526002
internal_weight=196 181 67 30 37 114
internal_count=196 181 67 30 37 114
is_linear=0
shrinkage=0.03


Tree=212
num_leaves=7
num_cat=0
split_feature=0 19 0 22 1 22
split_gain=442.245 303.595 250.439 655.981 180.409 376.293
threshold=102.50000000000001 29.000000000000004 42.500000000000007 -5.2068627450980367 12.500000000000002 70.000000000000014
decision_type=2 8 2 10 10 8
left_child=1 -1 3 -3 5 -4
right_child=-2 2 4 -5 -6 -7
leaf_value=-0.066173369809985158 -0.12151458281278608 0.21974161652001467 0.029024042248970171 -0.011991952674893233 0.070995476634094584 -0.11830059664590017
leaf_weight=22 14.999999999999998 17 56 21 33 15.999999999999998
leaf_count=22 15 17 56 21 33 16
internal_value=0.0123759 0.0277637 0.0439629 0.105175 0.0180362 -0.00927073
internal_weight=180 165 143 38 105 72
internal_count=180 165 143 38 105 72
is_linear=0
shrinkage=0.03


Tree=213
num_leaves=7
num_cat=0
split_feature=2 16 0 5 22 22
split_gain=282.353 208.583 302.69 331.822 582.157 438.451
threshold=9.8500000000000032 -1.0000000180025095e-35 102.50000000000001 -0.5 23.500000000000004 79.500000000000014
decision_type=2 10 2 2 8 8
left_child=-1 2 3 4 -2 -5
right_child=1 -3 -4 5 -6 -7
leaf_value=-0.086349364264357464 0.057534567133656567 -0.047172871878636731 -0.069752425029873846 0.035995553521548998 -0.13596791676112582 0.20684325524738859
leaf_weight=26 37 37 19 46 15.999999999999998 15.999999999999998
leaf_count=26 37 37 19 46 16 16
internal_value=-0.00292843 0.0118482 0.0292557 0.0478384 -0.0075668 0.0922311
internal_weight=197 171 134 115 53 62
internal_count=197 171 134 115 53 62
is_linear=0
shrinkage=0.03


Tree=214
num_leaves=7
num_cat=0
split_feature=22 2 0 20 16 1
split_gain=549.175 460.286 394.308 650.369 281.324 148.06
threshold=-84.999999999999986 11.050000000000002 47.500000000000007 12.500000000000002 -10.499999999999998 7.5000000000000009
decision_type=10 2 2 8 10 10
left_child=-1 5 3 -3 -4 -2
right_child=1 2 4 -5 -6 -7
leaf_value=-0.10236936913954245 0.0029529586806893346 -0.010902830530767856 0.045742491216343988 0.22080800154461311 -0.067434659664119989 -0.11832128324291923
leaf_weight=32 14.999999999999998 18 63 21 23 17
leaf_count=32 15 18 63 21 23 17
internal_value=0.00196333 0.0257318 0.0516351 0.124778 0.0134321 -0.068757
internal_weight=189 157 125 39 86 32
internal_count=189 157 125 39 86 32
is_linear=0
shrinkage=0.03


Tree=215
num_leaves=7
num_cat=0
split_feature=23 0 17 0 2 2
split_gain=298.134 284.485 214.143 278.3 483.561 902.889
threshold=11.500000000000002 102.50000000000001 27.500000000000004 32.500000000000007 15.050000000000002 18.000000000000004
decision_type=2 2 8 2 2 2
left_child=1 2 -1 -4 -5 -6
right_child=-2 -3 3 4 5 -7
leaf_value=0.083520871629871957 -0.11510075807571411 -0.093009780943393711 0.10470005634427071 -0.057164624502946584 0.1933375646173954 -0.058034237758095922
leaf_weight=30 15.999999999999998 19 14.999999999999998 82 19 24
leaf_count=30 16 19 15 82 19 24
internal_value=-0.0078492 0.0039628 0.0171487 0.000536465 -0.0155093 0.0616064
internal_weight=205 189 170 140 125 43
internal_count=205 189 170 140 125 43
is_linear=0
shrinkage=0.03


Tree=216
num_leaves=7
num_cat=0
split_feature=0 2 3 16 17 2
split_gain=352.301 309.684 521.292 612.986 376.038 514.61
threshold=32.500000000000007 13.450000000000001 1.0000000180025095e-35 -39.999999999999993 39.000000000000007 18.000000000000004
decision_type=2 2 2 10 8 2
left_child=-1 2 -2 -4 -3 -6
right_child=1 4 3 -5 5 -7
leaf_value=0.10345025431364775 0.0091477177518865336 -0.065363657229086922 -0.25777147418260571 -0.0097452600977637541 0.12078203937342 -0.043741191878914835
leaf_weight=19 41 29 14.999999999999998 17 38 25
leaf_count=19 41 29 15 17 38 25
internal_value=-0.00427088 -0.019353 -0.0634491 -0.14513 0.0171034 0.0570793
internal_weight=184 165 73 32 92 63
internal_count=184 165 73 32 92 63
is_linear=0
shrinkage=0.03


Tree=217
num_leaves=7
num_cat=0
split_feature=2 2 4 5 5 2
split_gain=312.164 391.366 956.795 269.227 817.492 630.154
threshold=9.8500000000000032 13.050000000000002 0.25000000000000011 -0.5 -0.9330127018922193 16.850000000000005
decision_type=2 2 2 2 2 2
left_child=-1 2 -2 4 -3 -5
right_child=1 3 -4 5 -6 -7
leaf_value=-0.092068064235723931 -0.058071827173233032 0.025475954209885944 0.19854866558313369 0.11938064659635225 -0.2071028889289924 -0.053237256927461153
leaf_weight=21 20 36 25 31 15.999999999999998 36
leaf_count=21 20 36 25 31 16 36
internal_value=0.00484855 0.0196153 0.0900933 -0.00959412 -0.0579763 0.0293747
internal_weight=185 164 45 119 52 67
internal_count=185 164 45 119 52 67
is_linear=0
shrinkage=0.03


Tree=218
num_leaves=7
num_cat=0
split_feature=2 2 4 4 22 16
split_gain=195.108 481.856 1265.65 1007.09 553.863 450.852
threshold=9.8500000000000032 12.550000000000002 0.25000000000000011 0.25000000000000011 79.500000000000014 4.0000000000000009
decision_type=2 2 2 2 8 8
left_child=-1 3 4 -2 5 -3
right_child=1 2 -4 -5 -6 -7
leaf_value=-0.070820126883685594 -0.06868722455842155 0.071771888308800186 -0.23018007546663286 0.21747745730555973 0.15872400218790228 -0.058472536958513718
leaf_weight=25 15.999999999999998 34 15.999999999999998 21 17 57
leaf_count=25 16 34 16 21 17 57
internal_value=-0.00042235 0.0123129 -0.0168066 0.100285 0.0235906 -0.00860618
internal_weight=186 161 124 37 108 91
internal_count=186 161 124 37 108 91
is_linear=0
shrinkage=0.03


Tree=219
num_leaves=7
num_cat=0
split_feature=2 22 4 22 1 22
split_gain=353.296 413.343 331.291 329.153 296.474 142.666
threshold=18.000000000000004 -2.1346405228758187 0.25000000000000011 -7.833333333333333 1.0000000180025095e-35 -34.958843537414957
decision_type=2 10 2 8 10 10
left_child=1 3 4 -1 -3 -2
right_child=5 2 -4 -5 -6 -7
leaf_value=0.0092496638158534421 -0.13133550386537207 0.011724861748516559 0.044757292454521501 0.13501959928444454 -0.14391560362918038 -0.022930923728272316
leaf_weight=42 17 17 26 30 23 27
leaf_count=42 17 17 26 30 23 27
internal_value=-0.00452922 0.019414 -0.0335805 0.0670184 -0.0838153 -0.0739423
internal_weight=182 138 66 72 40 44
internal_count=182 138 66 72 40 44
is_linear=0
shrinkage=0.03


Tree=220
num_leaves=7
num_cat=0
split_feature=0 23 22 6 3 0
split_gain=326.215 464.254 225.108 168.416 213.557 774.698
threshold=32.500000000000007 2.5186274509803899 -84.999999999999986 1.0000000180025095e-35 1.0000000180025095e-35 52.500000000000007
decision_type=2 2 10 8 2 2
left_child=-1 2 -2 -4 -5 -6
right_child=1 -3 3 4 5 -7
leaf_value=0.083286035388708116 -0.12551680810989871 0.083418327528569425 -0.09914268362853261 -0.065418038811577955 0.16286117310109346 -0.04848622247880819
leaf_weight=20 26 22 22 38 18 44
leaf_count=20 26 22 22 38 18 44
internal_value=-0.0188534 -0.0329061 -0.0523586 -0.0324397 -0.0137428 0.0204475
internal_weight=190 170 148 122 100 62
internal_count=190 170 148 122 100 62
is_linear=0
shrinkage=0.03


Tree=221
num_leaves=7
num_cat=0
split_feature=16 4 1 1 12 5
split_gain=366.932 161.849 244.312 228.549 202.227 187.092
threshold=8.0000000000000018 0.25000000000000011 12.500000000000002 -7.4999999999999991 -21.599999999999998 0.6830127018922193
decision_type=10 2 8 10 10 2
left_child=1 3 -3 -1 5 -5
right_child=-2 2 -4 4 -6 -7
leaf_value=-0.052319021701812747 -0.10293477629976613 -0.086647141493856897 0.048380403348377773 0.10588250419268241 -0.03021355011463165 0.0138886578977108
leaf_weight=20 23 25 15.999999999999998 47 20 35
leaf_count=20 23 25 16 47 20 35
internal_value=-0.00244752 0.0143732 -0.0344223 0.0314813 0.0495897 0.0696717
internal_weight=186 163 41 122 102 82
internal_count=186 163 41 122 102 82
is_linear=0
shrinkage=0.03


Tree=222
num_leaves=7
num_cat=0
split_feature=0 3 2 22 22 1
split_gain=237.432 556.211 681.768 557.746 236.767 436.851
threshold=52.500000000000007 1.0000000180025095e-35 10.800000000000002 1.0591503267973865 -3.748039215686275 7.5000000000000009
decision_type=2 2 2 8 10 10
left_child=1 3 -3 -1 5 -2
right_child=4 2 -4 -5 -6 -7
leaf_value=0.090504534652699586 -0.043676026992499825 -0.042378617584705347 0.18467242743084697 -0.10371029129717499 -0.068330400925637649 0.097960692286491388
leaf_weight=18 40 14.999999999999998 33 27 39 30
leaf_count=18 40 15 33 27 39 30
internal_value=0.0163745 0.0503353 0.116415 -0.0247425 -0.013538 0.0195094
internal_weight=202 93 48 45 109 70
internal_count=202 93 48 45 109 70
is_linear=0
shrinkage=0.03


Tree=223
num_leaves=7
num_cat=0
split_feature=22 0 2 2 5 2
split_gain=347.371 224.593 227.419 977.575 583.857 415.52
threshold=-3.748039215686275 32.500000000000007 15.050000000000002 16.850000000000005 1.0000000180025095e-35 12.15
decision_type=8 2 2 2 2 2
left_child=-1 -2 4 -4 5 -3
right_child=1 2 3 -5 -6 -7
leaf_value=0.05332959541568049 0.067470157563686364 0.065900700082702018 0.16685702365423952 -0.10404075050992624 -0.18131409811122076 -0.10950083045661449
leaf_weight=76 14.999999999999998 26 15.999999999999998 23 23 14.999999999999998
leaf_count=76 15 26 16 23 23 15
internal_value=0.00520637 -0.0266962 -0.0428985 0.0134286 -0.0757085 -0.00319772
internal_weight=194 118 103 39 64 41
internal_count=194 118 103 39 64 41
is_linear=0
shrinkage=0.03


Tree=224
num_leaves=7
num_cat=0
split_feature=22 1 23 4 11 6
split_gain=311.415 455.89 298.407 158.735 111.667 149.235
threshold=79.500000000000014 12.500000000000002 2.5186274509803899 0.25000000000000011 -6.4999999999999991 inf
decision_type=8 10 2 2 8 8
left_child=1 2 4 -3 -1 -6
right_child=-2 3 -4 -5 5 -7
leaf_value=0.03531706848149669 0.072874218162737384 -0.17105155859674723 0.10012616166844963 -0.030409679442644121 -0.098707700954831154 -0.0086082323991200499
leaf_weight=24 33 16.000000000000004 19 14.999999999999998 18 63
leaf_count=24 33 16 19 15 18 63
internal_value=-0.00445321 -0.0226793 0.0044309 -0.116674 -0.0166495 -0.0332051
internal_weight=188 155 124 31 105 81
internal_count=188 155 124 31 105 81
is_linear=0
shrinkage=0.03


Tree=225
num_leaves=7
num_cat=0
split_feature=0 17 2 21 0 2
split_gain=234.152 230.944 432.081 276.115 344.295 368.141
threshold=32.500000000000007 -84.999999999999986 15.950000000000001 18.622549019607849 42.500000000000007 11.950000000000001
decision_type=2 10 2 8 2 2
left_child=-1 3 -3 -2 -5 -6
right_child=1 2 -4 4 5 -7
leaf_value=0.094818879961967459 0.049840229814872142 0.12405473583936692 -0.036299747899174686 0.029308137858615201 -0.19958236759901046 -0.03967988832782094
leaf_weight=19 27 25 27 29 14.999999999999998 47
leaf_count=19 27 25 27 29 15 47
internal_value=0.0070725 -0.00516336 0.0449132 -0.0281597 -0.052693 -0.0903732
internal_weight=189 170 52 118 91 62
internal_count=189 170 52 118 91 62
is_linear=0
shrinkage=0.03


Tree=226
num_leaves=7
num_cat=0
split_feature=2 2 2 20 17 1
split_gain=262.94 281.9 559.545 374.623 477.609 749.121
threshold=9.8500000000000032 17.550000000000004 15.050000000000002 -23.499999999999996 66.000000000000014 1.0000000180025095e-35
decision_type=2 2 2 10 8 10
left_child=-1 2 3 4 -2 -6
right_child=1 -3 -4 -5 5 -7
leaf_value=-0.084324497518868266 0.089559448794885102 -0.038926881119128197 0.14500155080448499 0.11449409982562066 0.055308159197179164 -0.16012980595231055
leaf_weight=24 17 57 28 14.999999999999998 21 31
leaf_count=24 17 57 28 15 21 31
internal_value=-0.00070857 0.0132478 0.0403297 -0.000746865 -0.0318426 -0.0759063
internal_weight=193 169 112 84 69 52
internal_count=193 169 112 84 69 52
is_linear=0
shrinkage=0.03


Tree=227
num_leaves=7
num_cat=0
split_feature=12 4 0 22 22 17
split_gain=345.756 335.614 356.336 318.545 245.407 99.8464
threshold=32.95000000000001 0.68301270189221941 32.500000000000007 -9.9999999999999982 44.500000000000007 -84.999999999999986
decision_type=8 2 2 8 10 10
left_child=-1 2 -2 5 -5 -4
right_child=1 -3 3 4 -6 -7
leaf_value=0.099190801220946007 0.083595070722310441 0.10425255605578422 -0.017141295377822482 -0.10342702337673733 0.023551986873149869 0.065466085293076251
leaf_weight=25 18 14.999999999999998 29 65 14.999999999999998 17
leaf_count=25 18 15 29 65 15 17
internal_value=0.00567227 -0.0116077 -0.0267699 -0.0451252 -0.0796336 0.0168127
internal_weight=184 159 144 126 80 46
internal_count=184 159 144 126 80 46
is_linear=0
shrinkage=0.03


Tree=228
num_leaves=7
num_cat=0
split_feature=17 12 2 16 5 3
split_gain=240.033 246.182 354.87 262.524 625.316 213.021
threshold=-84.999999999999986 5.0500000000000016 11.050000000000002 -7.9999999999999991 -0.24999999999999994 1.0000000180025095e-35
decision_type=10 10 2 8 2 2
left_child=1 2 -1 -4 -5 -6
right_child=-2 -3 3 4 5 -7
leaf_value=0.042475050931627102 0.039060004086726732 0.064650954008102418 0.0031238232349807566 -0.24737183175981045 -0.11490677297115326 0.0077105428930372005
leaf_weight=28 63 17 28 14.999999999999998 15.999999999999998 31
leaf_count=28 63 17 28 15 16 31
internal_value=-0.00738786 -0.0296844 -0.0453507 -0.0734717 -0.105715 -0.0410666
internal_weight=198 135 118 90 62 47
internal_count=198 135 118 90 62 47
is_linear=0
shrinkage=0.03


Tree=229
num_leaves=7
num_cat=0
split_feature=4 2 0 2 22 22
split_gain=507.606 669.531 560.578 460.853 911.676 379.096
threshold=-0.6830127018922193 13.15 47.500000000000007 9.3500000000000032 23.500000000000004 -31.499999999999996
decision_type=2 2 2 2 8 10
left_child=5 3 -3 -2 -5 -1
right_child=1 2 -4 4 -6 -7
leaf_value=-0.18998078844764016 -0.044874327898557699 -0.17812630734273363 0.0029415290670529487 0.011495324373245238 0.26857705313226449 -0.024651969637917843
leaf_weight=17 15.999999999999998 15.999999999999998 57 28 18 33
leaf_count=17 16 16 57 28 18 33
internal_value=-0.0161072 0.0146856 -0.0456189 0.0837949 0.128561 -0.0930246
internal_weight=185 135 73 62 46 50
internal_count=185 135 73 62 46 50
is_linear=0
shrinkage=0.03


Tree=230
num_leaves=7
num_cat=0
split_feature=20 2 22 22 1 22
split_gain=264.996 300.874 536.673 382.456 449.19 172.634
threshold=19.500000000000004 18.000000000000004 75.000000000000014 25.500000000000004 12.500000000000002 -3.748039215686275
decision_type=8 2 8 10 10 8
left_child=-1 2 3 4 -2 -3
right_child=1 5 -4 -5 -6 -7
leaf_value=-0.056644170200452204 0.094616434081242623 0.01495101675391197 0.15466898272114415 -0.080794815786182875 -0.062072176051139835 -0.1051233731616627
leaf_weight=43 47 19 26 25 20 17
leaf_count=43 47 19 26 25 20 17
internal_value=0.00527888 0.0238066 0.0466597 0.00973614 0.0467813 -0.0476558
internal_weight=197 154 118 92 67 36
internal_count=197 154 118 92 67 36
is_linear=0
shrinkage=0.03


Tree=231
num_leaves=7
num_cat=0
split_feature=20 20 2 2 4 2
split_gain=233.734 242.42 219.108 305.79 516.548 532.765
threshold=11.000000000000002 -14.499999999999998 18.000000000000004 15.050000000000002 -0.6830127018922193 11.250000000000002
decision_type=8 10 2 2 2 2
left_child=1 -1 3 4 -2 -6
right_child=2 -3 -4 -5 5 -7
leaf_value=0.031970016078225201 -0.11321455700056893 -0.11241866137022558 -0.030960677976791674 0.12431045042501913 0.16576886742160868 -2.61737663170387e-05
leaf_weight=15.999999999999998 15.999999999999998 18 34 32 21 53
leaf_count=16 16 18 34 32 21 53
internal_value=0.0174807 -0.0490836 0.033062 0.0514209 0.020326 0.0545376
internal_weight=190 34 156 122 90 74
internal_count=190 34 156 122 90 74
is_linear=0
shrinkage=0.03


Tree=232
num_leaves=7
num_cat=0
split_feature=12 22 22 0 17 5
split_gain=322.983 224.045 259.858 218.672 240.055 204.571
threshold=-4.9999999999999991 22.097549019607843 44.500000000000007 92.500000000000014 -64.999999999999986 -0.5
decision_type=10 8 10 2 10 2
left_child=1 3 5 4 -1 -3
right_child=-2 2 -4 -5 -6 -7
leaf_value=0.0031132742767467311 0.087158491606673882 -0.16789714200156075 0.031322767060735945 -0.07384106234363888 0.11880641694579805 -0.037821297156624495
leaf_weight=71 26 15.999999999999998 18 18 15.999999999999998 31
leaf_count=71 26 16 18 18 16 31
internal_value=-0.00214861 -0.0179073 -0.0595283 0.00939272 0.0296907 -0.0939886
internal_weight=196 170 65 105 87 47
internal_count=196 170 65 105 87 47
is_linear=0
shrinkage=0.03


Tree=233
num_leaves=7
num_cat=0
split_feature=0 2 2 22 16 20
split_gain=288.417 464.817 350.53 572.735 357.551 338.189
threshold=42.500000000000007 11.65 18.000000000000004 20.825816993464056 1.5000000000000002 19.500000000000004
decision_type=2 2 2 10 8 8
left_child=5 -2 3 4 -3 -1
right_child=1 2 -4 -5 -6 -7
leaf_value=-0.011410296572880311 -0.12312599119468359 0.0020243278937414288 -0.070571192438538016 -0.087721731886267654 0.14598572757598516 0.13699745535850524
leaf_weight=28 27 27 32 19 32 21
leaf_count=28 27 27 32 19 32 21
internal_value=-2.53557e-05 -0.0224665 0.00651995 0.0404931 0.0854102 0.0589888
internal_weight=186 137 110 78 59 49
internal_count=186 137 110 78 59 49
is_linear=0
shrinkage=0.03


Tree=234
num_leaves=7
num_cat=0
split_feature=16 12 6 4 2 2
split_gain=243.171 198.621 268.978 193.056 1671.09 645.465
threshold=25.000000000000004 32.95000000000001 1.0000000180025095e-35 0.25000000000000011 13.15 13.15
decision_type=10 8 8 2 2 2
left_child=1 -1 -3 5 -5 -4
right_child=-2 2 3 4 -6 -7
leaf_value=0.079218573349137456 -0.095612273139201787 -0.088514791059174702 -0.10187661988660693 0.10663018695289088 -0.24069283042635237 0.076759167570102052
leaf_weight=26 17 23 19 26 15.999999999999998 74
leaf_count=26 17 23 19 26 16 74
internal_value=-0.00124362 0.00977399 -0.00373308 0.0133566 -0.0372131 0.0369279
internal_weight=201 184 158 135 42 93
internal_count=201 184 158 135 42 93
is_linear=0
shrinkage=0.03


Tree=235
num_leaves=7
num_cat=0
split_feature=20 13 5 22 22 22
split_gain=196.246 214.753 325.568 499.422 270.411 308.176
threshold=11.000000000000002 -6.6039215686274479 -0.5 -51.499999999999993 79.500000000000014 22.097549019607843
decision_type=8 10 2 10 8 10
left_child=-1 2 3 -2 5 -4
right_child=1 -3 4 -5 -6 -7
leaf_value=-0.051674409210681914 -0.1708108924627304 0.098385721080833002 0.048711706817150112 0.012895139344902924 0.1235404775234369 -0.092857517693191768
leaf_weight=37 14.999999999999998 22 40 38 21 14.999999999999998
leaf_count=37 15 22 40 38 21 15
internal_value=0.00606887 0.0214206 0.00511345 -0.0493401 0.0437892 0.00558127
internal_weight=188 151 129 53 76 55
internal_count=188 151 129 53 76 55
is_linear=0
shrinkage=0.03


Tree=236
num_leaves=7
num_cat=0
split_feature=22 22 5 2 2 2
split_gain=160.853 224.051 202.241 117.03 62.7337 167.565
threshold=56.500000000000007 -3.748039215686275 1.0000000180025095e-35 14.15 14.700000000000001 13.250000000000002
decision_type=8 10 2 2 2 2
left_child=1 4 3 -3 5 -1
right_child=-2 2 -4 -5 -6 -7
leaf_value=0.040741759043186901 0.049601488126360851 0.028607436401071027 -0.11274166838876132 -0.054146844983100885 0.047719678144629407 -0.071397369414567952
leaf_weight=25 41 27 24 25 36 14.999999999999998
leaf_count=25 41 27 24 25 36 15
internal_value=0.000272752 -0.0141889 -0.049117 -0.012438 0.021615 -0.00457099
internal_weight=193 152 76 52 76 40
internal_count=193 152 76 52 76 40
is_linear=0
shrinkage=0.03


Tree=237
num_leaves=7
num_cat=0
split_feature=2 4 2 4 16 2
split_gain=255.335 802.28 814.186 633.687 501.482 741.925
threshold=13.050000000000002 0.25000000000000011 10.250000000000002 0.25000000000000011 -5.4999999999999991 16.850000000000005
decision_type=2 2 2 2 10 2
left_child=1 -1 -3 4 5 -2
right_child=3 2 -4 -5 -6 -7
leaf_value=-0.056231134743303858 0.15149319490965674 -0.030822936469456181 0.23575566073258716 -0.17549275380000473 -0.11536654808599016 -0.02730340321681329
leaf_weight=32 29 14.999999999999998 22 14.999999999999998 18 51
leaf_count=32 29 15 22 15 18 51
internal_value=0.00602612 0.0495729 0.13688 -0.0215382 0.00940143 0.0426092
internal_weight=182 69 37 113 98 80
internal_count=182 69 37 113 98 80
is_linear=0
shrinkage=0.03


Tree=238
num_leaves=7
num_cat=0
split_feature=16 1 1 5 22 22
split_gain=207.202 158.323 267.084 430.034 570.607 335.806
threshold=25.000000000000004 -7.4999999999999991 7.5000000000000009 -0.5 2.1250000000000004 20.825816993464056
decision_type=10 10 10 2 8 8
left_child=1 -1 -3 5 -5 -4
right_child=-2 2 3 4 -6 -7
leaf_value=-0.054404319392310246 -0.0848165948079391 0.064770015287399285 0.0014065173268318176 -0.047724154293537137 0.16041945032098076 -0.17209164690971374
leaf_weight=22 17 70 20 22 17 14.999999999999998
leaf_count=22 17 70 20 22 17 15
internal_value=0.00189827 0.0129991 0.0247769 -0.0147594 0.0509244 -0.0851668
internal_weight=183 166 144 74 39 35
internal_count=183 166 144 74 39 35
is_linear=0
shrinkage=0.03


Tree=239
num_leaves=7
num_cat=0
split_feature=2 2 4 16 0 22
split_gain=363.861 879.209 857.064 238.559 489.173 188.569
threshold=12.550000000000002 9.8500000000000032 0.25000000000000011 -1.0000000180025095e-35 47.500000000000007 -0.83986928104575276
decision_type=2 2 2 10 2 8
left_child=1 -1 3 4 -2 -3
right_child=2 5 -4 -5 -6 -7
leaf_value=-0.067489767564693465 0.13194468035780149 0.039176427483558651 -0.19359320992360943 -0.07487705608606339 -0.015585227790086165 0.18714721490596903
leaf_weight=27 24 14.999999999999998 18 20 64 24
leaf_count=27 24 15 18 20 64 24
internal_value=0.00242421 0.0570581 -0.027279 0.00777955 0.0295808 0.141154
internal_weight=192 66 126 108 88 39
internal_count=192 66 126 108 88 39
is_linear=0
shrinkage=0.03


Tree=240
num_leaves=7
num_cat=0
split_feature=22 20 13 22 22 2
split_gain=309.999 207.616 237.394 179.973 444.238 430.577
threshold=-84.999999999999986 19.500000000000004 -6.6039215686274479 25.500000000000004 50.500000000000007 14.15
decision_type=10 8 10 10 10 2
left_child=-1 -2 3 5 -5 -3
right_child=1 2 -4 4 -6 -7
leaf_value=-0.079780788391828533 -0.035738632167922328 0.12484739962150343 0.11516898170113563 -0.13343566349574495 0.061034593771804459 -0.020667409479618072
leaf_weight=30 43 27 23 15.999999999999998 17 40
leaf_count=30 43 27 23 16 17 40
internal_value=0.0016052 0.0182162 0.0377377 0.0152923 -0.0384049 0.0425706
internal_weight=196 166 123 100 33 67
internal_count=196 166 123 100 33 67
is_linear=0
shrinkage=0.03


Tree=241
num_leaves=7
num_cat=0
split_feature=0 5 22 22 22 0
split_gain=165.888 240.255 714.124 602.889 510.983 199.922
threshold=102.50000000000001 -0.5 79.500000000000014 33.856470588235304 16.500000000000004 52.500000000000007
decision_type=2 2 8 8 10 2
left_child=1 3 4 5 -3 -1
right_child=-2 2 -4 -5 -6 -7
leaf_value=0.11698352179356983 -0.05556330537666445 0.067104694083461466 0.20430669859051703 -0.13268526406288148 -0.08560168836265801 0.0036134362779557702
leaf_weight=15.999999999999998 18 53 19 20 25 43
leaf_count=16 18 53 19 20 25 43
internal_value=0.0214191 0.0306097 0.0610528 -0.00817896 0.0159521 0.0410953
internal_weight=194 176 97 79 78 59
internal_count=194 176 97 79 78 59
is_linear=0
shrinkage=0.03


Tree=242
num_leaves=7
num_cat=0
split_feature=19 0 3 22 3 22
split_gain=202.266 299.62 453.228 357.584 133.066 312.102
threshold=-11.499999999999998 52.500000000000007 1.0000000180025095e-35 1.0591503267973865 1.0000000180025095e-35 -3.748039215686275
decision_type=10 2 2 8 2 8
left_child=1 2 3 -1 -3 -6
right_child=-2 4 -4 -5 5 -7
leaf_value=0.078635156450962487 -0.072472302764654162 0.050643564851387685 0.13648698472131329 -0.088922501131892207 0.025815139770507811 -0.088827227205038065
leaf_weight=17 19 18 34 19 40 37
leaf_count=17 19 18 34 19 40 37
internal_value=0.00939275 0.0206739 0.0655843 -0.00985772 -0.0140426 -0.03133
internal_weight=184 165 70 36 95 77
internal_count=184 165 70 36 95 77
is_linear=0
shrinkage=0.03


Tree=243
num_leaves=7
num_cat=0
split_feature=1 22 5 2 17 20
split_gain=230.014 471.378 334.089 259.807 252.981 752.658
threshold=-7.4999999999999991 79.500000000000014 1.0000000180025095e-35 10.800000000000002 27.500000000000004 -16.999999999999996
decision_type=10 8 2 2 8 10
left_child=-1 2 3 -2 -5 -6
right_child=1 -3 -4 4 5 -7
leaf_value=-0.051295865792781115 -0.047938481186117446 0.15201291667090522 -0.041030740633606906 0.15583154277876018 -0.043621060565318455 0.18168334266543387
leaf_weight=27 15.999999999999998 22 55 19 36 14.999999999999998
leaf_count=27 16 22 55 19 36 15
internal_value=0.0234846 0.0370295 0.0144973 0.0503127 0.0744688 0.0329501
internal_weight=190 163 141 86 70 51
internal_count=190 163 141 86 70 51
is_linear=0
shrinkage=0.03


Tree=244
num_leaves=7
num_cat=0
split_feature=0 2 17 2 2 22
split_gain=287.618 505.092 290.431 329.848 547.541 305.45
threshold=37.500000000000007 12.550000000000002 -84.999999999999986 15.050000000000002 18.450000000000003 15.062745098039221
decision_type=2 2 10 2 2 8
left_child=1 -1 3 5 -5 -2
right_child=2 -3 -4 4 -6 -7
leaf_value=0.16198493730133542 -0.030206880629062655 -0.022939693599939345 0.038894060539906142 0.14076183030009268 -0.070491544246673574 -0.17061792843043805
leaf_weight=21 40 25 56 14.999999999999998 20 19
leaf_count=21 40 25 56 15 20 19
internal_value=0.00743663 0.0690866 -0.0130881 -0.0444565 0.0263237 -0.0852209
internal_weight=196 46 150 94 35 59
internal_count=196 46 150 94 35 59
is_linear=0
shrinkage=0.03


Tree=245
num_leaves=7
num_cat=0
split_feature=19 23 2 4 2 2
split_gain=258.914 377.98 129.681 1109.63 422.989 598.817
threshold=29.000000000000004 2.5186274509803899 13.050000000000002 0.25000000000000011 17.350000000000005 15.050000000000002
decision_type=8 2 2 2 2 2
left_child=-1 2 -2 4 5 -4
right_child=1 -3 3 -5 -6 -7
leaf_value=-0.067408982730574066 0.051744679402349128 0.1434586263820529 0.0008528274628851148 -0.20730177010595796 -0.022669940572232008 0.22785983034968374
leaf_weight=22 48 19 22 14.999999999999998 43 14.999999999999998
leaf_count=22 48 19 22 15 43 15
internal_value=0.0196374 0.0331228 0.0141115 -0.0065397 0.0410831 0.109053
internal_weight=184 162 143 95 80 37
internal_count=184 162 143 95 80 37
is_linear=0
shrinkage=0.03


Tree=246
num_leaves=7
num_cat=0
split_feature=20 22 1 17 22 7
split_gain=347.508 195.002 351.816 323.912 123.315 177.914
threshold=-6.4999999999999991 -3.748039215686275 1.0000000180025095e-35 3.5000000000000004 -84.999999999999986 1.0000000180025095e-35
decision_type=10 10 10 10 10 8
left_child=1 4 -3 -4 -1 -6
right_child=-2 2 3 -5 5 -7
leaf_value=-0.035898198760849861 0.11446250000596045 0.040739257203208076 -0.16114235085248946 -0.013585961095748408 -0.050681129202246669 0.05337920628133274
leaf_weight=33 14.999999999999998 22 25 26 15 58
leaf_count=33 15 22 25 26 15 58
internal_value=-0.00442759 -0.0172301 -0.0532753 -0.0938471 0.0088751 0.0301188
internal_weight=194 179 73 51 106 73
internal_count=194 179 73 51 106 73
is_linear=0
shrinkage=0.03


Tree=247
num_leaves=7
num_cat=0
split_feature=22 2 22 2 2 4
split_gain=306.298 266.889 413.304 376.274 440.194 870.719
threshold=-3.748039215686275 16.850000000000005 1.0591503267973865 9.8500000000000032 12.15 1.0000000180025095e-35
decision_type=8 2 10 2 2 2
left_child=-1 3 -3 -2 -5 -6
right_child=1 2 -4 4 5 -7
leaf_value=0.051159005106076016 -0.10046264507845043 -0.18489417359232899 0.015309572390147618 0.1347209726847135 0.094338957404389107 -0.12209548440846528
leaf_weight=72 20 15.000000000000002 15.999999999999998 21 29 28
leaf_count=72 20 15 16 21 29 28
internal_value=0.00355541 -0.0239316 -0.0937884 0.00164614 0.0323026 -0.013252
internal_weight=201 129 31 98 78 57
internal_count=201 129 31 98 78 57
is_linear=0
shrinkage=0.03


Tree=248
num_leaves=7
num_cat=0
split_feature=0 20 2 0 0 2
split_gain=338.039 412.317 200.069 478.946 157.04 222.322
threshold=42.500000000000007 19.500000000000004 10.800000000000002 52.500000000000007 62.500000000000007 13.15
decision_type=2 8 2 2 2 2
left_child=1 -1 -2 -4 -5 -6
right_child=2 -3 3 4 5 -7
leaf_value=-0.014962799706879784 -0.10430475653513618 0.14271527113585636 0.10559700833426582 -0.10566714950229809 0.07399891948699952 -0.039226204761087076
leaf_weight=29 18 24 22 18 14.999999999999998 68
leaf_count=29 18 24 22 18 15 68
internal_value=0.00134793 0.0625863 -0.0230258 -0.00752156 -0.03598 -0.015722
internal_weight=194 53 141 123 101 83
internal_count=194 53 141 123 101 83
is_linear=0
shrinkage=0.03


Tree=249
num_leaves=7
num_cat=0
split_feature=2 4 2 16 2 5
split_gain=280.699 909.95 531.851 551.485 293.027 308.165
threshold=13.050000000000002 0.25000000000000011 10.250000000000002 4.0000000000000009 16.850000000000005 1.0000000180025095e-35
decision_type=2 2 2 8 2 2
left_child=2 4 -1 -4 -2 -6
right_child=1 -3 3 -5 5 -7
leaf_value=-0.026409307650544424 0.086075586950292396 -0.18853423225879667 -0.0093700972795486455 0.21042396593093873 0.0459325324194996 -0.081685755204769867
leaf_weight=28 44 14.999999999999998 14.999999999999998 25 33 26
leaf_count=28 44 15 15 25 33 26
internal_value=0.0257278 -0.00276263 0.07197 0.136118 0.0317674 -0.0122941
internal_weight=186 118 68 40 103 59
internal_count=186 118 68 40 103 59
is_linear=0
shrinkage=0.03


Tree=250
num_leaves=7
num_cat=0
split_feature=0 0 0 16 13 5
split_gain=225.92 151.799 170.407 152.893 128.673 128.003
threshold=32.500000000000007 37.500000000000007 102.50000000000001 -28.499999999999996 -8.5401960784313804 -0.5
decision_type=2 2 2 10 10 2
left_child=-1 -2 3 5 -5 -3
right_child=1 2 -4 4 -6 -7
leaf_value=0.090001031041145318 -0.065569412293843929 -0.00040253891394688532 -0.07130408189852129 -0.051784470218878526 0.038386432606240979 0.075297286969666574
leaf_weight=20 27 34 17 34 18 44
leaf_count=20 27 34 17 34 18 44
internal_value=0.00562953 -0.00631145 0.00637153 0.0187938 -0.0199422 0.0442635
internal_weight=194 174 147 130 52 78
internal_count=194 174 147 130 52 78
is_linear=0
shrinkage=0.03


Tree=251
num_leaves=7
num_cat=0
split_feature=12 5 1 2 22 1
split_gain=202.398 150.413 237.685 456.331 235.844 201.027
threshold=1.0000000180025095e-35 -0.68301270189221952 1.0000000180025095e-35 15.050000000000002 -6.1758169934640508 12.500000000000002
decision_type=10 2 10 2 10 10
left_child=1 5 4 -4 -3 -1
right_child=-2 2 3 -5 -6 -7
leaf_value=-0.010356747812413155 0.072367880504046175 -0.089034011732129492 -0.03129776358604431 0.12390031611377542 0.034434740459918976 -0.12210832616881183
leaf_weight=42 23 29 32 28 20 18
leaf_count=42 23 29 32 28 20 18
internal_value=-0.00256118 -0.0145451 0.00670531 0.0450876 -0.0401164 -0.0506963
internal_weight=192 169 109 60 49 60
internal_count=192 169 109 60 49 60
is_linear=0
shrinkage=0.03


Tree=252
num_leaves=7
num_cat=0
split_feature=0 2 1 5 22 2
split_gain=338.651 205.208 526.498 399.005 282.518 136.755
threshold=32.500000000000007 10.250000000000002 12.500000000000002 -0.5 52.166666666666679 13.050000000000002
decision_type=2 2 10 2 8 2
left_child=-1 -2 4 -4 5 -3
right_child=1 2 3 -5 -6 -7
leaf_value=0.10841473208232359 -0.08938157040497352 0.063445061579346665 -0.005085702041784922 0.17250492076510968 -0.11162566915154457 -0.024799651060449446
leaf_weight=17 24 14.999999999999998 22 18 27 71
leaf_count=17 24 15 22 18 27 71
internal_value=-0.00283686 -0.0162069 -0.00226326 0.0851178 -0.0354906 -0.00676783
internal_weight=194 177 153 40 113 86
internal_count=194 177 153 40 113 86
is_linear=0
shrinkage=0.03


Tree=253
num_leaves=7
num_cat=0
split_feature=22 2 2 4 4 7
split_gain=233.752 357.204 323.849 739.432 562.872 221.746
threshold=-3.748039215686275 16.850000000000005 13.450000000000001 1.0000000180025095e-35 0.25000000000000011 1.0000000180025095e-35
decision_type=8 2 2 2 2 8
left_child=5 2 4 -4 -2 -1
right_child=1 -3 3 -5 -6 -7
leaf_value=-0.058664167139679188 -0.1397109442949295 -0.11749019536105069 0.18795596576162746 -0.067652445946420947 0.041870550000492258 0.056341707048499411
leaf_weight=15 24 28 15.999999999999998 15.999999999999998 29 63
leaf_count=15 24 28 16 16 29 63
internal_value=-0.00673912 -0.0337188 -0.00112939 0.0682804 -0.0453107 0.0320235
internal_weight=191 113 85 32 53 78
internal_count=191 113 85 32 53 78
is_linear=0
shrinkage=0.03


Tree=254
num_leaves=7
num_cat=0
split_feature=4 0 2 2 0 22
split_gain=250.9 226.437 746.505 586.059 155.257 232.3
threshold=0.68301270189221941 37.500000000000007 12.550000000000002 11.950000000000001 57.500000000000007 -3.748039215686275
decision_type=2 2 2 2 2 8
left_child=1 2 -1 -3 -5 -6
right_child=-2 3 -4 4 5 -7
leaf_value=0.16353370404761769 0.090126263584409436 -0.14916948134248906 -0.061507060322910548 0.052417615279555317 0.02551087740548821 -0.073828340408413906
leaf_weight=18 15.999999999999998 28 27 27 38 38
leaf_count=18 16 28 27 27 38 38
internal_value=-0.00831055 -0.0195018 0.035861 -0.0391388 -0.00370636 -0.02565
internal_weight=192 176 45 131 103 76
internal_count=192 176 45 131 103 76
is_linear=0
shrinkage=0.03


Tree=255
num_leaves=7
num_cat=0
split_feature=20 22 5 2 22 5
split_gain=158.131 207.671 312.901 558.275 191.599 196.222
threshold=-1.0000000180025095e-35 10.750000000000002 -0.5 13.950000000000001 2.1250000000000004 0.6830127018922193
decision_type=10 8 2 2 10 2
left_child=1 4 -3 -4 5 -1
right_child=-2 2 3 -5 -6 -7
leaf_value=-0.039887414913504358 0.071185287326574323 -0.11796663150594042 -0.096649799541171103 0.091155323891675674 0.094386573314666752 0.049041969045996663
leaf_weight=57 14.999999999999998 32 23 24 14.999999999999998 30
leaf_count=57 15 32 23 24 15 30
internal_value=-0.00931626 -0.0177219 -0.0527078 -0.00120558 0.0105718 -0.00822338
internal_weight=196 181 79 47 102 87
internal_count=196 181 79 47 102 87
is_linear=0
shrinkage=0.03


Tree=256
num_leaves=7
num_cat=0
split_feature=20 22 22 22 4 17
split_gain=240.265 349.087 350.378 184.179 134.057 144.076
threshold=-1.0000000180025095e-35 20.825816993464056 44.500000000000007 -84.999999999999986 -0.6830127018922193 23.500000000000004
decision_type=10 10 8 10 2 8
left_child=1 3 -3 -1 -5 -6
right_child=-2 2 -4 4 5 -7
leaf_value=-0.055092244082834661 0.088025962024927143 -0.18437157724584852 0.0041261739972978826 -0.0343156848102808 0.094093316607177249 0.0099466806433854572
leaf_weight=36 14.999999999999998 15.999999999999998 15.000000000000002 27 23 57
leaf_count=36 15 16 15 27 23 57
internal_value=-0.0110017 -0.021759 -0.105258 -0.000713357 0.019225 0.0382507
internal_weight=189 174 31 143 107 80
internal_count=189 174 31 143 107 80
is_linear=0
shrinkage=0.03


Tree=257
num_leaves=7
num_cat=0
split_feature=4 2 2 1 23 6
split_gain=312.206 312.079 207.848 166.624 194.371 250.622
threshold=-0.6830127018922193 11.250000000000002 19.050000000000004 17.500000000000004 2.5186274509803899 0.22500000000000003
decision_type=2 2 2 8 2 8
left_child=2 -2 -1 4 5 -3
right_child=1 3 -4 -5 -6 -7
leaf_value=-0.094724932376827511 0.10417048280212012 -0.093034592270851132 0.025759968204157692 -0.077625068979603903 0.099037934079766271 0.023280272308899005
leaf_weight=37 28 17 15.999999999999998 15.999999999999998 14.999999999999998 64
leaf_count=37 28 17 16 16 15 64
internal_value=-0.000452787 0.0230885 -0.059267 -0.000767436 0.0152509 -0.00512119
internal_weight=193 140 53 112 96 81
internal_count=193 140 53 112 96 81
is_linear=0
shrinkage=0.03


Tree=258
num_leaves=7
num_cat=0
split_feature=0 2 0 2 22 22
split_gain=193.137 542.852 381.033 350.528 433.476 385.325
threshold=42.500000000000007 12.550000000000002 52.500000000000007 18.000000000000004 10.750000000000002 -12.981372549019605
decision_type=2 2 2 2 10 8
left_child=1 -1 -2 4 5 -4
right_child=2 -3 3 -5 -6 -7
leaf_value=0.13148720334470271 -0.095258371548576123 -0.035218332446104769 0.0044390604313876893 -0.055075553426375753 -0.066814578741788866 0.17077358758449554
leaf_weight=30 32 32 22 34 14.999999999999998 25
leaf_count=30 32 32 22 34 15 25
internal_value=0.00786276 0.0492384 -0.0132762 0.0174141 0.05831 0.100828
internal_weight=190 62 128 96 62 47
internal_count=190 62 128 96 62 47
is_linear=0
shrinkage=0.03


Tree=259
num_leaves=7
num_cat=0
split_feature=22 1 16 0 22 4
split_gain=270.922 351.098 246.811 213.28 298.381 250.548
threshold=-3.748039215686275 12.500000000000002 -10.499999999999998 42.500000000000007 -84.999999999999986 -0.25000000000000028
decision_type=10 10 10 2 10 2
left_child=3 2 -2 -1 -5 -6
right_child=1 -3 -4 4 5 -7
leaf_value=0.08001584652345628 -0.074153009448801321 -0.14589459010362624 0.038775630623102186 -0.085934032725876769 -0.038214185337225592 0.086373873623934644
leaf_weight=31 26 20 35 24 22 28
leaf_count=31 26 20 35 24 22 28
internal_value=-0.0114557 -0.0511056 -0.0113291 0.020064 -0.00852572 0.0330646
internal_weight=186 81 61 105 74 50
internal_count=186 81 61 105 74 50
is_linear=0
shrinkage=0.03


Tree=260
num_leaves=7
num_cat=0
split_feature=22 2 4 23 17 5
split_gain=310.069 335.621 232.297 273.341 254.441 133.562
threshold=-84.999999999999986 16.100000000000005 0.25000000000000011 11.500000000000002 -11.499999999999998 1.0000000180025095e-35
decision_type=10 2 2 2 10 2
left_child=1 -1 3 5 -4 -2
right_child=2 -3 4 -5 -6 -7
leaf_value=-0.1628821175383485 0.042731504519780472 0.012447047574179514 0.11448209261894225 -0.11841717866063117 -0.024759387536482377 -0.023338768762916746
leaf_weight=18 40 15.999999999999998 25 14.999999999999998 17 66
leaf_count=18 40 16 25 15 17 66
internal_value=-0.0133546 -0.0893564 0.00468618 -0.0166863 0.0614842 0.00239518
internal_weight=197 34 163 121 42 106
internal_count=197 34 163 121 42 106
is_linear=0
shrinkage=0.03


Tree=261
num_leaves=7
num_cat=0
split_feature=22 7 3 0 0 23
split_gain=216.166 199.962 302.842 725.247 301.622 181.184
threshold=-3.748039215686275 1.0000000180025095e-35 1.0000000180025095e-35 57.500000000000007 37.500000000000007 -8.4999999999999982
decision_type=8 8 2 2 2 2
left_child=5 -2 4 -4 -3 -1
right_child=1 2 3 -5 -6 -7
leaf_value=-0.017107960939407345 0.069741293915680472 -0.17690312232289995 0.097018110215663908 -0.074368291497230524 -0.005301762927662242 0.07797276437563716
leaf_weight=25 15.999999999999998 15.999999999999998 35 45 17 48
leaf_count=25 16 16 35 45 17 48
internal_value=0.00683377 -0.0164532 -0.0310957 0.00190953 -0.100832 0.0464015
internal_weight=202 129 113 80 33 73
internal_count=202 129 113 80 33 73
is_linear=0
shrinkage=0.03


Tree=262
num_leaves=7
num_cat=0
split_feature=5 22 22 0 17 22
split_gain=176.619 235.484 260.433 235.606 203.282 276.072
threshold=-0.24999999999999994 79.500000000000014 -5.2068627450980367 42.500000000000007 3.5000000000000004 22.097549019607843
decision_type=2 8 10 2 8 10
left_child=4 2 3 -2 -1 -6
right_child=1 -3 -4 -5 5 -7
leaf_value=0.12916122382879258 0.092374112382531168 0.066501218951665428 -0.093695899569071261 -0.037578242883524467 -0.016904530651867391 0.10056354011480624
leaf_weight=14.999999999999998 14.999999999999998 21 34 29 55 21
leaf_count=15 15 21 34 29 55 21
internal_value=0.0145042 -0.0130316 -0.0371605 0.011629 0.0435792 0.0197578
internal_weight=190 99 78 44 91 76
internal_count=190 99 78 44 91 76
is_linear=0
shrinkage=0.03


Tree=263
num_leaves=7
num_cat=0
split_feature=22 22 5 5 12 16
split_gain=304.605 299.172 216.487 133.717 142.816 111.207
threshold=20.825816993464056 44.500000000000007 -0.5 -0.9330127018922193 13.500000000000002 -7.9999999999999991
decision_type=8 10 2 2 8 8
left_child=3 2 -2 4 -1 -5
right_child=1 -3 -4 5 -6 -7
leaf_value=-0.01054273711144924 -0.16948953874111175 0.024915011651240861 -0.03847249285741286 -0.060260526869032119 0.10527044075986614 0.010733721717996032
leaf_weight=14.999999999999998 20 21 28 22 18 71
leaf_count=15 20 21 28 22 18 71
internal_value=-0.0172997 -0.0656627 -0.103902 0.0106801 0.0581675 -0.00827828
internal_weight=195 69 48 126 33 93
internal_count=195 69 48 126 33 93
is_linear=0
shrinkage=0.03


Tree=264
num_leaves=7
num_cat=0
split_feature=11 17 16 4 2 2
split_gain=210.826 195.006 350.893 279.384 448.227 199.267
threshold=-8.4999999999999982 -84.999999999999986 10.500000000000002 1.0000000180025095e-35 15.050000000000002 15.950000000000001
decision_type=10 10 8 2 2 2
left_child=1 2 -1 4 -4 -3
right_child=-2 5 3 -5 -6 -7
leaf_value=0.01818434878438711 0.076455343262507372 0.076678912486348824 -0.1093721904836852 -0.16566760569810868 0.066939097326248892 -0.02988338481634855
leaf_weight=55 21 30 24 19 19 25
leaf_count=55 21 30 24 19 19 25
internal_value=-0.00340968 -0.015045 -0.0364772 -0.0827056 -0.0326095 0.0297877
internal_weight=193 172 117 62 43 55
internal_count=193 172 117 62 43 55
is_linear=0
shrinkage=0.03


Tree=265
num_leaves=7
num_cat=0
split_feature=2 2 3 16 2 17
split_gain=160.89 248.185 592.456 225.796 124.961 281.529
threshold=9.8500000000000032 13.050000000000002 1.0000000180025095e-35 25.000000000000004 14.700000000000001 39.000000000000007
decision_type=2 2 2 8 2 8
left_child=-1 3 -3 -2 -4 -6
right_child=1 2 4 -5 5 -7
leaf_value=-0.089882607912788029 -0.025369394024213152 -0.1540341216112886 -0.046998285837471482 0.094142031994732936 -0.054388011320094978 0.064633502793662687
leaf_weight=21 22 23 27 28 23 46
leaf_count=21 22 23 27 28 23 46
internal_value=-0.020301 -0.00932036 -0.0326085 0.0440312 0.00266831 0.0239655
internal_weight=190 169 119 50 96 69
internal_count=190 169 119 50 96 69
is_linear=0
shrinkage=0.03


Tree=266
num_leaves=7
num_cat=0
split_feature=12 0 1 5 22 22
split_gain=164.993 176.776 128.667 420.429 392.362 316.734
threshold=32.95000000000001 32.500000000000007 7.5000000000000009 -0.5 33.856470588235304 2.1250000000000004
decision_type=8 2 10 2 8 8
left_child=-1 -2 -3 4 -4 -5
right_child=1 2 3 5 -6 -7
leaf_value=0.053801926818277154 0.062641111436215313 -0.057172372564673418 0.0083144016739200143 -0.014783645377465291 -0.16307350498437881 0.15078366245542252
leaf_weight=30 17 69 29 19 14.999999999999998 15.999999999999998
leaf_count=30 17 69 29 19 15 16
internal_value=-0.00568357 -0.0177634 -0.0287444 -0.00198966 -0.0607914 0.0702912
internal_weight=195 165 148 79 44 35
internal_count=195 165 148 79 44 35
is_linear=0
shrinkage=0.03


Tree=267
num_leaves=7
num_cat=0
split_feature=22 1 2 22 22 23
split_gain=294.215 578.306 222.797 168.653 241.773 215.268
threshold=-84.999999999999986 7.5000000000000009 10.800000000000002 23.500000000000004 -3.748039215686275 -8.4999999999999982
decision_type=10 8 2 10 10 2
left_child=1 -1 -2 4 5 -4
right_child=2 -3 3 -5 -6 -7
leaf_value=0.030027852708643131 -0.075113283065812927 -0.19782963752746582 -0.040140439262031577 0.088213279572129252 -0.05181609745906747 0.071337656105051231
leaf_weight=17 23 15.999999999999998 19 20 41 44
leaf_count=17 23 16 19 20 41 44
internal_value=-0.0175298 -0.0919424 0.00164996 0.0182478 0.00136362 0.0372379
internal_weight=180 33 147 124 104 63
internal_count=180 33 147 124 104 63
is_linear=0
shrinkage=0.03


Tree=268
num_leaves=7
num_cat=0
split_feature=4 22 0 22 22 13
split_gain=163.551 269.907 169.664 279.206 275.514 116.318
threshold=0.68301270189221941 -84.999999999999986 47.500000000000007 15.062745098039221 13.62573529411765 -6.6039215686274479
decision_type=2 10 2 10 10 10
left_child=1 -1 4 5 -3 -4
right_child=-2 2 3 -5 -6 -7
leaf_value=-0.090741375547188974 0.069760422796010968 -0.0076553743098710858 -0.018277525443922391 -0.1100481814948412 0.12899194926023483 0.063396028347990727
leaf_weight=34 14.999999999999998 38 50 21 14.999999999999998 17
leaf_count=34 15 38 50 21 15 17
internal_value=-0.0121274 -0.0208892 -0.0015147 -0.0265785 0.0388044 0.00540901
internal_weight=190 175 141 88 53 67
internal_count=190 175 141 88 53 67
is_linear=0
shrinkage=0.03


Tree=269
num_leaves=7
num_cat=0
split_feature=5 13 5 0 22 0
split_gain=344.69 258.706 486.304 203.643 263.774 177.096
threshold=1.0000000180025095e-35 -6.6039215686274479 -0.5 37.500000000000007 -9.9999999999999982 52.500000000000007
decision_type=2 10 2 2 8 2
left_child=1 2 5 -2 -5 -1
right_child=3 -3 -4 4 -6 -7
leaf_value=0.025254945516586302 0.024927519425749778 0.11306424481087717 0.10995166833911622 0.005444155525544594 -0.1192723780274391 -0.07959634287999226
leaf_weight=20 25 24 23 24 35 34
leaf_count=20 25 24 23 24 35 34
internal_value=0.0001023 0.0366474 0.00738735 -0.0434291 -0.0720784 -0.0419133
internal_weight=185 101 77 84 59 54
internal_count=185 101 77 84 59 54
is_linear=0
shrinkage=0.03


Tree=270
num_leaves=7
num_cat=0
split_feature=0 13 0 22 1 3
split_gain=246.855 202.107 142.026 168.143 140.616 103.109
threshold=32.500000000000007 -6.6039215686274479 102.50000000000001 -10.899999999999999 -7.4999999999999991 1.0000000180025095e-35
decision_type=2 10 2 10 10 2
left_child=-1 2 3 4 -2 -5
right_child=1 -3 -4 5 -6 -7
leaf_value=0.098932635052637621 -0.046474618971347803 0.065441565744835756 -0.093571611557688034 -0.074143034105117495 0.04718474419321865 -0.002797960940748453
leaf_weight=17 14.999999999999998 24 15.999999999999998 34 51 35
leaf_count=17 15 24 16 34 51 35
internal_value=0.00415572 -0.00754357 -0.0208695 -0.00921888 0.0241247 -0.0405878
internal_weight=192 175 151 135 66 69
internal_count=192 175 151 135 66 69
is_linear=0
shrinkage=0.03


Tree=271
num_leaves=7
num_cat=0
split_feature=4 2 0 22 2 2
split_gain=276.234 437.682 490.024 438.596 358.87 315.252
threshold=1.0000000180025095e-35 13.950000000000001 82.500000000000014 -28.513071895424833 10.800000000000002 15.050000000000002
decision_type=2 2 2 10 2 2
left_child=5 3 -3 -2 -5 -1
right_child=1 2 -4 4 -6 -7
leaf_value=-0.068810260992857711 0.20858184252466472 -0.12772527350679685 0.059875594164643962 -0.061059022742238914 0.10213074008268969 0.028472812188378837
leaf_weight=57 15.999999999999998 18 23 17 23 54
leaf_count=57 16 18 23 17 23 54
internal_value=0.00962008 0.0454453 -0.0274166 0.0966653 0.0336969 -0.022296
internal_weight=208 97 41 56 40 111
internal_count=208 97 41 56 40 111
is_linear=0
shrinkage=0.03


Tree=272
num_leaves=7
num_cat=0
split_feature=22 19 0 1 11 22
split_gain=280.932 220.173 349.803 214.47 150.07 98.1291
threshold=25.500000000000004 29.000000000000004 47.500000000000007 7.5000000000000009 18.500000000000004 2.1250000000000004
decision_type=8 8 2 10 8 10
left_child=1 -1 4 -2 -3 -4
right_child=3 2 5 -5 -6 -7
leaf_value=-0.070648216662498625 -0.0082238419589243435 0.022856886103749276 -0.027979368366650305 -0.11477098621226645 0.15630824838365825 0.039468135054090192
leaf_weight=21 33 14.999999999999998 59 32 16.000000000000004 23
leaf_count=21 33 15 59 32 16 23
internal_value=-0.0163816 0.00875673 0.0258817 -0.065129 0.103878 -0.00788014
internal_weight=199 134 113 65 31 82
internal_count=199 134 113 65 31 82
is_linear=0
shrinkage=0.03


Tree=273
num_leaves=7
num_cat=0
split_feature=0 17 1 0 0 20
split_gain=168.743 185.782 155.78 534.69 239.558 486.374
threshold=97.500000000000014 23.500000000000004 7.5000000000000009 57.500000000000007 42.500000000000007 19.500000000000004
decision_type=2 8 10 2 2 8
left_child=1 -1 4 -4 5 -3
right_child=-2 2 3 -5 -6 -7
leaf_value=0.086876730399912797 -0.067328176796436309 -0.006311553362756967 -0.10190423664450644 0.064872101809709301 -0.023978047658290182 0.18776266300678252
leaf_weight=24 19 27 35 26 37 14.999999999999998
leaf_count=24 19 27 35 26 37 15
internal_value=0.007365 0.0177544 0.00331773 -0.0312899 0.030312 0.0756018
internal_weight=183 164 140 61 79 42
internal_count=183 164 140 61 79 42
is_linear=0
shrinkage=0.03


Tree=274
num_leaves=7
num_cat=0
split_feature=19 1 4 16 1 5
split_gain=209.797 199.839 231.409 207.322 339.511 296.838
threshold=29.000000000000004 1.0000000180025095e-35 -0.6830127018922193 8.0000000000000018 7.5000000000000009 -0.5
decision_type=8 10 2 8 10 2
left_child=-1 2 -2 -3 -5 -6
right_child=1 3 -4 4 5 -7
leaf_value=-0.061366276655105821 -0.10194828190973826 -0.017564682988982113 0.019240552934507528 0.15966314958201513 -0.035043655386992861 0.095509215387804741
leaf_weight=26 15.999999999999998 30 40 22 30 24
leaf_count=26 16 30 40 22 30 24
internal_value=0.0106836 0.0237383 -0.0209031 0.0472016 0.0722734 0.0261566
internal_weight=188 162 56 106 76 54
internal_count=188 162 56 106 76 54
is_linear=0
shrinkage=0.03


Tree=275
num_leaves=7
num_cat=0
split_feature=4 22 1 1 4 2
split_gain=237.817 384.345 391.714 322.376 126.977 255.572
threshold=0.68301270189221941 -84.999999999999986 7.5000000000000009 12.500000000000002 1.0000000180025095e-35 19.050000000000004
decision_type=2 10 8 10 2 2
left_child=1 2 -1 4 -3 -6
right_child=-2 3 -4 -5 5 -7
leaf_value=-0.0011680824416024343 0.08493898664787411 -0.0062992193698883049 -0.20068653917312618 -0.083166974028838533 0.095930944268520058 -0.039819166257977483
leaf_weight=15.999999999999998 14.999999999999998 70 15.000000000000002 30 34 14.999999999999998
leaf_count=16 15 70 15 30 34 15
internal_value=-0.0138892 -0.024198 -0.112174 -0.00284651 0.0199394 0.0545356
internal_weight=195 180 31 149 119 49
internal_count=195 180 31 149 119 49
is_linear=0
shrinkage=0.03


Tree=276
num_leaves=7
num_cat=0
split_feature=5 2 22 2 2 1
split_gain=285.777 435.545 442.196 271.419 269.316 217.119
threshold=1.0000000180025095e-35 11.65 20.825816993464056 11.850000000000003 16.850000000000005 7.5000000000000009
decision_type=2 2 8 2 2 10
left_child=1 -1 -3 -2 5 -5
right_child=3 2 -4 4 -6 -7
leaf_value=0.13247819377530004 -0.11231452376980866 0.041127831400150347 -0.1101982096582651 -0.01095223957300186 -0.070136918872594822 0.11971608102321624
leaf_weight=26 23 58 19 25 25 14.999999999999998
leaf_count=26 23 58 19 25 25 15
internal_value=0.00443857 0.0375289 -0.000654923 -0.0342275 -0.000547902 0.0459057
internal_weight=191 103 77 88 65 40
internal_count=191 103 77 88 65 40
is_linear=0
shrinkage=0.03


Tree=277
num_leaves=7
num_cat=0
split_feature=13 17 3 2 2 5
split_gain=192.988 232.446 367.741 228.438 340.808 221.052
threshold=-6.6039215686274479 -84.999999999999986 1.0000000180025095e-35 17.350000000000005 13.950000000000001 0.6830127018922193
decision_type=10 10 2 2 2 2
left_child=1 2 5 4 -4 -1
right_child=-2 -3 3 -5 -6 -7
leaf_value=-0.18838880240917205 0.060597981829797067 0.024933916102163493 -0.030606729090213773 -0.069220445480197665 0.12747078914727483 -0.033328309947543815
leaf_weight=15.999999999999998 26 59 26 25 15.999999999999998 18
leaf_count=16 26 59 26 25 16 18
internal_value=-0.00836096 -0.0210635 -0.047842 -0.00484077 0.0367676 -0.121095
internal_weight=186 160 101 67 42 34
internal_count=186 160 101 67 42 34
is_linear=0
shrinkage=0.03


Tree=278
num_leaves=7
num_cat=0
split_feature=22 20 22 1 22 23
split_gain=152.438 223.327 142.993 295.663 137.463 344.89
threshold=-3.748039215686275 -6.4999999999999991 79.500000000000014 12.500000000000002 -17.714379084967316 -8.4999999999999982
decision_type=8 10 8 10 8 2
left_child=4 2 3 -2 -1 -6
right_child=1 -3 -4 -5 5 -7
leaf_value=-0.0081609175201844079 -0.02198457476137013 0.063023281469941128 0.011571931190004475 -0.15772911250591279 -0.014915099649045329 0.15188140722838314
leaf_weight=39 53 19 33 15.999999999999998 21 17
leaf_count=39 53 19 33 16 21 17
internal_value=-0.000200032 -0.0209137 -0.0387634 -0.0619921 0.0316405 0.0686883
internal_weight=198 121 102 69 77 38
internal_count=198 121 102 69 77 38
is_linear=0
shrinkage=0.03


Tree=279
num_leaves=7
num_cat=0
split_feature=2 2 4 2 2 4
split_gain=149.304 303.422 185.652 237 424.037 257.12
threshold=10.500000000000002 11.65 0.25000000000000011 16.850000000000005 15.050000000000002 -0.6830127018922193
decision_type=2 2 2 2 2 2
left_child=-1 -2 3 4 -3 -5
right_child=1 2 -4 5 -6 -7
leaf_value=-0.048424605367084345 0.12569806516702686 0.009122353049944033 -0.062258111678905062 -0.076972240426888078 0.17458673663623631 0.036145917406758751
leaf_weight=31 15.999999999999998 48 26 31 14.999999999999998 32
leaf_count=31 16 48 26 31 15 32
internal_value=0.00739211 0.0187935 0.00389565 0.0194017 0.0584591 -0.0210824
internal_weight=199 168 152 126 63 63
internal_count=199 168 152 126 63 63
is_linear=0
shrinkage=0.03


Tree=280
num_leaves=7
num_cat=0
split_feature=19 20 16 2 17 4
split_gain=150.385 282.085 187.452 205.142 331.873 186.307
threshold=29.000000000000004 -16.999999999999996 1.5000000000000002 16.850000000000005 33.000000000000007 1.0000000180025095e-35
decision_type=8 10 10 2 10 2
left_child=-1 2 3 4 -2 -5
right_child=1 -3 -4 5 -6 -7
leaf_value=-0.043535770021585957 0.097958283372223384 0.13663691537720818 -0.046319118304686116 -0.063812585860490795 -0.045116231771452082 0.047395280098915096
leaf_weight=22 55 15.999999999999998 28 25 15.999999999999998 20
leaf_count=22 55 16 28 25 16 20
internal_value=0.0233473 0.0335843 0.0179331 0.0347154 0.0648692 -0.0145899
internal_weight=182 160 144 116 71 45
internal_count=182 160 144 116 71 45
is_linear=0
shrinkage=0.03


Tree=281
num_leaves=7
num_cat=0
split_feature=20 13 22 16 22 1
split_gain=125.512 121.808 98.2436 177.052 125.184 104.43
threshold=-10.499999999999998 -3.2774509803921563 -84.999999999999986 -28.499999999999996 25.500000000000004 1.0000000180025095e-35
decision_type=10 10 10 10 10 10
left_child=1 2 -1 4 5 -4
right_child=-2 -3 3 -5 -6 -7
leaf_value=-0.04934134682587215 0.057114496150842083 -0.081373616967882437 -0.0029573331400752066 -0.034572572943411373 -0.025609796262131286 0.078175123002617919
leaf_weight=30 21 15.999999999999998 20 52 21 42
leaf_count=30 21 16 20 52 21 42
internal_value=-0.00476816 -0.0132903 -0.00448906 0.00688433 0.0333459 0.0537358
internal_weight=202 181 165 135 83 62
internal_count=202 181 165 135 83 62
is_linear=0
shrinkage=0.03


Tree=282
num_leaves=7
num_cat=0
split_feature=0 2 2 22 5 17
split_gain=326.854 637.575 283.649 372.378 257.016 211.149
threshold=42.500000000000007 11.850000000000003 18.000000000000004 20.825816993464056 0.6830127018922193 53.500000000000007
decision_type=2 2 2 10 2 8
left_child=4 -2 3 -3 -1 -4
right_child=1 2 5 -5 -6 -7
leaf_value=0.12709915207698941 -0.1390358906316346 0.088555107139050959 0.03236489222198724 -0.053785987570881842 -0.0097993080923333767 -0.10181301380395889
leaf_weight=27 24 55 14.999999999999998 19 19 20
leaf_count=27 24 55 15 19 19 20
internal_value=0.0104585 -0.0138234 0.0186352 0.050917 0.075137 -0.0474507
internal_weight=179 133 109 74 46 35
internal_count=179 133 109 74 46 35
is_linear=0
shrinkage=0.03


Tree=283
num_leaves=7
num_cat=0
split_feature=1 22 5 22 7 22
split_gain=142.475 227.926 243.719 338.261 265.134 221.173
threshold=-7.4999999999999991 79.500000000000014 1.0000000180025095e-35 -5.2068627450980367 1.0000000180025095e-35 -3.748039215686275
decision_type=10 8 2 8 8 10
left_child=-1 2 4 -4 -2 -6
right_child=1 -3 3 -5 5 -7
leaf_value=-0.051983117200434206 0.13070403376221656 0.095665564865901553 0.022842436159650484 -0.11548391956090927 0.069524758364404401 -0.032137106188079884
leaf_weight=25 15 24 31 25 26 46
leaf_count=25 15 24 31 25 26 46
internal_value=0.00864454 0.0189678 0.00329842 -0.0433146 0.0340256 0.00670487
internal_weight=192 167 143 56 87 72
internal_count=192 167 143 56 87 72
is_linear=0
shrinkage=0.03


Tree=284
num_leaves=7
num_cat=0
split_feature=0 20 22 0 22 1
split_gain=134.775 347.392 239.098 305.355 240.45 370.843
threshold=37.500000000000007 19.500000000000004 2.1250000000000004 47.500000000000007 -28.513071895424833 7.5000000000000009
decision_type=2 8 10 2 10 10
left_child=1 -1 3 -2 5 -5
right_child=2 -3 -4 4 -6 -7
leaf_value=-0.037829688391290035 -0.13831064827062867 0.11814175036218431 0.03560172557470298 -0.040260997632097811 -0.065928627781569951 0.11614703392982482
leaf_weight=21 17 22 57 26 35 20
leaf_count=21 17 22 57 26 35 20
internal_value=0.00191708 0.0459637 -0.0113568 -0.0390718 -0.0114135 0.0324624
internal_weight=198 43 155 98 81 46
internal_count=198 43 155 98 81 46
is_linear=0
shrinkage=0.03


Tree=285
num_leaves=7
num_cat=0
split_feature=4 23 5 3 16 22
split_gain=154.022 208.758 229.497 140.987 248.193 126.443
threshold=-0.6830127018922193 2.5186274509803899 -0.5 1.0000000180025095e-35 57.500000000000007 15.062745098039221
decision_type=2 2 2 2 8 10
left_child=-1 2 5 4 -4 -2
right_child=1 -3 3 -5 -6 -7
leaf_value=-0.039953754546708964 -0.061747498241811992 0.097124250125885006 -0.0086880437229675325 -0.010902406794409597 0.13874318365938962 0.023036619758605957
leaf_weight=52 45 20 17 26 19 20
leaf_count=52 45 20 17 26 19 20
internal_value=0.0021569 0.0178774 0.0021914 0.0418019 0.0765536 -0.035878
internal_weight=199 147 127 62 36 65
internal_count=199 147 127 62 36 65
is_linear=0
shrinkage=0.03


Tree=286
num_leaves=7
num_cat=0
split_feature=12 0 16 2 0 5
split_gain=159.849 118.928 152.373 178.163 312.925 373.505
threshold=13.500000000000002 32.500000000000007 -28.499999999999996 9.6500000000000004 67.500000000000014 -0.5
decision_type=10 2 10 2 2 2
left_child=1 -1 3 -3 5 -5
right_child=-2 2 -4 4 -6 -7
leaf_value=0.063439752337607458 0.086898385226726521 -0.069660185724496837 -0.047900681613190541 -0.0241243528681142 -0.020308033236128797 0.1499175382893661
leaf_weight=17 14.999999999999998 15.999999999999998 58 15.999999999999998 54 24
leaf_count=17 15 16 58 16 54 24
internal_value=0.00632126 -0.00232689 -0.010623 0.0102605 0.0266952 0.0853555
internal_weight=200 185 168 110 94 40
internal_count=200 185 168 110 94 40
is_linear=0
shrinkage=0.03


Tree=287
num_leaves=7
num_cat=0
split_feature=19 12 2 4 4 2
split_gain=196.877 164.996 201.253 759.035 644.645 584.608
threshold=-11.499999999999998 43.95000000000001 12.850000000000003 0.25000000000000011 -0.25000000000000028 9.8500000000000032
decision_type=10 8 2 2 2 2
left_child=1 -1 4 -4 -3 -6
right_child=-2 2 3 -5 5 -7
leaf_value=-0.039214295216145049 -0.066598940622061481 -0.072062950551509852 0.049183537013552804 -0.15724546287953853 -0.0071933772720928699 0.21518051740527153
leaf_weight=26 19 14.999999999999998 76 14.999999999999998 15.999999999999998 25
leaf_count=26 19 15 76 15 16 25
internal_value=0.0146601 0.0252045 0.0375135 0.00873914 0.0797229 0.137051
internal_weight=192 173 147 91 56 41
internal_count=192 173 147 91 56 41
is_linear=0
shrinkage=0.03


Tree=288
num_leaves=7
num_cat=0
split_feature=22 19 13 22 2 2
split_gain=182.176 208.109 171.284 233.557 460.816 194.617
threshold=-84.999999999999986 29.000000000000004 19.830392156862747 25.500000000000004 13.550000000000002 18.350000000000005
decision_type=10 8 8 10 2 2
left_child=-1 -2 -3 4 -4 -6
right_child=1 2 3 -5 5 -7
leaf_value=-0.069886611372401777 -0.065503394744953064 -0.037820566665719861 0.15387255325913429 -0.024754279075811306 -0.046436407566070551 0.071057419191029939
leaf_weight=28 24 28 28 31 25 17
leaf_count=28 24 28 28 31 25 17
internal_value=-0.00589852 0.00765275 0.0231995 0.041102 0.0699729 0.00362066
internal_weight=181 153 129 101 70 42
internal_count=181 153 129 101 70 42
is_linear=0
shrinkage=0.03


Tree=289
num_leaves=7
num_cat=0
split_feature=2 2 3 2 0 2
split_gain=189.391 477.458 175.562 529.838 263.628 275.191
threshold=9.8500000000000032 11.250000000000002 1.0000000180025095e-35 13.15 57.500000000000007 14.450000000000001
decision_type=2 2 2 2 2 2
left_child=-1 -2 3 -3 5 -4
right_child=1 2 4 -5 -6 -7
leaf_value=-0.067468576658517132 0.14144271643265435 0.047718012072890989 -0.0095145122706890104 -0.15252271011471749 -0.019770091747570977 0.14098139209672808
leaf_weight=25 18 20 19 19 71 19
leaf_count=25 18 20 19 19 71 19
internal_value=0.00211331 0.0142589 -0.00532625 -0.0560817 0.0144972 0.0733769
internal_weight=191 166 148 39 109 38
internal_count=191 166 148 39 109 38
is_linear=0
shrinkage=0.03


Tree=290
num_leaves=7
num_cat=0
split_feature=5 2 2 22 21 3
split_gain=208.317 380.305 551.739 296.39 269.12 207.378
threshold=1.0000000180025095e-35 15.050000000000002 17.550000000000004 -0.83986928104575276 4.8583333333333352 1.0000000180025095e-35
decision_type=2 2 2 8 10 2
left_child=4 3 -3 -2 5 -1
right_child=1 2 -4 -5 -6 -7
leaf_value=-0.04346917712794883 -0.0084622762416090274 0.15795641434192659 -0.049906944838751632 -0.14333149829506872 0.12778366635952676 0.042946842181676576
leaf_weight=37 30 14.999999999999998 23 25 15.999999999999998 57
leaf_count=37 30 15 23 25 16 57
internal_value=0.00329839 -0.0289224 0.0409706 -0.0766021 0.0306127 0.00845453
internal_weight=203 93 38 55 110 94
internal_count=203 93 38 55 110 94
is_linear=0
shrinkage=0.03


Tree=291
num_leaves=7
num_cat=0
split_feature=1 12 22 2 22 2
split_gain=193.846 268.089 133.548 217.206 290.026 179.028
threshold=17.500000000000004 5.0500000000000016 -5.2068627450980367 18.000000000000004 -6.1758169934640508 19.650000000000002
decision_type=10 10 10 2 8 2
left_child=1 2 3 4 -1 -5
right_child=-2 -3 -4 5 -6 -7
leaf_value=-0.0041360321613226796 -0.092802465856075281 0.10389781147241592 -0.039687449498021082 -0.10334472914625491 0.12004234799316951 0.020896351258067981
leaf_weight=42 14.999999999999998 17 64 15.999999999999998 23 18
leaf_count=42 15 17 64 16 23 18
internal_value=-0.00415781 0.00553777 -0.00750753 0.0142035 0.0452399 -0.0433237
internal_weight=195 180 163 99 65 34
internal_count=195 180 163 99 65 34
is_linear=0
shrinkage=0.03


Tree=292
num_leaves=7
num_cat=0
split_feature=2 0 2 22 1 2
split_gain=230.161 233.143 189.851 171.036 374.426 252.979
threshold=9.8500000000000032 52.500000000000007 15.450000000000001 -3.748039215686275 7.5000000000000009 13.450000000000001
decision_type=2 2 2 10 10 2
left_child=-1 2 -2 4 -3 -6
right_child=1 3 -4 -5 5 -7
leaf_value=-0.073205029378677233 0.092069181230664252 -0.044118490719369477 -0.010074241791984864 -0.05808044253715447 -0.0045739603699184945 0.155260180745806
leaf_weight=24 45 37 23 37 15.000000000000002 15.999999999999998
leaf_count=24 45 37 23 37 15 16
internal_value=0.0053221 0.0179663 0.059197 -0.0102125 0.0180275 0.0880273
internal_weight=197 173 68 105 68 31
internal_count=197 173 68 105 68 31
is_linear=0
shrinkage=0.03


Tree=293
num_leaves=7
num_cat=0
split_feature=22 20 1 17 22 22
split_gain=149.408 150.386 147.011 203.494 96.9213 60.7733
threshold=79.500000000000014 -10.499999999999998 12.500000000000002 -56.499999999999993 10.750000000000002 1.0000000180025095e-35
decision_type=8 10 10 10 10 10
left_child=1 2 4 -4 5 -1
right_child=-2 -3 3 -5 -6 -7
leaf_value=-0.016968511573615529 0.040039589000599722 0.037627308308146888 -0.15736316281557078 -0.010323348045349122 -0.06647015823423863 0.041975863512073247
leaf_weight=58 30 22 15.000000000000002 15.999999999999998 25 15.999999999999998
leaf_count=58 30 22 15 16 25 16
internal_value=-0.0167292 -0.0288519 -0.0410791 -0.0934459 -0.0209772 -0.00237371
internal_weight=182 152 130 31 99 74
internal_count=182 152 130 31 99 74
is_linear=0
shrinkage=0.03


Tree=294
num_leaves=7
num_cat=0
split_feature=22 1 4 13 6 16
split_gain=277.658 168.172 163.275 105.889 218.086 97.8803
threshold=-84.999999999999986 7.5000000000000009 -0.6830127018922193 -6.6039215686274479 1.0000000180025095e-35 -39.999999999999993
decision_type=10 10 2 10 8 10
left_child=1 -1 -2 4 -4 -6
right_child=2 -3 3 -5 5 -7
leaf_value=-0.01542408630251884 -0.058420099564469773 -0.15277356743812559 -0.078823312750229468 0.06001805230133956 0.043754631335085087 -0.025995784220950943
leaf_weight=15.000000000000002 34 15.999999999999998 21 26 50 23
leaf_count=15 34 16 21 26 50 23
internal_value=-0.0226597 -0.0976869 -0.0049598 0.0119182 -0.00374529 0.0215208
internal_weight=185 31 154 120 94 73
internal_count=185 31 154 120 94 73
is_linear=0
shrinkage=0.03


Tree=295
num_leaves=7
num_cat=0
split_feature=4 2 17 2 22 17
split_gain=196.121 334.641 163.537 181.89 548.243 438.857
threshold=-0.6830127018922193 15.450000000000001 27.500000000000004 12.550000000000002 23.500000000000004 -74.999999999999986
decision_type=2 2 10 2 8 10
left_child=1 -1 3 4 -2 -5
right_child=2 -3 -4 5 -6 -7
leaf_value=-0.11386507675051688 0.016476408294760266 0.034409456929953938 -0.035424128937721254 -0.034652482129211695 0.21715903041232379 0.1107847825823159
leaf_weight=19 34 28 20 48 14.999999999999998 24
leaf_count=19 34 28 20 48 15 24
internal_value=0.0200989 -0.0307163 0.0375091 0.0504916 0.0923289 0.0178724
internal_weight=188 47 141 121 49 72
internal_count=188 47 141 121 49 72
is_linear=0
shrinkage=0.03


Tree=296
num_leaves=7
num_cat=0
split_feature=2 4 4 2 22 0
split_gain=290.073 852.514 522.287 504.977 459.84 291.281
threshold=13.050000000000002 0.25000000000000011 0.25000000000000011 10.250000000000002 3.2500000000000004 67.500000000000014
decision_type=2 2 2 2 8 2
left_child=1 4 5 -3 -1 -2
right_child=2 3 -4 -5 -6 -7
leaf_value=0.031717710090451878 0.043959040070454085 -0.016288927027157375 -0.17028577826239846 0.18438430790196764 -0.16295457764105362 -0.052042156161651726
leaf_weight=19 47 15.999999999999998 17 28 17 58
leaf_count=19 47 16 17 28 17 58
internal_value=-0.0087934 0.0343393 -0.0373155 0.117196 -0.0688726 -0.00902533
internal_weight=202 80 122 44 36 105
internal_count=202 80 122 44 36 105
is_linear=0
shrinkage=0.03


Tree=297
num_leaves=7
num_cat=0
split_feature=2 17 16 4 12 0
split_gain=205.125 161.014 187.017 370.192 185.838 152.689
threshold=11.250000000000002 -84.999999999999986 1.0000000180025095e-35 -0.6830127018922193 -14.499999999999998 82.500000000000014
decision_type=2 10 8 2 10 2
left_child=-1 2 -2 -4 -5 -3
right_child=1 5 3 4 -6 -7
leaf_value=0.059643962065110336 0.013807867655530571 -0.027007419630885123 0.011813325976783579 -0.1796073499202728 -0.032448923997581001 0.069563641153275971
leaf_weight=32 35 25 28 20 14.999999999999998 25
leaf_count=32 35 25 28 20 15 25
internal_value=-0.00385673 -0.0190871 -0.0407476 -0.069843 -0.128479 0.0232125
internal_weight=180 148 98 63 35 50
internal_count=180 148 98 63 35 50
is_linear=0
shrinkage=0.03


Tree=298
num_leaves=7
num_cat=0
split_feature=22 0 0 19 4 21
split_gain=200.232 191.56 172.716 228.87 101.85 161.447
threshold=25.500000000000004 47.500000000000007 47.500000000000007 29.000000000000004 0.25000000000000011 18.622549019607849
decision_type=8 2 2 8 2 8
left_child=2 -2 3 -1 5 -4
right_child=1 -3 4 -5 -6 -7
leaf_value=-0.022147125793853775 -0.10208460554480553 0.00015695144195814389 0.022774255483236628 0.10445590184535831 0.037035127215915252 -0.066777267004052787
leaf_weight=19 29 32 27 27 22 40
leaf_count=19 29 32 27 27 22 40
internal_value=-0.0096033 -0.0525011 0.0109629 0.0551188 -0.0135772 -0.0316139
internal_weight=196 61 135 46 89 67
internal_count=196 61 135 46 89 67
is_linear=0
shrinkage=0.03


Tree=299
num_leaves=7
num_cat=0
split_feature=4 19 0 22 0 2
split_gain=253.695 114.473 185.014 177.302 159.6 125.14
threshold=0.68301270189221941 -16.499999999999996 57.500000000000007 -3.748039215686275 72.500000000000014 10.800000000000002
decision_type=2 10 2 8 2 2
left_child=1 2 5 -4 -5 -1
right_child=-2 -3 3 4 -6 -7
leaf_value=-0.035734709268030913 0.096854647345840927 -0.079994617857208308 0.0073072261687206182 -0.14196036118268965 -0.022549666240811346 0.047389486368385053
leaf_weight=18 14.999999999999998 17 41 14.999999999999998 25 57
leaf_count=18 15 17 41 15 25 57
internal_value=-0.00459121 -0.0158607 -0.00660444 -0.0369717 -0.0781266 0.0264531
internal_weight=188 173 156 81 40 75
internal_count=188 173 156 81 40 75
is_linear=0
shrinkage=0.03


Tree=300
num_leaves=7
num_cat=0
split_feature=0 2 2 22 22 0
split_gain=209.414 528.844 375.559 177.924 255.331 125.374
threshold=42.500000000000007 11.65 11.850000000000003 20.825816993464056 2.1250000000000004 77.500000000000014
decision_type=2 2 2 8 10 2
left_child=1 -1 -2 4 -4 -5
right_child=2 -3 3 5 -6 -7
leaf_value=0.14220009382400245 -0.11081131346962031 -0.03402903166574401 -0.0028677761502249139 -0.08422384839633415 0.11493966167962008 0.017694905027747152
leaf_weight=22 29 32 66 24 17 14.999999999999998
leaf_count=22 29 32 66 24 17 15
internal_value=-0.00452757 0.0437344 -0.0226354 0.00186194 0.0264211 -0.047468
internal_weight=205 54 151 122 83 39
internal_count=205 54 151 122 83 39
is_linear=0
shrinkage=0.03


Tree=301
num_leaves=7
num_cat=0
split_feature=0 2 2 4 2 1
split_gain=426.766 303.049 545.955 197.19 229.873 109.324
threshold=47.500000000000007 10.250000000000002 15.450000000000001 0.25000000000000011 12.550000000000002 1.0000000180025095e-35
decision_type=2 2 2 2 2 10
left_child=1 -1 -3 5 -5 -2
right_child=3 2 -4 4 -6 -7
leaf_value=-0.0091733961792722814 -0.0033911140864206985 0.18221548751927913 -0.013284800853580235 0.10869799439396174 -0.036212812766432761 -0.072125674609054363
leaf_weight=26 39 31 19 16.000000000000004 14.999999999999998 41
leaf_count=26 39 31 19 16 15 41
internal_value=0.0210831 0.0735376 0.113471 -0.0164533 0.0432889 -0.0407881
internal_weight=187 76 50 111 31 80
internal_count=187 76 50 111 31 80
is_linear=0
shrinkage=0.03


Tree=302
num_leaves=7
num_cat=0
split_feature=0 22 5 1 16 22
split_gain=216.299 375.069 237.005 442.024 315.202 251.665
threshold=42.500000000000007 -5.2068627450980367 -0.5 12.500000000000002 -7.9999999999999991 2.1250000000000004
decision_type=2 10 2 10 8 10
left_child=1 -1 4 -4 -2 -6
right_child=2 -3 3 -5 5 -7
leaf_value=0.11961573715321719 0.028273355166117349 -0.025758214202873844 -0.029224561591233524 0.12495683101937176 -0.18219728558191231 -0.032777063533663747
leaf_weight=27 22 29 51 19 15.999999999999998 25
leaf_count=27 22 29 51 19 16 25
internal_value=0.00138267 0.0483922 -0.019447 0.0181652 -0.0595011 -0.104553
internal_weight=189 56 133 70 63 41
internal_count=189 56 133 70 63 41
is_linear=0
shrinkage=0.03


Tree=303
num_leaves=7
num_cat=0
split_feature=13 16 2 2 4 17
split_gain=159.037 207.516 151.112 407.506 249.079 574.644
threshold=-6.6039215686274479 -30.499999999999996 9.6500000000000004 12.850000000000003 -0.25000000000000028 -56.499999999999993
decision_type=10 10 2 2 2 10
left_child=1 2 -1 -4 -5 -6
right_child=-2 -3 3 4 5 -7
leaf_value=-0.057069464144499399 0.067488401553460517 -0.057644476837732571 0.1333888466835022 0.041563000332402143 -0.16983163867677961 0.050718713273172795
leaf_weight=18 23 50 20 41 15.999999999999998 18
leaf_count=18 23 50 20 41 16 18
internal_value=0.00132626 -0.00974023 0.0130007 0.0284669 -0.00610045 -0.0615368
internal_weight=186 163 113 95 75 34
internal_count=186 163 113 95 75 34
is_linear=0
shrinkage=0.03


Tree=304
num_leaves=7
num_cat=0
split_feature=17 22 19 3 2 1
split_gain=146.383 188.571 226.85 341.444 222.553 107.557
threshold=23.500000000000004 -84.999999999999986 29.000000000000004 1.0000000180025095e-35 16.100000000000005 12.500000000000002
decision_type=10 10 8 2 2 10
left_child=1 4 -3 -4 -1 -5
right_child=-2 2 3 5 -6 -7
leaf_value=-0.10571648255638454 -0.06089887215031517 -0.047761645374883858 0.1257280505980764 0.030297628191073199 0.034267696917057042 -0.045596972717480221
leaf_weight=18 22 24 30 69 14.999999999999998 17
leaf_count=18 22 24 30 69 15 17
internal_value=0.00431945 0.0140908 0.0293399 0.0466064 -0.0459507 0.0136142
internal_weight=195 173 140 116 33 86
internal_count=195 173 140 116 33 86
is_linear=0
shrinkage=0.03


Tree=305
num_leaves=7
num_cat=0
split_feature=12 5 22 5 2 22
split_gain=380.472 303.918 298.857 207.704 389.962 370.621
threshold=5.0500000000000016 -0.68301270189221952 -41.666539949313055 -0.24999999999999994 12.350000000000003 79.500000000000014
decision_type=10 2 10 2 2 8
left_child=1 2 -1 -3 -5 -6
right_child=-2 3 -4 4 5 -7
leaf_value=-0.17666983962804078 0.098359046852588644 0.090607493184506893 -0.030733990853137157 -0.11093717063644101 -0.020825382377351483 0.11837921570986508
leaf_weight=14.999999999999998 20 14.999999999999998 42 23 57 19
leaf_count=15 20 15 42 23 57 19
internal_value=-0.0115463 -0.0268299 -0.0802886 0.00214989 -0.0149646 0.0191349
internal_weight=191 171 57 114 99 76
internal_count=191 171 57 114 99 76
is_linear=0
shrinkage=0.03


Tree=306
num_leaves=7
num_cat=0
split_feature=22 2 0 0 22 2
split_gain=195.981 171.713 205.785 286.319 259.954 144.66
threshold=-3.748039215686275 18.000000000000004 57.500000000000007 42.500000000000007 -16.94279738562091 19.450000000000003
decision_type=10 2 2 2 8 2
left_child=1 2 3 -1 -4 -3
right_child=-2 5 4 -5 -6 -7
leaf_value=0.069137393939495084 -0.03041958967446471 -0.078453092766659599 0.016453007459640501 -0.083154783189296713 0.17448987415858677 0.028265208650666934
leaf_weight=20 87 15.999999999999998 19 14.999999999999998 15.999999999999998 21
leaf_count=20 87 16 19 15 16 21
internal_value=0.00207677 0.0286775 0.0549933 0.00163348 0.101479 -0.021729
internal_weight=194 107 70 35 35 37
internal_count=194 107 70 35 35 37
is_linear=0
shrinkage=0.03


Tree=307
num_leaves=7
num_cat=0
split_feature=22 0 2 2 22 17
split_gain=207.49 271.053 309.137 408.344 141.545 149.271
threshold=-3.748039215686275 37.500000000000007 13.450000000000001 18.000000000000004 23.500000000000004 78.500000000000014
decision_type=10 2 2 2 10 8
left_child=1 -1 -3 -4 -2 -6
right_child=4 2 3 -5 5 -7
leaf_value=0.12159808446868109 -0.054466687371688229 -0.064462761878967281 0.12607711442055239 -0.026809556219069396 -0.032221305920527528 0.074571102820336813
leaf_weight=21 51 28 26 29 21 17
leaf_count=21 51 28 26 29 21 17
internal_value=0.00900919 0.036983 0.00988176 0.0499478 -0.0239077 0.01867
internal_weight=193 104 83 55 89 38
internal_count=193 104 83 55 89 38
is_linear=0
shrinkage=0.03


Tree=308
num_leaves=7
num_cat=0
split_feature=22 2 2 16 2 2
split_gain=262.682 202.122 388.353 256.932 188.122 100.789
threshold=-84.999999999999986 11.050000000000002 12.550000000000002 -5.4999999999999991 13.950000000000001 15.700000000000001
decision_type=10 2 2 10 2 2
left_child=5 -2 -3 4 -4 -1
right_child=1 2 3 -5 -6 -7
leaf_value=-0.12589436803545268 -0.058415474190243649 0.12939454933404923 0.10089911294931715 -0.074305855287238959 0.00046415322313183232 -0.017229080736637117
leaf_weight=16.000000000000004 30 20 17 27 71 14.999999999999998
leaf_count=16 30 20 17 27 71 15
internal_value=-0.00955608 0.00627995 0.0222295 -0.00102276 0.0242479 -0.0830101
internal_weight=196 165 135 115 88 31
internal_count=196 165 135 115 88 31
is_linear=0
shrinkage=0.03


Tree=309
num_leaves=7
num_cat=0
split_feature=0 23 22 22 3 0
split_gain=161.898 139.161 177.948 228.578 197.739 207.423
threshold=32.500000000000007 2.5186274509803899 -9.9999999999999982 2.1250000000000004 1.0000000180025095e-35 52.500000000000007
decision_type=2 2 10 10 2 2
left_child=-1 2 -2 -4 -5 -6
right_child=1 -3 3 4 5 -7
leaf_value=0.076725497730076309 0.013920190972593527 0.059956809282302855 -0.11930256048838296 -0.075631656020879734 0.094520994885401291 -0.038998895058674474
leaf_weight=19 83 20 22 20 17 15.999999999999998
leaf_count=19 83 20 22 20 17 16
internal_value=0.00353383 -0.00616163 -0.0161135 -0.0481434 -0.0108674 0.0331707
internal_weight=197 178 158 75 53 33
internal_count=197 178 158 75 53 33
is_linear=0
shrinkage=0.03


Tree=310
num_leaves=7
num_cat=0
split_feature=2 1 22 4 2 4
split_gain=215.517 296.027 147.835 441.71 173.579 205.512
threshold=10.500000000000002 7.5000000000000009 -84.999999999999986 -0.6830127018922193 13.950000000000001 1.0000000180025095e-35
decision_type=2 8 10 2 2 2
left_child=1 -1 3 -2 5 -4
right_child=2 -3 4 -5 -6 -7
leaf_value=0.018110263371906639 0.059912367224693293 -0.15005444008111948 -0.0095715614159901929 -0.14186299288272858 -0.0075665705082230738 0.10421426308316152
leaf_weight=15.999999999999998 15 15.000000000000002 22 15 74 32
leaf_count=16 15 15 22 15 74 32
internal_value=-0.0064951 -0.0727993 0.008348 -0.0468289 0.0225544 0.0609745
internal_weight=189 31 158 30 128 54
internal_count=189 31 158 30 128 54
is_linear=0
shrinkage=0.03


Tree=311
num_leaves=7
num_cat=0
split_feature=2 4 4 22 4 2
split_gain=205.369 721.193 459.289 345.597 192.434 165.726
threshold=12.15 0.25000000000000011 0.25000000000000011 79.500000000000014 1.0000000180025095e-35 18.850000000000005
decision_type=2 2 2 8 2 2
left_child=1 -1 3 4 5 -2
right_child=2 -3 -4 -5 -6 -7
leaf_value=-0.07375890017151833 -0.063238279935386443 0.13612015769277749 -0.11662694396643802 0.12695240223381135 0.040708751836791637 0.03822329376425062
leaf_weight=20 49 33 24 15.999999999999998 43 15.999999999999998
leaf_count=20 49 33 24 16 43 16
internal_value=0.00948667 0.0573895 -0.00898261 0.0155647 -0.00582441 -0.0373168
internal_weight=201 53 148 124 108 65
internal_count=201 53 148 124 108 65
is_linear=0
shrinkage=0.03


Tree=312
num_leaves=7
num_cat=0
split_feature=0 2 2 4 0 16
split_gain=231.635 108.649 417.95 287.021 147.425 311.729
threshold=102.50000000000001 9.8500000000000032 11.250000000000002 0.25000000000000011 47.500000000000007 -5.4999999999999991
decision_type=2 2 2 2 2 10
left_child=1 -1 -3 4 5 -4
right_child=-2 2 3 -5 -6 -7
leaf_value=-0.043709605683883032 -0.09312057486602239 0.14612652591296604 0.1271282093652657 -0.082305745729084667 -0.0031400891184806823 -0.033442057684063914
leaf_weight=22 15.999999999999998 15.999999999999998 23 24 70 14.999999999999998
leaf_count=22 16 16 23 24 70 15
internal_value=0.00105414 0.012325 0.0218107 0.00195894 0.0234977 0.0672267
internal_weight=186 170 148 132 108 38
internal_count=186 170 148 132 108 38
is_linear=0
shrinkage=0.03


Tree=313
num_leaves=7
num_cat=0
split_feature=20 16 1 0 1 17
split_gain=153.946 200.523 339.283 188.956 118.342 84.1636
threshold=-6.4999999999999991 1.5000000000000002 12.500000000000002 42.500000000000007 1.0000000180025095e-35 39.000000000000007
decision_type=10 10 10 2 10 8
left_child=1 2 3 -1 -5 -4
right_child=-2 -3 5 4 -6 -7
leaf_value=0.042223991256426362 0.079975246680634368 -0.075146012854191563 0.023441300153732296 -0.0049047824909741232 -0.079021848879754539 0.12561396406116809
leaf_weight=29 15.999999999999998 26 14.999999999999998 39 35 17
leaf_count=29 16 26 15 39 35 17
internal_value=0.00352318 -0.00625459 0.00922332 -0.0179729 -0.0427428 0.0873604
internal_weight=177 161 135 103 74 32
internal_count=177 161 135 103 74 32
is_linear=0
shrinkage=0.03


Tree=314
num_leaves=7
num_cat=0
split_feature=1 0 2 17 2 0
split_gain=202.514 306.276 235.734 213.675 407.318 59.6807
threshold=7.5000000000000009 47.500000000000007 11.450000000000001 86.500000000000014 13.15 47.500000000000007
decision_type=10 2 2 8 2 2
left_child=2 -2 -1 -3 -5 -4
right_child=1 3 5 4 -6 -7
leaf_value=0.092806042545874198 -0.11938915931048892 -0.0586038981936872 0.023432438365722959 -0.051440973707607807 0.14031679451465606 -0.024405684054739051
leaf_weight=23 26 27 33 16.000000000000004 14.999999999999998 57
leaf_count=23 26 27 33 16 15 57
internal_value=-0.00927952 -0.0432619 0.0167445 -0.00236904 0.0479465 -0.00655494
internal_weight=197 84 113 58 31 90
internal_count=197 84 113 58 31 90
is_linear=0
shrinkage=0.03


Tree=315
num_leaves=7
num_cat=0
split_feature=0 2 2 1 2 17
split_gain=298.228 552.479 165.142 92.2847 117.013 161.104
threshold=42.500000000000007 11.850000000000003 12.550000000000002 17.500000000000004 18.450000000000003 86.500000000000014
decision_type=2 2 2 10 2 8
left_child=2 -2 -1 4 5 -3
right_child=1 3 -4 -5 -6 -7
leaf_value=0.10834286466240882 -0.14075123532542161 -0.017625205861083394 0.0059131382812153202 -0.049879365499530516 -0.02422904654356994 0.075570831457773852
leaf_weight=25 23 24 28 15.999999999999998 33 40
leaf_count=25 23 24 28 16 33 40
internal_value=0.0021947 -0.0214159 0.0594038 0.00780836 0.0193025 0.0418776
internal_weight=189 136 53 113 97 64
internal_count=189 136 53 113 97 64
is_linear=0
shrinkage=0.03


Tree=316
num_leaves=7
num_cat=0
split_feature=22 22 0 13 2 20
split_gain=700.827 366.293 254.958 199.236 271.061 308.329
threshold=25.500000000000004 44.500000000000007 42.500000000000007 19.830392156862747 13.950000000000001 -1.0000000180025095e-35
decision_type=8 10 2 8 2 8
left_child=3 2 -2 -1 5 -5
right_child=1 -3 -4 4 -6 -7
leaf_value=-0.041112586408853527 -0.035955262354442054 0.0056829993098974222 -0.1973488994771915 -0.021574269130825996 -0.011912903076410292 0.13276066656175411
leaf_weight=32 15.999999999999998 20 26 14.999999999999998 45 33
leaf_count=32 16 20 26 15 45 33
internal_value=-0.0220531 -0.10046 -0.146231 0.0192047 0.0409977 0.0870457
internal_weight=187 62 42 125 93 48
internal_count=187 62 42 125 93 48
is_linear=0
shrinkage=0.03


Tree=317
num_leaves=7
num_cat=0
split_feature=4 1 22 12 3 22
split_gain=241.39 254.015 213.29 146.022 185.199 289.416
threshold=0.68301270189221941 12.500000000000002 22.097549019607843 5.0500000000000016 1.0000000180025095e-35 -7.833333333333333
decision_type=2 10 8 10 2 8
left_child=1 3 -3 4 5 -1
right_child=-2 2 -4 -5 -6 -7
leaf_value=0.018738103713840246 0.097483193367719642 -0.13008131039830356 0.0091370523199439044 0.07793099572712725 0.0173893571933431 -0.14052726499736309
leaf_weight=19 14.999999999999998 21 14.999999999999998 17 88 14.999999999999998
leaf_count=19 15 21 15 17 88 15
internal_value=-0.00142999 -0.0123806 -0.0780335 0.00674209 -0.00585528 -0.0605341
internal_weight=190 175 36 139 122 34
internal_count=190 175 36 139 122 34
is_linear=0
shrinkage=0.03


Tree=318
num_leaves=7
num_cat=0
split_feature=2 22 16 22 17 22
split_gain=229.246 409.295 110.589 187.709 123.922 110.386
threshold=15.700000000000001 96.000000000000014 -7.9999999999999991 10.750000000000002 27.500000000000004 -3.748039215686275
decision_type=2 8 10 10 8 10
left_child=1 2 4 -4 -1 -2
right_child=5 -3 3 -5 -6 -7
leaf_value=0.045176246166229249 0.0027953772783279418 0.16511332476139068 0.11310732391070236 -0.01011342562161959 -0.039440475667516385 -0.071967114631471957
leaf_weight=19 45 14.999999999999998 17 21 40 24
leaf_count=19 45 15 17 21 40 24
internal_value=0.0155366 0.0413426 0.0150473 0.0517538 -0.0107905 -0.0263146
internal_weight=181 112 97 38 59 69
internal_count=181 112 97 38 59 69
is_linear=0
shrinkage=0.03


Tree=319
num_leaves=7
num_cat=0
split_feature=22 22 2 5 17 12
split_gain=344.938 349.847 218.771 210.749 168.444 208.117
threshold=25.500000000000004 56.500000000000007 15.050000000000002 1.0000000180025095e-35 27.500000000000004 32.95000000000001
decision_type=8 10 2 2 8 8
left_child=3 2 -2 4 -1 -6
right_child=1 -3 -4 -5 5 -7
leaf_value=0.12382183971405031 -0.14333494981052353 0.057219374187290666 -0.016245441453324426 -0.016949200436978017 0.089427922224998471 -0.024758680880069734
leaf_weight=20 27 14.999999999999998 22 54 20 30
leaf_count=20 27 15 22 54 20 30
internal_value=-0.00215684 -0.0562458 -0.093062 0.026858 0.0595292 0.0248935
internal_weight=188 64 49 124 70 50
internal_count=188 64 49 124 70 50
is_linear=0
shrinkage=0.03


Tree=320
num_leaves=7
num_cat=0
split_feature=0 23 0 2 2 0
split_gain=216.229 152.494 157.209 129.8 352.92 335.046
threshold=102.50000000000001 1.0000000180025095e-35 82.500000000000014 11.050000000000002 9.6500000000000004 57.500000000000007
decision_type=2 2 2 2 2 2
left_child=1 2 3 4 -1 -5
right_child=-2 -3 -4 5 -6 -7
leaf_value=-0.042034486588090655 -0.10230952156441551 -0.055820902995765205 0.073108630132290617 0.021671534311973443 0.12845593401363917 -0.097052720557240874
leaf_weight=19 15.999999999999998 31 26 54 15.999999999999998 29
leaf_count=19 16 31 26 54 16 29
internal_value=-0.0113475 -0.000420056 0.0129795 -0.00270264 0.0422187 -0.0229679
internal_weight=191 175 144 118 35 83
internal_count=191 175 144 118 35 83
is_linear=0
shrinkage=0.03


Tree=321
num_leaves=7
num_cat=0
split_feature=0 22 2 2 4 22
split_gain=212.856 107.23 197.701 600.699 193.832 187.674
threshold=32.500000000000007 -3.748039215686275 14.700000000000001 18.000000000000004 0.25000000000000011 -12.124999999999998
decision_type=2 10 2 2 2 8
left_child=-1 2 4 -4 5 -2
right_child=1 -3 3 -5 -6 -7
leaf_value=0.087813283619673346 0.0037472922652959824 -0.035319024299271404 0.17319275249134408 -0.021439567416213279 0.029825948387384414 -0.13541958019696174
leaf_weight=18 14.999999999999998 75 17 38 25 15.000000000000002
leaf_count=18 15 75 17 38 25 15
internal_value=0.00165315 -0.00882026 0.00999715 0.048139 -0.0289778 -0.0752413
internal_weight=203 185 110 55 55 30
internal_count=203 185 110 55 55 30
is_linear=0
shrinkage=0.03


Tree=322
num_leaves=7
num_cat=0
split_feature=22 1 1 3 7 16
split_gain=196.201 139.605 104.524 82.005 120.073 70.4197
threshold=44.500000000000007 1.0000000180025095e-35 12.500000000000002 1.0000000180025095e-35 1.0000000180025095e-35 -22.999999999999996
decision_type=8 10 10 2 8 10
left_child=2 -2 3 -1 -5 -6
right_child=1 -3 -4 4 5 -7
leaf_value=-0.04295503102816068 -0.013702402567863464 0.084380303975776769 -0.064602745129511904 -0.048239120543003083 0.05365803267274584 -0.0098134117573499668
leaf_weight=34 20 27 34 19 37 23
leaf_count=34 20 27 34 19 37 23
internal_value=-0.00510563 0.0453386 -0.0221949 -0.00723833 0.00977527 0.030444
internal_weight=194 47 147 113 79 60
internal_count=194 47 147 113 79 60
is_linear=0
shrinkage=0.03


Tree=323
num_leaves=7
num_cat=0
split_feature=4 22 1 1 4 2
split_gain=250.876 244.381 255.891 175.416 141.982 195.527
threshold=0.68301270189221941 -84.999999999999986 7.5000000000000009 12.500000000000002 1.0000000180025095e-35 18.350000000000005
decision_type=2 10 10 10 2 2
left_child=1 2 -1 4 5 -3
right_child=-2 3 -4 -5 -6 -7
leaf_value=-0.014489353805780411 0.083560261577367775 -0.048520540861556161 -0.17030037832260131 -0.066653074833254014 0.049486296915627538 0.060427873390061511
leaf_weight=20 14.999999999999998 47 14.999999999999998 31 42 15.999999999999998
leaf_count=20 15 47 15 31 42 16
internal_value=-0.0179308 -0.0289544 -0.094206 -0.00941658 0.00974339 -0.0184424
internal_weight=186 171 35 136 105 63
internal_count=186 171 35 136 105 63
is_linear=0
shrinkage=0.03


Tree=324
num_leaves=7
num_cat=0
split_feature=22 2 20 22 2 22
split_gain=395.485 426.807 134.508 180.415 247.257 142.778
threshold=-84.999999999999986 16.100000000000005 19.500000000000004 33.856470588235304 14.300000000000002 -3.748039215686275
decision_type=10 2 8 10 2 10
left_child=1 -1 -2 4 -4 -6
right_child=2 -3 3 -5 5 -7
leaf_value=-0.18551413113420659 -0.034135718818008899 0.01689711984246969 0.0891063152867205 -0.039798832873423257 0.031369818692857571 -0.070319361448287973
leaf_weight=17 45 14.999999999999998 46 26 28 14.999999999999998
leaf_count=17 45 15 46 26 28 15
internal_value=-0.0127446 -0.101172 0.00747084 0.0244956 0.0443962 -0.00773298
internal_weight=192 32 160 115 89 43
internal_count=192 32 160 115 89 43
is_linear=0
shrinkage=0.03


Tree=325
num_leaves=7
num_cat=0
split_feature=11 22 22 2 22 16
split_gain=146.001 199.576 248.131 203.276 210.008 131.024
threshold=-8.4999999999999982 20.825816993464056 44.500000000000007 18.000000000000004 2.1250000000000004 -26.499999999999996
decision_type=10 10 10 2 8 10
left_child=1 3 -3 4 -1 -6
right_child=-2 2 -4 -5 5 -7
leaf_value=0.0021349620606218064 0.084715625772422018 -0.1247361505573446 0.019015767454984595 -0.03831631960665307 0.12236230289563536 0.012757016590663365
leaf_weight=58 17 17 19 36 27 15.999999999999998
leaf_count=58 17 17 19 36 27 16
internal_value=0.0119126 0.00257982 -0.0558004 0.0193452 0.0407358 0.0871561
internal_weight=190 173 36 137 101 43
internal_count=190 173 36 137 101 43
is_linear=0
shrinkage=0.03


Tree=326
num_leaves=7
num_cat=0
split_feature=2 4 4 5 2 2
split_gain=136.373 475.232 250.189 638.711 375.94 256.103
threshold=13.050000000000002 0.25000000000000011 -0.25000000000000028 -0.9330127018922193 16.850000000000005 19.250000000000004
decision_type=2 2 2 2 2 2
left_child=1 -1 4 -4 -2 -6
right_child=2 -3 3 -5 5 -7
leaf_value=-0.042139774925614659 0.09852457749572667 0.10623970613065288 0.02030747522649012 -0.18298327321591584 -0.094699267413881086 0.046795611445392876
leaf_weight=33 28 36 33 18 22 15.999999999999998
leaf_count=33 28 36 33 18 22 16
internal_value=0.00520798 0.0372232 -0.0144245 -0.0613738 0.0236217 -0.0366087
internal_weight=186 69 117 51 66 38
internal_count=186 69 117 51 66 38
is_linear=0
shrinkage=0.03


Tree=327
num_leaves=7
num_cat=0
split_feature=22 5 2 7 2 16
split_gain=172.839 211.16 476.444 621.925 412.438 318.471
threshold=25.500000000000004 -0.5 16.850000000000005 inf 19.250000000000004 1.5000000000000002
decision_type=10 2 2 8 2 8
left_child=1 -1 3 -3 -4 -5
right_child=-2 2 4 5 -6 -7
leaf_value=-0.026807890926366266 -0.056531610833946609 -0.042472062666307792 -0.11325716628478123 0.045369051141398296 0.069508014522492875 0.23789336497369018
leaf_weight=64 35 17 21 15.999999999999998 14.999999999999998 18
leaf_count=64 35 17 21 16 15 18
internal_value=-0.000919491 0.0133695 0.0427759 0.0980341 -0.0379153 0.164726
internal_weight=186 151 87 51 36 34
internal_count=186 151 87 51 36 34
is_linear=0
shrinkage=0.03


Tree=328
num_leaves=7
num_cat=0
split_feature=2 2 4 22 22 2
split_gain=107.55 313.03 376.425 242.628 152.775 174.575
threshold=10.250000000000002 11.65 0.25000000000000011 79.500000000000014 16.500000000000004 13.950000000000001
decision_type=2 2 2 8 10 2
left_child=-1 -2 3 4 5 -3
right_child=1 2 -4 -5 -6 -7
leaf_value=-0.049847065707047777 0.11272873493927446 0.079066934751776549 -0.10992782711982726 0.10417849107222123 -0.068950143869106584 -0.013834922106996659
leaf_weight=31 17 21 22 17 21 57
leaf_count=31 17 21 22 17 21 57
internal_value=-0.00306448 0.00755737 -0.00888708 0.0140264 -0.00571854 0.0144334
internal_weight=186 155 138 116 99 78
internal_count=186 155 138 116 99 78
is_linear=0
shrinkage=0.03


Tree=329
num_leaves=7
num_cat=0
split_feature=22 7 1 22 1 0
split_gain=160.693 277.858 179.272 169.698 124.083 123.365
threshold=-3.748039215686275 1.0000000180025095e-35 12.500000000000002 2.1250000000000004 1.0000000180025095e-35 47.500000000000007
decision_type=8 8 10 10 10 2
left_child=-1 -2 3 4 -3 -5
right_child=1 2 -4 5 -6 -7
leaf_value=0.040275194310135654 0.089082740619778625 -0.030731169157661498 0.031646277870862716 -0.059186505460739135 -0.14514944489883341 0.03198682967958779
leaf_weight=72 15 19 26 20 18 24
leaf_count=72 15 19 26 20 18 24
internal_value=0.0062103 -0.0146877 -0.0325625 -0.0538143 -0.0970473 -0.0112662
internal_weight=194 122 107 81 37 44
internal_count=194 122 107 81 37 44
is_linear=0
shrinkage=0.03


Tree=330
num_leaves=7
num_cat=0
split_feature=13 0 0 2 2 1
split_gain=157.372 206.226 117.297 209.953 194.616 164.488
threshold=-6.6039215686274479 32.500000000000007 37.500000000000007 11.850000000000003 16.850000000000005 7.5000000000000009
decision_type=10 2 2 2 2 10
left_child=1 -1 -3 -4 5 -5
right_child=-2 2 3 4 -6 -7
leaf_value=0.081634273814118419 0.074780848723437099 -0.070225896420223366 -0.065096317291259767 -0.0083838272452354413 -0.024882963369600473 0.097530178095613207
leaf_weight=18 23 23 30 20 43 30
leaf_count=18 23 23 30 20 43 30
internal_value=0.00904341 -0.00211556 -0.0148021 -0.00209994 0.0205059 0.0582538
internal_weight=187 164 146 123 93 50
internal_count=187 164 146 123 93 50
is_linear=0
shrinkage=0.03


Tree=331
num_leaves=7
num_cat=0
split_feature=0 19 2 1 22 0
split_gain=266.177 292.837 320.339 312.51 243.77 93.4305
threshold=52.500000000000007 29.000000000000004 9.8500000000000032 1.0000000180025095e-35 22.097549019607843 72.500000000000014
decision_type=2 8 2 10 8 2
left_child=1 -1 -3 -4 -5 -2
right_child=5 2 3 4 -6 -7
leaf_value=-0.045526982734982784 -0.056492389744900638 -0.03858142259716988 -0.00055576980113983157 0.060045160210132599 0.23059637796878815 -0.00019509082490747626
leaf_weight=21 42 14.999999999999998 17 20 14.999999999999998 61
leaf_count=21 42 15 17 20 15 61
internal_value=0.00753817 0.0445753 0.0740167 0.107032 0.152826 -0.0247039
internal_weight=191 88 67 52 35 103
internal_count=191 88 67 52 35 103
is_linear=0
shrinkage=0.03


Tree=332
num_leaves=7
num_cat=0
split_feature=6 0 16 16 17 0
split_gain=230.084 195.63 166.772 137.144 120.663 218.47
threshold=1.0000000180025095e-35 102.50000000000001 -1.0000000180025095e-35 8.0000000000000018 86.500000000000014 82.500000000000014
decision_type=8 2 8 10 8 2
left_child=2 3 -1 4 5 -2
right_child=1 -3 -4 -5 -6 -7
leaf_value=0.025819683730602262 -0.03768532084921996 -0.061837519095702599 -0.086385144712403411 -0.036691658666188065 0.070697604153506663 0.082414469901810991
leaf_weight=14.999999999999998 31 17 31 17 69 17
leaf_count=15 31 17 31 17 69 17
internal_value=0.00458889 0.0225668 -0.0508524 0.0351141 0.0466235 0.0086122
internal_weight=197 151 46 134 117 48
internal_count=197 151 46 134 117 48
is_linear=0
shrinkage=0.03


Tree=333
num_leaves=7
num_cat=0
split_feature=22 1 3 22 2 6
split_gain=223.186 263.779 185.132 172.619 399.832 85.2973
threshold=23.500000000000004 12.500000000000002 1.0000000180025095e-35 25.500000000000004 15.450000000000001 1.0000000180025095e-35
decision_type=8 10 2 10 2 8
left_child=1 2 -1 4 -2 -4
right_child=3 -3 5 -5 -6 -7
leaf_value=-0.065234121344983576 0.16433656174203623 -0.10824160211616092 -0.0098290997634573676 -0.01270687398585406 -0.021912736675956029 0.05231569676137552
leaf_weight=25 18 22 36 28 17 36
leaf_count=25 18 22 36 28 17 36
internal_value=-0.00138643 -0.0253032 -0.00210856 0.0423284 0.0824415 0.0226227
internal_weight=182 119 97 63 35 72
internal_count=182 119 97 63 35 72
is_linear=0
shrinkage=0.03


Tree=334
num_leaves=7
num_cat=0
split_feature=0 22 2 22 2 17
split_gain=164.823 248.7 389.22 227.263 163.155 32.7976
threshold=42.500000000000007 20.825816993464056 13.450000000000001 -5.2068627450980367 14.15 -11.499999999999998
decision_type=2 8 2 10 2 8
left_child=3 4 -3 -1 -2 -6
right_child=1 2 -4 -5 5 -7
leaf_value=0.094176545359871605 0.055574882260777732 -0.15189687802241397 0.0057713815984981398 -0.023269939473990735 0.010249921002541669 -0.039979792509760179
leaf_weight=28 39 21 30 24 14.999999999999998 30
leaf_count=28 39 21 30 24 15 30
internal_value=-0.000329803 -0.0178309 -0.0669164 0.0426842 0.0140562 -0.0238859
internal_weight=187 135 51 52 84 45
internal_count=187 135 51 52 84 45
is_linear=0
shrinkage=0.03


Tree=335
num_leaves=7
num_cat=0
split_feature=5 1 22 22 1 12
split_gain=120.585 301.056 350.772 166.701 154.262 324.184
threshold=1.0000000180025095e-35 7.5000000000000009 -0.83986928104575276 -15.879999999999997 17.500000000000004 5.0500000000000016
decision_type=2 10 8 8 8 10
left_child=4 3 -3 -2 5 -1
right_child=1 2 -4 -5 -6 -7
leaf_value=-0.0034062374336645005 0.0080276072323322289 -0.058153060376644132 0.12111145949363705 -0.10494379021475712 -0.066207481607794771 0.129736704485757
leaf_weight=75 14.999999999999998 14.999999999999998 15.000000000000002 40 14.999999999999998 15.999999999999998
leaf_count=75 15 15 15 40 15 16
internal_value=-0.0110966 -0.0366972 0.0359762 -0.076032 0.0101606 0.0255414
internal_weight=191 85 30 55 106 91
internal_count=191 85 30 55 106 91
is_linear=0
shrinkage=0.03


Tree=336
num_leaves=7
num_cat=0
split_feature=4 2 4 2 22 22
split_gain=99.8224 401.752 702.071 366.987 490.513 322.99
threshold=-0.6830127018922193 13.15 0.25000000000000011 15.050000000000002 10.750000000000002 -14.366666666666665
decision_type=2 2 2 2 8 10
left_child=3 5 -3 -1 -5 -2
right_child=1 2 -4 4 -6 -7
leaf_value=-0.12101313100920782 0.15410738622600381 0.010857395831443054 -0.18410878024318 -0.078014716420854835 0.13032407426834103 0.015584376128711575
leaf_weight=22 17 66 17 15.999999999999998 15.000000000000002 53
leaf_count=22 17 66 17 16 15 53
internal_value=-0.00608741 0.00642239 -0.0372673 -0.0396411 0.0268937 0.0572568
internal_weight=206 153 83 53 31 70
internal_count=206 153 83 53 31 70
is_linear=0
shrinkage=0.03


Tree=337
num_leaves=7
num_cat=0
split_feature=0 17 0 3 2 2
split_gain=199.734 128.412 68.6222 62.094 450.894 431.018
threshold=82.500000000000014 27.500000000000004 102.50000000000001 1.0000000180025095e-35 14.700000000000001 13.250000000000002
decision_type=2 10 2 2 2 2
left_child=1 3 -2 5 -5 -1
right_child=2 -3 -4 4 -6 -7
leaf_value=0.027329590952879672 0.067989940821905348 -0.094721910719360619 -0.0057008541907582954 -0.047884840037462843 0.099271059899494557 -0.14428409133638653
leaf_weight=32 29 15.999999999999998 15.999999999999998 48 24 15.999999999999998
leaf_count=32 29 16 16 48 24 16
internal_value=-0.00793025 -0.0260069 0.0438388 -0.0134225 0.00442811 -0.03809
internal_weight=181 136 45 120 72 48
internal_count=181 136 45 120 72 48
is_linear=0
shrinkage=0.03


Tree=338
num_leaves=7
num_cat=0
split_feature=2 0 2 4 16 4
split_gain=212.628 235.914 169.271 589.241 264.602 203.453
threshold=18.600000000000005 82.500000000000014 11.250000000000002 -0.6830127018922193 80.000000000000014 0.25000000000000011
decision_type=2 2 2 2 8 2
left_child=1 2 5 -4 -5 -1
right_child=-2 -3 3 4 -6 -7
leaf_value=-0.025059547168867928 -0.051179068319975062 0.10228354851404826 0.10304703086614608 -0.0081832395930115775 -0.12797674399917014 0.1036237245135837
leaf_weight=15.999999999999998 42 22 21 36 27 22
leaf_count=16 42 22 21 36 27 22
internal_value=0.00458787 0.0220248 0.00409484 -0.0196803 -0.0651584 0.0528277
internal_weight=186 144 122 84 63 38
internal_count=186 144 122 84 63 38
is_linear=0
shrinkage=0.03


Tree=339
num_leaves=7
num_cat=0
split_feature=2 22 2 20 6 4
split_gain=140.892 256.333 234.952 233.802 157.317 193.567
threshold=16.850000000000005 79.500000000000014 13.950000000000001 19.500000000000004 0.32500000000000007 -0.6830127018922193
decision_type=2 8 2 8 8 2
left_child=1 2 3 -1 -2 -6
right_child=4 -3 -4 -5 5 -7
leaf_value=-0.048504502280005093 0.022393366545438765 0.097312093007153475 -0.078655966924769533 0.05702431465898241 -0.13503909244069032 -0.0022741301497444509
leaf_weight=24 23 24 23 51 15.999999999999998 19
leaf_count=24 23 24 23 51 16 19
internal_value=0.000773129 0.0189481 -0.0040353 0.0223341 -0.0359268 -0.07226
internal_weight=180 122 98 75 58 35
internal_count=180 122 98 75 58 35
is_linear=0
shrinkage=0.03


Tree=340
num_leaves=7
num_cat=0
split_feature=0 2 2 0 22 2
split_gain=143.871 768.082 580.395 208.464 137.287 256.218
threshold=42.500000000000007 11.850000000000003 12.550000000000002 57.500000000000007 -3.748039215686275 17.350000000000005
decision_type=2 2 2 2 10 2
left_child=2 -2 -1 -3 5 -5
right_child=1 3 -4 4 -6 -7
leaf_value=0.13596677842736243 -0.1410949193347584 0.089588650239090767 -0.045225847197430474 0.095501160952779982 -0.049479885977857248 -0.02488422380480915
leaf_weight=25 28 26 30 22 29 35
leaf_count=25 28 26 30 22 29 35
internal_value=0.0025903 -0.0136416 0.0416016 0.0228897 -0.0010896 0.0255349
internal_weight=195 140 55 112 86 57
internal_count=195 140 55 112 86 57
is_linear=0
shrinkage=0.03


Tree=341
num_leaves=7
num_cat=0
split_feature=22 1 2 22 20 22
split_gain=165.486 390.481 127.599 107.424 82.4091 156.26
threshold=56.500000000000007 1.0000000180025095e-35 13.950000000000001 -3.748039215686275 -10.499999999999998 8.018954248366013
decision_type=8 10 2 10 10 10
left_child=2 -2 4 -4 5 -1
right_child=1 -3 3 -5 -6 -7
leaf_value=0.026603108532726762 -0.047277106493711467 0.11755092716217042 -0.0071206599764707616 -0.08257916650351356 0.064077025794424106 -0.065937070298194886
leaf_weight=43 19 25 36 29 14.999999999999998 20
leaf_count=43 19 25 36 29 15 20
internal_value=0.00105365 0.0488138 -0.0147944 -0.0442806 0.0109646 -0.00546291
internal_weight=187 44 143 65 78 63
internal_count=187 44 143 65 78 63
is_linear=0
shrinkage=0.03


Tree=342
num_leaves=7
num_cat=0
split_feature=0 2 3 2 22 22
split_gain=192.744 289.074 260.859 220.886 212.483 166.048
threshold=42.500000000000007 13.450000000000001 1.0000000180025095e-35 18.000000000000004 -2.1346405228758187 -5.2068627450980367
decision_type=2 2 2 2 10 10
left_child=5 2 -2 4 -3 -1
right_child=1 3 -4 -5 -6 -7
leaf_value=0.093379726984671188 -0.011129568633224281 0.097635934244502662 -0.13935851565722762 -0.042360503870972198 -0.015631192326545716 -0.014015042384465536
leaf_weight=23 30 28 24 38 25 22
leaf_count=23 30 28 24 38 25 22
internal_value=-0.00647773 -0.0233292 -0.0751005 0.00970363 0.0474664 0.0447245
internal_weight=190 145 54 91 53 45
internal_count=190 145 54 91 53 45
is_linear=0
shrinkage=0.03


Tree=343
num_leaves=7
num_cat=0
split_feature=2 2 5 22 2 22
split_gain=168.609 214.439 221.31 492.472 380.158 635.909
threshold=10.250000000000002 11.65 -0.5 -34.958843537414957 16.850000000000005 56.500000000000007
decision_type=2 2 2 10 2 8
left_child=-1 -2 3 -3 5 -4
right_child=1 2 4 -5 -6 -7
leaf_value=-0.060329349415642865 0.097160935641630836 -0.16619836390949785 -0.00013392811490071786 0.007439546368195344 -0.044949735874931014 0.21548562419414521
leaf_weight=30 18 14.999999999999998 32 54 31 14.999999999999998
leaf_count=30 18 15 32 54 31 15
internal_value=-0.000376466 0.0119778 -0.00130571 -0.0389869 0.0323683 0.0827838
internal_weight=195 165 147 69 78 47
internal_count=195 165 147 69 78 47
is_linear=0
shrinkage=0.03


Tree=344
num_leaves=7
num_cat=0
split_feature=4 16 0 17 16 0
split_gain=209.76 123.232 119.769 146.267 101.368 169.51
threshold=1.0000000180025095e-35 8.0000000000000018 82.500000000000014 78.500000000000014 57.500000000000007 67.500000000000014
decision_type=2 8 2 8 8 2
left_child=4 -2 3 -3 -1 -6
right_child=1 2 -4 -5 5 -7
leaf_value=-0.07495197455165907 -0.012084221921861172 -0.030834257858991618 0.11590386718511581 0.072733610332757243 0.026471872776746747 -0.063650079725250122
leaf_weight=27 35 20.000000000000004 15.999999999999998 19.999999999999996 43 26
leaf_count=27 35 20 16 20 43 26
internal_value=-0.000535779 0.0312302 0.0570732 0.0232774 -0.0307026 -0.00949328
internal_weight=187 91 56 40 96 69
internal_count=187 91 56 40 96 69
is_linear=0
shrinkage=0.03


Tree=345
num_leaves=7
num_cat=0
split_feature=0 2 22 22 17 17
split_gain=163.732 372.25 194.812 153.04 76.624 128.328
threshold=42.500000000000007 11.850000000000003 -5.2068627450980367 -84.999999999999986 -1.4999999999999998 3.5000000000000004
decision_type=2 2 10 10 8 10
left_child=2 -2 -1 -3 -5 -6
right_child=1 3 -4 4 5 -7
leaf_value=0.10333218410611152 -0.098191558783873908 -0.050390877914428714 -0.0067999463456292304 0.078979352161288249 -0.0076404267928150832 0.074705406986176975
leaf_weight=26 27 20 26 20 56 19
leaf_count=26 27 20 26 20 56 19
internal_value=0.00950726 -0.00748676 0.0525 0.0170131 0.0330135 0.0165858
internal_weight=194 142 52 115 95 75
internal_count=194 142 52 115 95 75
is_linear=0
shrinkage=0.03


Tree=346
num_leaves=7
num_cat=0
split_feature=17 0 2 2 16 2
split_gain=206.466 206.112 420.209 350.835 335.242 254.124
threshold=-84.999999999999986 37.500000000000007 13.450000000000001 13.550000000000002 36.500000000000007 18.000000000000004
decision_type=10 2 2 2 8 2
left_child=1 2 -1 4 -3 -5
right_child=-2 3 -4 5 -6 -7
leaf_value=0.10530656224694745 0.046124732092488553 -0.017863427599271137 -0.072125648685864033 0.057873889852214498 -0.18626071521769397 -0.059659436196088794
leaf_weight=24 55 22 15.999999999999998 32 18 25
leaf_count=24 55 22 16 32 18 25
internal_value=-0.000548338 -0.02025 0.0342056 -0.0432819 -0.105918 0.00567017
internal_weight=192 137 40 97 40 57
internal_count=192 137 40 97 40 57
is_linear=0
shrinkage=0.03


Tree=347
num_leaves=7
num_cat=0
split_feature=20 13 22 17 5 5
split_gain=67.1591 112.208 60.715 138.456 71.9507 150.712
threshold=-1.0000000180025095e-35 -1.4558823529411737 -41.666539949313055 3.5000000000000004 -0.9330127018922193 -0.5
decision_type=10 10 8 8 2 2
left_child=1 2 -1 -4 -5 -6
right_child=-2 -3 3 4 5 -7
leaf_value=0.051127239251509304 0.051822994731366631 -0.073187418267130849 -0.078201024413108805 0.050238401889801027 -0.05680129986149924 0.016361304505363754
leaf_weight=14.999999999999998 14.999999999999998 14.999999999999998 15.000000000000004 22 30 87
leaf_count=15 15 15 15 22 30 87
internal_value=-0.000466337 -0.00598726 0.00190894 -0.00434207 0.00606688 -0.00395742
internal_weight=199 184 169 154 139 117
internal_count=199 184 169 154 139 117
is_linear=0
shrinkage=0.03


Tree=348
num_leaves=7
num_cat=0
split_feature=4 2 2 22 22 2
split_gain=129.923 306.071 288.065 551.775 249.332 225.012
threshold=1.0000000180025095e-35 15.050000000000002 11.65 20.825816993464056 7.2274509803921587 17.550000000000004
decision_type=2 2 2 8 8 2
left_child=1 4 -2 -4 -1 -3
right_child=2 5 3 -5 -6 -7
leaf_value=-0.026750443051569164 0.087743740738369519 0.098169505655765529 0.035548544672246156 -0.13870749815367162 -0.16618066913315227 -0.027201085364496384
leaf_weight=31 27 14.999999999999998 47 19 15.999999999999998 32
leaf_count=31 27 15 47 19 16 32
internal_value=-0.0112944 -0.0353117 0.0135443 -0.0208515 -0.085631 0.0184029
internal_weight=187 94 93 66 47 47
internal_count=187 94 93 66 47 47
is_linear=0
shrinkage=0.03


Tree=349
num_leaves=7
num_cat=0
split_feature=4 1 2 22 0 4
split_gain=195.892 229.319 299.627 333.312 337.244 279.433
threshold=0.68301270189221941 7.5000000000000009 16.100000000000005 -19.874999999999996 47.500000000000007 -0.6830127018922193
decision_type=2 8 2 10 2 2
left_child=1 5 3 -3 -5 -1
right_child=-2 2 -4 4 -6 -7
leaf_value=-0.045228561765381266 0.096382465213537216 -0.16499729104664015 0.044345895930610849 0.078717364490032193 -0.080739306032657623 0.057496535586049925
leaf_weight=30 14.999999999999998 18 24 14.999999999999998 25 73
leaf_count=30 15 18 24 15 25 73
internal_value=0.00718361 -0.00239478 -0.0385832 -0.0736948 -0.0188407 0.0268679
internal_weight=200 185 82 58 40 103
internal_count=200 185 82 58 40 103
is_linear=0
shrinkage=0.03


end of trees

feature_importances:
abs_lat=463
dv_all_mean=425
v0=335
month_sin=163
dv_CTCX=129
dv_past12=128
month_cos=110
dv_COTC=84
dv_AEMN=67
rule=40
arabian_sea=30
dv_IFS-ENSM=26
dv_IFS=24
land_frac=19
dv_CMC=15
dv_ecmwf_mean=15
land_at_lead=11
dv_GFS=11
dv_HWRF=4

parameters:
[boosting: gbdt]
[objective: regression]
[metric: l2]
[tree_learner: serial]
[device_type: cpu]
[data_sample_strategy: bagging]
[data: ]
[valid: ]
[num_iterations: 350]
[learning_rate: 0.03]
[num_leaves: 7]
[num_threads: 0]
[seed: 0]
[deterministic: 0]
[force_col_wise: 0]
[force_row_wise: 0]
[histogram_pool_size: -1]
[max_depth: -1]
[min_data_in_leaf: 15]
[min_sum_hessian_in_leaf: 0.001]
[bagging_fraction: 0.8]
[pos_bagging_fraction: 1]
[neg_bagging_fraction: 1]
[bagging_freq: 1]
[bagging_seed: 7719]
[bagging_by_query: 0]
[feature_fraction: 0.8]
[feature_fraction_bynode: 1]
[feature_fraction_seed: 2437]
[extra_trees: 0]
[extra_seed: 11797]
[early_stopping_round: 0]
[early_stopping_min_delta: 0]
[first_metric_only: 0]
[max_delta_step: 0]
[lambda_l1: 0]
[lambda_l2: 5]
[linear_lambda: 0]
[min_gain_to_split: 0]
[drop_rate: 0.1]
[max_drop: 50]
[skip_drop: 0.5]
[xgboost_dart_mode: 0]
[uniform_drop: 0]
[drop_seed: 21238]
[top_rate: 0.2]
[other_rate: 0.1]
[min_data_per_group: 100]
[max_cat_threshold: 32]
[cat_l2: 10]
[cat_smooth: 10]
[max_cat_to_onehot: 4]
[top_k: 20]
[monotone_constraints: ]
[monotone_constraints_method: basic]
[monotone_penalty: 0]
[feature_contri: ]
[forcedsplits_filename: ]
[refit_decay_rate: 0.9]
[cegb_tradeoff: 1]
[cegb_penalty_split: 0]
[cegb_penalty_feature_lazy: ]
[cegb_penalty_feature_coupled: ]
[path_smooth: 0]
[interaction_constraints: ]
[verbosity: -1]
[saved_feature_importance_type: 0]
[use_quantized_grad: 0]
[num_grad_quant_bins: 4]
[quant_train_renew_leaf: 0]
[stochastic_rounding: 1]
[linear_tree: 0]
[max_bin: 255]
[max_bin_by_feature: ]
[min_data_in_bin: 3]
[bin_construct_sample_cnt: 200000]
[data_random_seed: 38]
[is_enable_sparse: 1]
[enable_bundle: 1]
[use_missing: 1]
[zero_as_missing: 0]
[feature_pre_filter: 1]
[pre_partition: 0]
[two_round: 0]
[header: 0]
[label_column: ]
[weight_column: ]
[group_column: ]
[ignore_column: ]
[categorical_feature: ]
[forcedbins_filename: ]
[precise_float_parser: 0]
[parser_config_file: ]
[objective_seed: 8855]
[num_class: 1]
[is_unbalance: 0]
[scale_pos_weight: 1]
[sigmoid: 1]
[boost_from_average: 1]
[reg_sqrt: 0]
[alpha: 0.9]
[fair_c: 1]
[poisson_max_delta_step: 0.7]
[tweedie_variance_power: 1.5]
[lambdarank_truncation_level: 30]
[lambdarank_norm: 1]
[label_gain: ]
[lambdarank_position_bias_regularization: 0]
[eval_at: ]
[multi_error_top_k: 1]
[auc_mu_weights: ]
[num_machines: 1]
[local_listen_port: 12400]
[time_out: 120]
[machine_list_filename: ]
[machines: ]
[gpu_platform_id: -1]
[gpu_device_id: -1]
[gpu_device_id_list: ]
[gpu_use_dp: 0]
[num_gpu: 1]

end of parameters

pandas_categorical:[]
