tree
version=v4
num_class=1
num_tree_per_iteration=1
label_index=0
max_feature_idx=23
objective=regression
feature_names=v0 dv_past12 abs_lat arabian_sea month_sin month_cos land_frac land_at_lead hours_to_land on_land_now dv_AIFS dv_GFS dv_IFS dv_IFS-ENSM dv_AIFS-ENSM dv_HWRF dv_CTCX dv_COTC dv_UKM dv_CMC dv_AEMN dv_ecmwf_mean dv_all_mean rule
feature_infos=[25:150] [-35:65] [4.5999999999999996:24.5] [0:1] [-1:1] [-1:1] [0:1] [0:1] [12:999] none [-21:0] [-53:56] [-31.899999999999999:44.900000000000006] [-39.222784313725498:18.752941176470586] none [-74:47] [-86:67] [-99:71] [-23:22] [-25:25] [-60:30] [-35.061392156862752:30.340196078431379] [-99:71] [-53:56]
tree_sizes=706 727 752 743 726 745 721 724 727 728 730 723 735 722 726 723 743 737 768 703 732 711 727 740 724 727 755 742 729 722 730 728 736 751 742 723 731 745 744 733 725 746 727 739 722 744 736 748 744 741 714 747 737 710 744 738 725 750 736 746 765 732 731 731 739 749 735 736 734 732 737 726 742 739 730 754 743 725 751 753 752 751 738 758 739 743 735 758 749 735 780 725 733 743 723 764 731 740 745 721 751 743 771 733 750 753 731 746 721 748 744 738 728 750 735 753 722 766 724 729 767 728 739 752 731 720 761 745 732 746 739 757 763 730 765 725 747 738 751 784 760 732 756 757 765 758 733 748 749 754 748 719 745 755 733 749 737 733 764 733 756 741 744 728 740 740 738 743 722 770 765 773 767 759 752 756 753 747 756 730 769 760 740 766 731 760 760 771 766 752 781 749 743 740 769 733 752 729 770 755 768 769 753 764 721 737 741 709 755 742 734 774 754 739 720 719 744 773 761 755 768 753 736 757 759 763 779 767 737 728 735 737 732 744 740 744 719 737 752 741 745 776 754 740 749 759 747 735 739 742 774 750 758 744 770 739 756 756 781 746 747 743 750 758 766 756 774 755 724 759 766 721 736 758 741 740 756 740 752 735 755 738 763 777 717 767 749 750 774 741 755 731 754 718 749 773 754 757 796 756 730 723 765 759 735 737 750 756 749 751 756 748 765 750 735 734 760 770 755 728 736 761 762 760 737 768 759 735 762 764 765 757 759 767 757 746 739 761 788 755 754 769 758 751 744 737 760 756 754 782

Tree=0
num_leaves=7
num_cat=0
split_feature=22 0 22 22 1 6
split_gain=111645 40176.7 33719.4 25345.1 10185.4 4623.08
threshold=-6.0870748299319724 82.500000000000014 -30.886274509803915 11.114052287581702 1.0000000180025095e-35 inf
decision_type=8 2 10 10 8 8
left_child=2 3 -1 4 -2 -4
right_child=1 -3 5 -5 -6 -7
leaf_value=-2.2293239246855396 -1.0088987392703299 -1.3295210442269643 -1.369868736269872 0.16930463400236784 -0.40327426331646632 -0.92420679600201472
leaf_weight=44 37 39 63 61 68 29
leaf_count=44 37 39 63 61 68 29
internal_value=-0.936274 -0.49828 -1.58968 -0.298086 -0.608908 -1.23445
internal_weight=341 205 136 166 105 92
internal_count=341 205 136 166 105 92
is_linear=0
shrinkage=1


Tree=1
num_leaves=7
num_cat=0
split_feature=22 0 22 22 1 2
split_gain=109050 36620.1 34414.3 28129.4 7071.29 4096.79
threshold=-6.0870748299319724 77.500000000000014 15.651764705882355 -25.151797385620913 1.0000000180025095e-35 17.850000000000005
decision_type=8 2 10 10 8 2
left_child=3 2 4 -1 -2 -3
right_child=1 5 -4 -5 -6 -7
leaf_value=-1.1411858027321951 0.04444643521712998 -0.031443257331848141 1.2463434402897673 -0.26556774993258786 0.50730500429868697 -0.60277001188351553
leaf_weight=58 54 21 48 78 64 21
leaf_count=58 54 21 48 78 64 21
internal_value=-0.0193232 0.409357 0.606331 -0.666219 0.305906 -0.350841
internal_weight=344 208 166 136 118 42
internal_count=344 208 166 136 118 42
is_linear=0
shrinkage=0.03


Tree=2
num_leaves=7
num_cat=0
split_feature=0 23 1 17 16 21
split_gain=69277.9 36282.5 27027.5 14529.4 12627.3 8107.2
threshold=82.500000000000014 -1.0000000180025095e-35 1.0000000180025095e-35 -30.499999999999996 4.5000000000000009 -10.068026143790847
decision_type=2 2 8 10 8 10
left_child=1 -1 -3 5 -4 -2
right_child=3 2 4 -5 -6 -7
leaf_value=-0.23833320688625628 -1.1848699901270312 0.027985056859173185 -0.00065153598785400385 -0.081894684606982807 0.90623214007014097 -0.33547192783355712
leaf_weight=83 38 68 15.999999999999998 26 96 20
leaf_count=83 38 68 16 26 96 20
internal_value=0.0304273 0.270841 0.505723 -0.695224 0.782186 -0.941845
internal_weight=347 263 180 84 112 58
internal_count=347 263 180 84 112 58
is_linear=0
shrinkage=0.03


Tree=3
num_leaves=7
num_cat=0
split_feature=22 22 22 0 1 0
split_gain=102348 28351.3 25681.1 14201.7 10237.3 5196.06
threshold=-6.0870748299319724 11.114052287581702 -33.399999999999991 72.500000000000014 -1.0000000180025095e-35 82.500000000000014
decision_type=8 10 10 2 8 2
left_child=2 4 -1 -3 -2 -6
right_child=1 3 -4 -5 5 -7
leaf_value=-1.2651552522182463 -0.32051610857248303 1.1525013028491626 -0.33862912133054912 0.1840928947008573 0.38285074962060089 -0.16281950422695707
leaf_weight=35 27 50 101 21 87 15.999999999999998
leaf_count=35 27 50 101 21 87 16
internal_value=0.00941413 0.435537 -0.613482 0.897026 0.159604 0.294473
internal_weight=337 201 136 71 130 103
internal_count=337 201 136 71 130 103
is_linear=0
shrinkage=0.03


Tree=4
num_leaves=7
num_cat=0
split_feature=22 22 22 0 1 0
split_gain=92097.3 28089.9 13856.1 13525.5 10216.2 7005.81
threshold=-13.08333333333333 15.651764705882355 -33.399999999999991 77.500000000000014 -1.0000000180025095e-35 87.500000000000014
decision_type=8 10 10 2 8 2
left_child=2 4 -1 -3 -2 -6
right_child=1 3 -4 -5 5 -7
leaf_value=-1.1854106393727388 -0.2577588085412979 1.1333851412932077 -0.41143361906536285 0.12250378878220268 0.32217248094578582 -0.27093141122297804
leaf_weight=39 45 40 56 18 121 17
leaf_count=39 45 40 56 18 121 17
internal_value=-0.00495689 0.307176 -0.772555 0.854284 0.115666 0.242191
internal_weight=336 241 95 58 183 138
internal_count=336 241 95 58 183 138
is_linear=0
shrinkage=0.03


Tree=5
num_leaves=7
num_cat=0
split_feature=22 0 22 22 22 11
split_gain=95878.7 27923.6 23363.4 18773.1 5259.89 3263.57
threshold=-8.2578653594771225 82.500000000000014 15.651764705882355 -30.886274509803915 -3.1080392156862739 1.5000000000000002
decision_type=8 2 10 10 10 8
left_child=3 2 5 -1 -3 -2
right_child=1 4 -4 -5 -6 -7
leaf_value=-1.1216456085205078 0.051236706708752827 -0.64436248540878294 1.0536425804926288 -0.34709798047708906 -0.021546119110924859 0.38495602516254573
leaf_weight=45 38 15.999999999999998 49 81 30 96
leaf_count=45 38 16 49 81 30 96
internal_value=-0.00621666 0.35767 0.521173 -0.655975 -0.280112 0.295566
internal_weight=355 229 183 126 46 134
internal_count=355 229 183 126 46 134
is_linear=0
shrinkage=0.03


Tree=6
num_leaves=7
num_cat=0
split_feature=22 22 2 22 0 0
split_gain=86448 29249.8 18743.8 21438.3 4654.05 4652.15
threshold=-3.9780252100840325 -33.399999999999991 17.550000000000004 15.651764705882355 57.500000000000007 57.500000000000007
decision_type=8 10 2 8 2 2
left_child=1 -1 3 -2 -4 -3
right_child=2 5 4 -5 -6 -7
leaf_value=-1.1649738817214965 0.19391567415964434 -0.09111122451149499 0.2235642058758632 0.95618577490988621 -0.35142961411640561 -0.46275751226714673
leaf_weight=40 66 73 18 69 24 51
leaf_count=40 66 73 18 69 24 51
internal_value=-0.0172504 -0.505591 0.436683 0.603755 -0.107436 -0.255977
internal_weight=341 164 177 135 42 124
internal_count=341 164 177 135 42 124
is_linear=0
shrinkage=0.03


Tree=7
num_leaves=7
num_cat=0
split_feature=22 0 22 22 1 11
split_gain=67566.9 24595.8 17496.4 15227 7168.43 3960.58
threshold=-6.0870748299319724 82.500000000000014 -30.886274509803915 11.114052287581702 1.0000000180025095e-35 6.5000000000000009
decision_type=8 2 10 10 8 8
left_child=2 3 -1 4 -2 -6
right_child=1 -3 -4 -5 5 -7
leaf_value=-1.038998560698136 -0.053180825521703806 -0.34706087963921683 -0.30227054581922647 0.86870334530698845 0.073022003322839743 0.62075903481245032
leaf_weight=41 43 37 97 53 19 35
leaf_count=41 43 37 97 53 19 35
internal_value=-0.0569306 0.311659 -0.549829 0.480097 0.23559 0.450557
internal_weight=325 187 138 150 97 54
internal_count=325 187 138 150 97 54
is_linear=0
shrinkage=0.03


Tree=8
num_leaves=7
num_cat=0
split_feature=22 22 0 0 22 1
split_gain=67856.8 32172.5 9786.45 8953.02 6782.27 5565.46
threshold=3.8750000000000004 -30.886274509803915 82.500000000000014 57.500000000000007 18.333333333333339 -1.0000000180025095e-35
decision_type=10 8 2 2 10 10
left_child=1 -1 4 -3 -2 -5
right_child=2 3 -4 5 -6 -7
leaf_value=-1.0051494125482885 0.41611681508166448 0.048423823477843631 0.036360377454757689 -0.65156549201692848 1.0759912304180423 -0.12832076618671417
leaf_weight=42 37 112 20 30 36 45
leaf_count=42 37 112 20 30 36 45
internal_value=-0.0253691 -0.302552 0.637771 -0.122684 0.789648 -0.36526
internal_weight=322 229 93 187 73 75
internal_count=322 229 93 187 73 75
is_linear=0
shrinkage=0.03


Tree=9
num_leaves=7
num_cat=0
split_feature=0 23 1 17 13 16
split_gain=45031 24444 22406.7 12527.6 14205.9 11512.4
threshold=82.500000000000014 -1.0000000180025095e-35 -1.0000000180025095e-35 -47.999999999999993 -7.7755882352941166 15.000000000000002
decision_type=2 2 8 10 10 8
left_child=1 -1 -3 4 -2 -4
right_child=3 2 5 -5 -6 -7
leaf_value=-0.19751928844054539 -1.1763167705033954 -0.28350878109534583 0.14372146166861058 -0.008621902763843536 -0.13244642391800879 0.74298151540199242
leaf_weight=85 33 31 44 23 19 98
leaf_count=85 33 31 44 23 19 98
internal_value=0.0220894 0.211355 0.412152 -0.601502 -0.839978 0.5685
internal_weight=333 258 173 75 52 142
internal_count=333 258 173 75 52 142
is_linear=0
shrinkage=0.03


Tree=10
num_leaves=7
num_cat=0
split_feature=22 22 1 5 23 0
split_gain=63986.5 28717.3 10302.3 9711.82 5839.92 5681.24
threshold=-15.839880647911338 9.5000000000000018 -1.0000000180025095e-35 -0.9330127018922193 -1.0000000180025095e-35 82.500000000000014
decision_type=8 10 8 2 2 2
left_child=5 2 -2 -3 -4 -1
right_child=1 3 4 -5 -6 -7
leaf_value=-0.45279524938754584 -0.32501561029204007 0.068018986962058325 -0.10090520675693239 0.90984028816223139 0.29078639914431875 -1.062101763744612
leaf_weight=44 53 17 51 50 88 32
leaf_count=44 53 17 51 50 88 32
internal_value=-0.0217811 0.204845 0.0129012 0.7158 0.148559 -0.759071
internal_weight=335 259 192 67 139 76
internal_count=335 259 192 67 139 76
is_linear=0
shrinkage=0.03


Tree=11
num_leaves=7
num_cat=0
split_feature=22 2 22 22 20 0
split_gain=76434.9 23205 18265.8 13472.8 6348.54 2645.64
threshold=-8.2578653594771225 17.650000000000002 15.651764705882355 -33.399999999999991 -13.499999999999998 52.500000000000007
decision_type=8 2 8 10 10 2
left_child=3 2 -2 -1 -3 -5
right_child=1 4 -4 5 -6 -7
leaf_value=-1.0404416224757829 0.20053661959301128 -0.41061838439532689 0.8398344131469726 -0.087471269555389877 0.18761181837982602 -0.46758723202504604
leaf_weight=40 96 37 70 27 22 52
leaf_count=40 96 37 70 27 22 52
internal_value=-0.0149287 0.308962 0.486794 -0.615092 -0.19032 -0.350614
internal_weight=344 225 166 119 59 79
internal_count=344 225 166 119 59 79
is_linear=0
shrinkage=0.03


Tree=12
num_leaves=7
num_cat=0
split_feature=22 1 22 23 22 0
split_gain=60763.2 22647.6 16451.4 4826.83 4825.32 3547.71
threshold=-12.538176014591881 -1.0000000180025095e-35 14.500000000000002 -1.0000000180025095e-35 -28.249999999999996 82.500000000000014
decision_type=8 8 10 2 10 2
left_child=4 -2 3 -3 -1 -5
right_child=1 2 -4 5 -6 -7
leaf_value=-0.85049509130991419 -0.26403019024700414 -0.047941331047078838 0.85220738649368277 0.41547536256057871 -0.3512035845524194 -0.030787044316530225
leaf_weight=47 56 41 49 79 44 19
leaf_count=47 56 41 49 79 44 19
internal_value=0.00127758 0.24847 0.404015 0.221915 -0.639945 0.331661
internal_weight=335 244 188 139 91 98
internal_count=335 244 188 139 91 98
is_linear=0
shrinkage=0.03


Tree=13
num_leaves=7
num_cat=0
split_feature=22 22 1 0 11 5
split_gain=63356.1 28487.4 9621.9 6594.13 9433 6046.8
threshold=-15.291666666666666 9.5000000000000018 -7.4999999999999991 77.500000000000014 1.5000000000000002 -0.9330127018922193
decision_type=8 10 8 2 8 2
left_child=-1 2 -2 4 -4 -3
right_child=1 5 3 -5 -6 -7
leaf_value=-0.72104801630335191 -0.49562199022088727 0.14997903390364212 -0.082431829536273593 -0.25829404113193355 0.42344473829269408 0.84124606167116467
leaf_weight=79 23 17 57 31 70 57
leaf_count=79 23 17 57 31 70 57
internal_value=-0.00483675 0.226648 0.0186644 0.106436 0.201876 0.701985
internal_weight=334 255 181 158 127 74
internal_count=334 255 181 158 127 74
is_linear=0
shrinkage=0.03


Tree=14
num_leaves=7
num_cat=0
split_feature=22 22 22 2 5 22
split_gain=58639.5 22805.1 11568.5 9503.85 8570.52 7940.94
threshold=-3.9780252100840325 -28.249999999999996 10.458333333333334 18.000000000000004 -0.9330127018922193 -27.91895424836601
decision_type=10 8 10 2 2 10
left_child=1 -1 -2 5 -4 -3
right_child=2 3 4 -5 -6 -7
leaf_value=-0.87422025176194995 0.16620779468119143 0.49293500211503771 0.12742130100727081 -0.42422282196821703 0.90155562036915826 -0.10872870114370803
leaf_weight=47 70 22 19 57 52 69
leaf_count=47 70 22 19 57 52 69
internal_value=0.00121531 -0.33249 0.458304 -0.137506 0.716405 0.0548263
internal_weight=336 195 141 148 71 91
internal_count=336 195 141 148 71 91
is_linear=0
shrinkage=0.03


Tree=15
num_leaves=7
num_cat=0
split_feature=22 2 22 22 22 16
split_gain=54251.4 16671.8 15623.6 11409 4915 3247.37
threshold=-3.9780252100840325 17.450000000000003 -30.886274509803915 15.651764705882355 14.500000000000002 -18.499999999999996
decision_type=8 2 10 8 8 10
left_child=2 3 -1 -2 -3 -4
right_child=1 4 5 -5 -6 -7
leaf_value=-0.86810205062230428 0.22417984162021098 0.15875871231158575 -0.31139041695508024 0.77118059930801386 -0.41969989776611327 0.011314462527516299
leaf_weight=40 74 22 74 70 22 43
leaf_count=40 74 22 74 70 22 43
internal_value=0.0153771 0.35494 -0.389638 0.507039 -0.143784 -0.197186
internal_weight=345 188 157 144 44 117
internal_count=345 188 157 144 44 117
is_linear=0
shrinkage=0.03


Tree=16
num_leaves=7
num_cat=0
split_feature=22 22 22 0 1 2
split_gain=44559.9 16827 7904.68 7505.25 7167.28 4806.77
threshold=-8.2578653594771225 11.114052287581702 -30.886274509803915 82.500000000000014 1.0000000180025095e-35 15.950000000000001
decision_type=8 10 10 2 8 2
left_child=2 3 -1 4 -2 -3
right_child=1 5 -4 -5 -6 -7
leaf_value=-0.7484303280647765 -0.072643966901031407 0.80268921361779266 -0.23253885123346532 -0.30764048756045453 0.38737411294961727 0.15171082564762658
leaf_weight=42 50 48 79 29 68 15.999999999999998
leaf_count=42 50 48 79 29 68 16
internal_value=0.0143682 0.275702 -0.434202 0.0909415 0.197422 0.662731
internal_weight=332 211 121 147 118 64
internal_count=332 211 121 147 118 64
is_linear=0
shrinkage=0.03


Tree=17
num_leaves=7
num_cat=0
split_feature=22 1 22 22 1 20
split_gain=47666.8 13956.1 13561 5838.74 2021.51 1963.71
threshold=-3.9780252100840325 -1.0000000180025095e-35 -28.249999999999996 14.500000000000002 -1.0000000180025095e-35 -14.499999999999998
decision_type=8 8 10 10 10 8
left_child=2 -2 -1 -3 -4 -6
right_child=1 3 4 -5 5 -7
leaf_value=-0.80873393068313604 -0.18551738146160329 0.27615474349652464 -0.3829681991564261 0.69632227708186423 -0.30087443096884364 0.005670733608642657
leaf_weight=45 37 90 32 51 24 53
leaf_count=45 37 90 32 51 24 53
internal_value=-0.0165162 0.313863 -0.396245 0.446772 -0.19795 -0.102396
internal_weight=332 178 154 141 109 77
internal_count=332 178 154 141 109 77
is_linear=0
shrinkage=0.03


Tree=18
num_leaves=7
num_cat=0
split_feature=0 23 1 17 13 16
split_gain=33744.7 18103.1 14607.4 10462.9 6983.1 6437.27
threshold=82.500000000000014 -4.4749999999999988 1.0000000180025095e-35 -58.999999999999993 -7.7755882352941166 -2.4999999999999996
decision_type=2 2 8 10 10 8
left_child=1 -1 -3 4 -2 -4
right_child=3 2 5 -5 -6 -7
leaf_value=-0.21649091621059216 -0.99628957572736232 -0.029853374275068439 -0.034500412940978997 -0.050333354364741928 -0.16560436442121862 0.59954985797678662
leaf_weight=74 33 67 15.999999999999998 28 14.999999999999998 104
leaf_count=74 33 67 16 28 15 104
internal_value=0.00743307 0.17058 0.325401 -0.528791 -0.776813 0.517011
internal_weight=337 261 187 76 48 120
internal_count=337 261 187 76 48 120
is_linear=0
shrinkage=0.03


Tree=19
num_leaves=7
num_cat=0
split_feature=22 2 22 22 0 6
split_gain=43065.2 16203.1 14314 13182.9 5377.81 2020.01
threshold=-6.0870748299319724 18.000000000000004 14.500000000000002 -30.886274509803915 47.500000000000007 inf
decision_type=8 2 8 10 2 8
left_child=3 2 -2 -1 -3 -5
right_child=1 4 -4 5 -6 -7
leaf_value=-0.81469321885007484 0.1352589129979711 0.15137743793427944 0.72270391331417128 -0.27427189254147161 -0.44340384615044437 0.018354846852166311
leaf_weight=42 78 21 72 63 26 30
leaf_count=42 78 21 72 63 26 30
internal_value=0.00227399 0.2825 0.43145 -0.402133 -0.188648 -0.183756
internal_weight=332 197 150 135 47 93
internal_count=332 197 150 135 47 93
is_linear=0
shrinkage=0.03


Tree=20
num_leaves=7
num_cat=0
split_feature=22 22 22 0 0 1
split_gain=41748.6 11408.7 10153.3 7349.32 3471.33 3163.24
threshold=-6.0870748299319724 10.458333333333334 -34.699999999999996 72.500000000000014 87.500000000000014 1.0000000180025095e-35
decision_type=8 10 10 2 2 8
left_child=2 4 -1 -3 5 -2
right_child=1 3 -4 -5 -6 -7
leaf_value=-0.79825613462007949 -0.025051725704450998 0.74770671709587699 -0.21603282439761456 0.06245926094055175 -0.22805010557174682 0.29602857480586414
leaf_weight=34 44 52 108 20 19 66
leaf_count=34 44 52 108 20 19 66
internal_value=0.00848953 0.283971 -0.377848 0.573776 0.106845 0.172091
internal_weight=343 201 142 72 129 110
internal_count=343 201 142 72 129 110
is_linear=0
shrinkage=0.03


Tree=21
num_leaves=7
num_cat=0
split_feature=22 0 0 22 6 1
split_gain=42683.6 21875.2 9409.29 5121.76 4847.45 3777.81
threshold=2.7500000000000004 62.500000000000007 82.500000000000014 15.651764705882355 inf 1.0000000180025095e-35
decision_type=10 2 2 10 8 8
left_child=1 4 3 -2 -1 -6
right_child=2 -3 -4 -5 5 -7
leaf_value=-0.12513021109409109 0.31542775824666019 -0.57970357683397111 -0.076481754665191345 0.82054852421467117 -0.025099214427173135 0.45591105245774788
leaf_weight=81 43 88 21 47 27 26
leaf_count=81 43 88 21 47 27 26
internal_value=0.0132455 -0.226183 0.481211 0.608516 0.0184811 0.229829
internal_weight=333 222 111 90 134 53
internal_count=333 222 111 90 134 53
is_linear=0
shrinkage=0.03


Tree=22
num_leaves=7
num_cat=0
split_feature=22 2 0 22 22 22
split_gain=42477.8 16627.2 12082.6 11260.3 4314.39 3583.78
threshold=-3.3580392156862739 16.850000000000005 57.500000000000007 15.651764705882355 21.046732026143797 -41.334278431372539
decision_type=8 2 2 8 8 10
left_child=2 3 -1 -2 -3 -4
right_child=1 4 5 -5 -6 -7
leaf_value=-0.046665932930385075 0.15294510576032821 0.12010249982861911 -0.87444956394933882 0.72925169129371636 -0.37377215866119629 -0.40184562344210489
leaf_weight=67 57 29 26 70 26 65
leaf_count=67 57 29 26 70 26 65
internal_value=-0.00557697 0.303064 -0.359491 0.486185 -0.125058 -0.575387
internal_weight=340 182 158 127 55 91
internal_count=340 182 158 127 55 91
is_linear=0
shrinkage=0.03


Tree=23
num_leaves=7
num_cat=0
split_feature=22 2 22 23 22 11
split_gain=34108.2 15851.7 12549.6 4945.4 4778.89 2486.26
threshold=-13.58333333333333 17.850000000000005 15.651764705882355 2.8436274509803927 -51.749999999999993 1.0000000180025095e-35
decision_type=8 2 8 2 10 8
left_child=4 2 5 -3 -1 -2
right_child=1 3 -4 -5 -6 -7
leaf_value=-0.84930249989032747 -0.05222105696797371 -0.31977264749152318 0.65324313161716074 0.22935828438826969 -0.3123753004888945 0.23809533351176493
leaf_weight=19 39 51 68 15.999999999999998 74 69
leaf_count=19 39 51 68 16 74 69
internal_value=0.0142417 0.20128 0.348111 -0.181816 -0.459805 0.135587
internal_weight=336 243 176 67 93 108
internal_count=336 243 176 67 93 108
is_linear=0
shrinkage=0.03


Tree=24
num_leaves=7
num_cat=0
split_feature=22 22 2 0 2 5
split_gain=28492.5 12951.2 6160.29 5197.07 4940.02 4936.27
threshold=-17.808496732026139 9.5000000000000018 17.350000000000005 57.500000000000007 14.850000000000003 -0.9330127018922193
decision_type=8 10 2 2 2 2
left_child=-1 2 4 -4 -2 -3
right_child=1 5 3 -5 -6 -7
leaf_value=-0.54195076820012678 0.014787176584227466 0.067560601234436024 0.05251151401549578 -0.45741423873603337 0.45400542521476744 0.62067478479960791
leaf_weight=69 101 22 31 35 25 47
leaf_count=69 101 22 31 35 25 47
internal_value=-0.0215632 0.123612 -0.00618554 -0.231073 0.115936 0.4608
internal_weight=330 261 192 66 126 69
internal_count=330 261 192 66 126 69
is_linear=0
shrinkage=0.03


Tree=25
num_leaves=7
num_cat=0
split_feature=22 22 2 5 0 22
split_gain=36382.8 18711.4 6947.47 5168.54 4338.92 4055.98
threshold=-15.839880647911338 9.5000000000000018 17.850000000000005 -0.9330127018922193 57.500000000000007 -44.999999999999993
decision_type=8 10 2 2 2 10
left_child=5 2 -2 -3 -4 -1
right_child=1 3 4 -5 -6 -7
leaf_value=-0.90306535885884209 0.12274268464939872 0.11492388367652892 0.026807136793028222 0.69637457296766081 -0.46084027822080409 -0.37027482879161833
leaf_weight=21 132 21 28 53 33 55
leaf_count=21 132 21 28 53 33 55
internal_value=-0.00612066 0.16017 0.000951782 0.549085 -0.251929 -0.56415
internal_weight=343 267 193 74 61 76
internal_count=343 267 193 74 61 76
is_linear=0
shrinkage=0.03


Tree=26
num_leaves=7
num_cat=0
split_feature=22 22 2 1 23 22
split_gain=35392.7 13248.4 6916.74 4920.32 4064.47 3068.24
threshold=-19.833333333333332 11.114052287581702 16.850000000000005 -1.0000000180025095e-35 -1.0000000180025095e-35 -62.499999999999993
decision_type=8 10 2 8 2 10
left_child=5 3 -3 -2 -5 -1
right_child=1 2 -4 4 -6 -7
leaf_value=-0.95600292921066277 -0.22041861458282383 0.62846960906059512 -0.031208259903866307 -0.095559962705030269 0.21965516265700843 -0.41272411820189703
leaf_weight=14.999999999999998 51 57 18 54 97 53
leaf_count=15 51 57 18 54 97 53
internal_value=-0.00110682 0.151314 0.478092 0.0213688 0.107479 -0.589836
internal_weight=345 277 75 202 151 68
internal_count=345 277 75 202 151 68
is_linear=0
shrinkage=0.03


Tree=27
num_leaves=7
num_cat=0
split_feature=22 2 22 0 1 22
split_gain=31471.2 11989 10081.4 4712.65 4572.93 3853.2
threshold=-15.291666666666666 17.850000000000005 15.651764705882355 37.500000000000007 1.0000000180025095e-35 -51.749999999999993
decision_type=8 2 8 2 10 10
left_child=5 2 -2 -3 -4 -1
right_child=1 3 4 -5 -6 -7
leaf_value=-0.87097290391507354 0.098648730445263982 0.21953430921903677 0.093725489377975452 -0.31704006485108815 0.65293750808352513 -0.34360669445246456
leaf_weight=18 129 15.999999999999998 19 51 58 59
leaf_count=18 129 16 19 51 58 59
internal_value=0.00404557 0.156329 0.268263 -0.182556 0.529079 -0.512478
internal_weight=350 273 206 67 77 77
internal_count=350 273 206 67 77 77
is_linear=0
shrinkage=0.03


Tree=28
num_leaves=7
num_cat=0
split_feature=22 1 0 22 0 2
split_gain=21243.2 10447.3 7624.11 5793.73 5254.61 2868.92
threshold=-7.1885514205682268 1.0000000180025095e-35 82.500000000000014 14.500000000000002 57.500000000000007 15.950000000000001
decision_type=8 8 2 8 2 2
left_child=4 -2 3 -3 -1 -6
right_child=1 2 -4 -5 5 -7
leaf_value=-0.020584794930789782 -0.079044180124998101 0.21430584096302421 -0.15710466310381888 0.68200672375072136 -0.20025204245637104 -0.59936201554663626
leaf_weight=41 75 54 19 50 36 42
leaf_count=41 75 54 19 50 36 42
internal_value=0.00848795 0.197342 0.362374 0.460132 -0.301026 -0.438317
internal_weight=317 198 123 104 119 78
internal_count=317 198 123 104 119 78
is_linear=0
shrinkage=0.03


Tree=29
num_leaves=7
num_cat=0
split_feature=22 0 0 16 20 22
split_gain=25407.4 14606.9 5109.24 4005.9 3626.46 2241.55
threshold=4.8387254901960786 62.500000000000007 82.500000000000014 -40.499999999999993 -3.4999999999999996 14.500000000000002
decision_type=10 2 2 10 8 10
left_child=1 4 5 -3 -1 -2
right_child=2 3 -4 -5 -6 -7
leaf_value=-0.11777869648354894 0.23242896882050176 -0.571900485645641 -0.052589342919262975 -0.14710227868705986 0.18328389328795591 0.62202481244291574
leaf_weight=63 29 61 17 35 72 51
leaf_count=63 29 61 17 35 72 51
internal_value=0.0121724 -0.159007 0.407637 -0.431975 0.0435993 0.502776
internal_weight=328 231 97 96 135 80
internal_count=328 231 97 96 135 80
is_linear=0
shrinkage=0.03


Tree=30
num_leaves=7
num_cat=0
split_feature=22 1 0 11 22 4
split_gain=27968.3 9870.67 6961.31 6716.78 5487.69 3380.43
threshold=-12.538176014591881 1.0000000180025095e-35 87.500000000000014 12.500000000000002 -51.749999999999993 -0.6830127018922193
decision_type=8 8 2 8 10 2
left_child=4 5 3 -3 -1 -2
right_child=1 2 -4 -5 -6 -7
leaf_value=-0.83393305778503413 -0.28933725760664258 0.066133176663092208 -0.17470744402512259 0.5554393800077857 -0.27002128117850849 0.069138272905067813
leaf_weight=18 30 37 18 86 79 69
leaf_count=18 30 37 18 86 79 69
internal_value=0.00710961 0.180791 0.337701 0.416583 -0.410414 -0.0481786
internal_weight=337 240 141 123 97 99
internal_count=337 240 141 123 97 99
is_linear=0
shrinkage=0.03


Tree=31
num_leaves=7
num_cat=0
split_feature=22 22 2 2 0 2
split_gain=25493.9 12906.5 5813.96 3795.73 3986.81 3618.26
threshold=-19.833333333333332 11.114052287581702 16.850000000000005 17.650000000000002 57.500000000000007 14.850000000000003
decision_type=8 10 2 2 2 2
left_child=-1 3 -3 5 -5 -2
right_child=1 2 -4 4 -6 -7
leaf_value=-0.5389689816314388 0.0031394230255058831 0.57627263416746455 -0.039078861325979229 0.045939647990923663 -0.39250416333858779 0.37356757169961929
leaf_weight=61 114 57 17 34 34 25
leaf_count=61 114 57 17 34 34 25
internal_value=-0.00760283 0.115153 0.441382 -0.00912923 -0.185151 0.080421
internal_weight=342 281 74 207 68 139
internal_count=342 281 74 207 68 139
is_linear=0
shrinkage=0.03


Tree=32
num_leaves=7
num_cat=0
split_feature=22 1 23 0 4 22
split_gain=22090.1 10333.6 7000.31 3892.17 3227.54 2091.24
threshold=-16.72803921568627 1.0000000180025095e-35 -1.0000000180025095e-35 87.500000000000014 -0.6830127018922193 -44.999999999999993
decision_type=8 8 2 2 2 10
left_child=5 4 -3 -4 -2 -1
right_child=1 2 3 -5 -6 -7
leaf_value=-0.65743663895130156 -0.3350603000819683 -0.091715824541292679 0.45910532452961772 -0.024047727909955109 0.013579490774869918 -0.2840739722900345
leaf_weight=25 31 33 98 17 70 54
leaf_count=25 31 33 98 17 70 54
internal_value=-0.0127735 0.126889 0.282834 0.389657 -0.104186 -0.434327
internal_weight=328 249 148 115 101 79
internal_count=328 249 148 115 101 79
is_linear=0
shrinkage=0.03


Tree=33
num_leaves=7
num_cat=0
split_feature=22 1 23 0 22 22
split_gain=24752.5 11467.2 8201.89 6083.17 3915.29 3258.79
threshold=-13.83333333333333 1.0000000180025095e-35 -1.0000000180025095e-35 87.500000000000014 21.046732026143797 -41.334278431372539
decision_type=8 10 2 2 8 10
left_child=5 -2 -3 4 -4 -1
right_child=1 2 3 -5 -6 -7
leaf_value=-0.74302457173665359 -0.10554783399447355 -0.10093696443615732 0.32767546772400835 -0.090434547492435999 0.76813077674462238 -0.28799326263127784
leaf_weight=22 96 32 62 15.999999999999998 34 57
leaf_count=22 96 32 62 16 34 57
internal_value=-0.00709881 0.145376 0.310588 0.427455 0.513974 -0.451396
internal_weight=319 240 144 112 96 79
internal_count=319 240 144 112 96 79
is_linear=0
shrinkage=0.03


Tree=34
num_leaves=7
num_cat=0
split_feature=22 2 22 0 22 22
split_gain=21853.8 12055.2 9268.69 5043.14 5029.09 2820.84
threshold=-12.538176014591881 17.850000000000005 19.040849673202619 57.500000000000007 -51.749999999999993 -2.8749999999999996
decision_type=8 2 8 2 10 10
left_child=4 2 -2 -3 -1 -5
right_child=1 3 -4 5 -6 -7
leaf_value=-0.76689427484165529 0.12088738367520273 0.11678351949434727 0.56795965422754702 -0.59278958458900444 -0.22556141363171969 -0.052873509764671325
leaf_weight=17 115 27 64 20 80 14.999999999999998
leaf_count=17 115 27 64 20 80 15
internal_value=0.0160676 0.168925 0.291824 -0.181196 -0.353376 -0.39693
internal_weight=338 241 179 62 97 35
internal_count=338 241 179 62 97 35
is_linear=0
shrinkage=0.03


Tree=35
num_leaves=7
num_cat=0
split_feature=22 22 2 2 0 0
split_gain=20765 8024.04 3268.95 3217.22 2956.08 2595.03
threshold=-19.833333333333332 3.8750000000000004 18.000000000000004 15.950000000000001 77.500000000000014 42.500000000000007
decision_type=8 10 2 2 2 2
left_child=3 2 -2 -1 -3 -4
right_child=1 4 5 -5 -6 -7
leaf_value=-0.18280653986063869 0.077829789894364648 0.40316916283439186 0.054584001624584197 -0.65103817490430971 0.004588712591391343 -0.36414339991176825
leaf_weight=28 113 80 20 34 21 29
leaf_count=28 113 80 20 34 21 29
internal_value=0.003434 0.121479 -0.0109722 -0.469002 0.324422 -0.204005
internal_weight=325 263 162 62 101 49
internal_count=325 263 162 62 101 49
is_linear=0
shrinkage=0.03


Tree=36
num_leaves=7
num_cat=0
split_feature=22 2 22 0 1 23
split_gain=14987.6 8029.62 7254.02 4145.7 1898.26 1815.04
threshold=-15.291666666666666 17.850000000000005 18.333333333333339 57.500000000000007 1.0000000180025095e-35 -1.0000000180025095e-35
decision_type=8 2 8 2 10 2
left_child=-1 2 5 -3 -4 -2
right_child=1 3 4 -5 -6 -7
leaf_value=-0.35773440790730854 -0.086923121786318142 0.056791431034027146 0.12959374576807023 -0.36925490868943078 0.52215378648584543 0.13589793704531114
leaf_weight=81 47 38 19 37 50 87
leaf_count=81 47 38 19 37 50 87
internal_value=-0.0110454 0.094504 0.191401 -0.163333 0.430118 0.0574288
internal_weight=359 278 203 75 69 134
internal_count=359 278 203 75 69 134
is_linear=0
shrinkage=0.03


Tree=37
num_leaves=7
num_cat=0
split_feature=22 2 22 1 22 2
split_gain=19405.3 8300.12 6382.83 3697.92 2881.76 2582.67
threshold=-19.833333333333332 17.650000000000002 11.628267973856209 1.0000000180025095e-35 -62.499999999999993 14.750000000000002
decision_type=8 2 8 10 10 2
left_child=4 2 5 -4 -1 -2
right_child=1 -3 3 -5 -6 -7
leaf_value=-0.78618940615653987 -0.016112900755622172 -0.15501124526124174 0.035891684532165527 0.51191379602138809 -0.29491948071867224 0.32095734920925817
leaf_weight=14.999999999999998 94 77 20 60 51 21
leaf_count=15 94 77 20 60 51 21
internal_value=-0.0117458 0.101843 0.204607 0.40202 -0.454074 0.0562476
internal_weight=338 272 195 80 66 115
internal_count=338 272 195 80 66 115
is_linear=0
shrinkage=0.03


Tree=38
num_leaves=7
num_cat=0
split_feature=0 17 17 20 1 0
split_gain=13378.9 7530.85 7272.08 4925 5653.01 1940.62
threshold=82.500000000000014 -58.999999999999993 11.500000000000002 -13.499999999999998 1.0000000180025095e-35 32.500000000000007
decision_type=2 10 10 8 8 2
left_child=2 -2 3 -1 5 -5
right_child=1 -3 -4 4 -6 -7
leaf_value=-0.21778718063235281 -0.54671784625388675 0.05402280393987894 0.5455944399322783 0.17029711891497884 0.23628429201933054 -0.16373598854822008
leaf_weight=50 51 27 23 15.999999999999998 112 62
leaf_count=50 51 27 23 16 112 62
internal_value=-0.0154275 -0.348042 0.0878714 0.0337669 0.103852 -0.0890852
internal_weight=341 78 263 240 190 78
internal_count=341 78 263 240 190 78
is_linear=0
shrinkage=0.03


Tree=39
num_leaves=7
num_cat=0
split_feature=0 22 22 1 22 22
split_gain=16516.6 13103.2 5832.01 3051.82 2194.94 1732.28
threshold=82.500000000000014 2.7500000000000004 -30.886274509803915 1.0000000180025095e-35 -13.58333333333333 14.500000000000002
decision_type=2 8 10 10 8 8
left_child=1 4 -2 -3 -1 -5
right_child=2 3 -4 5 -6 -7
leaf_value=-0.20236366666498637 -0.63502430878020821 0.083015107367489793 -0.096742738315037324 0.19600260670889508 0.021924112194052364 0.53601965335548896
leaf_weight=58 35 32 37 28 102 56
leaf_count=58 35 32 37 28 102 56
internal_value=0.00671288 0.113288 -0.382652 0.349065 -0.0630487 0.440059
internal_weight=348 276 72 116 160 84
internal_count=348 276 72 116 160 84
is_linear=0
shrinkage=0.03


Tree=40
num_leaves=7
num_cat=0
split_feature=22 0 2 22 2 1
split_gain=20238.5 6826.72 5109.77 4128.85 2481.91 2326.53
threshold=-2.1663398692810447 62.500000000000007 16.850000000000005 11.628267973856209 17.550000000000004 1.0000000180025095e-35
decision_type=8 2 2 8 2 10
left_child=1 -1 3 -2 -3 -5
right_child=2 4 -4 5 -6 -7
leaf_value=-0.017356581763242895 0.12091304583365427 -0.21402025009723419 -0.003207025814514894 0.15401702880859375 -0.59790171523888902 0.58808459969817617
leaf_weight=87 46 42 47 19 31 56
leaf_count=87 46 42 47 19 31 56
internal_value=0.0372047 -0.201092 0.263407 0.362985 -0.404916 0.49462
internal_weight=328 160 168 121 73 75
internal_count=328 160 168 121 73 75
is_linear=0
shrinkage=0.03


Tree=41
num_leaves=7
num_cat=0
split_feature=2 22 22 20 20 1
split_gain=11840.7 11600.6 5391.96 3708.85 2171.75 1492.61
threshold=17.550000000000004 19.040849673202619 -41.334278431372539 -19.499999999999996 -9.4999999999999982 7.5000000000000009
decision_type=2 8 10 8 10 10
left_child=1 3 -2 -1 -4 -3
right_child=2 5 4 -5 -6 -7
leaf_value=-0.36624323248863216 -0.59130483659830957 0.20724794484418013 -0.20087492257822304 0.035175539103189581 0.15671421996184759 0.57731397588551037
leaf_weight=19 28 24 59 147 15.999999999999998 35
leaf_count=19 28 24 59 147 16 35
internal_value=-0.0102657 0.111563 -0.269241 -0.0201354 -0.119562 0.45473
internal_weight=328 225 103 166 75 59
internal_count=328 225 103 166 75 59
is_linear=0
shrinkage=0.03


Tree=42
num_leaves=7
num_cat=0
split_feature=22 0 5 22 22 4
split_gain=14707.2 6694.92 4115.6 3423.67 2922.49 3145.42
threshold=1.0000000180025095e-35 62.500000000000007 -0.9330127018922193 16.216127450980398 -51.749999999999993 0.25000000000000011
decision_type=10 2 2 10 10 2
left_child=1 -1 -2 -4 -3 -6
right_child=2 4 3 -5 5 -7
leaf_value=0.011265353903426487 -0.056085346860270342 -0.56213108249008659 0.18854074296355247 0.56337653564458534 -0.31697391834110022 0.1093549973487854
leaf_weight=128 26 27 60 39 43 20
leaf_count=128 26 27 60 39 43 20
internal_value=0.018202 -0.129914 0.271577 0.35619 -0.320727 -0.183542
internal_weight=343 218 125 99 90 63
internal_count=343 218 125 99 90 63
is_linear=0
shrinkage=0.03


Tree=43
num_leaves=7
num_cat=0
split_feature=22 1 23 5 22 2
split_gain=13744.1 7989.76 5709.92 2869.68 2944.34 1720.62
threshold=-30.886274509803915 -1.0000000180025095e-35 -1.0000000180025095e-35 -0.9330127018922193 15.651764705882355 13.350000000000003
decision_type=8 8 2 2 10 2
left_child=-1 -2 -3 -4 5 -5
right_child=1 2 3 4 -6 -7
leaf_value=-0.49621007038637038 -0.21319394583764828 -0.086802537950376665 -0.050826441258192058 0.047988761313832722 0.51031257276491426 0.29832473568489837
leaf_weight=42 71 67 25 47 36 53
leaf_count=42 71 67 25 47 36 53
internal_value=-0.0190119 0.0550781 0.141401 0.236122 0.288802 0.188555
internal_weight=341 299 228 161 136 100
internal_count=341 299 228 161 136 100
is_linear=0
shrinkage=0.03


Tree=44
num_leaves=7
num_cat=0
split_feature=2 20 17 16 4 2
split_gain=9024.23 7857.11 5089.4 3292.44 1878.36 2843.81
threshold=17.550000000000004 -13.499999999999998 -27.499999999999996 -18.499999999999996 0.25000000000000011 14.850000000000003
decision_type=2 8 8 8 2 2
left_child=1 -1 -2 -3 5 -5
right_child=2 3 -4 4 -6 -7
leaf_value=-0.30575040785889873 -0.65765652773055161 -0.1812770092746486 -0.1286524915296052 0.022927611306848297 0.3383732859045267 0.35334785247550288
leaf_weight=33 17 18 79 78 61 29
leaf_count=33 17 18 79 78 61 29
internal_value=-0.0150428 0.0913463 -0.25025 0.167959 0.209534 0.124257
internal_weight=315 219 96 186 168 107
internal_count=315 219 96 186 168 107
is_linear=0
shrinkage=0.03


Tree=45
num_leaves=7
num_cat=0
split_feature=22 2 22 0 22 2
split_gain=13278.6 6154.94 5399.67 3560.99 2316.66 1622.87
threshold=-19.282156862745094 18.000000000000004 15.651764705882355 62.500000000000007 -4.3820261437908501 16.250000000000004
decision_type=8 2 8 2 10 2
left_child=5 2 -2 -3 -5 -1
right_child=1 3 -4 4 -6 -7
leaf_value=-0.18986185817524445 0.05300059065533181 0.048267749922220091 0.36854472955954926 -0.55659958232532847 -0.053188240528106688 -0.51282180656905507
leaf_weight=38 139 38 72 17 14.999999999999998 32
leaf_count=38 139 38 72 17 15 32
internal_value=-0.00663449 0.0866314 0.166713 -0.149779 -0.359702 -0.361846
internal_weight=351 281 211 70 32 70
internal_count=351 281 211 70 32 70
is_linear=0
shrinkage=0.03


Tree=46
num_leaves=7
num_cat=0
split_feature=22 4 2 20 20 1
split_gain=12624.3 4344.66 4041.72 3349.52 2230.25 1632.28
threshold=-4.3820261437908501 0.25000000000000011 17.550000000000004 -13.499999999999998 -27.499999999999996 1.0000000180025095e-35
decision_type=10 2 2 8 10 10
left_child=2 5 3 -1 -4 -2
right_child=1 -3 4 -5 -6 -7
leaf_value=-0.2852100818890792 -0.049808092871133018 0.42932824048460744 -0.44132486653869801 0.050204205399957194 -0.061227792696310929 0.18093769340288071
leaf_weight=34 46 44 50 82 21 58
leaf_count=34 46 44 50 82 21 58
internal_value=-0.00801256 0.195398 -0.169897 -0.05583 -0.340326 0.081274
internal_weight=335 148 187 116 71 104
internal_count=335 148 187 116 71 104
is_linear=0
shrinkage=0.03


Tree=47
num_leaves=7
num_cat=0
split_feature=0 22 22 22 0 16
split_gain=15704.7 7179.5 3113.29 2832.65 897.244 961.073
threshold=87.500000000000014 18.333333333333339 -3.1080392156862739 -8.2578653594771225 42.500000000000007 -9.4999999999999982
decision_type=2 10 10 8 2 8
left_child=1 3 -2 4 -1 -6
right_child=2 -3 -4 -5 5 -7
leaf_value=0.035021998201097755 -0.59959932301906826 0.37917863021091536 -0.093566436117345622 0.060548407515169864 -0.085298111076865871 -0.3247634266723286
leaf_weight=15.999999999999998 42 44 17 137 37 28
leaf_count=16 42 44 17 137 37 28
internal_value=-0.0510008 0.0509864 -0.472494 -0.0222708 -0.157724 -0.204282
internal_weight=321 262 59 218 81 65
internal_count=321 262 59 218 81 65
is_linear=0
shrinkage=0.03


Tree=48
num_leaves=7
num_cat=0
split_feature=22 2 22 0 20 17
split_gain=12702.5 7388.88 4767.51 3538.78 1696.3 1680.92
threshold=-19.833333333333332 18.000000000000004 11.114052287581702 37.500000000000007 -5.4999999999999991 -58.999999999999993
decision_type=8 2 8 2 8 10
left_child=5 2 4 -3 -2 -1
right_child=1 3 -4 -5 -6 -7
leaf_value=-0.45511556529211544 -0.099499541922755869 0.15313896571397781 0.34182973582890219 -0.27794547693383309 0.12621068292382087 -0.076103502511978158
leaf_weight=48 41 20 83 57 83 15.999999999999998
leaf_count=48 41 20 83 57 83 16
internal_value=-0.0071186 0.0802991 0.172691 -0.163465 0.0506168 -0.372743
internal_weight=348 284 207 77 124 64
internal_count=348 284 207 77 124 64
is_linear=0
shrinkage=0.03


Tree=49
num_leaves=7
num_cat=0
split_feature=0 22 2 1 2 2
split_gain=9368.83 6005.56 3542.5 1586.58 1913.81 2405.75
threshold=97.500000000000014 2.7500000000000004 16.850000000000005 1.0000000180025095e-35 13.350000000000003 12.250000000000002
decision_type=2 8 2 10 2 2
left_child=1 -1 3 -3 5 -5
right_child=-2 2 -4 4 -6 -7
leaf_value=-0.060669482969286218 -0.37937479923550899 0.085462319153931834 -0.064497303441166873 0.37431164196559363 0.62342653839484496 -0.054667453340121672
leaf_weight=161 47 26 29 30 18 15.999999999999998
leaf_count=161 47 26 29 30 18 16
internal_value=-0.00918825 0.0585158 0.215711 0.304642 0.381039 0.23437
internal_weight=327 280 119 90 64 46
internal_count=327 280 119 90 64 46
is_linear=0
shrinkage=0.03


Tree=50
num_leaves=7
num_cat=0
split_feature=22 0 16 6 5 22
split_gain=10558.2 7847.18 2662.26 1617.96 1606.33 2107.77
threshold=-3.3580392156862739 57.500000000000007 -53.499999999999993 inf -0.9330127018922193 15.651764705882355
decision_type=10 2 10 8 2 10
left_child=1 3 -3 -1 -2 -6
right_child=4 2 -4 -5 5 -7
leaf_value=-0.047273965028114616 -0.0045949615410396027 -0.44385782946239816 -0.10449240934558031 0.2020966191876393 0.13047831713959768 0.41128282307192338
leaf_weight=55 30 61 36 34 72 38
leaf_count=55 30 61 36 34 72 38
internal_value=-0.00290727 -0.14939 -0.329204 0.0536737 0.190146 0.241148
internal_weight=326 186 97 89 140 110
internal_count=326 186 97 89 140 110
is_linear=0
shrinkage=0.03


Tree=51
num_leaves=7
num_cat=0
split_feature=22 11 2 2 17 0
split_gain=12120.4 4974.99 4314.69 4681.12 3834.89 2321.21
threshold=-25.151797385620913 9.5000000000000018 18.000000000000004 14.850000000000003 -4.4999999999999991 37.500000000000007
decision_type=8 10 2 2 10 2
left_child=-1 2 3 4 -2 -4
right_child=1 -3 5 -5 -6 -7
leaf_value=-0.43909497300019629 -0.066525850995182989 0.41129672912880777 0.12400214628875254 0.34297985526980185 0.33392221738512695 -0.26131852284195967
leaf_weight=47 120 27 14.999999999999998 44 21 56
leaf_count=47 120 27 15 44 21 56
internal_value=-0.0177898 0.0585881 0.0142217 0.0903803 0.00250854 -0.17711
internal_weight=330 283 256 185 141 71
internal_count=330 283 256 185 141 71
is_linear=0
shrinkage=0.03


Tree=52
num_leaves=7
num_cat=0
split_feature=2 22 22 20 5 17
split_gain=7767.16 8803.94 6122.62 3782.23 1415.13 1354.48
threshold=16.850000000000005 15.651764705882355 -41.334278431372539 -13.499999999999998 -0.24999999999999994 -58.999999999999993
decision_type=2 8 10 8 2 10
left_child=1 3 -2 -1 -4 -5
right_child=2 -3 4 5 -6 -7
leaf_value=-0.28238257405005002 -0.52594633221626275 0.3922388147359544 -0.1574903617185705 0.0059247827265307166 0.078914811917181513 0.23858320183538156
leaf_weight=33 31 61 46 102 37 24
leaf_count=33 31 61 46 102 37 24
internal_value=-0.00277748 0.100934 -0.198753 -0.0193761 -0.0536089 0.0576555
internal_weight=334 220 114 159 83 126
internal_count=334 220 114 159 83 126
is_linear=0
shrinkage=0.03


Tree=53
num_leaves=7
num_cat=0
split_feature=0 22 2 2 2 5
split_gain=10519 6332.75 3235.57 2902.67 1750.85 1611.87
threshold=97.500000000000014 3.8750000000000004 18.850000000000005 14.850000000000003 17.100000000000005 -0.5
decision_type=2 10 2 2 2 2
left_child=1 2 3 5 -5 -1
right_child=-2 -3 -4 4 -6 -7
leaf_value=0.1496496463484234 -0.41607686954622086 0.2331450669664257 -0.25214168455865649 0.39155058889389038 -0.0023730723153461107 -0.11421386391855776
leaf_weight=22 47 101 49 20 17 91
leaf_count=22 47 101 49 20 17 91
internal_value=-0.021948 0.0456075 -0.0529563 0.0181456 0.231823 -0.0586779
internal_weight=347 300 199 150 37 113
internal_count=347 300 199 150 37 113
is_linear=0
shrinkage=0.03


Tree=54
num_leaves=7
num_cat=0
split_feature=22 4 0 22 11 2
split_gain=9366.1 5178 2902.85 2133.57 1689.95 1519.17
threshold=-19.833333333333332 0.25000000000000011 72.500000000000014 2.7500000000000004 20.500000000000004 15.950000000000001
decision_type=8 2 2 10 8 2
left_child=5 2 3 -2 -3 -1
right_child=1 4 -4 -5 -6 -7
leaf_value=-0.15106627409160137 -0.013021315061005539 0.017297061106988362 -0.20680766213685273 0.22411741520981399 0.37252741673163003 -0.45300899122442517
leaf_weight=40 111 15.999999999999998 43 44 51 30
leaf_count=40 111 16 43 44 51 30
internal_value=-0.00554121 0.0769233 -0.00224378 0.0591955 0.294789 -0.302044
internal_weight=335 265 198 155 67 70
internal_count=335 265 198 155 67 70
is_linear=0
shrinkage=0.03


Tree=55
num_leaves=7
num_cat=0
split_feature=0 1 17 20 22 0
split_gain=8372.59 6697.75 6678.44 3001.96 1829.54 1240.16
threshold=107.50000000000001 -1.0000000180025095e-35 -30.499999999999996 -1.4999999999999998 -7.4260784313725479 67.500000000000014
decision_type=2 8 10 10 10 2
left_child=1 4 3 -3 5 -1
right_child=-2 2 -4 -5 -6 -7
leaf_value=-0.13600788782382833 -0.49999877698187312 -0.027759596042188941 0.39783209560281141 0.29620909267856227 -0.021742937196348164 -0.49141506688161324
leaf_weight=24 23 148 54 26 32 17
leaf_count=24 23 148 54 26 32 17
internal_value=-0.00350291 0.0419853 0.12192 0.0275713 -0.199485 -0.320769
internal_weight=324 301 228 174 73 41
internal_count=324 301 228 174 73 41
is_linear=0
shrinkage=0.03


Tree=56
num_leaves=7
num_cat=0
split_feature=0 2 20 0 16 0
split_gain=9773.8 7046.94 5106.26 3741.25 2713.57 2817.34
threshold=107.50000000000001 18.250000000000004 -3.4999999999999996 62.500000000000007 -15.499999999999998 52.500000000000007
decision_type=2 2 8 2 8 2
left_child=1 2 -1 -3 -4 -6
right_child=-2 3 4 -5 5 -7
leaf_value=-0.097122636394431944 -0.53393720064844408 0.033213562428951265 -0.067397310348420308 -0.35401279683015785 0.14689892135560512 0.42301387119677758
leaf_weight=60 23 40 24 44 91 57
leaf_count=60 23 40 24 44 91 57
internal_value=0.00366106 0.0504973 0.135281 -0.178113 0.216806 0.263589
internal_weight=339 316 232 84 172 148
internal_count=339 316 232 84 172 148
is_linear=0
shrinkage=0.03


Tree=57
num_leaves=7
num_cat=0
split_feature=22 1 20 5 17 0
split_gain=8057.22 4458.6 4512.57 2150.67 1757.61 3151.56
threshold=-19.833333333333332 1.0000000180025095e-35 -4.4999999999999991 -0.9330127018922193 -58.999999999999993 87.500000000000014
decision_type=8 8 8 2 10 2
left_child=4 -2 -3 -4 5 -1
right_child=1 2 3 -5 -6 -7
leaf_value=-0.12422719964411641 -0.086711053684217124 -0.09694324607069188 -0.017764874421633207 0.31184403169863295 -0.0071267752987997871 -0.59041914156798647
leaf_weight=30 104 42 21 96 15.999999999999998 24
leaf_count=30 104 42 21 96 16 24
internal_value=-0.0135895 0.0635318 0.161451 0.25438 -0.288264 -0.3639
internal_weight=333 263 159 117 70 54
internal_count=333 263 159 117 70 54
is_linear=0
shrinkage=0.03


Tree=58
num_leaves=7
num_cat=0
split_feature=0 22 17 13 1 22
split_gain=7986.6 4866.31 3884.66 1634.07 1494.88 1312.54
threshold=82.500000000000014 11.114052287581702 -58.999999999999993 -7.7755882352941166 1.0000000180025095e-35 -13.58333333333333
decision_type=2 8 10 10 10 10
left_child=1 5 3 -2 -3 -1
right_child=2 4 -4 -5 -6 -7
leaf_value=-0.13596090658957305 -0.49829477037702286 0.046657096544901529 0.043043116658926003 -0.10874968171119689 0.34913053852730785 0.039340452895557973
leaf_weight=50 37 22 25 17 53 123
leaf_count=50 37 22 25 17 53 123
internal_value=-0.00892331 0.0753638 -0.262257 -0.395269 0.268866 -0.0137206
internal_weight=327 248 79 54 75 173
internal_count=327 248 79 54 75 173
is_linear=0
shrinkage=0.03


Tree=59
num_leaves=7
num_cat=0
split_feature=0 22 22 22 5 0
split_gain=8085.17 5607.44 2535.72 1238.14 1192.15 1076.34
threshold=82.500000000000014 4.055882352941178 -30.886274509803915 -8.2578653594771225 -0.9330127018922193 42.500000000000007
decision_type=2 10 10 8 2 2
left_child=1 3 -2 5 -3 -1
right_child=2 4 -4 -5 -6 -7
leaf_value=0.10009720304182597 -0.42310357298169815 0.057654243421554563 -0.077249741723140072 0.055566931500365686 0.33809319501687934 -0.15045802384614945
leaf_weight=15.999999999999998 37 20 40 100 63 65
leaf_count=16 37 20 40 100 63 65
internal_value=0.00170408 0.0811755 -0.259105 -0.0139543 0.277633 -0.0980235
internal_weight=341 264 77 181 83 81
internal_count=341 264 77 181 83 81
is_linear=0
shrinkage=0.03


Tree=60
num_leaves=7
num_cat=0
split_feature=0 1 17 0 5 11
split_gain=5074.56 4469.24 4590.35 3303.06 3217.68 2401.15
threshold=112.50000000000001 -12.499999999999998 -58.999999999999993 97.500000000000014 -0.9330127018922193 9.5000000000000018
decision_type=2 8 10 2 2 10
left_child=1 -1 3 5 -4 -3
right_child=-2 2 4 -5 -6 -7
leaf_value=-0.33312318134307861 -0.43718411535024643 -0.013556401213827101 -0.095803221747279163 -0.37362525297062732 0.37415992730193665 0.3176767034964128
leaf_weight=25 19 185 14.999999999999998 15.999999999999998 49 17
leaf_count=25 19 185 15 16 49 17
internal_value=-0.0170106 0.0155831 0.0517617 -0.0153944 0.265052 0.0213197
internal_weight=326 307 282 218 64 202
internal_count=326 307 282 218 64 202
is_linear=0
shrinkage=0.03


Tree=61
num_leaves=7
num_cat=0
split_feature=22 0 0 4 22 0
split_gain=5198.19 2596.79 2525.04 1891.28 1736.17 1006.62
threshold=-2.1663398692810447 77.500000000000014 67.500000000000014 0.25000000000000011 19.040849673202619 37.500000000000007
decision_type=10 2 2 2 10 2
left_child=2 4 5 -4 -2 -1
right_child=1 -3 3 -5 -6 -7
leaf_value=0.11033005466515368 0.10972037639149597 -0.089497679971596772 -0.3305903560624403 -0.010003178238868713 0.36892407765048879 -0.060184677356035908
leaf_weight=39 65 29 46 25 38 102
leaf_count=39 65 29 46 25 38 102
internal_value=0.00503094 0.149644 -0.0863845 -0.225792 0.218001 -0.0108578
internal_weight=344 132 212 71 103 141
internal_count=344 132 212 71 103 141
is_linear=0
shrinkage=0.03


Tree=62
num_leaves=7
num_cat=0
split_feature=0 22 2 4 2 22
split_gain=6113.93 5161.67 1665.91 1608.73 1143.82 1404.8
threshold=72.500000000000014 4.055882352941178 17.350000000000005 1.0000000180025095e-35 15.65 -11.105462184873948
decision_type=2 8 2 2 2 10
left_child=1 -1 -3 -2 -5 -6
right_child=3 2 -4 4 5 -7
leaf_value=-0.0357804581862343 -0.34366915269595821 0.29129582769830115 -0.038921979546546935 0.06399252151620799 -0.34520214106725611 -0.0046907301017871271
leaf_weight=144 36 83 14.999999999999998 24 18 21
leaf_count=144 36 83 15 24 18 21
internal_value=-0.00223108 0.0790458 0.241316 -0.195156 -0.0912621 -0.183218
internal_weight=341 242 98 99 63 39
internal_count=341 242 98 99 63 39
is_linear=0
shrinkage=0.03


Tree=63
num_leaves=7
num_cat=0
split_feature=22 20 22 0 2 20
split_gain=6878.35 3178.89 1889.92 2142.64 1166.98 767.032
threshold=-30.886274509803915 -13.499999999999998 19.040849673202619 62.500000000000007 15.950000000000001 -1.4999999999999998
decision_type=8 8 10 2 2 10
left_child=4 -2 5 -4 -1 -3
right_child=1 2 3 -5 -6 -7
leaf_value=-0.1073120818896727 -0.19042647378785268 0.024639003987978685 0.4051658559590578 -0.0031133115291595457 -0.46283480520906117 0.19244548226224964
leaf_weight=17 37 173 27 18 24 24
leaf_count=17 37 173 27 18 24 24
internal_value=-0.00283269 0.0523326 0.0925521 0.257874 -0.34311 0.0493399
internal_weight=320 279 242 45 41 197
internal_count=320 279 242 45 41 197
is_linear=0
shrinkage=0.03


Tree=64
num_leaves=7
num_cat=0
split_feature=0 4 2 0 22 16
split_gain=6235.28 5157.38 4347.89 3717.2 1695.92 1631.8
threshold=112.50000000000001 0.25000000000000011 15.250000000000002 67.500000000000014 16.216127450980398 40.000000000000007
decision_type=2 2 2 2 10 8
left_child=1 3 5 4 -1 -3
right_child=-2 2 -4 -5 -6 -7
leaf_value=-0.010504297507519753 -0.47328921203613283 0.13470522372052074 -0.1297973181765813 -0.23529792257177998 0.28375993216037754 0.47741551473334032
leaf_weight=146 20 27 21 66 14.999999999999998 32
leaf_count=146 20 27 21 66 15 32
internal_value=-0.0176178 0.0191766 0.218826 -0.0543841 0.0246328 0.343358
internal_weight=327 307 80 227 161 59
internal_count=327 307 80 227 161 59
is_linear=0
shrinkage=0.03


Tree=65
num_leaves=7
num_cat=0
split_feature=22 11 2 0 1 22
split_gain=4623.35 2704.91 2048.83 2111.74 1909.01 1627.12
threshold=-12.538176014591881 9.5000000000000018 19.450000000000003 102.50000000000001 12.500000000000002 -51.749999999999993
decision_type=8 10 2 2 10 10
left_child=5 2 3 4 -2 -1
right_child=1 -3 -4 -5 -6 -7
leaf_value=-0.39285613215487936 0.054536036136212628 0.36397791500274951 -0.16031012246241938 -0.21623473888635636 0.29725043582228511 -0.094970307405813623
leaf_weight=18 129 21 34 14.999999999999998 34 78
leaf_count=18 129 21 34 15 34 78
internal_value=0.00260181 0.0747363 0.0383586 0.0796497 0.112504 -0.167507
internal_weight=329 233 212 178 163 96
internal_count=329 233 212 178 163 96
is_linear=0
shrinkage=0.03


Tree=66
num_leaves=7
num_cat=0
split_feature=0 2 20 0 17 20
split_gain=5487.34 3686.12 3990.41 2239.02 2110.11 2536.43
threshold=112.50000000000001 18.250000000000004 -13.499999999999998 57.500000000000007 -58.999999999999993 -1.0000000180025095e-35
decision_type=2 2 8 2 10 10
left_child=1 2 -1 -3 5 -4
right_child=-2 3 4 -5 -6 -7
leaf_value=-0.18640551200727137 -0.43015588127649745 0.044132476334388437 0.025534296909516509 -0.2599225127805363 0.30806015042697682 0.36917678770811657
leaf_weight=36 21 34 127 50 46 18
leaf_count=36 21 34 127 50 46 18
internal_value=-0.0113608 0.0232768 0.0859053 -0.141287 0.140677 0.0790773
internal_weight=332 311 227 84 191 145
internal_count=332 311 227 84 191 145
is_linear=0
shrinkage=0.03


Tree=67
num_leaves=7
num_cat=0
split_feature=22 2 20 1 19 22
split_gain=5339.09 2383.1 2298.48 2179.41 1747.23 1190.66
threshold=-12.538176014591881 18.250000000000004 -13.499999999999998 -1.0000000180025095e-35 1.0000000180025095e-35 -41.334278431372539
decision_type=10 2 8 10 8 10
left_child=1 2 -1 -2 -5 -3
right_child=3 5 -4 4 -6 -7
leaf_value=-0.25648003766203625 -0.099631658000024881 -0.46716438655669867 0.048319279493933373 -0.11991961435838179 0.17565792402882 -0.11766929398477077
leaf_weight=29 39 21 61 17 140 20
leaf_count=29 39 21 61 17 140 20
internal_value=-0.0065388 -0.151612 -0.0582237 0.091783 0.140939 -0.328
internal_weight=327 131 90 196 157 41
internal_count=327 131 90 196 157 41
is_linear=0
shrinkage=0.03


Tree=68
num_leaves=7
num_cat=0
split_feature=0 1 23 0 6 17
split_gain=7054.28 3178.35 3588.07 1559.94 1582.05 1241.84
threshold=97.500000000000014 1.0000000180025095e-35 -1.0000000180025095e-35 32.500000000000007 0.50000000000000011 -30.499999999999996
decision_type=2 8 2 2 8 10
left_child=1 3 -3 -1 -5 -4
right_child=-2 2 5 4 -6 -7
leaf_value=0.14305930056973645 -0.32901239672574129 -0.079669725306332109 0.1251267626153284 0.012660469676173009 -0.23565210849046705 0.3335542732218037
leaf_weight=18 50 55 84 38 52 41
leaf_count=18 50 55 84 38 52 41
internal_value=-0.0174737 0.0413044 0.117295 -0.0849328 -0.135661 0.203691
internal_weight=338 288 180 108 90 125
internal_count=338 288 180 108 90 125
is_linear=0
shrinkage=0.03


Tree=69
num_leaves=7
num_cat=0
split_feature=0 4 22 11 0 3
split_gain=6305.15 5078.99 3434.57 2034.86 1715.87 1238.58
threshold=112.50000000000001 0.25000000000000011 -26.724999999999998 20.500000000000004 67.500000000000014 1.0000000180025095e-35
decision_type=2 2 10 8 2 2
left_child=1 2 4 -3 -1 -5
right_child=-2 3 -4 5 -6 -7
leaf_value=-0.040322766922738236 -0.46507472751232293 -0.023156037415776935 0.0054749875427097883 0.42699666192489011 -0.42566249068441059 0.13094815645899091
leaf_weight=18 21 23 180 30 24 30
leaf_count=18 21 23 180 30 24 30
internal_value=-0.0165287 0.0213579 -0.0540034 0.214542 -0.282375 0.300432
internal_weight=326 305 222 83 42 60
internal_count=326 305 222 83 42 60
is_linear=0
shrinkage=0.03


Tree=70
num_leaves=7
num_cat=0
split_feature=0 17 20 17 21 0
split_gain=6226.95 2148.72 2922.64 1476.65 1269.84 743.806
threshold=82.500000000000014 17.500000000000004 1.0000000180025095e-35 -70.499999999999986 10.486274509803922 42.500000000000007
decision_type=2 10 10 10 8 2
left_child=1 2 5 4 -2 -1
right_child=3 -3 -4 -5 -6 -7
leaf_value=0.041436114471871406 -0.13016504995200945 0.30373053646087644 0.3188560712635517 -0.090417632025641362 -0.50195174158647138 -0.068008400433593325
leaf_weight=91 18 20 20 32 24 130
leaf_count=91 18 20 20 32 24 130
internal_value=-0.0309837 0.0389526 0.0112526 -0.264504 -0.373413 -0.0230233
internal_weight=335 261 241 74 42 221
internal_count=335 261 241 74 42 221
is_linear=0
shrinkage=0.03


Tree=71
num_leaves=7
num_cat=0
split_feature=0 4 0 2 0 1
split_gain=4388.14 4273.67 3779.1 2118.07 1586.15 1349.88
threshold=112.50000000000001 0.25000000000000011 67.500000000000014 15.450000000000001 67.500000000000014 1.0000000180025095e-35
decision_type=2 2 2 2 2 10
left_child=1 2 5 4 -3 -1
right_child=-2 3 -4 -5 -6 -7
leaf_value=-0.058071335250294051 -0.38031252051775272 0.16031364213336599 -0.22568424352134267 -0.047322878773723327 0.49679864612492647 0.1130319189108335
leaf_weight=72 21 50 67 23 17 86
leaf_count=72 21 50 67 23 17 86
internal_value=-0.00557536 0.0249591 -0.0453689 0.193913 0.274261 0.0356712
internal_weight=336 315 225 90 67 158
internal_count=336 315 225 90 67 158
is_linear=0
shrinkage=0.03


Tree=72
num_leaves=7
num_cat=0
split_feature=0 22 2 2 16 0
split_gain=3709.69 3107.84 1127.36 2896.04 959.456 902.315
threshold=82.500000000000014 3.8750000000000004 14.450000000000001 16.850000000000005 5.5000000000000009 47.500000000000007
decision_type=2 8 2 2 8 2
left_child=1 -1 -2 -4 -5 -3
right_child=2 5 3 4 -6 -7
leaf_value=-0.027782499624356149 -0.35772556348280471 0.092410687615047199 0.21136715395109995 -0.0052385330200195312 -0.29145367446179321 0.27833527565002442
leaf_weight=150 17 59 15.999999999999998 15 32 45
leaf_count=150 17 59 16 15 32 45
internal_value=0.00355443 0.0599412 -0.168468 -0.0948507 -0.209395 0.181936
internal_weight=334 254 80 63 47 104
internal_count=334 254 80 63 47 104
is_linear=0
shrinkage=0.03


Tree=73
num_leaves=7
num_cat=0
split_feature=0 1 17 11 0 2
split_gain=4183.06 3209.51 3804.87 2834.3 2033.21 1128.45
threshold=112.50000000000001 -1.0000000180025095e-35 -58.999999999999993 9.5000000000000018 87.500000000000014 14.850000000000003
decision_type=2 8 10 10 2 2
left_child=1 -1 3 4 5 -3
right_child=-2 2 -4 -5 -6 -7
leaf_value=-0.13766138160803232 -0.40253078512170098 -0.052955949462950229 0.27737694502808152 0.31499408334493634 -0.30236904737624254 0.11192964698990872
leaf_weight=78 17 100 59 19 17 53
leaf_count=78 17 100 59 19 17 53
internal_value=-0.00198323 0.0246692 0.0774364 0.00948084 -0.032689 0.00589585
internal_weight=343 326 248 189 170 153
internal_count=343 326 248 189 170 153
is_linear=0
shrinkage=0.03


Tree=74
num_leaves=7
num_cat=0
split_feature=22 1 20 6 0 2
split_gain=5215.68 2190.26 1578.62 1548.04 1367.6 1871.01
threshold=-19.833333333333332 -7.4999999999999991 5.5000000000000009 inf 87.500000000000014 13.250000000000002
decision_type=8 8 10 8 2 2
left_child=-1 -2 3 -3 5 -5
right_child=1 2 -4 4 -6 -7
leaf_value=-0.24201341845772484 -0.16930219623340026 -0.021729379489219613 0.34242768716812133 0.045719462544657287 -0.064682680202115858 0.30680749307458216
leaf_weight=61 30 107 14.999999999999998 51 23 47
leaf_count=61 30 107 15 51 23 47
internal_value=-0.00230217 0.0546491 0.0851533 0.0612424 0.132565 0.17975
internal_weight=334 273 243 228 121 98
internal_count=334 273 243 228 121 98
is_linear=0
shrinkage=0.03


Tree=75
num_leaves=7
num_cat=0
split_feature=0 1 13 0 17 11
split_gain=4648.97 2111.89 1358.71 1586.94 1316.33 755.6
threshold=97.500000000000014 12.500000000000002 -1.4794117647058795 62.500000000000007 -70.499999999999986 -1.0000000180025095e-35
decision_type=2 10 10 2 10 8
left_child=1 2 3 5 -2 -1
right_child=4 -3 -4 -5 -6 -7
leaf_value=-0.074938617425137452 -0.37864834673064096 0.18542810458632614 0.22886434006690978 -0.17251970640893249 -0.04775104604337526 0.05783102832012809
leaf_weight=52 30 60 14.999999999999998 48 18 115
leaf_count=52 30 60 15 48 18 115
internal_value=-0.0122337 0.034423 -0.00807675 -0.0294333 -0.270773 0.0155129
internal_weight=338 290 230 215 48 167
internal_count=338 290 230 215 48 167
is_linear=0
shrinkage=0.03


Tree=76
num_leaves=7
num_cat=0
split_feature=0 2 17 11 0 0
split_gain=4764.74 3089.22 3563.41 2978.33 2875.33 2613.95
threshold=112.50000000000001 18.250000000000004 -70.499999999999986 17.500000000000004 47.500000000000007 62.500000000000007
decision_type=2 2 10 10 2 2
left_child=1 2 3 -1 -4 -3
right_child=-2 5 4 -5 -6 -7
leaf_value=-0.020200783022480205 -0.42562417875636704 0.045896628232712441 -0.018866290631501571 0.36662280222773547 0.43266972725093367 -0.27513438056124018
leaf_weight=168 17 42 18 14.999999999999998 35 42
leaf_count=168 17 42 18 15 35 42
internal_value=0.0016745 0.0305736 0.085936 0.0204134 0.290911 -0.121058
internal_weight=337 320 236 183 53 84
internal_count=337 320 236 183 53 84
is_linear=0
shrinkage=0.03


Tree=77
num_leaves=7
num_cat=0
split_feature=2 20 0 0 1 2
split_gain=3768.29 3544.04 2378.21 1823.69 1965.53 1837.58
threshold=18.250000000000004 -13.499999999999998 62.500000000000007 107.50000000000001 1.0000000180025095e-35 13.250000000000002
decision_type=2 8 2 2 10 2
left_child=1 -1 -2 4 -3 -6
right_child=2 3 -4 -5 5 -7
leaf_value=-0.17353817105986349 0.039085610083171296 0.017933062649752994 -0.26512499659077116 -0.14291309042410416 0.11058692462560607 0.34353987133502961
leaf_weight=38 37 68 52 17 77 55
leaf_count=38 37 68 52 17 77 55
internal_value=0.0198077 0.0783977 -0.143304 0.12543 0.151169 0.216646
internal_weight=344 255 89 217 200 132
internal_count=344 255 89 217 200 132
is_linear=0
shrinkage=0.03


Tree=78
num_leaves=7
num_cat=0
split_feature=22 1 20 5 2 16
split_gain=5080.69 2765.39 2482.91 1596.13 1381.38 1206.87
threshold=-36.666666666666664 -1.0000000180025095e-35 -13.499999999999998 -0.9330127018922193 8.7000000000000011 30.500000000000004
decision_type=8 8 8 2 2 8
left_child=-1 -2 -3 -4 -5 -6
right_child=1 2 3 4 5 -7
leaf_value=-0.35270664119472106 -0.13962884709239007 -0.13447825688530099 -0.094043742895126334 -0.094587787219456265 0.068686695132404552 0.24332295540953053
leaf_weight=31 67 39 25 15.999999999999998 65 91
leaf_count=31 67 39 25 16 65 91
internal_value=-0.0156588 0.0239906 0.072375 0.115641 0.147914 0.174951
internal_weight=334 303 236 197 172 156
internal_count=334 303 236 197 172 156
is_linear=0
shrinkage=0.03


Tree=79
num_leaves=7
num_cat=0
split_feature=0 22 1 17 22 16
split_gain=2943.65 2508.85 1958.83 2449.46 1474.94 820.466
threshold=112.50000000000001 19.040849673202619 -1.0000000180025095e-35 -58.999999999999993 -8.2578653594771225 7.5000000000000009
decision_type=2 10 8 10 8 10
left_child=1 2 -1 4 -4 -6
right_child=-2 -3 3 -5 5 -7
leaf_value=-0.12519311796086774 -0.28637160383738003 0.25313928922017415 -0.10826843747869133 0.26823245786782351 0.11037827130158741 -0.10582173532247544
leaf_weight=66 21 40 59 35 85 14.999999999999998
leaf_count=66 21 40 59 35 85 15
internal_value=0.0204743 0.046296 0.0102982 0.0583805 0.00541725 0.0744534
internal_weight=321 300 260 194 159 100
internal_count=321 300 260 194 159 100
is_linear=0
shrinkage=0.03


Tree=80
num_leaves=7
num_cat=0
split_feature=0 13 17 17 0 0
split_gain=4294.61 2267.31 2866.99 1846.95 1477.14 1337.22
threshold=92.500000000000014 -1.0333333333333312 -4.4999999999999991 -58.999999999999993 47.500000000000007 62.500000000000007
decision_type=2 10 10 10 2 2
left_child=1 2 5 -2 -4 -1
right_child=3 -3 4 -5 -6 -7
leaf_value=0.0082667249697117723 -0.4004005166888237 0.28006694578355357 -0.0098536309003829942 -0.021120062321424483 0.35365372028330277 -0.15887429960198321
leaf_weight=158 27 26 14.999999999999998 19 24 54
leaf_count=158 27 26 15 19 24 54
internal_value=-0.0079416 0.0379959 0.00794054 -0.261171 0.228611 -0.0369867
internal_weight=323 277 251 46 39 212
internal_count=323 277 251 46 39 212
is_linear=0
shrinkage=0.03


Tree=81
num_leaves=7
num_cat=0
split_feature=0 17 11 1 0 16
split_gain=3312.28 3586.67 3963.1 3076.08 1399.2 1891.41
threshold=107.50000000000001 -30.499999999999996 9.5000000000000018 -1.0000000180025095e-35 67.500000000000014 10.500000000000002
decision_type=2 10 10 10 2 8
left_child=1 2 4 -3 -1 -6
right_child=-2 3 -4 -5 5 -7
leaf_value=-0.014636716393923216 -0.30223290181159967 -0.1217216482758522 0.32208662125799392 0.33397949025034901 -0.012083405072872455 -0.32594953775405883
leaf_weight=171 25 14.999999999999998 22 47 34 31
leaf_count=171 25 15 22 47 34 31
internal_value=-0.00062756 0.0272226 -0.0231375 0.222873 -0.061334 -0.174363
internal_weight=345 320 258 62 236 65
internal_count=345 320 258 62 236 65
is_linear=0
shrinkage=0.03


Tree=82
num_leaves=7
num_cat=0
split_feature=0 1 6 0 17 16
split_gain=3481.53 2260.84 2323.03 1208.05 1153.21 1082.16
threshold=97.500000000000014 1.0000000180025095e-35 1.0000000180025095e-35 32.500000000000007 -70.499999999999986 -12.499999999999998
decision_type=2 8 10 2 10 8
left_child=1 3 -3 -1 -2 -5
right_child=4 2 -4 5 -6 -7
leaf_value=0.12245659314095973 -0.36808125800099861 0.14998052322738606 -0.11693992755522853 0.07568048148051551 -0.047189796333727628 -0.16524447020281244
leaf_weight=19 24 137 33 18 18 76
leaf_count=19 24 137 33 18 18 76
internal_value=-0.0109436 0.0282928 0.0963058 -0.0737728 -0.250207 -0.117618
internal_weight=325 283 170 113 42 94
internal_count=325 283 170 113 42 94
is_linear=0
shrinkage=0.03


Tree=83
num_leaves=7
num_cat=0
split_feature=20 22 20 4 2 22
split_gain=2400.12 1797.42 2043.1 1774.89 1273.45 1889.22
threshold=1.0000000180025095e-35 -51.749999999999993 -13.499999999999998 0.25000000000000011 13.850000000000003 4.8387254901960786
decision_type=10 8 8 2 2 8
left_child=1 -1 -3 4 5 -4
right_child=-2 2 3 -5 -6 -7
leaf_value=-0.27299489316732983 0.2590197161320717 -0.16675434802430417 -0.00039989879185503178 0.17176858072931117 0.042543324291482006 -0.35338746070861815
leaf_weight=18 26 48 39 61 128 15.999999999999998
leaf_count=18 26 48 39 61 128 16
internal_value=0.00724048 -0.0176527 0.00241844 0.0383785 -0.00947059 -0.123979
internal_weight=336 310 292 244 183 55
internal_count=336 310 292 244 183 55
is_linear=0
shrinkage=0.03


Tree=84
num_leaves=7
num_cat=0
split_feature=0 4 0 16 1 0
split_gain=2501.41 3524.47 3213.7 1572.43 1244.48 939.588
threshold=112.50000000000001 0.25000000000000011 67.500000000000014 40.000000000000007 7.5000000000000009 47.500000000000007
decision_type=2 2 2 8 10 2
left_child=1 2 4 -3 -1 -5
right_child=-2 3 -4 5 -6 -7
leaf_value=-0.0063993155703706249 -0.28508843328641809 0.066611769260192411 -0.19471578126368316 0.10766327875001089 0.17067846230159586 0.44419916099972195
leaf_weight=113 18 44 64 15.999999999999998 47 22
leaf_count=113 18 44 64 16 47 22
internal_value=0.0171612 0.0392381 -0.0232106 0.20136 0.0492131 0.331495
internal_weight=324 306 224 82 160 38
internal_count=324 306 224 82 160 38
is_linear=0
shrinkage=0.03


Tree=85
num_leaves=7
num_cat=0
split_feature=22 1 11 22 5 16
split_gain=3793.94 2598.29 2575.43 1365.44 1118.78 1081.12
threshold=-28.249999999999996 1.0000000180025095e-35 9.5000000000000018 -19.833333333333332 -0.9330127018922193 -66.999999999999986
decision_type=8 8 8 10 2 10
left_child=5 3 -3 -2 -4 -1
right_child=1 2 4 -5 -6 -7
leaf_value=-0.35464053992182015 -0.24946019375324249 -0.070472713188691569 -0.027766644656658169 -0.015731466479447422 0.21499274901020415 -0.048360125020794245
leaf_weight=27 25 50 19 93 104 18
leaf_count=27 25 50 19 93 104 18
internal_value=-0.00760838 0.0333322 0.106134 -0.073378 0.177874 -0.249216
internal_weight=336 291 173 118 123 45
internal_count=336 291 173 118 123 45
is_linear=0
shrinkage=0.03


Tree=86
num_leaves=7
num_cat=0
split_feature=22 1 23 16 0 16
split_gain=2602.32 1904.98 1556.99 659.611 1857.21 1183.58
threshold=-25.151797385620913 -12.499999999999998 -1.0000000180025095e-35 40.000000000000007 62.500000000000007 -1.4999999999999998
decision_type=8 8 2 8 2 10
left_child=-1 -2 -3 5 -5 -4
right_child=1 2 3 4 -6 -7
leaf_value=-0.17648207038995764 -0.22547936455063197 -0.05108942146654482 0.19059956090317831 0.248103980797476 -0.0021483227238059044 -0.055582052083576423
leaf_weight=58 18 76 22 65 43 46
leaf_count=58 18 76 22 65 43 46
internal_value=-0.00260353 0.0372778 0.0600678 0.108153 0.15278 0.0316644
internal_weight=328 270 252 176 108 68
internal_count=328 270 252 176 108 68
is_linear=0
shrinkage=0.03


Tree=87
num_leaves=7
num_cat=0
split_feature=0 1 23 2 17 13
split_gain=2968.76 2620.99 2675.19 1174.96 1863.23 1135.87
threshold=112.50000000000001 -12.499999999999998 -1.0000000180025095e-35 20.550000000000004 -58.999999999999993 1.0000000180025095e-35
decision_type=2 8 2 2 10 10
left_child=1 -1 -3 4 5 -4
right_child=-2 2 3 -5 -6 -7
leaf_value=-0.23807965676892887 -0.32365865993499754 -0.088532036525638472 0.015081996650301984 -0.1160541200850691 0.26343648427822552 0.24051796646118165
leaf_weight=28 20 90 107 15.999999999999998 56 20
leaf_count=28 20 90 107 16 56 20
internal_value=-0.00884215 0.0157374 0.0439595 0.104581 0.126446 0.0583495
internal_weight=337 317 289 199 183 127
internal_count=337 317 289 199 183 127
is_linear=0
shrinkage=0.03


Tree=88
num_leaves=7
num_cat=0
split_feature=22 1 20 5 2 5
split_gain=2658.04 2130.21 2199.02 1544.55 1295.46 993.335
threshold=-51.749999999999993 -12.499999999999998 -16.499999999999996 -0.9330127018922193 20.300000000000001 -0.68301270189221952
decision_type=8 8 8 2 2 2
left_child=-1 -2 -3 4 -4 -5
right_child=1 2 3 5 -6 -7
leaf_value=-0.32638986157334365 -0.22495844772085546 -0.18443551013598569 0.030470605147512334 0.20045367821810708 -0.26701640878404892 0.05464897575109235
leaf_weight=18 27 32 33 57 15.999999999999998 150
leaf_count=18 27 32 33 57 16 150
internal_value=-0.015031 0.00758273 0.0328503 0.063024 -0.0823974 0.0985789
internal_weight=333 315 288 256 49 207
internal_count=333 315 288 256 49 207
is_linear=0
shrinkage=0.03


Tree=89
num_leaves=7
num_cat=0
split_feature=0 1 17 21 17 13
split_gain=2717.95 1324.03 1237.57 1975.29 1055.91 897.043
threshold=82.500000000000014 -7.4999999999999991 -70.499999999999986 10.486274509803922 -23.499999999999996 -7.7755882352941166
decision_type=2 8 10 8 10 10
left_child=1 -1 3 -2 5 -3
right_child=2 4 -4 -5 -6 -7
leaf_value=-0.13965900253504515 -0.012488336265087127 0.0072042051195745638 -0.0089339767893155397 -0.4094169128352198 0.19608400256737418 0.19118321950946535
leaf_weight=27 19 164 31 24 41 23
leaf_count=27 19 164 31 24 41 23
internal_value=-0.00411083 0.0427747 -0.158157 -0.2536 0.066912 0.0342221
internal_weight=329 255 74 43 228 187
internal_count=329 255 74 43 228 187
is_linear=0
shrinkage=0.03


Tree=90
num_leaves=7
num_cat=0
split_feature=0 11 17 4 5 16
split_gain=1770.76 1322.47 1215.98 690.306 620.455 907.897
threshold=92.500000000000014 17.500000000000004 30.500000000000004 -0.6830127018922193 -0.9330127018922193 30.500000000000004
decision_type=2 10 10 2 2 8
left_child=1 2 4 -2 5 -1
right_child=3 -3 -4 -5 -6 -7
leaf_value=0.030208712246107015 -0.27621258318424224 0.26666235727071763 0.23302462645939417 -0.052465227649018571 0.01442563492216562 -0.25612982171773907
leaf_weight=18 19 14.999999999999998 15.999999999999998 32 223 14.999999999999998
leaf_count=18 19 15 16 32 223 15
internal_value=0.00150932 0.0311233 0.0135551 -0.153041 -0.00436303 -0.116521
internal_weight=338 287 272 51 256 33
internal_count=338 287 272 51 256 33
is_linear=0
shrinkage=0.03


Tree=91
num_leaves=7
num_cat=0
split_feature=0 4 2 0 2 0
split_gain=3644.48 2855.44 2061.2 1993.29 1385.26 1362.13
threshold=112.50000000000001 0.25000000000000011 15.250000000000002 67.500000000000014 14.15 67.500000000000014
decision_type=2 2 2 2 2 2
left_child=1 3 5 -1 -5 -3
right_child=-2 2 -4 4 -6 -7
leaf_value=0.020655921300252279 -0.36198638439178465 0.13547814582694662 -0.078275318013297179 -0.38375590968132017 -0.07597130454248853 0.44372771956703877
leaf_weight=166 19 50 22 14.999999999999998 49 17
leaf_count=166 19 50 22 15 49 17
internal_value=-0.00534462 0.0211558 0.160637 -0.0350868 -0.170689 0.239074
internal_weight=338 319 89 230 64 67
internal_count=338 319 89 230 64 67
is_linear=0
shrinkage=0.03


Tree=92
num_leaves=7
num_cat=0
split_feature=0 22 17 22 2 20
split_gain=2801.81 1899.15 1471.18 1123.2 803.202 1287.26
threshold=82.500000000000014 19.040849673202619 -70.499999999999986 -26.724999999999998 13.350000000000003 -4.4999999999999991
decision_type=2 10 10 8 2 8
left_child=1 4 3 -2 -1 -6
right_child=2 -3 -4 -5 5 -7
leaf_value=-0.057908924267480247 -0.3981903877258301 0.22319857271512347 0.018216785192489621 -0.099026702642440789 -0.067653782656788813 0.12462650463498871
leaf_weight=90 20 40 28 29 45 82
leaf_count=90 20 40 28 29 45 82
internal_value=-0.00211832 0.0458107 -0.155128 -0.246698 0.00882193 0.0565138
internal_weight=334 257 77 49 217 127
internal_count=334 257 77 49 217 127
is_linear=0
shrinkage=0.03


Tree=93
num_leaves=7
num_cat=0
split_feature=0 4 0 11 3 4
split_gain=2247.38 2589.39 1998.88 956.395 1603.23 2780.65
threshold=112.50000000000001 0.25000000000000011 77.500000000000014 20.500000000000004 1.0000000180025095e-35 0.68301270189221941
decision_type=2 2 2 8 2 2
left_child=1 2 -1 -3 5 -5
right_child=-2 3 -4 4 -6 -7
leaf_value=0.022541366182068451 -0.2746969799373461 -0.013035571575164795 -0.19286317476204462 0.50976022022111067 0.044650183086459697 0.0026825666427612305
leaf_weight=182 18 21 44 23 32 14.999999999999998
leaf_count=182 18 21 44 23 32 15
internal_value=0.0120205 0.0323137 -0.0226626 0.162917 0.213053 0.333185
internal_weight=335 317 226 91 70 38
internal_count=335 317 226 91 70 38
is_linear=0
shrinkage=0.03


Tree=94
num_leaves=7
num_cat=0
split_feature=0 4 0 2 16 2
split_gain=3138.93 1853.58 2220.54 2003.36 1666.53 1577.94
threshold=112.50000000000001 0.25000000000000011 67.500000000000014 15.250000000000002 40.000000000000007 14.850000000000003
decision_type=2 2 2 2 8 2
left_child=1 2 5 4 -3 -1
right_child=-2 3 -4 -5 -6 -7
leaf_value=-0.037237061695619064 -0.3165424223129566 0.058105444047600027 -0.15294265205138607 -0.099218658025448131 0.3570324235671275 0.14645776136098682
leaf_weight=94 21 35 71 21 32 69
leaf_count=94 21 35 71 21 32 69
internal_value=0.000725267 0.0259404 -0.0187123 0.139298 0.215756 0.0425679
internal_weight=343 322 234 88 67 163
internal_count=343 322 234 88 67 163
is_linear=0
shrinkage=0.03


Tree=95
num_leaves=7
num_cat=0
split_feature=22 1 23 13 23 16
split_gain=2043.92 1012.47 1232.59 568.724 591.286 562.656
threshold=-19.833333333333332 -12.499999999999998 -1.0000000180025095e-35 1.0000000180025095e-35 3.8593137254901966 -40.499999999999993
decision_type=8 8 2 10 2 10
left_child=5 -2 -3 4 -4 -1
right_child=1 2 3 -5 -6 -7
leaf_value=-0.20046955304077038 -0.17082457516874586 -0.056682133841050135 0.087265320238338356 0.21907530206900375 -0.059613422501471738 -0.010484317342936993
leaf_weight=47 15.999999999999998 72 141 21 26 20
leaf_count=47 16 72 141 21 26 20
internal_value=-0.0058899 0.0307361 0.0461289 0.0859517 0.0633298 -0.148424
internal_weight=343 276 260 188 167 67
internal_count=343 276 260 188 167 67
is_linear=0
shrinkage=0.03


Tree=96
num_leaves=7
num_cat=0
split_feature=22 2 2 2 16 22
split_gain=2675.24 1026.79 1698.77 1412.01 1662.76 1221.91
threshold=-19.833333333333332 20.550000000000004 14.15 16.850000000000005 21.500000000000004 23.64771241830066
decision_type=8 2 2 2 8 10
left_child=-1 2 5 4 -4 -2
right_child=1 -3 3 -5 -6 -7
leaf_value=-0.18037094637751577 -0.062146855684427113 -0.1123217402744506 -0.0008190182277134486 0.029986581757664679 0.36809606623649599 0.169161851477623
leaf_weight=67 112 37 15.999999999999998 55 30 20
leaf_count=67 112 37 16 55 30 20
internal_value=-0.0177807 0.0251117 0.0488371 0.138352 0.252278 -0.0222054
internal_weight=337 270 233 101 46 132
internal_count=337 270 233 101 46 132
is_linear=0
shrinkage=0.03


Tree=97
num_leaves=7
num_cat=0
split_feature=22 1 20 17 13 17
split_gain=2177.12 1851.97 2072.63 1311.79 1552.8 853.235
threshold=-51.749999999999993 -12.499999999999998 -16.499999999999996 -7.4999999999999991 1.0000000180025095e-35 30.500000000000004
decision_type=8 8 8 8 10 10
left_child=-1 -2 -3 -4 5 -5
right_child=1 2 3 4 -6 -7
leaf_value=-0.27391508787870406 -0.21677116579479641 -0.15478697180747986 0.29554161982102828 0.0045354339902131061 0.2544503968954086 0.19726441803185837
leaf_weight=19 22 37 17 207 25 18
leaf_count=19 22 37 17 207 25 18
internal_value=0.00201767 0.0219944 0.0425015 0.0721839 0.0514985 0.0239069
internal_weight=345 326 304 267 250 225
internal_count=345 326 304 267 250 225
is_linear=0
shrinkage=0.03


Tree=98
num_leaves=7
num_cat=0
split_feature=0 22 4 2 22 2
split_gain=2586.87 1501.83 2430.19 1629.92 1452.15 1051.62
threshold=67.500000000000014 -65.499999999999986 0.25000000000000011 14.15 19.040849673202619 20.150000000000002
decision_type=2 10 2 2 10 2
left_child=4 -2 3 -3 -1 -5
right_child=1 2 -4 5 -6 -7
leaf_value=0.022281999695759554 -0.32144539007773765 -0.38619661331176758 0.15756723599000411 0.034330610589283266 0.24153126408811657 -0.2289800705228533
leaf_weight=190 21 14.999999999999998 28 36 27 15.999999999999998
leaf_count=190 21 15 28 36 27 16
internal_value=-0.006535 -0.11804 -0.0592524 -0.154513 0.0543873 -0.0596671
internal_weight=333 116 95 67 217 52
internal_count=333 116 95 67 217 52
is_linear=0
shrinkage=0.03


Tree=99
num_leaves=7
num_cat=0
split_feature=2 2 0 0 20 1
split_gain=1917.88 2184.45 1917.44 1744.75 998.867 680.475
threshold=18.250000000000004 14.15 77.500000000000014 37.500000000000007 -1.4999999999999998 -1.0000000180025095e-35
decision_type=2 2 2 2 10 10
left_child=1 2 4 -2 -1 -3
right_child=3 5 -4 -5 -6 -7
leaf_value=-0.024831343677280276 0.12707399303262884 0.016758264668526188 -0.28153240862100021 -0.18361328021522511 0.17492188070501599 0.19895493683749679
leaf_weight=111 17 26 18 69 23 68
leaf_count=111 17 26 18 69 23 68
internal_value=-0.000612483 0.0421727 -0.0283941 -0.118591 0.0145135 0.151952
internal_weight=332 246 152 86 134 94
internal_count=332 246 152 86 134 94
is_linear=0
shrinkage=0.03


Tree=100
num_leaves=7
num_cat=0
split_feature=22 11 17 17 2 2
split_gain=2448.83 1185.65 979.812 741.471 580.737 1664.52
threshold=-33.399999999999991 12.500000000000002 30.500000000000004 -86.499999999999986 13.850000000000003 18.250000000000004
decision_type=8 10 10 10 2 2
left_child=3 2 4 -1 -2 -6
right_child=1 -3 -4 -5 5 -7
leaf_value=-0.33528038428379936 -0.07075591369736485 0.2209261819550937 0.19497470748424531 -0.062710013182266891 0.1060964483162936 -0.091548262707090794
leaf_weight=21 118 17 14.999999999999998 18 80 65
leaf_count=21 118 17 15 18 80 65
internal_value=-0.022103 0.00888904 -0.00775146 -0.2309 -0.0227357 0.0173988
internal_weight=334 295 278 39 263 145
internal_count=334 295 278 39 263 145
is_linear=0
shrinkage=0.03


Tree=101
num_leaves=7
num_cat=0
split_feature=22 2 22 0 22 0
split_gain=3005.1 1406.72 1905.5 1435.97 1352.73 1083.38
threshold=-44.999999999999993 18.250000000000004 19.040849673202619 62.500000000000007 -4.3820261437908501 47.500000000000007
decision_type=8 2 8 2 10 2
left_child=-1 2 -2 -3 -5 -4
right_child=1 3 5 4 -6 -7
leaf_value=-0.32246548175811768 0.0050491811154205679 0.044189494853218395 0.054753525112755594 -0.31951751774755016 0.023965728878974912 0.29180722658227132
leaf_weight=19 168 40 35 24 14.999999999999998 36
leaf_count=19 168 40 35 24 15 36
internal_value=0.00143394 0.0254786 0.0615891 -0.0809305 -0.199698 0.18624
internal_weight=337 318 239 79 39 71
internal_count=337 318 239 79 39 71
is_linear=0
shrinkage=0.03


Tree=102
num_leaves=7
num_cat=0
split_feature=0 17 20 1 0 12
split_gain=2486.64 2296.85 2287.2 1434.5 1143.77 678.764
threshold=112.50000000000001 -30.499999999999996 -1.4999999999999998 -1.0000000180025095e-35 82.500000000000014 1.0000000180025095e-35
decision_type=2 10 10 10 2 10
left_child=1 2 4 -3 -1 -4
right_child=-2 3 5 -5 -6 -7
leaf_value=-0.013333612329016128 -0.29741786046461621 -0.065666600212454795 0.05325769940148229 0.24408180164545776 -0.18337072066466012 0.32572448372840879
leaf_weight=175 17 14.999999999999998 18 55 40 14.999999999999998
leaf_count=175 17 15 18 55 40 15
internal_value=0.0114002 0.0322578 -0.0115111 0.177754 -0.048417 0.203669
internal_weight=335 318 248 70 215 33
internal_count=335 318 248 70 215 33
is_linear=0
shrinkage=0.03


Tree=103
num_leaves=7
num_cat=0
split_feature=17 5 13 0 3 0
split_gain=1378.73 1654.75 1606.26 1106.13 930.774 695.223
threshold=-58.999999999999993 -0.9330127018922193 -10.927450980392157 32.500000000000007 1.0000000180025095e-35 82.500000000000014
decision_type=10 2 10 2 2 2
left_child=2 -2 3 -1 -4 -5
right_child=1 -3 4 5 -6 -7
leaf_value=0.10479741934686899 -0.095307538108183792 0.19404620106862142 0.251742844077257 -0.05771540468721182 0.010117506651501905 -0.21446980519728229
leaf_weight=27 21 60 21 144 33 28
leaf_count=27 21 60 21 144 33 28
internal_value=0.0139859 0.117849 -0.0209062 -0.0604097 0.117454 -0.0885712
internal_weight=334 81 253 199 54 172
internal_count=334 81 253 199 54 172
is_linear=0
shrinkage=0.03


Tree=104
num_leaves=7
num_cat=0
split_feature=2 22 2 4 5 1
split_gain=1711.21 1260.37 755.631 2259.72 845.912 881.101
threshold=18.250000000000004 -41.334278431372539 14.850000000000003 0.25000000000000011 1.0000000180025095e-35 7.5000000000000009
decision_type=2 10 2 2 2 10
left_child=2 -2 3 -1 5 -4
right_child=1 -3 4 -5 -6 -7
leaf_value=-0.087147946206422938 -0.30871056070694552 -0.057051624906797931 0.14815999925136566 0.1205594708871197 0.19673680085402268 -0.11456283940209283
leaf_weight=125 21 68 14.999999999999998 69 34 22
leaf_count=125 21 68 15 69 34 22
internal_value=-0.0196555 -0.129694 0.0190182 -0.0120997 0.0992466 -0.00309516
internal_weight=354 89 265 194 71 37
internal_count=354 89 265 194 71 37
is_linear=0
shrinkage=0.03


Tree=105
num_leaves=7
num_cat=0
split_feature=22 1 20 17 22 0
split_gain=1886.01 1528.72 1849.59 798.879 704.808 835.452
threshold=-51.749999999999993 -12.499999999999998 -13.499999999999998 -10.499999999999998 19.040849673202619 62.500000000000007
decision_type=8 8 8 8 10 2
left_child=-1 -2 -3 -4 -5 -6
right_child=1 2 3 4 5 -7
leaf_value=-0.27256327710368417 -0.19397570624433713 -0.13783910672180355 0.24889964890480043 0.020580740880566772 0.23227630910703112 -0.0057390396182353679
leaf_weight=17 24 43 14.999999999999998 189 30 21
leaf_count=17 24 43 15 189 30 21
internal_value=-0.00374085 0.0144023 0.0341084 0.0651966 0.0488699 0.142508
internal_weight=339 322 298 255 240 51
internal_count=339 322 298 255 240 51
is_linear=0
shrinkage=0.03


Tree=106
num_leaves=7
num_cat=0
split_feature=20 0 2 17 0 22
split_gain=1691.9 2131.6 1637.02 1401.8 1735.35 1208.31
threshold=-13.499999999999998 112.50000000000001 17.100000000000005 -58.999999999999993 52.500000000000007 -25.151797385620913
decision_type=8 2 2 10 2 10
left_child=-1 2 3 -2 -5 -4
right_child=1 -3 5 4 -6 -7
leaf_value=-0.15483053182065484 0.044161979436074326 -0.25854395876760067 -0.21401860760104272 0.002937763300926789 0.37875792663672875 0.012201890130068213
leaf_weight=55 144 18 26 18 24 66
leaf_count=55 144 18 26 18 24 66
internal_value=-0.00947444 0.0196576 0.0419203 0.0923125 0.235139 -0.0594664
internal_weight=351 296 278 186 42 92
internal_count=351 296 278 186 42 92
is_linear=0
shrinkage=0.03


Tree=107
num_leaves=7
num_cat=0
split_feature=1 20 22 4 2 2
split_gain=2154.98 1817.4 1245.07 1479.84 1130.68 1072.76
threshold=-12.499999999999998 -24.999999999999996 -51.749999999999993 0.25000000000000011 13.350000000000003 14.250000000000002
decision_type=8 8 8 2 2 2
left_child=-1 -2 -3 5 -5 -4
right_child=1 2 3 4 -6 -7
leaf_value=-0.21443771206082834 -0.21642085607756267 -0.16461438176035881 -0.047153327975954326 0.084762005474832328 0.3209656778914588 0.093574244422301389
leaf_weight=26 17 14.999999999999998 79 49 30 113
leaf_count=26 17 15 79 49 30 113
internal_value=0.0245231 0.0481762 0.0673524 0.0829414 0.188226 0.0359436
internal_weight=329 303 286 271 79 192
internal_count=329 303 286 271 79 192
is_linear=0
shrinkage=0.03


Tree=108
num_leaves=7
num_cat=0
split_feature=2 17 6 2 5 4
split_gain=1362.86 1891.23 1255.17 1193.87 900.05 692.861
threshold=18.250000000000004 -70.499999999999986 1.0000000180025095e-35 14.850000000000003 -0.5 0.25000000000000011
decision_type=2 10 8 2 2 2
left_child=1 3 -2 5 -3 -1
right_child=2 4 -4 -5 -6 -7
leaf_value=-0.082211396766675479 0.060733806060893195 0.29543866352601483 -0.16654478937678505 0.14272425812024336 0.052504632906480268 0.060680400888587158
leaf_weight=106 30 28 59 34 28 38
leaf_count=106 30 28 59 34 28 38
internal_value=0.00609446 0.0440676 -0.0907785 -0.00519105 0.188232 -0.0437329
internal_weight=323 234 89 178 56 144
internal_count=323 234 89 178 56 144
is_linear=0
shrinkage=0.03


Tree=109
num_leaves=7
num_cat=0
split_feature=0 1 20 5 0 22
split_gain=2095.77 1400.71 1589.71 1096.69 1166.94 1574.74
threshold=112.50000000000001 -12.499999999999998 -13.499999999999998 -0.9330127018922193 52.500000000000007 -28.249999999999996
decision_type=2 8 8 2 2 8
left_child=1 -1 -3 -4 -5 -6
right_child=-2 2 3 4 5 -7
leaf_value=-0.17454161360379186 -0.2990879078507423 -0.1121548462820784 -0.054235332352197109 0.042118985462667687 -0.0085027001585279201 0.28871017581618885
leaf_weight=26 14.999999999999998 48 48 121 23 46
leaf_count=26 15 48 48 121 23 46
internal_value=-0.00125931 0.017551 0.0377129 0.0696241 0.101503 0.195759
internal_weight=327 312 286 238 190 69
internal_count=327 312 286 238 190 69
is_linear=0
shrinkage=0.03


Tree=110
num_leaves=7
num_cat=0
split_feature=0 20 22 1 0 1
split_gain=1739.98 1165.39 1029.83 587.236 497.706 721.505
threshold=97.500000000000014 -1.4999999999999998 29.000000000000004 7.5000000000000009 32.500000000000007 1.0000000180025095e-35
decision_type=2 10 10 10 2 10
left_child=1 2 4 -2 -1 -6
right_child=3 -3 -4 -5 5 -7
leaf_value=0.098222436122596263 -0.068736135882716015 0.16817173602680366 0.16234235811978578 -0.29315518021583559 -0.10912345921856008 -0.00017152596209476243
leaf_weight=19 26 31 22 19 90 129
leaf_count=19 26 31 22 19 90 129
internal_value=-0.0198284 0.00812517 -0.0137703 -0.183331 -0.033055 -0.0463826
internal_weight=336 291 260 45 238 219
internal_count=336 291 260 45 238 219
is_linear=0
shrinkage=0.03


Tree=111
num_leaves=7
num_cat=0
split_feature=22 20 13 5 2 20
split_gain=1252.02 1052.17 1003.32 836.791 927.223 688.806
threshold=-65.499999999999986 -24.999999999999996 -1.0333333333333312 -0.9330127018922193 13.350000000000003 16.500000000000004
decision_type=10 8 10 2 2 8
left_child=-1 -2 3 -3 -5 -6
right_child=1 2 -4 4 5 -7
leaf_value=-0.1628752859602583 -0.19074104174323706 -0.13212756666782741 0.1783747099712491 -0.051276845059224536 -0.0074968208655201152 0.13351407970528345
leaf_weight=42 18 32 27 86 53 69
leaf_count=42 18 32 27 86 53 69
internal_value=-0.0194093 0.00417676 0.020582 -0.0004477 0.0224368 0.0743719
internal_weight=327 285 267 240 208 122
internal_count=327 285 267 240 208 122
is_linear=0
shrinkage=0.03


Tree=112
num_leaves=7
num_cat=0
split_feature=22 2 2 2 11 2
split_gain=1641.45 931.923 639.815 1174.9 815.568 984.705
threshold=-28.249999999999996 17.100000000000005 13.850000000000003 20.550000000000004 20.500000000000004 16.850000000000005
decision_type=8 2 2 2 8 2
left_child=1 -1 -2 4 -4 -6
right_child=2 -3 3 -5 5 -7
leaf_value=-0.042291751474142068 -0.03785133886006143 -0.3170424789967744 -0.026735192737201364 -0.096830493188821351 0.22235864193385674 0.025277529652527674
leaf_weight=25 130 18 36 34 49 42
leaf_count=25 130 18 36 34 49 42
internal_value=-0.0157752 -0.178349 0.0108546 0.0501378 0.0916611 0.137452
internal_weight=334 43 291 161 127 91
internal_count=334 43 291 161 127 91
is_linear=0
shrinkage=0.03


Tree=113
num_leaves=7
num_cat=0
split_feature=0 2 2 22 17 2
split_gain=1494.02 1154.82 2707.63 599.979 549.519 504.382
threshold=62.500000000000007 13.850000000000003 16.850000000000005 -30.886274509803915 46.500000000000007 19.650000000000002
decision_type=2 2 2 10 8 2
left_child=4 -2 3 -3 -1 -4
right_child=1 2 5 -5 -6 -7
leaf_value=0.14590262386687966 -0.22986101754447991 -0.00020045757293701171 -0.052221023247048665 0.23210763776302337 0.023991184524514455 -0.22918040092472972
leaf_weight=38 29 14.999999999999998 32 25 160 29
leaf_count=38 29 15 32 25 160 29
internal_value=-0.00104507 -0.0783731 -0.0260858 0.154649 0.0504057 -0.147338
internal_weight=328 130 101 40 198 61
internal_count=328 130 101 40 198 61
is_linear=0
shrinkage=0.03


Tree=114
num_leaves=7
num_cat=0
split_feature=1 17 13 2 22 2
split_gain=1645.54 1331.17 1226.61 667.122 1204.82 978.36
threshold=17.500000000000004 17.500000000000004 -1.0333333333333312 14.250000000000002 5.166666666666667 18.000000000000004
decision_type=10 10 10 2 8 2
left_child=1 2 3 4 -1 -5
right_child=-2 -3 -4 5 -6 -7
leaf_value=-0.019033370839972648 -0.2098713502039512 0.19816522414314336 0.20013970711014487 0.10657264971632069 -0.21886083734035491 -0.052509426834609574
leaf_weight=88 31 24 17 54 35 80
leaf_count=88 31 24 17 54 35 80
internal_value=-0.0182801 0.00478486 -0.0154014 -0.0332063 -0.0822229 0.0131258
internal_weight=329 298 274 257 123 134
internal_count=329 298 274 257 123 134
is_linear=0
shrinkage=0.03


Tree=115
num_leaves=7
num_cat=0
split_feature=0 1 17 5 13 16
split_gain=1418.48 1168.28 1138.45 1385.55 1048.28 1142.35
threshold=112.50000000000001 -12.499999999999998 -70.499999999999986 -0.9330127018922193 -1.0333333333333312 4.5000000000000009
decision_type=2 8 10 2 10 10
left_child=1 -1 4 -4 5 -3
right_child=-2 2 3 -5 -6 -7
leaf_value=-0.18201733745634555 -0.21948174841701984 0.0076176104446252189 -0.094342592954635623 0.20470997330811566 0.15836214531551707 -0.18543828628279946
leaf_weight=19 19 166 14.999999999999998 54 28 28
leaf_count=19 19 166 15 54 28 28
internal_value=0.0028867 0.0197832 0.0358113 0.137717 0.0018022 -0.0242053
internal_weight=329 310 291 69 222 194
internal_count=329 310 291 69 222 194
is_linear=0
shrinkage=0.03


Tree=116
num_leaves=7
num_cat=0
split_feature=2 22 16 6 20 2
split_gain=1116.86 1990.13 1094.27 950.475 740.143 991.103
threshold=18.250000000000004 19.040849673202619 7.5000000000000009 1.0000000180025095e-35 -24.999999999999996 13.15
decision_type=2 8 10 8 8 2
left_child=1 2 4 -2 -1 -6
right_child=3 -3 -4 -5 5 -7
leaf_value=-0.14905340109359133 0.046695873141288757 0.17388923723357064 -0.1941643855663446 -0.14965170764364302 -0.046753459923887908 0.10255526997894049
leaf_weight=17 31 65 21 59 68 85
leaf_count=17 31 65 21 59 68 85
internal_value=0.00502881 0.0370183 -0.0128086 -0.0831227 0.0145017 0.0368163
internal_weight=346 256 191 90 170 153
internal_count=346 256 191 90 170 153
is_linear=0
shrinkage=0.03


Tree=117
num_leaves=7
num_cat=0
split_feature=20 22 4 0 0 22
split_gain=1146.24 842.838 938.638 1097.31 1069.86 826.197
threshold=-13.499999999999998 -51.749999999999993 0.25000000000000011 37.500000000000007 67.500000000000014 4.8387254901960786
decision_type=8 8 2 2 2 10
left_child=-1 -2 4 -4 -3 -6
right_child=1 2 3 -5 5 -7
leaf_value=-0.10796841968046991 -0.15116205096244811 0.062313417795403253 -0.069626910941941386 0.18915565271533147 -0.0055389721954570096 -0.22329975057393311
leaf_weight=52 14.999999999999998 140 15.999999999999998 63 46 19
leaf_count=52 15 140 16 63 46 19
internal_value=0.0157774 0.0387202 0.0511909 0.135719 0.0161608 -0.0805955
internal_weight=351 299 284 79 205 65
internal_count=351 299 284 79 205 65
is_linear=0
shrinkage=0.03


Tree=118
num_leaves=7
num_cat=0
split_feature=22 1 2 22 6 4
split_gain=1172.43 851.198 1169.1 1377.76 1412.85 1015.6
threshold=19.040849673202619 -1.0000000180025095e-35 13.350000000000003 -41.334278431372539 inf -0.25000000000000028
decision_type=10 8 2 8 8 2
left_child=1 -1 5 -4 -5 -3
right_child=-2 2 3 4 -6 -7
leaf_value=-0.11539441271162613 0.12138347883637135 -0.21975544219667262 -0.15999463152140378 -0.0021605117190374085 0.20116759499801057 -0.0084285252988338475
leaf_weight=77 47 28 19 68 51 55
leaf_count=77 47 28 19 68 51 55
internal_value=-0.0104007 -0.0328455 -0.00216745 0.0508238 0.089578 -0.088155
internal_weight=345 298 221 138 119 83
internal_count=345 298 221 138 119 83
is_linear=0
shrinkage=0.03


Tree=119
num_leaves=7
num_cat=0
split_feature=0 2 2 0 5 20
split_gain=1973.88 1137.72 1823.9 1639.07 919.011 828.61
threshold=107.50000000000001 18.600000000000005 13.350000000000003 42.500000000000007 -0.9330127018922193 -13.499999999999998
decision_type=2 2 2 2 2 10
left_child=1 2 5 -4 -5 -1
right_child=-2 -3 3 4 -6 -7
leaf_value=-0.083739302317816303 -0.25187580310381374 -0.07849235855616056 -0.022238393777183122 0.033777618098258973 0.27959902739838549 0.084745818147292498
leaf_weight=77 21 73 37 20 52 34
leaf_count=77 21 73 37 20 52 34
internal_value=-0.00120733 0.0206833 0.0546046 0.139014 0.217943 -0.0307029
internal_weight=314 293 220 109 72 111
internal_count=314 293 220 109 72 111
is_linear=0
shrinkage=0.03


Tree=120
num_leaves=7
num_cat=0
split_feature=1 1 2 17 20 21
split_gain=1424.24 1066.43 908.416 963.241 854.14 701.771
threshold=22.500000000000004 -12.499999999999998 20.550000000000004 -7.4999999999999991 -14.499999999999998 8.0421568627450952
decision_type=10 10 2 8 10 10
left_child=1 -1 3 -3 -4 -5
right_child=-2 2 4 5 -6 -7
leaf_value=-0.11847906559705734 -0.21011622238904237 0.23256850349492039 -0.20671457562757573 0.029838539340481574 0.067467381790280348 0.21715348505973814
leaf_weight=34 19 24 18 211 14.999999999999998 14.999999999999998
leaf_count=34 19 24 18 211 15 15
internal_value=0.0130913 0.0295246 0.0490541 0.0687556 -0.0896076 0.0467021
internal_weight=336 317 283 250 33 226
internal_count=336 317 283 250 33 226
is_linear=0
shrinkage=0.03


Tree=121
num_leaves=7
num_cat=0
split_feature=0 17 2 0 11 0
split_gain=1097.6 1140.91 1374.14 1468.1 1187.2 984.217
threshold=112.50000000000001 -70.499999999999986 19.250000000000004 52.500000000000007 9.5000000000000018 32.500000000000007
decision_type=2 10 2 2 10 2
left_child=1 4 3 -3 5 -1
right_child=-2 2 -4 -5 -6 -7
leaf_value=0.13787557341158388 -0.196187258541584 -0.0020551536679267882 -0.092341368377208716 0.29354790522386071 0.17722112692892553 -0.066822150954026355
leaf_weight=19 20 25 20 33 19 191
leaf_count=19 20 25 20 33 19 191
internal_value=-0.00498455 0.0104161 0.105839 0.176082 -0.0236531 -0.0455262
internal_weight=327 307 78 58 229 210
internal_count=327 307 78 58 229 210
is_linear=0
shrinkage=0.03


Tree=122
num_leaves=7
num_cat=0
split_feature=1 1 1 17 16 23
split_gain=924.362 890.22 615.78 677.842 521.243 588.425
threshold=22.500000000000004 12.500000000000002 -12.499999999999998 4.5000000000000009 -1.0000000180025095e-35 -1.75539215686274
decision_type=10 10 8 8 8 2
left_child=1 2 -1 -4 5 -5
right_child=-2 -3 3 4 -6 -7
leaf_value=-0.1465854218313771 -0.17948299043708377 0.10457657730827728 0.13764973190095689 -0.052463427998802874 -0.053179901652788159 0.11841301559869731
leaf_weight=26 22 58 22 28 144 37
leaf_count=26 22 58 22 28 144 37
internal_value=-0.0110148 0.00337177 -0.0210281 -0.00408987 -0.0218773 0.0463151
internal_weight=337 315 257 231 209 65
internal_count=337 315 257 231 209 65
is_linear=0
shrinkage=0.03


Tree=123
num_leaves=7
num_cat=0
split_feature=13 0 4 0 16 11
split_gain=1502.93 1290.9 1040.26 1232.52 904.531 810.981
threshold=-1.0333333333333312 107.50000000000001 0.25000000000000011 77.500000000000014 3.5000000000000004 1.0000000180025095e-35
decision_type=10 2 2 2 10 8
left_child=1 2 3 -1 5 -4
right_child=-2 -3 4 -5 -6 -7
leaf_value=0.011482904743090079 0.21393399694870258 -0.20252328652246243 -0.033691267400979996 -0.15524882750075239 -0.067438894236087801 0.20731469445368822
leaf_weight=169 24 24 14.999999999999998 47 20 46
leaf_count=169 24 24 15 47 20 46
internal_value=0.007055 -0.0114566 0.00708059 -0.0274883 0.0955029 0.149988
internal_weight=345 321 297 216 81 61
internal_count=345 321 297 216 81 61
is_linear=0
shrinkage=0.03


Tree=124
num_leaves=7
num_cat=0
split_feature=0 20 1 2 5 11
split_gain=1238.92 1160.11 961.243 902.713 907.81 1198.99
threshold=112.50000000000001 -13.499999999999998 -7.4999999999999991 13.250000000000002 -0.9330127018922193 9.5000000000000018
decision_type=2 8 10 2 2 8
left_child=1 -1 -3 -4 -5 -6
right_child=-2 2 3 4 5 -7
leaf_value=-0.10691876348765457 -0.19118258636444807 -0.081974091110967609 0.0018942211798785888 -0.020232290513813495 0.0030574291900676838 0.23160848568359466
leaf_weight=46 21 38 92 29 29 68
leaf_count=46 21 38 92 29 29 68
internal_value=0.00780099 0.024526 0.0497407 0.0740234 0.124607 0.166778
internal_weight=323 302 256 218 126 97
internal_count=323 302 256 218 126 97
is_linear=0
shrinkage=0.03


Tree=125
num_leaves=7
num_cat=0
split_feature=1 13 2 0 2 5
split_gain=1191.64 1053.89 630.068 1687.54 1158.43 1203.21
threshold=22.500000000000004 1.0000000180025095e-35 18.850000000000005 62.500000000000007 14.850000000000003 -0.5
decision_type=10 10 2 2 2 2
left_child=1 2 4 -4 5 -1
right_child=-2 -3 3 -5 -6 -7
leaf_value=0.10034730916877962 -0.1964057778328657 0.21905541820959609 0.068269153593516929 -0.20956358006367315 0.13090612203935567 -0.074559953668781459
leaf_weight=48 20 17 36 34 64 102
leaf_count=48 20 17 36 34 64 102
internal_value=0.00278572 0.019014 0.00345699 -0.0716526 0.0291005 -0.0171581
internal_weight=321 301 284 70 214 150
internal_count=321 301 284 70 214 150
is_linear=0
shrinkage=0.03


Tree=126
num_leaves=7
num_cat=0
split_feature=22 2 0 3 2 20
split_gain=1185.57 1335.74 741.704 836.936 2040.7 704.341
threshold=11.114052287581702 18.450000000000003 37.500000000000007 1.0000000180025095e-35 13.250000000000002 -24.999999999999996
decision_type=8 2 2 2 2 8
left_child=5 2 -2 -4 -5 -1
right_child=1 -3 3 4 -6 -7
leaf_value=-0.17869190014041958 -0.029097956291266849 -0.10711674609482288 0.3328052187681198 -0.14585055291652679 0.23682341488924891 -0.0099396486816126419
leaf_weight=20 15.999999999999998 20 20 15.999999999999998 28 210
leaf_count=20 16 20 20 16 28 210
internal_value=0.00948998 0.0931759 0.146605 0.189456 0.0969859 -0.0281035
internal_weight=330 100 80 64 44 230
internal_count=330 100 80 64 44 230
is_linear=0
shrinkage=0.03


Tree=127
num_leaves=7
num_cat=0
split_feature=1 13 1 17 17 2
split_gain=1202.77 897.765 687.503 784.134 608.032 746.017
threshold=22.500000000000004 -1.4794117647058795 -1.0000000180025095e-35 -7.4999999999999991 17.500000000000004 14.250000000000002
decision_type=10 10 10 8 10 2
left_child=1 2 -1 -4 5 -5
right_child=-2 -3 3 4 -6 -7
leaf_value=-0.075995498132602909 -0.1916380161560815 0.17912133198518018 0.18180385394096374 -0.071005521423238169 0.13056274633983087 0.051505458008497949
leaf_weight=82 24 21 20 97 24 75
leaf_count=82 24 21 20 97 24 75
internal_value=-0.00661686 0.0100458 -0.00462812 0.0235714 0.00330444 -0.0176391
internal_weight=343 319 298 216 196 172
internal_count=343 319 298 216 196 172
is_linear=0
shrinkage=0.03


Tree=128
num_leaves=7
num_cat=0
split_feature=22 2 2 2 2 0
split_gain=805.936 755.584 1172.87 651.289 643.358 813.367
threshold=-30.886274509803915 18.250000000000004 14.850000000000003 20.550000000000004 14.250000000000002 62.500000000000007
decision_type=10 2 2 2 2 2
left_child=1 2 -1 4 5 -2
right_child=3 -3 -4 -5 -6 -7
leaf_value=-0.1462673621933008 0.041673881198103363 -0.19566807107068598 0.11718985022976994 -0.081387085588865496 0.10942326399751684 -0.13439369088411329
leaf_weight=24 106 27 27 38 83 25
leaf_count=24 106 27 27 38 83 25
internal_value=-8.7952e-05 -0.0813621 -0.00877997 0.0261618 0.0466814 0.00436757
internal_weight=330 78 51 252 214 131
internal_count=330 78 51 252 214 131
is_linear=0
shrinkage=0.03


Tree=129
num_leaves=7
num_cat=0
split_feature=13 17 16 16 22 2
split_gain=855.642 499.703 430.108 345.094 523.146 760.011
threshold=-7.7755882352941166 17.500000000000004 7.5000000000000009 -1.0000000180025095e-35 -17.808496732026139 18.600000000000005
decision_type=10 10 8 10 8 2
left_child=1 3 -2 4 -1 -6
right_child=2 -3 -4 -5 5 -7
leaf_value=-0.079308348057715042 0.20612807620030182 0.097551136260682875 0.025795987606048582 -0.11281194766983389 0.056963579761566678 -0.082056646531820307
leaf_weight=68 21 28 25 31 117 45
leaf_count=68 21 28 25 31 117 45
internal_value=0.00690701 -0.0128736 0.120259 -0.0263309 -0.0125225 0.0170463
internal_weight=335 289 46 261 230 162
internal_count=335 289 46 261 230 162
is_linear=0
shrinkage=0.03


Tree=130
num_leaves=7
num_cat=0
split_feature=0 20 3 1 2 2
split_gain=981.114 986.197 791.689 721.249 944.125 1347.31
threshold=112.50000000000001 -13.499999999999998 1.0000000180025095e-35 -12.499999999999998 13.850000000000003 20.550000000000004
decision_type=2 8 2 8 2 2
left_child=1 2 -1 -3 -5 -6
right_child=-2 3 -4 4 5 -7
leaf_value=-0.012600830481261821 -0.1869381746993615 -0.11699347107538155 -0.24546791526286499 -0.020461525000955747 0.14617108854672145 -0.07437099671539138
leaf_weight=32 21 23 18 110 103 29
leaf_count=32 21 23 18 110 103 29
internal_value=-0.00980473 0.00474056 -0.111127 0.0282554 0.0441489 0.0967727
internal_weight=336 315 50 265 242 132
internal_count=336 315 50 265 242 132
is_linear=0
shrinkage=0.03


Tree=131
num_leaves=7
num_cat=0
split_feature=1 13 1 16 16 0
split_gain=995.146 920.499 861.385 1078.97 779.555 611
threshold=22.500000000000004 1.0000000180025095e-35 7.5000000000000009 -18.499999999999996 -3.4999999999999996 42.500000000000007
decision_type=10 10 10 8 10 2
left_child=1 2 4 -4 5 -1
right_child=-2 -3 3 -5 -6 -7
leaf_value=0.075440763571045608 -0.18457461714744566 0.19049530906677245 -0.13905408637784419 0.10557889132309205 -0.15068048370958761 -0.049060905262827872
leaf_weight=50 19 20 14.999999999999998 92 38 95
leaf_count=50 19 20 15 92 38 95
internal_value=0.00166633 0.0158297 0.000759191 0.0666078 -0.0384899 -0.00504566
internal_weight=329 310 290 107 183 145
internal_count=329 310 290 107 183 145
is_linear=0
shrinkage=0.03


Tree=132
num_leaves=7
num_cat=0
split_feature=13 17 2 1 1 16
split_gain=754.983 527.407 613.143 475.839 442.912 480.396
threshold=1.0000000180025095e-35 -70.499999999999986 16.850000000000005 1.0000000180025095e-35 17.500000000000004 -1.4999999999999998
decision_type=10 10 2 10 8 10
left_child=1 4 -3 -4 5 -1
right_child=-2 2 3 -5 -6 -7
leaf_value=-0.0058687911043285041 0.15948114721671394 0.11434229899048805 -0.14091186794367705 0.04282872976795319 -0.17788956043124199 -0.11507288497427234
leaf_weight=174 18 45 17 26 14.999999999999998 41
leaf_count=174 18 45 17 26 15 41
internal_value=-0.00671216 -0.0184425 0.0424166 -0.0369244 -0.0421347 -0.0288358
internal_weight=336 318 88 43 230 215
internal_count=336 318 88 43 230 215
is_linear=0
shrinkage=0.03


Tree=133
num_leaves=7
num_cat=0
split_feature=0 23 16 2 0 7
split_gain=1186.33 627.082 1388.43 612.559 1210.51 1110.72
threshold=112.50000000000001 19.500000000000004 10.500000000000002 19.250000000000004 62.500000000000007 inf
decision_type=2 2 10 2 2 8
left_child=1 2 3 5 -5 -1
right_child=-2 -3 -4 4 -6 -7
leaf_value=-0.023906392919227734 -0.1956777542643249 0.18581559705734252 -0.16614419114163942 0.087726408423057622 -0.15629873924530469 0.11643459405139088
leaf_weight=83 19 14.999999999999998 30 30 34 120
leaf_count=83 19 15 30 30 34 120
internal_value=0.00782838 0.0231123 0.0119546 0.034652 -0.0438439 0.0598585
internal_weight=331 312 297 267 64 203
internal_count=331 312 297 267 64 203
is_linear=0
shrinkage=0.03


Tree=134
num_leaves=7
num_cat=0
split_feature=0 20 1 3 16 15
split_gain=1336.47 1068.33 1245.25 837.983 668.408 830.808
threshold=117.50000000000001 -13.499999999999998 1.0000000180025095e-35 1.0000000180025095e-35 -18.499999999999996 -8.9999999999999982
decision_type=2 8 10 2 8 10
left_child=1 3 -3 -1 -4 -6
right_child=-2 2 4 -5 5 -7
leaf_value=-0.0052601661548639335 -0.23493978885667663 -0.039776811340855339 -0.069617333851511712 -0.24225425146520135 0.13806691349367611 -0.058216730403900144
leaf_weight=31 15.999999999999998 113 18 19 123 20
leaf_count=31 16 113 18 19 123 20
internal_value=-0.0029418 0.0119113 0.0355637 -0.109154 0.0880479 0.109575
internal_weight=340 324 274 50 161 143
internal_count=340 324 274 50 161 143
is_linear=0
shrinkage=0.03


Tree=135
num_leaves=7
num_cat=0
split_feature=22 1 23 16 2 5
split_gain=1098.73 1158.26 1026.3 1161.39 662.671 1321.13
threshold=-51.749999999999993 -12.499999999999998 -1.0000000180025095e-35 1.0000000180025095e-35 13.250000000000002 -0.5
decision_type=8 8 2 10 2 2
left_child=-1 -2 -3 4 5 -4
right_child=1 2 3 -5 -6 -7
leaf_value=-0.19886513475328682 -0.18478391429185867 -0.053913747259648516 0.19753105270370724 -0.053633360352955364 0.15251803585588933 -0.081738699802330561
leaf_weight=19 20 91 19 52 95 37
leaf_count=19 20 91 19 52 95 37
internal_value=-0.00315284 0.011621 0.0278485 0.0649155 0.106151 0.021438
internal_weight=333 314 294 203 151 56
internal_count=333 314 294 203 151 56
is_linear=0
shrinkage=0.03


Tree=136
num_leaves=7
num_cat=0
split_feature=1 1 17 0 5 0
split_gain=1067.15 781.399 694.067 919.937 706.439 566.579
threshold=22.500000000000004 7.5000000000000009 -58.999999999999993 72.500000000000014 0.6830127018922193 32.500000000000007
decision_type=10 10 10 2 2 2
left_child=1 5 3 4 -3 -1
right_child=-2 2 -4 -5 -6 -7
leaf_value=0.10640360521418707 -0.18933870187029242 0.12968094040859829 0.18457253506309107 -0.15454585884511471 -0.075685190470381206 -0.039496869471362404
leaf_weight=23 19 50 33 14.999999999999998 17 165
leaf_count=23 19 50 33 15 17 165
internal_value=0.00339731 0.0183606 0.0782518 0.0273156 0.0759358 -0.0193532
internal_weight=322 303 115 82 67 188
internal_count=322 303 115 82 67 188
is_linear=0
shrinkage=0.03


Tree=137
num_leaves=7
num_cat=0
split_feature=11 1 22 22 0 4
split_gain=863.582 908.222 639.204 752.721 576.184 680.731
threshold=12.500000000000002 17.500000000000004 19.040849673202619 5.7750980392156883 37.500000000000007 -0.25000000000000028
decision_type=10 10 10 10 2 2
left_child=1 2 3 4 5 -1
right_child=-2 -3 -4 -5 -6 -7
leaf_value=0.18106508466505233 0.1701701682806015 -0.15838339667806089 0.11632736157527879 -0.1594611231533104 -0.023197967132942358 -0.024983421266078949
leaf_weight=26 19 31 33 24 177 25
leaf_count=26 19 31 33 24 177 25
internal_value=-0.00347108 -0.0163995 0.0015088 -0.0154976 0.00275315 0.0868485
internal_weight=335 316 285 252 228 51
internal_count=335 316 285 252 228 51
is_linear=0
shrinkage=0.03


Tree=138
num_leaves=7
num_cat=0
split_feature=22 1 1 2 2 0
split_gain=666.768 661.263 593.316 1075.96 1918.55 1202.04
threshold=-36.666666666666664 7.5000000000000009 1.0000000180025095e-35 13.65 16.850000000000005 62.500000000000007
decision_type=8 10 10 2 2 2
left_child=1 -1 -2 -4 -5 -6
right_child=2 -3 3 4 5 -7
leaf_value=0.013593702882528301 -0.050186808039160334 -0.24294282202209747 -0.033427138667115393 0.25855268795575415 0.11202149838209152 -0.15281245458742668
leaf_weight=15.000000000000002 114 15.999999999999998 97 37 28 24
leaf_count=15 114 16 97 37 28 24
internal_value=-0.0121648 -0.134165 0.00243463 0.035156 0.107706 -0.0128921
internal_weight=331 31 300 186 89 52
internal_count=331 31 300 186 89 52
is_linear=0
shrinkage=0.03


Tree=139
num_leaves=7
num_cat=0
split_feature=11 17 17 17 2 1
split_gain=618.546 504.629 543.887 640.603 438.593 388.112
threshold=17.500000000000004 -70.499999999999986 -7.4999999999999991 30.500000000000004 19.250000000000004 17.500000000000004
decision_type=10 10 10 10 2 10
left_child=1 5 4 -4 -3 -1
right_child=-2 2 3 -5 -6 -7
leaf_value=-0.0084605086465469655 0.17108676254749297 0.23661561955105173 -0.068722830972235111 0.12308881323337555 0.019189830087125301 -0.14396801567503381
leaf_weight=211 15.999999999999998 17 37 20 14.999999999999998 15.999999999999998
leaf_count=211 16 17 37 20 15 16
internal_value=0.0134191 0.00289534 0.0614915 0.00307841 0.151063 -0.0209086
internal_weight=332 316 89 57 32 227
internal_count=332 316 89 57 32 227
is_linear=0
shrinkage=0.03


Tree=140
num_leaves=7
num_cat=0
split_feature=0 13 20 22 0 1
split_gain=901.004 625.372 902.022 494.248 576.846 694.012
threshold=117.50000000000001 -7.7755882352941166 -24.999999999999996 30.035882352941183 32.500000000000007 -1.0000000180025095e-35
decision_type=2 10 10 10 2 10
left_child=1 3 -3 4 -1 -6
right_child=-2 2 -4 -5 5 -7
leaf_value=0.11256755986383983 -0.19394740817416459 -0.011617132867536238 0.23865580272674561 0.1286792261234444 -0.12597737077209684 -0.0031014120355859153
leaf_weight=23 14.999999999999998 26 20 18 49 178
leaf_count=23 15 26 20 18 49 178
internal_value=0.00140267 0.0136283 0.109927 -0.00461107 -0.0165429 -0.0317687
internal_weight=329 314 46 268 250 227
internal_count=329 314 46 268 250 227
is_linear=0
shrinkage=0.03


Tree=141
num_leaves=7
num_cat=0
split_feature=0 12 1 1 2 2
split_gain=1315.04 833.664 726.563 530.455 365.099 888.6
threshold=97.500000000000014 8.4500000000000011 7.5000000000000009 -7.4999999999999991 14.850000000000003 17.350000000000005
decision_type=2 10 10 8 2 2
left_child=1 3 -2 -1 -5 -6
right_child=2 -3 -4 4 5 -7
leaf_value=-0.10105271515937952 -0.029246485060261139 0.16835212966799734 -0.26226164608597757 -0.01253357575558718 0.17889503826160688 -0.003108099852059338
leaf_weight=34 26 25 20 146 32 69
leaf_count=34 26 25 20 146 32 69
internal_value=-0.00520204 0.0180259 -0.146337 0.00194228 0.0178434 0.0602747
internal_weight=352 306 46 281 247 101
internal_count=352 306 46 281 247 101
is_linear=0
shrinkage=0.03


Tree=142
num_leaves=7
num_cat=0
split_feature=13 17 0 20 17 22
split_gain=796.056 904.465 888.18 766.896 668.189 596.374
threshold=-7.7755882352941166 -58.999999999999993 32.500000000000007 -24.999999999999996 -10.499999999999998 -38.499999999999993
decision_type=10 10 2 10 10 8
left_child=1 2 -1 -2 -3 -4
right_child=3 4 5 -5 -6 -7
leaf_value=0.12275498600006103 -0.0053715937810816933 0.20256254449486732 -0.22124070959431785 0.23352710945606231 0.015531967126804849 -0.048222700434230402
leaf_weight=20 23 19 15.999999999999998 20 64 166
leaf_count=20 23 19 16 20 64 166
internal_value=0.00539855 -0.013414 -0.0474554 0.118495 0.0674228 -0.0689419
internal_weight=328 285 202 43 83 182
internal_count=328 285 202 43 83 182
is_linear=0
shrinkage=0.03


Tree=143
num_leaves=7
num_cat=0
split_feature=0 1 20 5 17 13
split_gain=977.498 676.973 757.575 626.114 1277.68 761.843
threshold=112.50000000000001 -12.499999999999998 -16.499999999999996 -0.9330127018922193 4.5000000000000009 -5.7450980392156827
decision_type=2 10 8 2 8 10
left_child=1 -1 -3 -4 -5 -6
right_child=-2 2 3 4 5 -7
leaf_value=-0.13040210502989152 -0.19855914931297303 -0.11080400338768959 -0.065874612307285557 0.24889799529543291 0.0032554894201248215 0.19892390902061016
leaf_weight=29 20 35 46 21 173 14.999999999999998
leaf_count=29 20 35 46 21 173 15
internal_value=-0.0179073 -0.00369177 0.0109747 0.0294988 0.0515388 0.0236163
internal_weight=339 319 290 255 209 188
internal_count=339 319 290 255 209 188
is_linear=0
shrinkage=0.03


Tree=144
num_leaves=7
num_cat=0
split_feature=0 2 17 0 0 11
split_gain=1736.19 1057.79 1478.19 877.867 740.31 550.029
threshold=117.50000000000001 19.150000000000002 -70.499999999999986 47.500000000000007 62.500000000000007 9.5000000000000018
decision_type=2 2 10 2 2 10
left_child=1 2 5 -4 -3 -1
right_child=-2 4 3 -5 -6 -7
leaf_value=-0.023152646514372949 -0.28393648239970204 0.014760901729265849 -0.018120860758830203 0.22993624023596443 -0.17444412781094962 0.14241617703437803
leaf_weight=182 14.999999999999998 31 17 40 39 14.999999999999998
leaf_count=182 15 31 17 40 39 15
internal_value=-0.0126617 0.00402158 0.0326921 0.160459 -0.0952553 -0.00733278
internal_weight=339 324 254 57 70 197
internal_count=339 324 254 57 70 197
is_linear=0
shrinkage=0.03


Tree=145
num_leaves=7
num_cat=0
split_feature=22 17 20 13 16 2
split_gain=1064.71 1324.44 482.693 512.066 647.842 493.935
threshold=-62.499999999999993 -10.499999999999998 -13.499999999999998 1.0000000180025095e-35 10.500000000000002 8.7000000000000011
decision_type=8 8 8 10 10 2
left_child=-1 -2 -3 4 5 -4
right_child=1 2 3 -5 -6 -7
leaf_value=-0.19998070804774762 0.25040614063089539 -0.07548640806008787 -0.10112479984760284 0.14926859951681559 -0.12508411599589245 0.043787772945445218
leaf_weight=14.999999999999998 17 46 19 22 23 189
leaf_count=15 17 46 19 22 23 189
internal_value=0.0126644 0.0257161 0.00903264 0.0255648 0.0108707 0.0284875
internal_weight=331 316 299 253 231 208
internal_count=331 316 299 253 231 208
is_linear=0
shrinkage=0.03


Tree=146
num_leaves=7
num_cat=0
split_feature=0 20 2 0 16 6
split_gain=972.333 721.673 738.353 1318.55 1855.62 742.208
threshold=107.50000000000001 -13.499999999999998 17.100000000000005 52.500000000000007 65.000000000000014 1.0000000180025095e-35
decision_type=2 8 2 2 8 8
left_child=1 -1 3 -3 -5 -4
right_child=-2 2 5 4 -6 -7
leaf_value=-0.09330510295832492 -0.171404094387378 0.0014027503156700193 0.071243810364724811 0.041116791173815725 0.35761752152017179 -0.099390326686684155
leaf_weight=44 23 112 32 45 23 57
leaf_count=44 23 112 32 45 23 57
internal_value=-0.00194778 0.0130035 0.0317776 0.0661257 0.165331 -0.0375125
internal_weight=336 313 269 180 68 89
internal_count=336 313 269 180 68 89
is_linear=0
shrinkage=0.03


Tree=147
num_leaves=7
num_cat=0
split_feature=22 1 7 17 16 13
split_gain=1092.96 614.373 490.915 590.682 947.251 638.122
threshold=-41.334278431372539 -12.499999999999998 1.0000000180025095e-35 26.500000000000004 1.0000000180025095e-35 -1.0333333333333312
decision_type=8 10 10 8 10 10
left_child=-1 -2 3 -3 -5 -6
right_child=1 2 -4 4 5 -7
leaf_value=-0.17181430954966814 -0.10767538964748383 -0.051405581199425329 -0.062501392131050423 0.11073228789104832 -0.09285074722669695 0.1043696024065668
leaf_weight=26 28 42 40 134 41 17
leaf_count=26 28 42 40 134 41 17
internal_value=-0.00207619 0.0150973 0.0293482 0.0460281 0.0681055 -0.0313493
internal_weight=328 302 274 234 192 58
internal_count=328 302 274 234 192 58
is_linear=0
shrinkage=0.03


Tree=148
num_leaves=7
num_cat=0
split_feature=20 2 3 11 2 1
split_gain=594.435 478.025 811.547 1041.31 997.507 831.664
threshold=-16.499999999999996 8.2000000000000011 1.0000000180025095e-35 20.500000000000004 14.850000000000003 12.500000000000002
decision_type=8 2 2 8 2 8
left_child=-1 -2 3 -3 -4 -5
right_child=1 2 4 5 -6 -7
leaf_value=-0.10923767555218475 -0.12732133278250693 -0.016428852172406472 -0.091241584895405833 0.26982716568027221 0.04302223743966186 0.021481292152404782
leaf_weight=34 14.999999999999998 41 77 30 122 20
leaf_count=34 15 41 77 30 122 20
internal_value=0.00116446 0.015035 0.0244314 0.0960964 -0.00989209 0.181472
internal_weight=339 305 290 91 199 50
internal_count=339 305 290 91 199 50
is_linear=0
shrinkage=0.03


Tree=149
num_leaves=7
num_cat=0
split_feature=23 1 17 1 22 2
split_gain=586.473 467.832 496.463 839.273 413.785 1140.34
threshold=9.0583333333333389 22.500000000000004 -7.4999999999999991 1.0000000180025095e-35 21.046732026143797 17.350000000000005
decision_type=2 10 8 10 8 2
left_child=1 2 3 -1 -4 -6
right_child=-2 -3 4 -5 5 -7
leaf_value=-0.049181717303783991 0.12083264818245713 -0.14887184645448412 -0.038345723031861019 0.21090623721480367 0.12999194119125604 -0.1211360981941223
leaf_weight=18 28 15.999999999999998 200 19 43 20
leaf_count=18 28 16 200 19 43 20
internal_value=0.000407095 -0.0119794 -0.00235768 0.093585 -0.0173495 0.0472237
internal_weight=344 316 300 37 263 63
internal_count=344 316 300 37 263 63
is_linear=0
shrinkage=0.03


Tree=150
num_leaves=7
num_cat=0
split_feature=2 4 3 2 11 2
split_gain=689.461 1197.21 604.2 636.584 569.85 976.342
threshold=13.350000000000003 -0.25000000000000028 1.0000000180025095e-35 9.4500000000000011 1.5000000000000002 16.850000000000005
decision_type=2 2 2 2 8 2
left_child=1 -1 3 -3 -2 -6
right_child=4 2 -4 -5 5 -7
leaf_value=-0.17151985213768725 -0.052650308327241373 -0.054218866467475889 -0.068771593909710646 0.16981405204342256 0.13708990974495042 -0.0068384647001656362
leaf_weight=44 50 14.999999999999998 35 26 73 92
leaf_count=44 50 15 35 26 73 92
internal_value=0.00046599 -0.0558038 0.0176419 0.0908665 0.0324269 0.0589981
internal_weight=335 120 76 41 215 165
internal_count=335 120 76 41 215 165
is_linear=0
shrinkage=0.03


Tree=151
num_leaves=7
num_cat=0
split_feature=1 17 5 17 11 5
split_gain=592.07 626.415 1018.62 902.526 794.647 583.275
threshold=-12.499999999999998 -70.499999999999986 -0.9330127018922193 -7.4999999999999991 9.5000000000000018 -0.5
decision_type=10 10 2 10 10 2
left_child=-1 4 -3 -4 -2 -5
right_child=1 2 3 5 -6 -7
leaf_value=-0.1223908154192296 -0.034026507816579142 -0.10098666969848716 0.27391415040080364 0.15148045274429023 0.13609650920544353 -0.048625931240618231
leaf_weight=28 208 18 21 19 23 25
leaf_count=28 208 18 21 19 23 25
internal_value=-0.00144096 0.0110937 0.0792708 0.132836 -0.0145633 0.0444235
internal_weight=342 314 83 65 231 44
internal_count=342 314 83 65 231 44
is_linear=0
shrinkage=0.03


Tree=152
num_leaves=7
num_cat=0
split_feature=0 13 16 2 20 5
split_gain=1057.31 544.329 823.876 551.598 620.248 791.683
threshold=87.500000000000014 -7.7755882352941166 -1.0000000180025095e-35 8.2000000000000011 -13.499999999999998 1.0000000180025095e-35
decision_type=2 10 10 2 8 2
left_child=1 2 3 -1 -5 -6
right_child=-2 -3 -4 4 5 -7
leaf_value=-0.11722397674213755 -0.11435879865830595 0.12472666688655552 -0.12236704984679818 -0.055096122466146626 0.15414332843706255 0.013320601582331091
leaf_weight=17 61 33 35 42 56 90
leaf_count=17 61 33 35 42 56 90
internal_value=-0.00649851 0.0192255 0.00246969 0.0261893 0.0418585 0.0706503
internal_weight=334 273 240 205 188 146
internal_count=334 273 240 205 188 146
is_linear=0
shrinkage=0.03


Tree=153
num_leaves=7
num_cat=0
split_feature=13 0 1 12 16 5
split_gain=461.416 586.899 527.472 620.506 546.47 433.393
threshold=-1.0333333333333312 77.500000000000014 22.500000000000004 9.1500000000000039 10.500000000000002 1.0000000180025095e-35
decision_type=8 2 8 10 10 2
left_child=1 -1 3 4 5 -2
right_child=2 -3 -4 -5 -6 -7
leaf_value=0.028078700598562135 0.07732379081735917 -0.19322060465812682 -0.10404540027890886 0.19411729404330252 -0.11134556234599306 -0.0052724049869744523
leaf_weight=19 104 17 23 14.999999999999998 21 119
leaf_count=19 104 17 23 15 21 119
internal_value=0.00703294 -0.087243 0.0203784 0.0331889 0.0195965 0.0340987
internal_weight=318 36 282 259 244 223
internal_count=318 36 282 259 244 223
is_linear=0
shrinkage=0.03


Tree=154
num_leaves=7
num_cat=0
split_feature=0 17 1 17 0 0
split_gain=1077.46 793.277 847.8 767.069 532.865 506.587
threshold=112.50000000000001 -75.499999999999986 -1.0000000180025095e-35 -7.4999999999999991 87.500000000000014 52.500000000000007
decision_type=2 10 10 10 2 2
left_child=1 4 -3 -4 -1 -5
right_child=-2 2 3 5 -6 -7
leaf_value=0.0046888758349106522 -0.20002782908352937 -0.062249009746313089 0.29061933602975765 -0.041472938060760495 -0.13654276397493151 0.1496986589166853
leaf_weight=217 17 20 18 20 22 22
leaf_count=217 17 20 18 20 22 22
internal_value=0.00318687 0.0169362 0.0956831 0.149066 -0.0108431 0.063937
internal_weight=336 319 80 60 239 42
internal_count=336 319 80 60 239 42
is_linear=0
shrinkage=0.03


Tree=155
num_leaves=7
num_cat=0
split_feature=13 22 2 0 0 17
split_gain=773.573 505.663 770.789 1222.89 656.837 719.529
threshold=-7.7755882352941166 34.500000000000007 18.450000000000003 52.500000000000007 62.500000000000007 -27.499999999999996
decision_type=10 8 2 2 2 8
left_child=1 4 3 -3 -1 -6
right_child=-2 2 -4 -5 5 -7
leaf_value=0.0066620353096249431 0.11310036205901548 -0.029275420045852658 -0.093487096309661871 0.28493784870790401 0.032319915597327054 -0.14600791334883492
leaf_weight=160 47 20 14.999999999999998 18 27 62
leaf_count=160 47 20 15 18 27 62
internal_value=0.00616979 -0.0120427 0.0681369 0.135388 -0.0301144 -0.0930669
internal_weight=349 302 53 38 249 89
internal_count=349 302 53 38 249 89
is_linear=0
shrinkage=0.03


Tree=156
num_leaves=7
num_cat=0
split_feature=22 1 2 2 20 20
split_gain=647.804 754.561 593.531 957.198 1391.25 707.171
threshold=-51.749999999999993 -12.499999999999998 20.550000000000004 13.350000000000003 16.500000000000004 -40.499999999999993
decision_type=8 10 2 2 8 10
left_child=-1 -2 3 5 -5 -3
right_child=1 2 -4 4 -6 -7
leaf_value=-0.14839060444723473 -0.12128028399040622 -0.081385540149428615 -0.079059661908226234 -0.035344879655493426 0.16123522134081833 0.062991817213202767
leaf_weight=17 26 61 32 45 98 52
leaf_count=17 26 61 32 45 98 52
internal_value=0.00925471 0.0199817 0.0345866 0.0500348 0.10027 -0.0150925
internal_weight=331 314 288 256 143 113
internal_count=331 314 288 256 143 113
is_linear=0
shrinkage=0.03


Tree=157
num_leaves=7
num_cat=0
split_feature=22 2 2 0 0 22
split_gain=716.06 472.42 1069.95 1340.72 1028.62 928.735
threshold=-62.499999999999993 14.15 16.850000000000005 47.500000000000007 77.500000000000014 -11.773333333333332
decision_type=8 2 2 2 2 8
left_child=-1 4 3 -3 -2 -5
right_child=1 2 -4 5 -6 -7
leaf_value=-0.18401838462799786 -0.004486439810024472 -0.06650449929329065 -0.02525352157554344 0.054992086378664803 -0.22340326744577158 0.32353553421662323
leaf_weight=14.999999999999998 122 21 109 24 18 23
leaf_count=15 122 21 109 24 18 23
internal_value=-0.00991891 0.00104874 0.0332184 0.122255 -0.0393659 0.20488
internal_weight=332 317 177 68 140 47
internal_count=332 317 177 68 140 47
is_linear=0
shrinkage=0.03


Tree=158
num_leaves=7
num_cat=0
split_feature=1 13 16 2 2 17
split_gain=699.418 418.633 592.999 619.585 906.601 866.404
threshold=27.500000000000004 -1.0333333333333312 -1.0000000180025095e-35 18.250000000000004 14.850000000000003 -35.499999999999993
decision_type=8 10 10 2 2 10
left_child=1 2 3 4 -1 -6
right_child=-2 -3 -4 -5 5 -7
leaf_value=-0.0073521004517267388 -0.18208716644346715 0.10961665219274061 -0.10303764758741155 -0.057864811850383002 0.21932667823938223 -0.016096122986995257
leaf_weight=118 14.999999999999998 24 46 80 34 21
leaf_count=118 15 24 46 80 34 21
internal_value=-0.00992815 0.000720691 -0.00967926 0.00896288 0.0406232 0.135587
internal_weight=338 323 299 253 173 55
internal_count=338 323 299 253 173 55
is_linear=0
shrinkage=0.03


Tree=159
num_leaves=7
num_cat=0
split_feature=20 2 2 4 22 0
split_gain=565.375 579.791 1087.23 1187.99 750.128 672.556
threshold=-24.999999999999996 16.850000000000005 14.850000000000003 0.25000000000000011 7.5769542483660137 57.500000000000007
decision_type=8 2 2 2 8 2
left_child=-1 2 3 4 -2 -3
right_child=1 5 -4 -5 -6 -7
leaf_value=-0.13158961568027736 -0.0020591133360455672 0.059610052934669429 0.18052082008123399 0.11523963438613075 -0.18596746206283571 -0.083638436275499842
leaf_weight=19 77 42 40 58 22 76
leaf_count=19 77 42 40 58 22 76
internal_value=0.00903355 0.0194391 0.0504632 0.0127786 -0.0499035 -0.0323011
internal_weight=334 315 197 157 99 118
internal_count=334 315 197 157 99 118
is_linear=0
shrinkage=0.03


Tree=160
num_leaves=7
num_cat=0
split_feature=1 17 4 13 0 22
split_gain=1243.68 626.01 801.47 586.316 653.125 498.795
threshold=22.500000000000004 -58.999999999999993 0.25000000000000011 1.0000000180025095e-35 32.500000000000007 5.7750980392156883
decision_type=10 10 2 10 2 10
left_child=1 3 -3 4 -1 -6
right_child=-2 2 -4 -5 5 -7
leaf_value=0.10798369387100482 -0.20869740900993344 -0.0038833717815577981 0.18612348240775031 0.143225414134562 -0.024479365375469238 -0.15797056382894514
leaf_weight=24 20 43 32 14.999999999999998 176 25
leaf_count=24 20 43 32 15 176 25
internal_value=-0.00497387 0.0110198 0.0837521 -0.0129545 -0.0262537 -0.044514
internal_weight=335 315 75 240 225 201
internal_count=335 315 75 240 225 201
is_linear=0
shrinkage=0.03


Tree=161
num_leaves=7
num_cat=0
split_feature=13 16 1 20 1 16
split_gain=753.742 854.273 628.6 405.093 469.517 403.936
threshold=-1.0333333333333312 10.500000000000002 17.500000000000004 -13.499999999999998 -12.499999999999998 10.500000000000002
decision_type=10 10 8 8 10 8
left_child=1 2 3 -1 -5 -6
right_child=-2 -3 -4 4 5 -7
leaf_value=-0.056018325715791434 0.15621969975659561 -0.16843572392773168 -0.11040481041459475 -0.069319432482123369 0.0018364596128463745 0.092110045458520612
leaf_weight=40 24 21 29 25 70 119
leaf_count=40 24 21 29 25 70 119
internal_value=0.0100788 -0.00379974 0.0111292 0.0268686 0.0432867 0.0595844
internal_weight=328 304 283 254 214 189
internal_count=328 304 283 254 214 189
is_linear=0
shrinkage=0.03


Tree=162
num_leaves=7
num_cat=0
split_feature=0 1 17 13 13 23
split_gain=1065.49 512.509 628.821 508.384 347.78 303.896
threshold=117.50000000000001 -12.499999999999998 -7.4999999999999991 -1.0333333333333312 -9.6862745098039227 2.8436274509803927
decision_type=2 10 8 10 8 2
left_child=1 -1 -3 4 -4 -6
right_child=-2 2 3 -5 5 -7
leaf_value=-0.097419354136501046 -0.20420226216316223 0.15680138810955244 -0.10921964888389295 0.12003361576998775 0.019306704030381379 -0.086164901207833156
leaf_weight=30 17 24 21 28 198 23
leaf_count=30 17 24 21 28 198 23
internal_value=-0.00210071 0.0114456 0.0239976 0.00955652 -0.00539703 0.00666656
internal_weight=341 324 294 270 242 221
internal_count=341 324 294 270 242 221
is_linear=0
shrinkage=0.03


Tree=163
num_leaves=7
num_cat=0
split_feature=0 4 2 0 0 2
split_gain=1033.5 730.312 1637.41 1023.96 747.066 1207.4
threshold=112.50000000000001 0.25000000000000011 15.250000000000002 67.500000000000014 67.500000000000014 14.15
decision_type=2 2 2 2 2 2
left_child=1 4 3 -3 -1 -6
right_child=-2 2 -4 -5 5 -7
leaf_value=0.016853240341461167 -0.19194881343841552 0.063103041698535284 -0.12703044629759258 0.31155069530010221 -0.29698433446884154 -0.025293425333041412
leaf_weight=162 20 49 22 19 14.999999999999998 60
leaf_count=162 20 49 22 19 15 60
internal_value=-0.00600293 0.00808943 0.0784733 0.149107 -0.0197077 -0.094797
internal_weight=347 327 90 68 237 75
internal_count=347 327 90 68 237 75
is_linear=0
shrinkage=0.03


Tree=164
num_leaves=7
num_cat=0
split_feature=3 0 11 1 5 11
split_gain=580.753 602.907 594.946 861.99 1061.58 567.164
threshold=1.0000000180025095e-35 37.500000000000007 23.500000000000004 17.500000000000004 -0.5 -1.0000000180025095e-35
decision_type=2 2 8 8 2 8
left_child=2 -2 -1 4 -4 -3
right_child=1 5 3 -5 -6 -7
leaf_value=-0.0009615347514005556 0.083301374382254753 -0.17361360054016112 0.32558559721112251 -0.056449029105050216 0.052240360279877975 -0.018172233995344293
leaf_weight=68 39 20 20 15.999999999999998 31 147
leaf_count=68 39 20 20 16 31 147
internal_value=0.0153971 -0.0162903 0.0626048 0.122706 0.178934 -0.0412937
internal_weight=341 206 135 67 51 167
internal_count=341 206 135 67 51 167
is_linear=0
shrinkage=0.03


Tree=165
num_leaves=7
num_cat=0
split_feature=20 13 17 0 2 2
split_gain=544.299 571.417 465.568 663.739 529.569 393.8
threshold=-24.999999999999996 -7.7755882352941166 1.0000000180025095e-35 32.500000000000007 14.450000000000001 18.850000000000005
decision_type=8 10 10 2 2 2
left_child=-1 2 3 -2 -4 -5
right_child=1 -3 4 5 -6 -7
leaf_value=-0.12499539427135301 0.11669596843421459 0.11936213030666112 0.19261753559112546 -0.0044672520295397878 -0.0055567350058720027 -0.10056034138830343
leaf_weight=18 27 45 19 141 24 48
leaf_count=18 27 45 19 141 24 48
internal_value=0.0162301 0.0264794 0.00838648 -0.0101703 0.0929516 -0.0308346
internal_weight=322 304 259 216 43 189
internal_count=322 304 259 216 43 189
is_linear=0
shrinkage=0.03


Tree=166
num_leaves=7
num_cat=0
split_feature=22 2 2 15 20 16
split_gain=790.2 508.198 461.293 364.267 490.726 610.572
threshold=-30.886274509803915 18.250000000000004 15.050000000000002 -8.9999999999999982 -1.4999999999999998 -4.4999999999999991
decision_type=10 2 2 10 10 10
left_child=1 2 -1 4 5 -2
right_child=3 -3 -4 -5 -6 -7
leaf_value=-0.1044092690463989 0.041132204199416766 -0.17966199928522109 0.064233177602291108 -0.080641943941062152 0.14393967999943663 -0.067757869390340952
leaf_weight=26 157 30 23 28 23 60
leaf_count=26 157 30 23 28 23 60
internal_value=-0.0116422 -0.0919801 -0.0266326 0.0132904 0.0256713 0.0101764
internal_weight=347 79 49 268 240 217
internal_count=347 79 49 268 240 217
is_linear=0
shrinkage=0.03


Tree=167
num_leaves=7
num_cat=0
split_feature=22 20 22 5 17 21
split_gain=763.732 437.378 326.797 346.102 565.226 661.254
threshold=-65.499999999999986 -24.999999999999996 33.500000000000007 -0.9330127018922193 -10.499999999999998 -4.6598039215686269
decision_type=10 8 10 2 8 10
left_child=-1 -2 3 -3 -5 -6
right_child=1 2 -4 4 5 -7
leaf_value=-0.12703881466518277 -0.11371932981105951 -0.066208221995830541 0.12327859191142994 0.1498286822107103 -0.015954877969266455 0.15477202604646267
leaf_weight=41 21 45 18 22 177 18
leaf_count=41 21 45 18 22 177 18
internal_value=-0.013182 0.00414914 0.0148293 0.00520948 0.0211772 0.00327984
internal_weight=342 301 280 262 217 195
internal_count=342 301 280 262 217 195
is_linear=0
shrinkage=0.03


Tree=168
num_leaves=7
num_cat=0
split_feature=2 7 2 17 20 16
split_gain=368.217 818.703 602.823 919.069 685.621 710.848
threshold=18.250000000000004 inf 14.15 2.5000000000000004 -40.499999999999993 10.500000000000002
decision_type=2 8 2 10 10 8
left_child=2 -2 3 4 5 -1
right_child=1 -3 -4 -5 -6 -7
leaf_value=-0.016719406644503273 0.023215941197052597 -0.15763268829778182 0.064018745835464783 0.15923010599613191 0.012106463624672456 -0.21441522881791397
leaf_weight=31 45 38 96 14.999999999999998 61 32
leaf_count=31 45 38 96 15 61 32
internal_value=-0.0114649 -0.0638342 0.00797608 -0.0316086 -0.0599708 -0.125519
internal_weight=318 83 235 139 124 63
internal_count=318 83 235 139 124 63
is_linear=0
shrinkage=0.03


Tree=169
num_leaves=7
num_cat=0
split_feature=0 20 13 16 1 3
split_gain=877.56 661.89 514.297 615.808 864.602 485.409
threshold=112.50000000000001 -14.499999999999998 1.0000000180025095e-35 1.0000000180025095e-35 -1.0000000180025095e-35 1.0000000180025095e-35
decision_type=2 8 10 10 10 2
left_child=1 5 3 4 -3 -1
right_child=-2 2 -4 -5 -6 -7
leaf_value=0.0016735738721387139 -0.18786709512983049 -0.054383639171719546 0.16232577882707119 -0.077683260405764856 0.075372432280542717 -0.19084692316980142
leaf_weight=24 15.999999999999998 61 19 46 154 18
leaf_count=24 16 61 19 46 154 18
internal_value=0.000124532 0.0121955 0.0292241 0.0166656 0.0381586 -0.0923605
internal_weight=338 322 280 261 215 42
internal_count=338 322 280 261 215 42
is_linear=0
shrinkage=0.03


Tree=170
num_leaves=7
num_cat=0
split_feature=2 2 4 22 4 0
split_gain=506.889 1265.68 1059.31 885.829 781.853 694.574
threshold=18.250000000000004 14.850000000000003 1.0000000180025095e-35 -4.723039215686275 -0.25000000000000028 37.500000000000007
decision_type=2 2 2 10 2 2
left_child=1 4 3 -3 -1 -2
right_child=5 2 -4 -5 -6 -7
leaf_value=-0.11137317790871575 0.096551240243017672 0.3486941363500512 -0.0083496406674385074 0.037938183009624475 0.018710035539923175 -0.10523749551651151
leaf_weight=58 14.999999999999998 18 29 14.999999999999998 119 72
leaf_count=58 15 18 29 15 119 72
internal_value=-0.00717186 0.0155671 0.126789 0.231019 -0.0258048 -0.0670898
internal_weight=326 239 62 33 177 87
internal_count=326 239 62 33 177 87
is_linear=0
shrinkage=0.03


Tree=171
num_leaves=7
num_cat=0
split_feature=22 1 2 2 20 12
split_gain=850.977 534.349 524.816 994.992 721.106 746.04
threshold=-55.499999999999993 -12.499999999999998 20.050000000000004 14.850000000000003 -1.4999999999999998 -10.499999999999998
decision_type=8 8 2 2 10 10
left_child=-1 -2 3 4 5 -3
right_child=1 2 -4 -5 -6 -7
leaf_value=-0.20858054709434509 -0.12756098973751068 -0.018388771712779996 -0.09090870530767875 0.10084960714630459 0.12331401119629543 -0.21143563532403536
leaf_weight=14.999999999999998 25 136 39 87 22 15.999999999999998
leaf_count=15 25 136 39 87 22 16
internal_value=-0.0186196 -0.00682465 0.00516293 0.0209574 -0.0206899 -0.044796
internal_weight=340 325 300 261 174 152
internal_count=340 325 300 261 174 152
is_linear=0
shrinkage=0.03


Tree=172
num_leaves=7
num_cat=0
split_feature=0 5 2 3 11 2
split_gain=694.558 703.033 1654.6 759.432 1491.73 540.833
threshold=117.50000000000001 -0.5 15.950000000000001 1.0000000180025095e-35 23.500000000000004 15.050000000000002
decision_type=2 2 2 2 8 2
left_child=1 2 3 4 -1 -3
right_child=-2 5 -4 -5 -6 -7
leaf_value=0.012354895681142807 -0.18125103664398193 -0.073300304909348482 -0.065642651538214372 0.051426609055120115 0.40832937836647021 0.028403796468462261
leaf_weight=14.999999999999998 14.999999999999998 120 57 44 16.000000000000004 72
leaf_count=15 15 120 57 44 16 72
internal_value=-0.00967556 0.000901606 0.0530808 0.141774 0.245056 -0.0354084
internal_weight=339 324 132 75 31 192
internal_count=339 324 132 75 31 192
is_linear=0
shrinkage=0.03


Tree=173
num_leaves=7
num_cat=0
split_feature=2 2 22 0 22 0
split_gain=611.2 657.456 1229.59 843.261 605.192 603.256
threshold=8.7000000000000011 18.250000000000004 19.040849673202619 62.500000000000007 -4.9445098039215685 107.50000000000001
decision_type=2 2 8 2 10 2
left_child=-1 2 5 -3 -5 -2
right_child=1 3 -4 4 -6 -7
leaf_value=-0.14165752131491899 0.020943326223530095 0.050798088170406298 0.16263593598415976 -0.1981927809360865 0.021250663697719573 -0.15341008168458939
leaf_weight=19 162 36 52 32 14.999999999999998 14.999999999999998
leaf_count=19 162 36 52 32 15 15
internal_value=0.00438811 0.015376 0.0414512 -0.0548341 -0.132848 0.00235898
internal_weight=331 312 229 83 47 177
internal_count=331 312 229 83 47 177
is_linear=0
shrinkage=0.03


Tree=174
num_leaves=7
num_cat=0
split_feature=0 12 17 0 0 20
split_gain=510.068 535.988 474.938 307.812 323.505 413.045
threshold=77.500000000000014 9.1500000000000039 -23.499999999999996 32.500000000000007 37.500000000000007 9.0000000000000018
decision_type=2 10 8 2 2 8
left_child=1 3 -2 -1 5 -5
right_child=2 -3 -4 4 -6 -7
leaf_value=0.091297772039066652 0.045778037820543564 0.16468977925899839 -0.10461133467617319 0.006234596385620534 0.013484509579860176 -0.16371162950992585
leaf_weight=28 23 15.999999999999998 62 27 158 19
leaf_count=28 23 16 62 27 158 19
internal_value=-0.00232976 0.0195246 -0.0636353 0.00624991 -0.00732822 -0.0731289
internal_weight=333 248 85 232 204 46
internal_count=333 248 85 232 204 46
is_linear=0
shrinkage=0.03


Tree=175
num_leaves=7
num_cat=0
split_feature=0 13 21 2 3 11
split_gain=665.785 378.326 448.767 315.349 475.885 942.772
threshold=117.50000000000001 -9.6862745098039227 14.843627450980396 8.7000000000000011 1.0000000180025095e-35 -9.4999999999999982
decision_type=2 8 8 2 2 10
left_child=1 -1 -3 -4 5 -5
right_child=-2 2 3 4 -6 -7
leaf_value=-0.094005424082279201 -0.16021522487912859 0.10555234378874301 -0.10183267774229698 0.12968914642053492 -0.015726407375186682 -0.072639491767171882
leaf_weight=22 15.999999999999998 45 17 63 151 26
leaf_count=22 16 45 17 63 151 26
internal_value=0.00361841 0.0140209 0.0232932 0.00715038 0.0167907 0.0698621
internal_weight=340 324 302 257 240 89
internal_count=340 324 302 257 240 89
is_linear=0
shrinkage=0.03


Tree=176
num_leaves=7
num_cat=0
split_feature=22 1 0 17 22 1
split_gain=418.593 806.559 474.732 406.204 253.345 549.022
threshold=34.500000000000007 7.5000000000000009 112.50000000000001 -7.4999999999999991 5.7750980392156883 12.500000000000002
decision_type=8 10 2 8 10 10
left_child=2 -2 3 -1 -5 -6
right_child=1 -3 -4 4 5 -7
leaf_value=0.098102578710425978 -0.042010285582106843 0.2020742980957031 -0.15231350827217099 0.0057367860403012587 -0.11277874439954756 0.051695369482040406
leaf_weight=28 21 20 14.999999999999998 180 49 24
leaf_count=28 21 20 15 180 49 24
internal_value=0.00181615 0.086078 -0.0110912 -0.00102166 -0.0136805 -0.0588575
internal_weight=337 41 296 281 253 73
internal_count=337 41 296 281 253 73
is_linear=0
shrinkage=0.03


Tree=177
num_leaves=7
num_cat=0
split_feature=20 16 22 22 2 4
split_gain=398.127 414.496 466.017 391.173 592.315 682.695
threshold=-24.999999999999996 -1.0000000180025095e-35 29.000000000000004 4.8387254901960786 13.950000000000001 0.25000000000000011
decision_type=8 8 10 8 2 2
left_child=-1 -2 3 -3 5 -5
right_child=1 2 -4 4 -6 -7
leaf_value=-0.12913428690122522 0.05578864964825863 0.0052492544153019006 0.097869651930199725 -0.27242772102355955 -0.011266225576400756 -0.03703387463092804
leaf_weight=18 83 109 22 18 60 25
leaf_count=18 83 109 22 18 60 25
internal_value=-0.00861456 0.000127759 -0.0203693 -0.0346117 -0.0750848 -0.153684
internal_weight=335 317 234 212 103 43
internal_count=335 317 234 212 103 43
is_linear=0
shrinkage=0.03


Tree=178
num_leaves=7
num_cat=0
split_feature=1 15 20 17 22 22
split_gain=388.066 363.487 351.319 331.367 501.254 401.65
threshold=27.500000000000004 -8.9999999999999982 -1.4999999999999998 26.500000000000004 4.8387254901960786 16.216127450980398
decision_type=8 10 10 10 10 10
left_child=1 2 3 4 -1 -6
right_child=-2 -3 -4 -5 5 -7
leaf_value=0.024812081668774289 -0.11751091923032488 -0.076599496543407433 0.12711575893419128 0.12713258263231678 -0.16525864455699918 0.0040162041187286378
leaf_weight=220 15.999999999999998 30 23 17 20 25
leaf_count=220 16 30 23 17 20 25
internal_value=0.0078067 0.0154321 0.0255739 0.0152218 0.00582125 -0.0802196
internal_weight=351 335 305 282 265 45
internal_count=351 335 305 282 265 45
is_linear=0
shrinkage=0.03


Tree=179
num_leaves=7
num_cat=0
split_feature=13 0 2 0 2 5
split_gain=508.325 429.9 410.893 687.056 641.733 900.089
threshold=-8.8478666466586642 77.500000000000014 18.250000000000004 62.500000000000007 14.850000000000003 1.0000000180025095e-35
decision_type=10 2 2 2 2 2
left_child=2 -2 4 -4 -1 -6
right_child=1 -3 3 -5 5 -7
leaf_value=-0.018928442988164571 0.1615132048074156 -0.012820135974884033 0.028612009087577463 -0.14607562780380248 -0.048561996424198152 0.19387020911489214
leaf_weight=142 27 20 35 39 20 30
leaf_count=142 27 20 35 39 20 30
internal_value=0.00740251 0.0932292 -0.00920266 -0.0668715 0.014157 0.101298
internal_weight=313 47 266 74 192 50
internal_count=313 47 266 74 192 50
is_linear=0
shrinkage=0.03


Tree=180
num_leaves=7
num_cat=0
split_feature=13 0 1 17 22 1
split_gain=561.854 676.214 541.225 944.415 365.734 382.261
threshold=-7.7755882352941166 112.50000000000001 -7.4999999999999991 -7.4999999999999991 -17.808496732026139 7.5000000000000009
decision_type=10 2 10 8 8 10
left_child=1 2 -1 -4 5 -5
right_child=-2 -3 3 4 -6 -7
leaf_value=-0.075896917511435111 0.11329946637153625 -0.1596614589474418 0.20258302678282444 0.027499558657407757 0.027190107959096092 -0.16513972896337509
leaf_weight=46 41 17 21 15.000000000000002 180 14.999999999999998
leaf_count=46 41 17 21 15 180 15
internal_value=0.015803 0.000539232 0.0130276 0.0319683 0.0105924 -0.0786515
internal_weight=335 294 277 231 210 30
internal_count=335 294 277 231 210 30
is_linear=0
shrinkage=0.03


Tree=181
num_leaves=7
num_cat=0
split_feature=1 17 17 16 13 13
split_gain=710.365 443.805 443.669 384.412 348.962 287.05
threshold=22.500000000000004 17.500000000000004 -7.4999999999999991 10.500000000000002 -9.6862745098039227 -1.4794117647058795
decision_type=10 10 10 10 8 8
left_child=1 2 3 4 -1 -6
right_child=-2 -3 -4 -5 5 -7
leaf_value=-0.086492224548544189 -0.16095008528658322 0.1133601795302497 -0.12303529441356659 -0.092158210799098014 0.13476212520338593 0.014513309539676063
leaf_weight=23 23 22 25 31 14.999999999999998 186
leaf_count=23 23 22 25 31 15 186
internal_value=-0.0163913 -0.00293983 -0.0139061 -0.0010469 0.0132991 0.0265402
internal_weight=325 302 280 255 224 201
internal_count=325 302 280 255 224 201
is_linear=0
shrinkage=0.03


Tree=182
num_leaves=7
num_cat=0
split_feature=22 5 2 11 5 2
split_gain=729.054 689.757 351.517 588.245 1073.64 795.405
threshold=-65.499999999999986 1.0000000180025095e-35 13.350000000000003 6.5000000000000009 -0.9330127018922193 15.950000000000001
decision_type=10 2 2 8 2 2
left_child=1 -1 -2 -4 -5 -6
right_child=2 -3 3 4 5 -7
leaf_value=-0.24180063160982998 -0.035205276224317898 -0.0034440803527832028 -0.042615079398338612 -0.047819534065772072 0.21372036618794849 0.027699672142664594
leaf_weight=17 104 22 60 44 42 40
leaf_count=17 104 22 60 44 42 40
internal_value=-0.00919693 -0.123014 0.00793502 0.0323466 0.0683068 0.129786
internal_weight=329 39 290 186 126 82
internal_count=329 39 290 186 126 82
is_linear=0
shrinkage=0.03


Tree=183
num_leaves=7
num_cat=0
split_feature=22 19 16 5 22 2
split_gain=550.374 265.284 260.293 506.731 260.135 458.431
threshold=-17.808496732026139 -1.0000000180025095e-35 -66.999999999999986 1.0000000180025095e-35 4.5428104575163379 13.850000000000003
decision_type=8 8 10 2 8 2
left_child=2 -2 3 -1 -3 -6
right_child=1 4 -4 -5 5 -7
leaf_value=-0.22913910661424908 -0.064733054917305702 0.058980004452168937 -0.010431277922221592 -0.0067542957446791911 -0.063617340235925107 0.047134162104129788
leaf_weight=15.999999999999998 27 115 30 17 56 70
leaf_count=16 27 115 30 17 56 70
internal_value=-0.00197936 0.0170716 -0.0783178 -0.13054 0.0273659 -0.00263813
internal_weight=331 268 63 33 241 126
internal_count=331 268 63 33 241 126
is_linear=0
shrinkage=0.03


Tree=184
num_leaves=7
num_cat=0
split_feature=22 17 1 2 2 2
split_gain=501.515 652.067 518.597 485.763 1237.12 469.715
threshold=-28.249999999999996 -86.499999999999986 7.5000000000000009 13.250000000000002 16.850000000000005 12.250000000000002
decision_type=8 10 10 2 2 2
left_child=1 -1 -2 5 -5 -4
right_child=2 -3 3 4 -6 -7
leaf_value=-0.17180290166069478 -0.025195539688070614 0.03912726081907749 0.050592254698276516 0.21033822598201887 -0.040929484653540633 -0.11588490098714828
leaf_weight=29 175 19 37 37 28 19
leaf_count=29 175 19 37 37 28 19
internal_value=-0.00747929 -0.0924952 0.00761453 0.0541839 0.106908 -0.01076
internal_weight=344 48 296 121 65 56
internal_count=344 48 296 121 65 56
is_linear=0
shrinkage=0.03


Tree=185
num_leaves=7
num_cat=0
split_feature=1 1 22 4 17 19
split_gain=548.967 520.133 383.988 310.698 516.888 287.372
threshold=17.500000000000004 -17.499999999999996 34.500000000000007 1.0000000180025095e-35 2.5000000000000004 5.5000000000000009
decision_type=10 10 8 2 8 8
left_child=1 -1 3 5 -5 -3
right_child=-2 2 -4 4 -6 -7
leaf_value=-0.13838852602243421 -0.1140988990664482 -0.033968746193817685 0.11016129583925814 -0.15470976054668426 0.0020551855703617662 0.059087445502768135
leaf_weight=14.999999999999998 31 37 32 19 89 107
leaf_count=15 31 37 32 19 89 107
internal_value=-0.00336747 0.00980085 0.0198866 0.00650296 -0.0311491 0.0348396
internal_weight=330 299 284 252 108 144
internal_count=330 299 284 252 108 144
is_linear=0
shrinkage=0.03


Tree=186
num_leaves=7
num_cat=0
split_feature=13 0 2 0 0 16
split_gain=487.795 342.863 383.287 1098.38 917.618 394.706
threshold=-7.7755882352941166 112.50000000000001 18.250000000000004 92.500000000000014 62.500000000000007 -1.0000000180025095e-35
decision_type=10 2 2 2 2 10
left_child=1 2 3 5 -4 -1
right_child=-2 -3 4 -5 -6 -7
leaf_value=0.016640923771262171 0.088383782883079673 -0.12785495053638113 0.040704576991521184 0.22806732344627378 -0.16620705043014727 -0.088421317411632075
leaf_weight=145 44 17 36 14.999999999999998 33 36
leaf_count=145 44 17 36 15 33 36
internal_value=0.000916094 -0.0140334 -0.00449915 0.0170757 -0.062797 -0.00607062
internal_weight=326 282 265 196 69 181
internal_count=326 282 265 196 69 181
is_linear=0
shrinkage=0.03


Tree=187
num_leaves=7
num_cat=0
split_feature=13 0 16 16 17 0
split_gain=269.631 588.074 318 272.706 252.188 436.636
threshold=-7.7755882352941166 67.500000000000014 -40.499999999999993 -7.4999999999999991 -86.499999999999986 32.500000000000007
decision_type=10 2 8 8 10 2
left_child=2 -2 -1 -4 5 -5
right_child=1 -3 3 4 -6 -7
leaf_value=-0.13751259827613829 0.17888666045665741 -0.035553581961270037 0.052383944378234445 0.056055511474609375 0.013232807001851974 -0.073330799481868741
leaf_weight=14.999999999999998 14.999999999999998 24 43 25 89 120
leaf_count=15 15 24 43 25 89 120
internal_value=-0.0116963 0.0578791 -0.0218068 -0.0132141 -0.0261121 -0.0498979
internal_weight=331 39 292 277 234 145
internal_count=331 39 292 277 234 145
is_linear=0
shrinkage=0.03


Tree=188
num_leaves=7
num_cat=0
split_feature=0 1 15 22 17 1
split_gain=592.392 566.28 452.86 410.21 366.154 520.133
threshold=67.500000000000014 7.5000000000000009 10.500000000000002 -65.499999999999986 -14.499999999999998 1.0000000180025095e-35
decision_type=2 10 8 10 8 10
left_child=1 -1 -3 -2 -5 -6
right_child=3 2 -4 4 5 -7
leaf_value=-0.0079005743967635288 -0.15551607396867539 -0.044185333762850082 0.1207665306813008 0.092092546565192085 0.047088275822726164 -0.10823740835487843
leaf_weight=135 22 15.999999999999998 69 15.999999999999998 28 45
leaf_count=135 22 16 69 16 28 45
internal_value=0.00232084 0.0306789 0.088987 -0.052784 -0.0204682 -0.049461
internal_weight=331 220 85 111 89 73
internal_count=331 220 85 111 89 73
is_linear=0
shrinkage=0.03


Tree=189
num_leaves=7
num_cat=0
split_feature=0 2 2 22 22 22
split_gain=550.032 768.554 1408.21 712.836 528.81 417.73
threshold=62.500000000000007 14.15 19.450000000000003 19.040849673202619 -8.7083333333333304 -5.5276377217553678
decision_type=2 2 2 10 10 10
left_child=3 -2 -3 5 -4 -1
right_child=1 2 4 -5 -6 -7
leaf_value=0.038942856617710166 -0.17901820757809808 0.065072682189269801 -0.26890714412927624 0.15512139381420229 -0.02422722494602203 -0.05295359611322608
leaf_weight=97 29 66 15.000000000000002 26 14.999999999999998 74
leaf_count=97 29 66 15 26 15 74
internal_value=-0.00835335 -0.056378 -0.0123022 0.0227604 -0.167505 -0.00119979
internal_weight=322 125 96 197 30 171
internal_count=322 125 96 197 30 171
is_linear=0
shrinkage=0.03


Tree=190
num_leaves=7
num_cat=0
split_feature=22 2 1 2 17 0
split_gain=440.438 603.062 454.15 423.223 389.149 680.347
threshold=34.500000000000007 18.000000000000004 22.500000000000004 14.250000000000002 -35.499999999999993 97.500000000000014
decision_type=8 2 10 2 8 2
left_child=2 3 4 -2 -1 -6
right_child=1 -3 -4 -5 5 -7
leaf_value=0.11601084755814593 0.030266205435213838 -0.063897796511650076 -0.13135761208004421 0.24072296369075774 0.0019193228409957078 -0.17639105183737619
leaf_weight=18 18 14.999999999999998 22 14.999999999999998 231 15.999999999999998
leaf_count=18 18 15 22 15 231 16
internal_value=0.000302847 0.0798609 -0.0141427 0.145015 -0.00215927 -0.0129018
internal_weight=335 48 287 33 265 247
internal_count=335 48 287 33 265 247
is_linear=0
shrinkage=0.03


Tree=191
num_leaves=7
num_cat=0
split_feature=22 1 17 0 21 0
split_gain=444.73 625.343 541.75 616.804 883.391 445.167
threshold=36.500000000000007 22.500000000000004 -35.499999999999993 62.500000000000007 -16.063526570048307 47.500000000000007
decision_type=8 10 8 2 10 2
left_child=1 2 -1 -4 -5 -2
right_child=5 -3 3 4 -6 -7
leaf_value=0.13855769044160843 -0.020225926756858824 -0.17891703941605308 0.010453043153180795 -0.14898939546375048 0.04887770131230354 0.14900432788092513
leaf_weight=14.999999999999998 25 17 165 58 27 24
leaf_count=15 25 17 165 58 27 24
internal_value=-0.0104045 -0.0251228 -0.0121262 -0.0237068 -0.0869138 0.0687842
internal_weight=331 282 265 250 85 49
internal_count=331 282 265 250 85 49
is_linear=0
shrinkage=0.03


Tree=192
num_leaves=7
num_cat=0
split_feature=13 20 17 0 1 0
split_gain=284.477 455.012 314.998 617.964 503.968 419.919
threshold=-7.7755882352941166 -24.999999999999996 -10.499999999999998 87.500000000000014 12.500000000000002 32.500000000000007
decision_type=10 10 8 2 10 2
left_child=2 -2 -1 4 5 -4
right_child=1 -3 3 -5 -6 -7
leaf_value=0.065758886230843402 -0.018113122144166161 0.1487093078664371 0.075583137815648863 -0.13473825225704594 0.094733316290837075 -0.041766509348964864
leaf_weight=37 29 23 28 33 34 165
leaf_count=37 29 23 28 33 34 165
internal_value=0.000786357 0.0622459 -0.0108266 -0.0227604 -0.00392872 -0.0232629
internal_weight=349 52 297 260 227 193
internal_count=349 52 297 260 227 193
is_linear=0
shrinkage=0.03


Tree=193
num_leaves=7
num_cat=0
split_feature=20 1 16 16 1 2
split_gain=263.12 367.307 199.554 368.7 152.917 146.035
threshold=-3.4999999999999996 22.500000000000004 -9.4999999999999982 -18.499999999999996 7.5000000000000009 18.950000000000003
decision_type=10 10 8 10 10 2
left_child=1 2 3 4 -1 -4
right_child=-2 -3 5 -5 -6 -7
leaf_value=0.040359713832537329 0.070648983464791232 -0.12475890278816222 -0.0016772970782136017 0.13421477279663085 -0.062783575710654266 -0.059070431689421339
leaf_weight=22 34 19 154 20 20 49
leaf_count=22 34 19 154 20 20 49
internal_value=-0.0025384 -0.012371 -0.00215186 0.0429178 -0.0102102 -0.0166178
internal_weight=318 284 265 62 42 203
internal_count=318 284 265 62 42 203
is_linear=0
shrinkage=0.03


Tree=194
num_leaves=7
num_cat=0
split_feature=20 4 22 0 22 13
split_gain=408.208 284.349 387.638 498.828 374.29 318.934
threshold=-27.499999999999996 0.25000000000000011 5.7750980392156883 32.500000000000007 22.500000000000004 -10.927450980392157
decision_type=8 2 10 2 10 10
left_child=-1 2 3 -2 -4 -5
right_child=1 -3 4 5 -6 -7
leaf_value=-0.11789924445748329 0.16686489307880401 0.06709417344133059 -0.11928442100945272 -0.012326139922746841 0.036250312849879264 0.095792024767026307
leaf_weight=14.999999999999998 14.999999999999998 85 33 131 19 25
leaf_count=15 15 85 33 131 19 25
internal_value=0.0138792 0.0220779 0.00382414 0.0257654 -0.0642597 0.0074373
internal_weight=323 308 223 171 52 156
internal_count=323 308 223 171 52 156
is_linear=0
shrinkage=0.03


Tree=195
num_leaves=7
num_cat=0
split_feature=0 4 0 2 2 22
split_gain=410.276 804.031 826.374 606.314 760.695 505.043
threshold=117.50000000000001 0.25000000000000011 57.500000000000007 14.250000000000002 9.4500000000000011 11.628267973856209
decision_type=2 2 2 2 2 8
left_child=1 3 -3 4 -1 -6
right_child=-2 2 -4 -5 5 -7
leaf_value=0.075626607718675035 -0.13772359728813172 -0.017529575123506433 0.15963390509498881 0.010323344177719372 -0.071277687115513758 -0.24057507905960085
leaf_weight=18 17 46 42 129 64 20
leaf_count=18 17 46 42 129 64 20
internal_value=-0.0124074 -0.00370683 0.0710622 -0.0330924 -0.0859171 -0.122837
internal_weight=336 319 88 231 102 84
internal_count=336 319 88 231 102 84
is_linear=0
shrinkage=0.03


Tree=196
num_leaves=7
num_cat=0
split_feature=0 3 0 20 4 22
split_gain=326.384 753.622 962.563 652.2 551.88 541.4
threshold=117.50000000000001 1.0000000180025095e-35 67.500000000000014 -13.499999999999998 -0.6830127018922193 14.500000000000002
decision_type=2 2 2 10 2 8
left_child=1 2 5 4 -3 -1
right_child=-2 3 -4 -5 -6 -7
leaf_value=-0.0084854474961757655 -0.11404462015628815 -0.12802058466170962 0.24357197642326353 0.078977527216423385 -0.011445970919999209 0.14751588659790846
leaf_weight=85 14.999999999999998 52 18 38 105 21
leaf_count=85 15 52 18 38 105 21
internal_value=0.00363655 0.0108447 0.0672394 -0.025801 -0.0528162 0.0276732
internal_weight=334 319 124 195 157 106
internal_count=334 319 124 195 157 106
is_linear=0
shrinkage=0.03


Tree=197
num_leaves=7
num_cat=0
split_feature=1 13 16 6 1 15
split_gain=552.599 398.331 366.874 281.646 398.411 259.755
threshold=22.500000000000004 -7.7755882352941166 7.5000000000000009 inf -12.499999999999998 -8.9999999999999982
decision_type=10 10 8 8 10 8
left_child=1 3 -3 5 -5 -1
right_child=-2 2 -4 4 -6 -7
leaf_value=0.036563055098056789 -0.14333054283390873 0.16492200968357235 -0.0048170141100883487 -0.090087755586092291 0.037373910263082052 -0.068153750269806815
leaf_weight=25 18 21 20 21 146 79
leaf_count=25 18 21 20 21 146 79
internal_value=-0.0013609 0.00896121 0.0905988 -0.00480741 0.0191929 -0.0424589
internal_weight=330 312 41 271 167 104
internal_count=330 312 41 271 167 104
is_linear=0
shrinkage=0.03


Tree=198
num_leaves=7
num_cat=0
split_feature=20 16 22 22 1 5
split_gain=285.901 301.673 537.989 536.607 387.306 349.22
threshold=16.500000000000004 -1.4999999999999998 21.046732026143797 4.8387254901960786 7.5000000000000009 1.0000000180025095e-35
decision_type=8 8 8 10 10 2
left_child=-1 -2 3 4 5 -3
right_child=1 2 -4 -5 -6 -7
leaf_value=-0.031935654822736977 0.079381182860760457 0.15399159228801726 0.060209897787539983 -0.13371266752481459 -0.098130731463432305 -0.013268240443591412
leaf_weight=127 58 14.999999999999998 72 33 14.999999999999998 24
leaf_count=127 58 15 72 33 15 24
internal_value=0.00307458 0.0238222 0.00175316 -0.0472679 0.0124142 0.0612512
internal_weight=344 217 159 87 54 39
internal_count=344 217 159 87 54 39
is_linear=0
shrinkage=0.03


Tree=199
num_leaves=7
num_cat=0
split_feature=22 2 17 0 17 19
split_gain=390.987 475.314 470.82 357.779 409.63 398.937
threshold=-65.499999999999986 16.650000000000002 -7.4999999999999991 97.500000000000014 8.5000000000000018 -1.0000000180025095e-35
decision_type=10 2 8 2 8 8
left_child=1 -1 -2 4 -4 -6
right_child=2 -3 3 -5 5 -7
leaf_value=0.024418633626057552 0.12984137794067119 -0.16088755634095933 -0.11840164875984192 -0.11360397788611325 -0.067189891652057035 0.03886246584034992
leaf_weight=21 24 22 14.999999999999998 17 33 204
leaf_count=21 24 22 15 17 33 204
internal_value=0.00222299 -0.0772725 0.0149903 0.00256102 0.0124553 0.0230126
internal_weight=336 43 293 269 252 237
internal_count=336 43 293 269 252 237
is_linear=0
shrinkage=0.03


Tree=200
num_leaves=7
num_cat=0
split_feature=2 1 22 22 22 5
split_gain=259.211 395.559 544.575 343.448 348.08 348.26
threshold=7.9500000000000011 7.5000000000000009 44.500000000000007 -33.399999999999991 25.698856209150328 0.6830127018922193
decision_type=2 10 8 10 10 2
left_child=-1 -2 3 -3 5 -5
right_child=1 2 -4 4 -6 -7
leaf_value=-0.11669088166952132 -0.033624265179595839 -0.10149931514805012 0.16659274795781009 0.083987430472346677 -0.086131433129310611 -0.053180604366504625
leaf_weight=14.999999999999998 182 17 18 66 14.999999999999998 18
leaf_count=15 182 17 18 66 15 18
internal_value=-0.0119214 -0.00520799 0.0332084 0.00648215 0.0290127 0.0532579
internal_weight=331 316 134 116 99 84
internal_count=331 316 134 116 99 84
is_linear=0
shrinkage=0.03


Tree=201
num_leaves=7
num_cat=0
split_feature=0 1 15 1 6 5
split_gain=407.612 446.973 237.585 402.885 474.609 570.101
threshold=97.500000000000014 1.0000000180025095e-35 -8.9999999999999982 1.0000000180025095e-35 1.0000000180025095e-35 -0.9330127018922193
decision_type=2 10 10 10 10 2
left_child=2 -2 3 -1 5 -5
right_child=1 -3 -4 4 -6 -7
leaf_value=-0.015755414059933495 0.046421453118324275 -0.13910634799437091 -0.056432064516203743 -0.057320750802755352 -0.042674223156645888 0.10887758123954491
leaf_weight=114 14.999999999999998 28 30 19 31 107
leaf_count=114 15 28 30 19 31 107
internal_value=0.00507227 -0.0762933 0.0177526 0.0268385 0.0572983 0.0825847
internal_weight=344 43 301 271 157 126
internal_count=344 43 301 271 157 126
is_linear=0
shrinkage=0.03


Tree=202
num_leaves=7
num_cat=0
split_feature=2 2 4 11 1 22
split_gain=282.922 456.157 675.193 549.125 572.473 977.184
threshold=20.550000000000004 13.350000000000003 -0.25000000000000028 20.500000000000004 -12.499999999999998 -51.749999999999993
decision_type=2 2 2 8 10 8
left_child=1 2 -1 -3 -5 -6
right_child=-2 3 -4 4 5 -7
leaf_value=-0.10463602274048084 -0.059091180797952864 -0.038651488808005348 0.038374095519906594 -0.051385836446285242 -0.090384972095489499 0.14689787529381268
leaf_weight=44 34 38 71 20 14.999999999999998 96
leaf_count=44 34 38 71 20 15 96
internal_value=0.0172354 0.0272373 -0.0184228 0.0579444 0.0863554 0.112319
internal_weight=318 284 115 169 131 111
internal_count=318 284 115 169 131 111
is_linear=0
shrinkage=0.03


Tree=203
num_leaves=7
num_cat=0
split_feature=2 0 2 11 17 16
split_gain=344.654 825.38 735.277 1153.37 601.946 969.75
threshold=13.850000000000003 72.500000000000014 16.850000000000005 20.500000000000004 -23.499999999999996 4.5000000000000009
decision_type=2 2 2 8 10 8
left_child=1 -1 3 -2 5 -5
right_child=2 -3 -4 4 -6 -7
leaf_value=-0.0038317874225322155 -0.11522265189886093 -0.19632817506790159 -0.022740077424794437 0.01168393013732774 0.0052252431958913796 0.30152845781296489
leaf_weight=123 14.999999999999998 19 115 15.999999999999998 19 27
leaf_count=123 15 19 115 16 19 27
internal_value=-0.000636957 -0.0353901 0.0253118 0.0940881 0.149547 0.206131
internal_weight=334 142 192 77 62 43
internal_count=334 142 192 77 62 43
is_linear=0
shrinkage=0.03


Tree=204
num_leaves=7
num_cat=0
split_feature=16 13 2 2 5 22
split_gain=309.833 505.826 304.22 1031.52 761.878 685.284
threshold=7.5000000000000009 -1.0333333333333312 17.350000000000005 14.850000000000003 -0.5 4.055882352941178
decision_type=10 10 2 2 2 8
left_child=2 -2 3 4 5 -1
right_child=1 -3 -4 -5 -6 -7
leaf_value=-0.024592999151119819 -0.14388261163607238 0.045184356544328771 -0.02980742029247007 0.15268861155956984 -0.052703333605940518 0.20492726370692252
leaf_weight=21 27 18 107 43 99 19
leaf_count=21 27 18 107 43 99 19
internal_value=-0.00229113 -0.0713001 0.00948405 0.0327633 -0.00834938 0.0950853
internal_weight=334 45 289 182 139 40
internal_count=334 45 289 182 139 40
is_linear=0
shrinkage=0.03


Tree=205
num_leaves=7
num_cat=0
split_feature=22 17 2 2 1 17
split_gain=364.779 383.739 305.77 546.369 485.846 1046.52
threshold=-33.399999999999991 -86.499999999999986 13.350000000000003 12.050000000000002 1.0000000180025095e-35 -7.4999999999999991
decision_type=8 10 2 2 10 10
left_child=1 -1 3 -2 -4 -6
right_child=2 -3 4 -5 5 -7
leaf_value=-0.14883219806334147 0.025231094424213681 0.025382590242054151 -0.0067654570841311828 -0.1065198552331259 0.14380204255878923 -0.069814950615167612
leaf_weight=21 79 18 98 38 70 25
leaf_count=21 79 18 98 38 70 25
internal_value=0.00634769 -0.0746781 0.0175648 -0.0201717 0.040373 0.086907
internal_weight=349 39 310 117 193 95
internal_count=349 39 310 117 193 95
is_linear=0
shrinkage=0.03


Tree=206
num_leaves=7
num_cat=0
split_feature=22 16 13 19 2 1
split_gain=556.108 422 559.506 386.326 360.24 317.665
threshold=-19.833333333333332 -1.4999999999999998 -1.0333333333333312 1.0000000180025095e-35 14.250000000000002 -12.499999999999998
decision_type=8 10 10 8 2 10
left_child=-1 3 4 -2 -3 -5
right_child=1 2 -4 5 -6 -7
leaf_value=-0.075362990608527539 -0.066956028591554903 -0.14924604662827082 0.078051287852800813 -0.046401548337936402 0.012652099573093913 0.071180973004204506
leaf_weight=58 21 30 21 20 18 169
leaf_count=58 21 30 21 20 18 169
internal_value=0.00536095 0.0231736 -0.0392335 0.0441144 -0.0930682 0.0578631
internal_weight=337 279 69 210 48 189
internal_count=337 279 69 210 48 189
is_linear=0
shrinkage=0.03


Tree=207
num_leaves=7
num_cat=0
split_feature=2 2 16 16 2 2
split_gain=329.574 344.931 592.58 458.623 538.076 832.335
threshold=8.7000000000000011 11.15 40.000000000000007 -1.4999999999999998 14.15 16.850000000000005
decision_type=2 2 8 8 2 2
left_child=-1 2 -2 -3 -5 -6
right_child=1 3 -4 4 5 -7
leaf_value=-0.10276088146062996 -0.055597796006636183 0.051880009849172307 0.14600199894325153 -0.10995674022074256 0.094732571885226963 -0.056750999845783495
leaf_weight=21 17 80 32 51 48 80
leaf_count=21 17 80 32 51 48 80
internal_value=-0.000130676 0.0083966 0.0773875 -0.00587419 -0.0323945 0.00148114
internal_weight=329 308 49 259 179 128
internal_count=329 308 49 259 179 128
is_linear=0
shrinkage=0.03


Tree=208
num_leaves=7
num_cat=0
split_feature=22 15 20 22 0 20
split_gain=646.939 338.219 420.396 372.493 368.477 359.987
threshold=-55.499999999999993 -8.9999999999999982 4.5000000000000009 4.5428104575163379 67.500000000000014 -27.499999999999996
decision_type=8 10 10 10 2 8
left_child=-1 2 3 5 -5 -2
right_child=1 -3 -4 4 -6 -7
leaf_value=-0.16078063237667081 -0.081602565090764648 -0.075031551823896508 0.15141214793378655 0.01745415322644555 -0.11228696654240289 0.047708658408664631
leaf_weight=14.999999999999998 17 29 17 41 31 187
leaf_count=15 17 29 17 41 31 187
internal_value=0.00494078 0.0150011 0.0250216 0.014681 -0.0420706 0.0352383
internal_weight=337 322 293 276 72 204
internal_count=337 322 293 276 72 204
is_linear=0
shrinkage=0.03


Tree=209
num_leaves=7
num_cat=0
split_feature=2 22 2 4 17 1
split_gain=380.774 594.327 450.731 626.009 528.004 472.755
threshold=18.250000000000004 -41.334278431372539 13.350000000000003 -0.25000000000000028 -75.499999999999986 1.0000000180025095e-35
decision_type=2 10 2 2 10 10
left_child=2 -2 -1 5 -5 -4
right_child=1 -3 3 4 -6 -7
leaf_value=-0.023114832182263217 -0.16306416881084443 -0.0007677470114739502 0.010106961727142334 -0.062535783751652779 0.092357650534249838 0.18491871461635681
leaf_weight=124 25 63 22 47 27 36
leaf_count=124 25 63 22 47 27 36
internal_value=-0.00105389 -0.0531627 0.0175338 0.0551689 -0.0037521 0.124675
internal_weight=344 88 256 132 74 58
internal_count=344 88 256 132 74 58
is_linear=0
shrinkage=0.03


Tree=210
num_leaves=7
num_cat=0
split_feature=17 4 20 2 2 16
split_gain=190.332 435.335 236.189 227.688 587.651 938.497
threshold=-7.4999999999999991 1.0000000180025095e-35 1.0000000180025095e-35 11.15 14.15 4.5000000000000009
decision_type=8 2 10 2 2 8
left_child=1 -1 3 -2 5 -5
right_child=2 -3 -4 4 -6 -7
leaf_value=0.15747180845056261 0.040004486024379733 -0.037990368807857687 0.073718387782573697 0.01894600576016961 0.0085259231182521784 -0.18417620905240378
leaf_weight=15.999999999999998 50 17 25 36 140 40
leaf_count=16 50 17 25 36 140 40
internal_value=0.00184813 0.0650295 -0.00629421 -0.0150356 -0.0283931 -0.0927302
internal_weight=324 33 291 266 216 76
internal_count=324 33 291 266 216 76
is_linear=0
shrinkage=0.03


Tree=211
num_leaves=7
num_cat=0
split_feature=0 17 0 5 3 1
split_gain=446.729 354.787 563.692 274.813 210.617 505.726
threshold=117.50000000000001 4.5000000000000009 97.500000000000014 1.0000000180025095e-35 1.0000000180025095e-35 7.5000000000000009
decision_type=2 8 2 2 2 10
left_child=1 3 4 -1 5 -3
right_child=-2 2 -4 -5 -6 -7
leaf_value=0.14784469892238747 -0.12809410061155047 -0.019688244408794811 -0.13401340470314027 -0.0078415414094924925 -0.0074891125976752774 0.10872258362017179
leaf_weight=24 15.999999999999998 51 20 14.999999999999998 151 52
leaf_count=24 16 51 20 15 151 52
internal_value=0.00603802 0.0148009 0.00206455 0.0938788 0.0151596 0.0471726
internal_weight=329 313 274 39 254 103
internal_count=329 313 274 39 254 103
is_linear=0
shrinkage=0.03


Tree=212
num_leaves=7
num_cat=0
split_feature=2 3 20 2 22 22
split_gain=472.088 602.673 784.36 597.15 845.653 650.831
threshold=17.100000000000005 1.0000000180025095e-35 16.500000000000004 14.250000000000002 -22.499999999999996 4.8387254901960786
decision_type=2 2 8 2 10 10
left_child=1 2 -1 4 -3 -5
right_child=-2 3 -4 5 -6 -7
leaf_value=0.00020173908397555349 -0.041295515798916251 -0.21649972729060959 0.15769962348170199 0.15737016409635543 -0.0023476323531224177 -0.064813378027507237
leaf_weight=55 113 18 54 25 60 15.999999999999998
leaf_count=55 113 18 54 25 60 16
internal_value=0.00772094 0.032379 0.0817227 -0.0142909 -0.0618324 0.073044
internal_weight=341 228 109 119 78 41
internal_count=341 228 109 119 78 41
is_linear=0
shrinkage=0.03


Tree=213
num_leaves=7
num_cat=0
split_feature=2 17 5 0 5 5
split_gain=235.605 389.077 850.323 343.377 558.456 340.191
threshold=8.7000000000000011 -70.499999999999986 -0.9330127018922193 87.500000000000014 1.0000000180025095e-35 1.0000000180025095e-35
decision_type=2 10 2 2 2 2
left_child=-1 3 -3 -2 -5 -4
right_child=1 2 5 4 -6 -7
leaf_value=-0.084105906058912688 0.012961286809474516 -0.089127975054409198 0.18608105990129548 -0.16188583099416323 0.045584303465756502 0.032716934927578628
leaf_weight=18 203 18 32 23 17 24
leaf_count=18 203 18 32 23 17 24
internal_value=0.00886885 0.0153722 0.0732133 -0.00336291 -0.0784433 0.128423
internal_weight=335 317 74 243 40 56
internal_count=335 317 74 243 40 56
is_linear=0
shrinkage=0.03


Tree=214
num_leaves=7
num_cat=0
split_feature=16 2 22 2 5 2
split_gain=302.254 504.859 805.624 552.358 641.622 401.678
threshold=-1.4999999999999998 17.100000000000005 -85.999999999999986 16.050000000000004 -0.5 14.250000000000002
decision_type=10 2 10 2 2 2
left_child=1 3 -3 4 5 -1
right_child=-2 2 -4 -5 -6 -7
leaf_value=0.15969295561215596 -0.057287016576954293 -0.20045936562798239 0.0025990822844956392 0.18508958975022488 -0.02137254537109818 -0.01235209123654799
leaf_weight=33 65 17 87 17 100 17
leaf_count=33 65 17 87 17 100 17
internal_value=-0.00163238 0.0125125 -0.038266 0.0443281 0.0229192 0.105392
internal_weight=336 271 104 167 150 50
internal_count=336 271 104 167 150 50
is_linear=0
shrinkage=0.03


Tree=215
num_leaves=7
num_cat=0
split_feature=0 2 2 16 16 22
split_gain=806.657 484.831 547.28 619.779 417.55 454.652
threshold=67.500000000000014 14.15 16.850000000000005 -14.499999999999998 -1.4999999999999998 4.055882352941178
decision_type=2 2 2 8 10 10
left_child=4 -2 -3 -4 5 -1
right_child=1 2 3 -5 -6 -7
leaf_value=0.023101253230955191 -0.1719903503358364 0.06668901722220813 0.059496710950678044 -0.13750451182832524 -0.047703096737202841 0.14869449818506836
leaf_weight=152 27 29 17 44 52 27
leaf_count=152 27 29 17 44 52 27
internal_value=-0.00849579 -0.0710251 -0.0332775 -0.0822544 0.0240087 0.0455713
internal_weight=348 117 90 61 231 179
internal_count=348 117 90 61 231 179
is_linear=0
shrinkage=0.03


Tree=216
num_leaves=7
num_cat=0
split_feature=17 22 16 1 22 22
split_gain=325.246 266.682 324.751 315.704 349.923 333.925
threshold=-23.499999999999996 -33.399999999999991 -4.4999999999999991 12.500000000000002 -13.58333333333333 9.5000000000000018
decision_type=8 8 8 10 10 8
left_child=-1 -2 -3 4 -4 -5
right_child=1 2 3 5 -6 -7
leaf_value=0.090530150830745698 -0.11362255238673903 0.058742546996037509 -0.1099169394120257 -0.049742573547363278 -0.014950441522711275 0.091769165016710758
leaf_weight=25 17 53 42 20 144 35
leaf_count=25 17 53 42 20 144 35
internal_value=-0.0039391 -0.0128454 -0.00521552 -0.0201891 -0.0387105 0.0404534
internal_weight=336 311 294 241 186 55
internal_count=336 311 294 241 186 55
is_linear=0
shrinkage=0.03


Tree=217
num_leaves=7
num_cat=0
split_feature=22 0 16 0 2 17
split_gain=499.352 605.558 556.873 440.362 370.656 513.019
threshold=-19.833333333333332 107.50000000000001 -4.4999999999999991 77.500000000000014 8.2000000000000011 -14.499999999999998
decision_type=10 2 8 2 2 10
left_child=1 -1 -2 4 -4 -6
right_child=2 -3 3 -5 5 -7
leaf_value=-0.098505074035908496 0.10401851234436035 0.084893674169267921 -0.10785636623203754 -0.097180679440498352 -0.0055482529311186883 0.11723305820119241
leaf_weight=79 45 15.999999999999998 14.999999999999998 35 105 38
leaf_count=79 45 16 15 35 105 38
internal_value=-0.00859282 -0.0649166 0.0147625 -0.0081497 0.0139484 0.0299373
internal_weight=333 95 238 193 158 143
internal_count=333 95 238 193 158 143
is_linear=0
shrinkage=0.03


Tree=218
num_leaves=7
num_cat=0
split_feature=0 5 17 3 11 1
split_gain=478.995 361.689 447.442 913.449 1183.35 485.363
threshold=32.500000000000007 -0.5 -1.0000000180025095e-35 1.0000000180025095e-35 17.500000000000004 7.5000000000000009
decision_type=2 2 8 2 8 10
left_child=-1 2 -2 4 -4 -5
right_child=1 -3 3 5 -6 -7
leaf_value=0.11023416519165039 -0.077461550344120375 -0.043531401184367227 -0.014546323120594024 0.053112962327152492 0.32727552938461296 -0.089186097444280202
leaf_weight=25 28 173 15.999999999999998 45 15.000000000000002 33
leaf_count=25 28 173 16 45 15 33
internal_value=-0.00438583 -0.0152324 0.0207773 0.0483036 0.173334 -0.00883643
internal_weight=335 310 137 109 31 78
internal_count=335 310 137 109 31 78
is_linear=0
shrinkage=0.03


Tree=219
num_leaves=7
num_cat=0
split_feature=22 17 0 17 0 18
split_gain=315.449 415.575 544.102 263.351 376.428 230.501
threshold=-85.999999999999986 -7.4999999999999991 92.500000000000014 36.500000000000007 47.500000000000007 11.500000000000002
decision_type=10 8 2 8 2 8
left_child=-1 -2 3 4 -3 -5
right_child=1 2 -4 5 -6 -7
leaf_value=-0.076438809002554689 0.10462735584458789 -0.15154879599809645 -0.12103426787161058 -0.059427475917797817 0.02099389738756521 0.03645866481558338
leaf_weight=38 32 14.999999999999998 26 21 24 188
leaf_count=38 32 15 26 21 24 188
internal_value=-0.000282131 0.0102521 -0.00244734 0.0121314 -0.0550489 0.0256608
internal_weight=344 306 274 248 39 209
internal_count=344 306 274 248 39 209
is_linear=0
shrinkage=0.03


Tree=220
num_leaves=7
num_cat=0
split_feature=22 2 4 2 11 16
split_gain=402.807 356.641 714.584 767.259 766.155 754.286
threshold=-62.499999999999993 8.2000000000000011 0.25000000000000011 14.850000000000003 20.500000000000004 3.5000000000000004
decision_type=8 2 2 2 8 10
left_child=-1 -2 3 -3 -4 -6
right_child=1 2 4 -5 5 -7
leaf_value=-0.12668560490012168 -0.10822060252938952 -0.063424853034890608 -0.043899797111749649 0.04370430076179365 0.21157317266678033 -0.0043899017131815736
leaf_weight=14.999999999999998 15.999999999999998 112 25 119 41 21
leaf_count=15 16 112 25 119 41 21
internal_value=0.00421897 0.0118797 0.0195042 -0.0084804 0.0902308 0.143556
internal_weight=349 334 318 231 87 62
internal_count=349 334 318 231 87 62
is_linear=0
shrinkage=0.03


Tree=221
num_leaves=7
num_cat=0
split_feature=13 16 2 5 6 17
split_gain=333.993 511.469 541.76 653.92 534.428 480.333
threshold=-7.7755882352941166 -4.4999999999999991 17.100000000000005 -0.68301270189221952 inf -7.4999999999999991
decision_type=10 10 2 2 8 8
left_child=1 2 4 5 -1 -4
right_child=-2 -3 3 -5 -6 -7
leaf_value=-0.006667512541171163 0.095107131609891316 -0.066892502052651251 -0.22775004994869233 0.026650963566482881 0.10798816576520813 -0.0023722842335700983
leaf_weight=59 42 59 14.999999999999998 68 89 15.000000000000002
leaf_count=59 42 59 15 68 89 15
internal_value=0.0206141 0.00898748 0.0281563 -0.0257954 0.0635566 -0.131498
internal_weight=347 305 246 98 148 30
internal_count=347 305 246 98 148 30
is_linear=0
shrinkage=0.03


Tree=222
num_leaves=7
num_cat=0
split_feature=0 22 16 5 4 22
split_gain=669.23 387.435 619.74 394.26 346.795 379.199
threshold=67.500000000000014 33.500000000000007 10.500000000000002 -0.5 0.25000000000000011 19.040849673202619
decision_type=2 8 8 2 2 8
left_child=4 2 -2 -4 5 -1
right_child=1 -3 3 -5 -6 -7
leaf_value=0.026446387725308128 0.0074302967637777323 0.067114328742027274 -0.19368143345628466 -0.031119545868464878 -0.031003655554807705 0.14095189166339958
leaf_weight=141 43 14.999999999999998 37 23 64 28
leaf_count=141 43 15 37 23 64 28
internal_value=-0.00262274 -0.0594067 -0.0800862 -0.138553 0.0267787 0.0489229
internal_weight=351 118 103 60 233 169
internal_count=351 118 103 60 233 169
is_linear=0
shrinkage=0.03


Tree=223
num_leaves=7
num_cat=0
split_feature=22 4 15 20 22 22
split_gain=265.65 337.843 263.696 337.455 349.87 392.968
threshold=-65.499999999999986 0.25000000000000011 -8.9999999999999982 4.5000000000000009 4.5428104575163379 29.000000000000004
decision_type=10 2 10 10 10 10
left_child=1 -1 3 4 -2 -6
right_child=2 -3 -4 -5 5 -7
leaf_value=0.0082990627668120646 0.036664331209987903 -0.14549719473590023 -0.063729946987969521 0.14274933332204817 -0.083221986799754871 0.063886677213013165
leaf_weight=28 172 18 30 14.999999999999998 50 19
leaf_count=28 172 18 30 15 50 19
internal_value=0.00296003 -0.0602464 0.0139866 0.0241404 0.0140067 -0.0411342
internal_weight=332 46 286 256 241 69
internal_count=332 46 286 256 241 69
is_linear=0
shrinkage=0.03


Tree=224
num_leaves=7
num_cat=0
split_feature=0 13 16 0 2 1
split_gain=312.229 384.603 407.524 436.853 751.244 654.492
threshold=32.500000000000007 -7.7755882352941166 -6.4999999999999991 62.500000000000007 8.7000000000000011 -1.0000000180025095e-35
decision_type=2 10 10 2 2 10
left_child=-1 2 3 4 -2 -6
right_child=1 -3 -4 -5 5 -7
leaf_value=0.090896522216498854 -0.12853329224245891 0.067204038805256661 -0.092341513423056423 -0.048590561530806806 -0.070441346579790107 0.10856409125305987
leaf_weight=27 15.999999999999998 47 53 94 20 76
leaf_count=27 16 47 53 94 20 76
internal_value=0.00168782 -0.00751834 -0.022094 -0.0022607 0.0370381 0.0696303
internal_weight=333 306 259 206 112 96
internal_count=333 306 259 206 112 96
is_linear=0
shrinkage=0.03


Tree=225
num_leaves=7
num_cat=0
split_feature=0 22 22 12 13 16
split_gain=521.089 555.703 249.957 289.771 223.561 222.185
threshold=42.500000000000007 -3.9780252100840325 -65.499999999999986 12.600000000000003 -7.7755882352941166 2.5000000000000004
decision_type=2 10 10 10 10 10
left_child=1 -1 -2 4 -4 -3
right_child=2 5 3 -5 -6 -7
leaf_value=0.12971570347746214 -0.088557650337093757 -0.05020704599527212 -0.0059703421281142666 -0.11284064000844955 0.087210697531700132 0.06177527192566129
leaf_weight=49 33 34 160 14.999999999999998 22 22
leaf_count=49 33 34 160 15 22 22
internal_value=0.00724142 0.061041 -0.0180954 -0.00439223 0.00732397 -0.00475643
internal_weight=335 105 230 197 182 56
internal_count=335 105 230 197 182 56
is_linear=0
shrinkage=0.03


Tree=226
num_leaves=7
num_cat=0
split_feature=2 22 0 0 17 0
split_gain=347.132 610.896 704.192 594.79 488.857 449.931
threshold=18.950000000000003 44.500000000000007 107.50000000000001 52.500000000000007 4.5000000000000009 62.500000000000007
decision_type=2 8 2 2 8 2
left_child=1 2 4 -3 -1 -2
right_child=5 3 -4 -5 -6 -7
leaf_value=0.12151942390948534 0.032355260195270664 -0.008429745465517044 -0.16873324445315768 0.23877674889564515 -0.0051120606070527664 -0.12072377152221146
leaf_weight=27 26 15.000000000000002 15.999999999999998 14.999999999999998 190 38
leaf_count=27 26 15 16 15 190 38
internal_value=-0.000701197 0.0147586 -0.00273793 0.131627 0.013026 -0.0606972
internal_weight=327 263 233 30 217 64
internal_count=327 263 233 30 217 64
is_linear=0
shrinkage=0.03


Tree=227
num_leaves=7
num_cat=0
split_feature=22 1 16 2 0 2
split_gain=377 314.133 417.639 534.016 630.029 603.492
threshold=-55.499999999999993 -12.499999999999998 -3.4999999999999996 20.050000000000004 57.500000000000007 16.050000000000004
decision_type=8 10 10 2 2 2
left_child=-1 -2 3 5 -5 -3
right_child=1 2 -4 4 -6 -7
leaf_value=-0.12569525751471519 -0.086319549679756163 0.023805458600754323 -0.036182872948285781 0.049052184176445003 -0.17705550381115506 0.14241768297340188
leaf_weight=14.999999999999998 24 133 90 20 15.999999999999998 51
leaf_count=15 24 133 90 20 16 51
internal_value=0.000887394 0.00834231 0.0169248 0.0389719 -0.0607771 0.0595796
internal_weight=349 334 310 220 36 184
internal_count=349 334 310 220 36 184
is_linear=0
shrinkage=0.03


Tree=228
num_leaves=7
num_cat=0
split_feature=22 0 1 22 0 0
split_gain=143.882 419.946 321.212 586.206 250.67 259.01
threshold=-9.9166666666666661 42.500000000000007 7.5000000000000009 -30.886274509803915 92.500000000000014 47.500000000000007
decision_type=10 2 10 8 2 2
left_child=1 -1 -3 -4 5 -2
right_child=4 2 3 -5 -6 -7
leaf_value=0.12512709198326899 -0.035304465954227801 -0.040892847129388857 -0.067398863976651957 0.13801235198493925 -0.10941498740859652 0.036011091765107174
leaf_weight=24 99 71 17 26 18 77
leaf_count=24 99 71 17 26 18 77
internal_value=0.000240764 0.0231919 -0.00262394 0.0582418 -0.0162578 -0.00397102
internal_weight=332 138 114 43 194 176
internal_count=332 138 114 43 194 176
is_linear=0
shrinkage=0.03


Tree=229
num_leaves=7
num_cat=0
split_feature=22 5 20 16 0 6
split_gain=355.09 716.769 354.962 444.239 438.228 205.287
threshold=-65.499999999999986 -0.5 -24.999999999999996 -13.499999999999998 72.500000000000014 inf
decision_type=10 2 8 8 2 8
left_child=1 -1 -2 4 -4 -5
right_child=2 -3 3 5 -6 -7
leaf_value=-0.22436672544479369 -0.10781432105898855 0.012316642653557561 0.00057410570127623423 -0.034422249371185897 0.18395219037309288 0.021220370551117328
leaf_weight=14.999999999999998 20 26 23 115 19 114
leaf_count=15 20 26 23 115 19 114
internal_value=-0.0117964 -0.0892504 0.000439607 0.0102373 0.0942751 -0.00686088
internal_weight=332 41 291 271 42 229
internal_count=332 41 291 271 42 229
is_linear=0
shrinkage=0.03


Tree=230
num_leaves=7
num_cat=0
split_feature=1 16 0 2 2 4
split_gain=302.453 814.648 366.44 304.884 395.675 670.669
threshold=17.500000000000004 -66.999999999999986 102.50000000000001 8.7000000000000011 11.15 -0.25000000000000028
decision_type=8 10 2 2 2 2
left_child=2 -2 3 -1 5 -5
right_child=1 -3 -4 4 -6 -7
leaf_value=-0.099575801022026844 -0.17268931176927355 0.080076948976410281 0.12122236145867242 -0.04066732562106589 -0.003134802635933194 0.18319295904759703
leaf_weight=18 22 15.999999999999998 22 18 209 24
leaf_count=18 22 16 22 18 209 24
internal_value=0.00511426 -0.0693255 0.0158418 0.00516845 0.0144781 0.0931329
internal_weight=329 38 291 269 251 42
internal_count=329 38 291 269 251 42
is_linear=0
shrinkage=0.03


Tree=231
num_leaves=7
num_cat=0
split_feature=22 0 0 0 22 22
split_gain=221.651 315.511 294.376 438.063 594.266 504.969
threshold=-28.249999999999996 102.50000000000001 67.500000000000014 52.500000000000007 -8.4353236151603479 33.500000000000007
decision_type=8 2 2 2 8 8
left_child=-1 2 3 5 -5 -2
right_child=1 -3 -4 4 -6 -7
leaf_value=-0.057144195107703515 0.018370350424528999 0.11728307783603668 -0.054006803348179783 -0.017837622411549091 0.17161476820707319 -0.11954477607176221
leaf_weight=42 131 19 57 25 29 24
leaf_count=42 131 19 57 25 29 24
internal_value=0.00334921 0.0130956 0.00362701 0.0202399 0.0898267 -0.00605269
internal_weight=327 285 266 209 54 155
internal_count=327 285 266 209 54 155
is_linear=0
shrinkage=0.03


Tree=232
num_leaves=7
num_cat=0
split_feature=22 5 4 0 1 2
split_gain=608.545 591.296 353.771 500.499 443.923 410.371
threshold=-71.999999999999986 1.0000000180025095e-35 0.25000000000000011 62.500000000000007 -1.0000000180025095e-35 15.65
decision_type=10 2 2 2 10 2
left_child=1 -1 3 -2 -5 -4
right_child=2 -3 5 4 -6 -7
leaf_value=-0.22100111847574058 0.023551817236601241 -0.0028284206347806112 0.095176483770804621 0.015111232078389117 -0.12350844080631548 -0.057644613601944658
leaf_weight=17 135 23 62 33 47 17
leaf_count=17 135 23 62 33 47 17
internal_value=-0.00703108 -0.109805 0.00855413 -0.0115953 -0.0688025 0.0608172
internal_weight=334 40 294 215 80 79
internal_count=334 40 294 215 80 79
is_linear=0
shrinkage=0.03


Tree=233
num_leaves=7
num_cat=0
split_feature=20 2 2 5 16 17
split_gain=241.054 410.187 938.477 441.056 394.748 444.363
threshold=-13.499999999999998 9.8500000000000032 11.15 0.6830127018922193 -5.4999999999999991 -75.499999999999986
decision_type=10 2 2 2 8 10
left_child=1 -1 -3 4 -4 -6
right_child=-2 2 3 -5 5 -7
leaf_value=-0.17322092831879854 0.016580401233392009 0.13780803925461238 -0.0033049430129891734 0.031064373578131198 -0.15275645808919386 -0.034620206200471904
leaf_weight=14.999999999999998 81 22 54 45 63 56
leaf_count=15 81 22 54 45 63 56
internal_value=-0.0277382 -0.041864 -0.0302866 -0.0499598 -0.0713161 -0.100801
internal_weight=336 255 240 218 173 119
internal_count=336 255 240 218 173 119
is_linear=0
shrinkage=0.03


Tree=234
num_leaves=7
num_cat=0
split_feature=20 3 2 2 3 20
split_gain=242.71 286.744 240.952 574.29 911.393 383.496
threshold=-13.499999999999998 1.0000000180025095e-35 13.350000000000003 16.850000000000005 1.0000000180025095e-35 28.500000000000004
decision_type=8 2 2 2 2 8
left_child=1 -1 5 -4 -5 -2
right_child=2 -3 3 4 -6 -7
leaf_value=-0.0062065992628534631 0.039072526738774482 -0.14538955077528953 0.077245707900755189 -0.19357471937718598 0.017727615213201892 -0.078107433307861129
leaf_weight=31 36 19 84 18 88 63
leaf_count=31 36 19 84 18 88 63
internal_value=-0.0097407 -0.0675052 0.00123124 0.0208786 -0.0252572 -0.0356667
internal_weight=339 50 289 190 106 99
internal_count=339 50 289 190 106 99
is_linear=0
shrinkage=0.03


Tree=235
num_leaves=7
num_cat=0
split_feature=22 0 0 22 1 17
split_gain=550.817 486.068 479.15 470.365 416.469 1233.96
threshold=30.035882352941183 47.500000000000007 107.50000000000001 20.259313725490198 -1.0000000180025095e-35 4.5000000000000009
decision_type=8 2 2 10 10 8
left_child=2 -2 3 4 -1 -6
right_child=1 -3 -4 -5 5 -7
leaf_value=-0.061105574121288329 -0.0075104100353294801 0.16574371224269271 -0.14836656332015991 -0.12444820374393691 0.19746510077606547 -0.0026440183994140515
leaf_weight=54 26 27 17 21 28 173
leaf_count=54 26 27 17 21 28 173
internal_value=0.00288246 0.0874306 -0.0136216 -0.00282978 0.00938648 0.0293481
internal_weight=346 53 293 276 255 201
internal_count=346 53 293 276 255 201
is_linear=0
shrinkage=0.03


Tree=236
num_leaves=7
num_cat=0
split_feature=22 1 17 0 17 5
split_gain=339.2 550.057 435.365 421.381 304.259 439.914
threshold=36.500000000000007 22.500000000000004 -27.499999999999996 52.500000000000007 -7.4999999999999991 -0.5
decision_type=8 10 8 2 10 2
left_child=1 2 -1 -2 -4 -6
right_child=3 -3 4 -5 5 -7
leaf_value=0.11939773510281855 -0.01030049939309397 -0.14454529817104339 0.0063192057812755751 0.15866069761606363 0.01640513012615534 -0.16810068904422223
leaf_weight=21 26 20 193 21 21 19
leaf_count=21 26 20 193 21 21 19
internal_value=0.0028831 -0.0102723 0.00288672 0.0731897 -0.00990202 -0.0801752
internal_weight=321 274 254 47 233 40
internal_count=321 274 254 47 233 40
is_linear=0
shrinkage=0.03


Tree=237
num_leaves=7
num_cat=0
split_feature=22 1 16 5 11 2
split_gain=390.047 365.946 666.587 404.672 356.558 823.878
threshold=-38.499999999999993 -7.4999999999999991 37.500000000000007 -0.9330127018922193 23.500000000000004 13.350000000000003
decision_type=8 10 8 2 8 2
left_child=-1 2 -2 -3 -5 -6
right_child=1 3 -4 4 5 -7
leaf_value=-0.10243628079240973 0.0581902562352744 -0.070286741562187671 -0.16884612891409131 -0.0047927511281772583 -0.017741389699280262 0.13550233902645781
leaf_weight=28 17 35 22 116 55 66
leaf_count=28 17 35 22 116 55 66
internal_value=-0.0043438 0.00596877 -0.074515 0.0186455 0.0329598 0.0679062
internal_weight=339 311 39 272 237 121
internal_count=339 311 39 272 237 121
is_linear=0
shrinkage=0.03


Tree=238
num_leaves=7
num_cat=0
split_feature=22 0 1 0 12 0
split_gain=228.531 364.321 314.205 471.956 279.909 243.476
threshold=inf 47.500000000000007 22.500000000000004 102.50000000000001 4.5500000000000016 62.500000000000007
decision_type=8 2 10 2 10 2
left_child=2 -2 3 4 5 -1
right_child=1 -3 -4 -5 -6 -7
leaf_value=0.012830328733186203 -0.014956744909286494 0.17285989022254944 -0.092827695436202562 0.14642198666282322 0.09043031892180442 -0.054257402513986044
leaf_weight=161 16.000000000000004 14.999999999999998 21 18 25 64
leaf_count=161 16 15 21 18 25 64
internal_value=0.0159885 0.0873085 0.00698357 0.0163615 0.00430974 -0.00701707
internal_weight=320 31 289 268 250 225
internal_count=320 31 289 268 250 225
is_linear=0
shrinkage=0.03


Tree=239
num_leaves=7
num_cat=0
split_feature=22 0 22 0 17 12
split_gain=270.955 474.131 339.356 232.626 194.566 169.297
threshold=21.046732026143797 107.50000000000001 11.628267973856209 67.500000000000014 -10.499999999999998 4.5500000000000016
decision_type=8 2 10 2 8 10
left_child=1 2 4 -2 -1 -6
right_child=3 -3 -4 -5 5 -7
leaf_value=0.07391832756144659 0.073883425834614574 -0.15837960411201821 -0.11289741396903991 -0.033221273340027911 -0.019822690776174726 0.066657819722009737
leaf_weight=23 49 17 22 24 179 18
leaf_count=23 49 17 22 24 179 18
internal_value=-0.0105366 -0.0249133 -0.0125213 0.0387986 -0.00019792 -0.0104666
internal_weight=332 259 242 73 220 197
internal_count=332 259 242 73 220 197
is_linear=0
shrinkage=0.03


Tree=240
num_leaves=7
num_cat=0
split_feature=22 17 0 16 13 17
split_gain=496.295 426.141 289.232 292.051 576.705 325.354
threshold=-85.999999999999986 -10.499999999999998 97.500000000000014 -1.4999999999999998 -1.0333333333333312 20.500000000000004
decision_type=10 8 2 10 10 8
left_child=-1 -2 3 5 -5 -3
right_child=1 2 -4 4 -6 -7
leaf_value=-0.10264770082065038 0.10588670989445277 -0.075916690046970658 -0.094945699428689884 -0.11020828182995318 0.076567558657539933 0.03870950245214793
leaf_weight=37 30 21 24 40 18 162
leaf_count=37 30 21 24 40 18 162
internal_value=-0.00613133 0.00748315 -0.00541145 0.00525339 -0.050767 0.0238865
internal_weight=332 295 265 241 58 183
internal_count=332 295 265 241 58 183
is_linear=0
shrinkage=0.03


Tree=241
num_leaves=7
num_cat=0
split_feature=19 17 22 2 2 5
split_gain=207.979 255.852 385.404 403.689 853.267 632.507
threshold=3.5000000000000004 -70.499999999999986 -38.499999999999993 14.850000000000003 18.250000000000004 1.0000000180025095e-35
decision_type=10 10 8 2 2 2
left_child=1 2 -1 -4 5 -5
right_child=-2 -3 3 4 -6 -7
leaf_value=-0.15035052680969238 0.081861170500516889 0.035510101720188439 -0.043444410003189528 -0.0012372168023139238 -0.039333749016125991 0.25099018928679551
leaf_weight=14.999999999999998 20 84 135 14.999999999999998 49 17
leaf_count=15 20 84 135 15 49 17
internal_value=-0.00149789 -0.00798691 -0.0242212 -0.0122588 0.0392211 0.148569
internal_weight=335 315 231 216 81 32
internal_count=335 315 231 216 81 32
is_linear=0
shrinkage=0.03


Tree=242
num_leaves=7
num_cat=0
split_feature=22 2 0 22 17 22
split_gain=484.867 671.125 450.607 330.046 231.95 246.781
threshold=36.500000000000007 17.350000000000005 107.50000000000001 24.759477124183011 -7.4999999999999991 -25.151797385620913
decision_type=8 2 2 10 8 10
left_child=2 -2 3 4 -1 -6
right_child=1 -3 -4 -5 5 -7
leaf_value=0.085710424076427108 0.1825910322522295 -0.047537311145237515 -0.13213542137145995 -0.1027075402289629 -0.081400847424720882 0.012426607599511943
leaf_weight=28 24 15.999999999999998 20 20 24 189
leaf_count=28 24 16 20 20 24 189
internal_value=0.00400112 0.0954857 -0.0104633 0.00116877 0.0117015 0.000229988
internal_weight=321 40 281 261 241 213
internal_count=321 40 281 261 241 213
is_linear=0
shrinkage=0.03


Tree=243
num_leaves=7
num_cat=0
split_feature=22 0 20 22 0 5
split_gain=295.192 279.614 362.606 361.166 506.601 552.859
threshold=-17.808496732026139 47.500000000000007 -10.499999999999998 -5.5276377217553678 32.500000000000007 -0.5
decision_type=8 2 8 8 2 2
left_child=-1 3 -3 -2 -5 -6
right_child=1 2 -4 4 5 -7
leaf_value=-0.063393509382009508 0.048418820374807728 -0.086304426893591885 0.052703442704390549 0.053415537238121036 0.034437802290916447 -0.14122412095809805
leaf_weight=70 38 14.999999999999998 117 25 20 53
leaf_count=70 38 15 117 25 20 53
internal_value=-0.0107766 0.00387602 0.0343338 -0.0258552 -0.0556076 -0.0939751
internal_weight=338 268 132 136 98 73
internal_count=338 268 132 136 98 73
is_linear=0
shrinkage=0.03


Tree=244
num_leaves=7
num_cat=0
split_feature=2 0 17 2 2 16
split_gain=375.577 310.054 657.275 563.403 307.254 200.875
threshold=8.7000000000000011 117.50000000000001 4.5000000000000009 18.000000000000004 10.250000000000002 -1.4999999999999998
decision_type=2 2 8 2 2 8
left_child=-1 2 3 -2 -4 -6
right_child=1 -3 4 -5 5 -7
leaf_value=-0.1060119040131569 0.23204768859821817 -0.097195987020220073 0.091030414996203027 0.015785509612825183 0.028080531026372747 -0.028583525697906294
leaf_weight=20 18 15.999999999999998 27 22 84 149
leaf_count=20 18 16 27 22 84 149
internal_value=0.00610607 0.0147429 0.0222085 0.128073 0.00381237 -0.00799452
internal_weight=336 316 300 40 260 233
internal_count=336 316 300 40 260 233
is_linear=0
shrinkage=0.03


Tree=245
num_leaves=7
num_cat=0
split_feature=22 20 0 22 2 2
split_gain=292.593 293.114 304.241 994.506 385.35 776.531
threshold=33.500000000000007 1.0000000180025095e-35 42.500000000000007 -6.9428571428571422 13.850000000000003 16.850000000000005
decision_type=10 10 2 10 2 2
left_child=1 2 3 -1 -4 -6
right_child=-2 -3 4 -5 5 -7
leaf_value=0.13020804472521624 0.10443916279290404 0.085534895841891945 -0.092777075119219815 -0.063940286120543116 0.075120631365452786 -0.068754293273521366
leaf_weight=39 15.999999999999998 21 72 47 54 74
leaf_count=39 16 21 72 47 54 74
internal_value=-0.00403024 -0.0112665 -0.0197218 0.0264204 -0.0397234 -0.00751483
internal_weight=323 307 286 86 200 128
internal_count=323 307 286 86 200 128
is_linear=0
shrinkage=0.03


Tree=246
num_leaves=7
num_cat=0
split_feature=22 17 16 5 6 22
split_gain=445.533 436.449 359.453 314.434 380.622 200.545
threshold=36.500000000000007 -7.4999999999999991 -4.4999999999999991 -0.9330127018922193 0.50000000000000011 -41.334278431372539
decision_type=8 10 10 2 10 10
left_child=1 2 3 -1 5 -5
right_child=-2 -3 -4 4 -6 -7
leaf_value=-0.069774070000648489 0.086675495156582363 -0.092542877254240652 -0.047427348008172374 -0.013669522679769076 -0.060804430521451507 0.08538102595880627
leaf_weight=20 42 46 76 21 21 95
leaf_count=20 42 46 76 21 21 95
internal_value=0.00113458 -0.0130418 0.00426812 0.0299841 0.0464914 0.0676256
internal_weight=321 279 233 157 137 116
internal_count=321 279 233 157 137 116
is_linear=0
shrinkage=0.03


Tree=247
num_leaves=7
num_cat=0
split_feature=2 2 20 22 4 4
split_gain=299.887 417.62 824.21 581.907 756.518 553.047
threshold=18.250000000000004 13.850000000000003 -36.499999999999993 15.651764705882355 1.0000000180025095e-35 0.25000000000000011
decision_type=2 2 10 8 2 2
left_child=1 2 5 -3 -5 -1
right_child=-2 3 -4 4 -6 -7
leaf_value=-0.18784372321330009 -0.050746311743525743 0.0081513650715351101 0.052117394784634764 0.27705621278285975 -0.0036020059213042258 -0.014256641319612177
leaf_weight=27 89 77 61 15 15 36
leaf_count=27 89 77 61 15 15 36
internal_value=-0.00550286 0.0126344 -0.0244634 0.0547991 0.15626 -0.096993
internal_weight=320 231 124 107 30 63
internal_count=320 231 124 107 30 63
is_linear=0
shrinkage=0.03


Tree=248
num_leaves=7
num_cat=0
split_feature=22 21 4 2 2 22
split_gain=294.315 313.256 270.004 743.733 571.491 708.552
threshold=29.000000000000004 -13.858333333333333 1.0000000180025095e-35 15.250000000000002 15.050000000000002 1.0833333333333337
decision_type=10 10 2 2 2 8
left_child=1 2 4 -4 5 -1
right_child=-2 -3 3 -5 -6 -7
leaf_value=-0.016261432649618067 0.075877854809164993 0.034784548810642697 -0.0042223492877210599 -0.17409953248936955 0.044887093145538258 -0.21317741689356889
leaf_weight=69 25 64 54 36 76 17
leaf_count=69 25 64 54 36 76 17
internal_value=-0.0143587 -0.0225684 -0.0375276 -0.07776 -0.0135173 -0.064761
internal_weight=341 316 252 90 162 86
internal_count=341 316 252 90 162 86
is_linear=0
shrinkage=0.03


Tree=249
num_leaves=7
num_cat=0
split_feature=1 17 17 2 1 5
split_gain=743.956 358.235 354.159 407.607 306.442 306.023
threshold=22.500000000000004 -7.4999999999999991 11.500000000000002 11.15 1.0000000180025095e-35 -0.5
decision_type=10 8 8 2 10 2
left_child=1 4 -3 5 -1 -4
right_child=-2 2 3 -5 -6 -7
leaf_value=-0.013150985922132218 -0.16942517691850661 -0.1190589375257492 0.16178594904286522 -0.01946394828651947 0.15258378518745302 0.01522317218707829
leaf_weight=15.999999999999998 20 20 15.999999999999998 215 19 36
leaf_count=16 20 20 16 215 19 36
internal_value=-0.0117772 0.000455514 -0.0110852 -0.000957403 0.084646 0.0705554
internal_weight=342 322 287 267 35 52
internal_count=342 322 287 267 35 52
is_linear=0
shrinkage=0.03


Tree=250
num_leaves=7
num_cat=0
split_feature=20 17 22 2 22 2
split_gain=311.757 351.404 275.178 344.516 286.646 313.615
threshold=-1.0000000180025095e-35 17.500000000000004 4.5428104575163379 14.250000000000002 2.7500000000000004 18.250000000000004
decision_type=10 10 10 2 8 2
left_child=1 2 4 -4 -1 -6
right_child=-2 -3 3 -5 5 -7
leaf_value=-0.027041918929085959 0.083228031545877448 0.075086092697844525 -0.14246587688432019 0.023357052985578775 0.1021470075349013 -0.049309708356857301
leaf_weight=194 28 31 29 14.999999999999998 31 14.999999999999998
leaf_count=194 28 31 29 15 31 15
internal_value=-0.00464747 -0.013637 -0.0244531 -0.0893204 -0.0109806 0.0527666
internal_weight=343 315 284 44 240 46
internal_count=343 315 284 44 240 46
is_linear=0
shrinkage=0.03


Tree=251
num_leaves=7
num_cat=0
split_feature=17 2 2 13 17 2
split_gain=275.783 300.046 177.047 426.697 276.843 579.942
threshold=-7.4999999999999991 19.250000000000004 14.850000000000003 -1.0333333333333312 4.5000000000000009 18.000000000000004
decision_type=8 2 2 8 10 2
left_child=1 -1 3 -2 5 -4
right_child=2 -3 4 -5 -6 -7
leaf_value=0.13197968190130979 -0.17345245385169983 -0.027618949494578621 0.12092755382782536 -0.024861820114325292 -0.07666954044638008 -0.027163083961376778
leaf_weight=18 14.999999999999998 17 33 156 24 60
leaf_count=18 15 17 33 156 24 60
internal_value=-0.0135294 0.0606979 -0.023432 -0.0424534 0.0049691 0.0288739
internal_weight=323 35 288 171 117 93
internal_count=323 35 288 171 117 93
is_linear=0
shrinkage=0.03


Tree=252
num_leaves=7
num_cat=0
split_feature=22 5 2 11 2 2
split_gain=253.251 476.639 255.971 355.345 285.387 241.839
threshold=-75.749999999999986 1.0000000180025095e-35 8.7000000000000011 26.500000000000004 11.950000000000001 20.550000000000004
decision_type=10 2 2 8 2 2
left_child=1 -1 -2 4 -4 -5
right_child=2 -3 3 5 -6 -7
leaf_value=-0.18358321166038513 -0.094201112357170685 0.010890183746814728 0.037986774244590807 0.049751552660743908 -0.062791673932224512 -0.054165678322315211
leaf_weight=14.999999999999998 18 25 33 149 75 19
leaf_count=15 18 25 33 149 75 19
internal_value=-0.00805209 -0.0743324 0.00205786 0.00990009 -0.03168 0.0367732
internal_weight=334 40 294 276 108 168
internal_count=334 40 294 276 108 168
is_linear=0
shrinkage=0.03


Tree=253
num_leaves=7
num_cat=0
split_feature=17 17 23 22 5 22
split_gain=185.942 250.94 150.983 255.592 402.456 436.809
threshold=-10.499999999999998 2.5000000000000004 5.888235294117643 -17.808496732026139 -0.68301270189221952 5.7750980392156883
decision_type=8 8 2 10 2 10
left_child=-1 -2 3 -3 -5 -6
right_child=1 2 -4 4 5 -7
leaf_value=0.065132773627595203 -0.096078904867172243 -0.028572183230343988 -0.04632266555997458 0.095986634321030107 0.031557172737244898 -0.10858258858323097
leaf_weight=36 19 80 39 57 82 21
leaf_count=36 19 80 39 57 82 21
internal_value=0.00522482 -0.00296775 0.00495305 0.0140607 0.035597 -0.000719197
internal_weight=334 298 279 240 160 103
internal_count=334 298 279 240 160 103
is_linear=0
shrinkage=0.03


Tree=254
num_leaves=7
num_cat=0
split_feature=0 1 17 0 22 2
split_gain=549.683 280.937 544.223 374.644 309.049 220.794
threshold=117.50000000000001 -12.499999999999998 4.5000000000000009 87.500000000000014 44.500000000000007 18.000000000000004
decision_type=2 10 8 2 8 2
left_child=1 -1 5 4 -4 -3
right_child=-2 2 3 -5 -6 -7
leaf_value=-0.081104638338088994 -0.15554212617874144 0.17989020459029983 0.00041559349928211654 -0.090534118413925169 0.10509031916486805 0.025327679429735454
leaf_weight=25 14.999999999999998 18 204 31 24 15.999999999999998
leaf_count=25 15 18 204 31 24 16
internal_value=-0.00295673 0.00653705 0.0152504 -0.000472538 0.0134527 0.119727
internal_weight=333 318 293 259 228 34
internal_count=333 318 293 259 228 34
is_linear=0
shrinkage=0.03


Tree=255
num_leaves=7
num_cat=0
split_feature=22 2 3 2 20 22
split_gain=580.566 462.241 282.005 614.598 267.023 319.207
threshold=-17.808496732026139 13.850000000000003 1.0000000180025095e-35 18.850000000000005 -13.499999999999998 -9.9166666666666661
decision_type=10 2 2 2 8 10
left_child=1 -1 -3 -4 -2 -6
right_child=4 2 3 -5 5 -7
leaf_value=-0.16097435320913792 -0.058924594339989728 -0.092012527346611014 0.11934679248209658 -0.076411606463892695 0.12865552036926664 0.020223190338661271
leaf_weight=25 26 25 24 24 24 175
leaf_count=25 26 25 24 24 24 175
internal_value=-0.00243891 -0.061597 -0.0194264 0.0234928 0.0241066 0.0361333
internal_weight=323 98 73 48 225 199
internal_count=323 98 73 48 225 199
is_linear=0
shrinkage=0.03


Tree=256
num_leaves=7
num_cat=0
split_feature=12 22 2 16 2 2
split_gain=297.255 196.569 209.57 217.641 160.374 154.69
threshold=7.900000000000003 -41.334278431372539 8.7000000000000011 -4.4999999999999991 13.950000000000001 11.15
decision_type=10 8 2 10 2 2
left_child=1 -1 -3 5 -2 -4
right_child=4 2 3 -5 -6 -7
leaf_value=-0.077260682772506362 0.0092134609392711085 -0.082856036362051966 0.082337620820511478 -0.041472486699781111 0.13976615993678571 0.011017864504672962
leaf_weight=28 16.000000000000004 20 28 57 14.999999999999998 174
leaf_count=28 16 20 28 57 15 174
internal_value=0.00141647 -0.0080223 0.00016424 0.0080229 0.0830224 0.0226538
internal_weight=338 307 279 259 31 202
internal_count=338 307 279 259 31 202
is_linear=0
shrinkage=0.03


Tree=257
num_leaves=7
num_cat=0
split_feature=16 20 17 12 5 2
split_gain=451.243 279.985 396.046 212.83 202.152 274.436
threshold=-1.4999999999999998 -13.499999999999998 -70.499999999999986 10.950000000000001 1.0000000180025095e-35 15.050000000000002
decision_type=8 10 10 8 2 2
left_child=-1 2 3 -2 -5 -6
right_child=1 -3 -4 4 5 -7
leaf_value=0.048377876825896754 0.010144150391221046 0.019409552570432424 0.00039325419106060944 -0.16640200140575567 -0.11082507921538004 0.024697633609175679
leaf_weight=79 14.999999999999998 65 74 31 31 19
leaf_count=79 15 65 74 31 31 19
internal_value=-0.0116961 -0.0324784 -0.0523056 -0.0909361 -0.109156 -0.0617629
internal_weight=314 235 170 96 81 50
internal_count=314 235 170 96 81 50
is_linear=0
shrinkage=0.03


Tree=258
num_leaves=7
num_cat=0
split_feature=17 22 0 2 17 20
split_gain=303.123 304.321 415.678 251.665 245.472 225.277
threshold=-27.499999999999996 -19.833333333333332 62.500000000000007 8.7000000000000011 -1.0000000180025095e-35 -13.499999999999998
decision_type=8 8 2 2 8 8
left_child=-1 2 -2 -3 -5 -6
right_child=1 3 -4 4 5 -7
leaf_value=0.083646942764520643 0.026702496622289927 -0.097133709588088091 -0.15661950179728967 -0.094139405659266873 -0.059418017160804831 0.023822701353088227
leaf_weight=25 15.999999999999998 19 24 15.999999999999998 29 211
leaf_count=25 16 19 24 16 29 211
internal_value=-0.00769406 -0.0161371 -0.0884714 -0.00422373 0.00440063 0.0127571
internal_weight=340 315 40 275 256 240
internal_count=340 315 40 275 256 240
is_linear=0
shrinkage=0.03


Tree=259
num_leaves=7
num_cat=0
split_feature=17 20 5 17 22 16
split_gain=252.197 314.16 351.428 345.783 339.724 269.544
threshold=-10.499999999999998 -4.4999999999999991 0.6830127018922193 11.500000000000002 -38.499999999999993 10.500000000000002
decision_type=8 10 2 8 10 10
left_child=-1 2 3 -2 -5 -6
right_child=1 -3 -4 4 5 -7
leaf_value=0.071361536433299386 -0.15473458349704741 0.057285547676135078 0.028969271790671658 -0.10584632905518136 0.014125167886550362 -0.0949528556406498
leaf_weight=31 19 44 72 36 106 20
leaf_count=31 19 44 72 36 106 20
internal_value=-0.00376161 -0.0126544 -0.0256923 -0.0476304 -0.0308121 -0.00615212
internal_weight=328 297 253 181 162 126
internal_count=328 297 253 181 162 126
is_linear=0
shrinkage=0.03


Tree=260
num_leaves=7
num_cat=0
split_feature=1 17 0 17 6 16
split_gain=336.716 243.895 264.595 254.464 229.91 194.373
threshold=17.500000000000004 17.500000000000004 32.500000000000007 -10.499999999999998 0.50000000000000011 -13.499999999999998
decision_type=10 10 2 8 8 8
left_child=1 2 -1 -4 5 -5
right_child=-2 -3 3 4 -6 -7
leaf_value=0.075451640300452705 -0.093786316473657885 0.080313654989004127 0.066497481107711781 0.082476856967677231 -0.056009854078292849 -0.014548693453681837
leaf_weight=27 31 28 25 18 112 92
leaf_count=27 31 28 25 18 112 92
internal_value=-0.00705322 0.00323231 -0.00594277 -0.0161607 -0.0267287 0.00422386
internal_weight=333 302 274 247 222 110
internal_count=333 302 274 247 222 110
is_linear=0
shrinkage=0.03


Tree=261
num_leaves=7
num_cat=0
split_feature=2 22 11 2 1 22
split_gain=294.131 312.775 241.787 278.826 253.939 621.733
threshold=8.7000000000000011 -41.334278431372539 23.500000000000004 11.950000000000001 1.0000000180025095e-35 20.259313725490198
decision_type=2 8 8 2 10 10
left_child=-1 -2 3 -3 -4 -6
right_child=1 2 4 -5 5 -7
leaf_value=-0.10600126937709071 -0.085452581830322741 0.05179435134940856 -0.0056638500309852229 -0.046833584884117388 0.10596624073411884 -0.041984678236277481
leaf_weight=17 25 32 78 82 82 33
leaf_count=17 25 32 78 82 82 33
internal_value=0.000281947 0.00721613 0.0160109 -0.0181356 0.036129 0.0635304
internal_weight=349 332 307 114 193 115
internal_count=349 332 307 114 193 115
is_linear=0
shrinkage=0.03


Tree=262
num_leaves=7
num_cat=0
split_feature=13 23 1 17 17 20
split_gain=265.369 286.507 238.802 216.718 219.806 184.866
threshold=-1.0333333333333312 3.8593137254901966 17.500000000000004 11.500000000000002 -10.499999999999998 -27.499999999999996
decision_type=10 2 8 10 8 10
left_child=1 2 3 4 -1 -6
right_child=-2 -3 -4 -5 5 -7
leaf_value=0.070986952308950746 0.077091203365595107 -0.10843057786011033 -0.079877686794315061 0.073133101395198269 -0.037253940198832831 0.020008920114487409
leaf_weight=24 26 22 30 30 137 75
leaf_count=24 26 22 30 30 137 75
internal_value=-0.00688992 -0.0148434 -0.00620194 0.0034278 -0.00676649 -0.0170016
internal_weight=344 318 296 266 236 212
internal_count=344 318 296 266 236 212
is_linear=0
shrinkage=0.03


Tree=263
num_leaves=7
num_cat=0
split_feature=1 2 2 16 16 2
split_gain=301.593 314.304 439.65 348.542 281.233 375.884
threshold=-17.499999999999996 8.7000000000000011 11.15 52.000000000000007 -1.0000000180025095e-35 13.850000000000003
decision_type=10 2 2 8 8 2
left_child=-1 -2 3 -3 -4 -6
right_child=1 2 4 -5 5 -7
leaf_value=-0.094693970421086182 -0.094968908854893272 -0.0016789627075195312 0.054962245249134657 0.17118462168425319 -0.076883629249578173 0.016340512499880437
leaf_weight=18 15.999999999999998 15.999999999999998 80 25 50 129
leaf_count=18 16 16 80 25 50 129
internal_value=0.0105038 0.0178777 0.0253544 0.110876 0.0099728 -0.0110814
internal_weight=334 316 300 41 259 179
internal_count=334 316 300 41 259 179
is_linear=0
shrinkage=0.03


Tree=264
num_leaves=7
num_cat=0
split_feature=1 22 22 22 22 2
split_gain=266.218 434.683 411.482 206.907 473.696 280.821
threshold=12.500000000000002 5.166666666666667 2.7500000000000004 9.5000000000000018 23.64771241830066 15.250000000000002
decision_type=10 8 10 8 10 2
left_child=1 2 -1 5 -5 -2
right_child=3 -3 -4 4 -6 -7
leaf_value=-0.0042574506893492577 -0.08725158852897584 -0.069938210339116097 0.13967273381352424 0.18872828128662977 -0.017468646737662227 0.059936232225902907
leaf_weight=166 14.999999999999998 83 14.999999999999998 17 17 23
leaf_count=166 15 83 15 17 17 23
internal_value=-0.00113853 -0.0152012 0.0111045 0.0480636 0.096608 -0.00155389
internal_weight=336 264 181 72 34 38
internal_count=336 264 181 72 34 38
is_linear=0
shrinkage=0.03


Tree=265
num_leaves=7
num_cat=0
split_feature=22 1 17 5 23 2
split_gain=420.997 260.444 206.616 159.069 333.802 311.574
threshold=-36.666666666666664 22.500000000000004 -1.0000000180025095e-35 -0.68301270189221952 5.888235294117643 14.450000000000001
decision_type=8 8 8 2 2 2
left_child=-1 2 -2 4 5 -4
right_child=1 -3 3 -5 -6 -7
leaf_value=-0.097322056347673588 -0.064253379330039023 0.12014890008419753 0.12216040372848509 -0.001127588550162533 -0.059031776520221131 0.0047243836558446654
leaf_weight=28 27 14.999999999999998 43 173 18 36
leaf_count=28 27 15 43 173 18 36
internal_value=0.00473681 0.0152865 0.00808891 0.0163598 0.0460752 0.0721119
internal_weight=340 312 297 270 97 79
internal_count=340 312 297 270 97 79
is_linear=0
shrinkage=0.03


Tree=266
num_leaves=7
num_cat=0
split_feature=17 5 16 2 4 2
split_gain=403.154 437.717 242.062 288.957 493.018 518.453
threshold=-1.0000000180025095e-35 -0.5 40.000000000000007 8.2000000000000011 0.25000000000000011 11.850000000000003
decision_type=8 2 8 2 2 2
left_child=1 -1 -2 -4 -5 -6
right_child=2 -3 3 4 5 -7
leaf_value=-0.16386515459418297 -0.027383620753271939 0.012049517333507537 -0.080245642683335713 0.0092300064706045092 0.2380269302129745 0.0035157199501991273
leaf_weight=25 141 21 15.999999999999998 117 15.000000000000002 14.999999999999998
leaf_count=25 141 21 16 117 15 15
internal_value=-0.0121941 -0.0902484 0.000885912 0.0254271 0.0391902 0.138024
internal_weight=350 46 304 163 147 30
internal_count=350 46 304 163 147 30
is_linear=0
shrinkage=0.03


Tree=267
num_leaves=7
num_cat=0
split_feature=1 0 0 2 2 17
split_gain=238.958 536.899 241.74 276.221 339.79 258.661
threshold=22.500000000000004 102.50000000000001 82.500000000000014 8.2000000000000011 11.15 -64.499999999999986
decision_type=8 2 2 2 2 10
left_child=1 2 3 -1 -5 -4
right_child=-2 -3 5 4 -6 -7
leaf_value=-0.10321889336407185 -0.08364273264042793 0.14325545497562575 -0.12737601488828659 0.086194659652917283 -0.0043093681632916433 0.018725514922823223
leaf_weight=14.999999999999998 26 18 23 41 196 15.999999999999998
leaf_count=15 26 18 23 41 196 16
internal_value=-0.00422632 0.00368145 -0.00722601 0.00402488 0.0128048 -0.0721203
internal_weight=335 309 291 252 237 39
internal_count=335 309 291 252 237 39
is_linear=0
shrinkage=0.03


Tree=268
num_leaves=7
num_cat=0
split_feature=2 2 17 22 5 3
split_gain=274.009 600.606 756.818 375.265 322.991 557.678
threshold=18.250000000000004 14.850000000000003 -35.499999999999993 -4.9445098039215685 -0.5 1.0000000180025095e-35
decision_type=2 2 10 10 2 2
left_child=1 4 -3 -2 5 -1
right_child=3 2 -4 -5 -6 -7
leaf_value=0.13283853509209373 -0.082979020515426258 0.16767112971593937 -0.042154985230702623 0.046744242310523987 -0.039303065742316998 -0.03334873665656362
leaf_weight=28 56 40 21 26 109 37
leaf_count=28 56 40 21 26 109 37
internal_value=0.00415838 0.0206319 0.0977147 -0.0415247 -0.00836606 0.0426146
internal_weight=317 235 61 82 174 65
internal_count=317 235 61 82 174 65
is_linear=0
shrinkage=0.03


Tree=269
num_leaves=7
num_cat=0
split_feature=22 1 1 17 13 16
split_gain=326.338 458.957 358.481 436.212 134.267 302.208
threshold=30.035882352941183 1.0000000180025095e-35 22.500000000000004 -27.499999999999996 -8.8478666466586642 5.5000000000000009
decision_type=8 10 10 8 10 10
left_child=2 -2 3 -1 -5 -6
right_child=1 -3 -4 4 5 -7
leaf_value=0.12149107575416565 -0.024794931880065374 0.14629992082715035 -0.12666520842484066 -0.020045480505626611 0.10198793252309163 -0.04955731890418312
leaf_weight=20 23 27 15.999999999999998 201 22 17
leaf_count=20 23 27 16 201 22 17
internal_value=0.00573623 0.0724971 -0.00743291 0.00215593 -0.0100651 0.0378048
internal_weight=326 50 276 260 240 39
internal_count=326 50 276 260 240 39
is_linear=0
shrinkage=0.03


Tree=270
num_leaves=7
num_cat=0
split_feature=0 2 20 5 16 2
split_gain=372.324 248.716 402.77 435.823 498.717 428.424
threshold=117.50000000000001 13.350000000000003 19.500000000000004 -0.5 -9.4999999999999982 11.65
decision_type=2 2 8 2 10 2
left_child=1 2 -1 5 -5 -4
right_child=-2 -3 3 4 -6 -7
leaf_value=0.035465634658696038 -0.1214165267944336 0.031970400560809215 0.10982889461517331 -0.2217009136080742 -0.0008917186260223389 -0.086727488815784459
leaf_weight=56 14.999999999999998 202 15.000000000000002 19 14.999999999999998 14.999999999999998
leaf_count=56 15 202 15 19 15 15
internal_value=0.00431672 0.0119408 -0.0217058 -0.0706758 -0.136889 0.0132008
internal_weight=337 322 120 64 34 30
internal_count=337 322 120 64 34 30
is_linear=0
shrinkage=0.03


Tree=271
num_leaves=7
num_cat=0
split_feature=22 11 4 5 0 0
split_gain=216.393 343.121 247.342 214.207 248.203 188.881
threshold=4.5428104575163379 -34.499999999999993 -0.6830127018922193 -0.5 67.500000000000014 42.500000000000007
decision_type=10 10 2 2 2 2
left_child=1 -1 -2 4 -4 -3
right_child=2 5 3 -5 -6 -7
leaf_value=0.042686902836158676 0.045164016874936909 0.0074924066987904631 0.035945547439398304 -0.13844764294102788 -0.085946847796440115 -0.078705153735127389
leaf_weight=149 21 50 26 19 25 36
leaf_count=149 21 50 26 19 25 36
internal_value=0.000442241 0.0156623 -0.037631 -0.0638245 -0.0261445 -0.0309322
internal_weight=326 235 91 70 51 86
internal_count=326 235 91 70 51 86
is_linear=0
shrinkage=0.03


Tree=272
num_leaves=7
num_cat=0
split_feature=0 11 3 5 22 2
split_gain=349.668 221.22 513.418 528.454 250.581 232.606
threshold=117.50000000000001 23.500000000000004 1.0000000180025095e-35 -0.5 -1.8256535947712413 9.8500000000000032
decision_type=2 8 2 2 8 2
left_child=1 5 3 -3 -4 -1
right_child=-2 2 4 -5 -6 -7
leaf_value=0.059932484792338474 -0.11384445735386439 0.21482401655986905 0.042231531664729122 0.028289260180985053 -0.033831774930743609 -0.039522074237465857
leaf_weight=22 15.999999999999998 19 67 36 80 97
leaf_count=22 16 19 67 36 80 97
internal_value=0.00490292 0.0124771 0.0313073 0.105261 0.00108533 -0.0194603
internal_weight=337 321 202 55 147 119
internal_count=337 321 202 55 147 119
is_linear=0
shrinkage=0.03


Tree=273
num_leaves=7
num_cat=0
split_feature=22 2 16 2 2 13
split_gain=279.977 221.721 148.958 384.834 145.269 204.229
threshold=-85.999999999999986 17.350000000000005 10.500000000000002 14.250000000000002 20.550000000000004 -7.7755882352941166
decision_type=10 2 10 2 2 10
left_child=1 -1 4 -4 5 -2
right_child=2 -3 3 -5 -6 -7
leaf_value=-0.0024028393084352668 0.0074516265031317587 -0.14600132983663808 -0.11134566036053002 0.05655594044498035 -0.044330524315194388 0.10191225169145543
leaf_weight=17 208 18 27 15.999999999999998 36 18
leaf_count=17 208 18 27 16 36 18
internal_value=-0.0106454 -0.0852723 -0.000844386 -0.0494872 0.00791621 0.0170181
internal_weight=340 35 305 43 262 226
internal_count=340 35 305 43 262 226
is_linear=0
shrinkage=0.03


Tree=274
num_leaves=7
num_cat=0
split_feature=1 1 5 16 2 5
split_gain=341.785 237.396 330.199 196.151 305.747 569.585
threshold=-17.499999999999996 17.500000000000004 -0.5 -1.4999999999999998 20.150000000000002 -0.5
decision_type=8 8 2 10 2 2
left_child=-1 3 -3 4 5 -2
right_child=1 2 -4 -5 -6 -7
leaf_value=-0.12074028325080872 0.11638398567988323 -0.13286971963942051 0.036965679645538325 -0.03025471564720977 -0.046324431693979672 0.0080885099817780744
leaf_weight=14.999999999999998 60 19 14.999999999999998 61 37 136
leaf_count=15 60 19 15 61 37 136
internal_value=-0.000291275 0.00694727 -0.0628092 0.0159298 0.0284026 0.0433106
internal_weight=343 328 34 294 233 196
internal_count=343 328 34 294 233 196
is_linear=0
shrinkage=0.03


Tree=275
num_leaves=7
num_cat=0
split_feature=22 16 0 16 22 22
split_gain=466.784 337.198 459.429 490.502 353.052 455.313
threshold=44.500000000000007 -4.4999999999999991 62.500000000000007 43.500000000000007 -3.1080392156862739 20.259313725490198
decision_type=8 8 2 8 10 10
left_child=1 -1 3 -3 -4 -6
right_child=-2 2 4 -5 5 -7
leaf_value=0.045055705479732373 0.096929465430704034 -0.055863647949881849 -0.13686832157166107 0.053065761793823385 0.053291866476921468 -0.12214837431907653
leaf_weight=77 39 59 41 84 29 17
leaf_count=77 39 59 41 84 29 17
internal_value=0.00551499 -0.00746518 -0.0256328 0.00775391 -0.0779487 -0.0171635
internal_weight=346 307 230 143 87 46
internal_count=346 307 230 143 87 46
is_linear=0
shrinkage=0.03


Tree=276
num_leaves=7
num_cat=0
split_feature=0 17 17 20 0 2
split_gain=222.669 288.691 326.435 306.661 279.839 229.891
threshold=32.500000000000007 -86.499999999999986 -35.499999999999993 -13.499999999999998 62.500000000000007 14.250000000000002
decision_type=2 10 10 10 2 2
left_child=-1 3 -3 5 -4 -2
right_child=1 2 4 -5 -6 -7
leaf_value=0.069863976103918896 -0.086247195731158605 0.13945822741304126 0.064423837463061018 0.024278894893359392 -0.050214564189678283 -0.012626355329045541
leaf_weight=30 76 15.999999999999998 31 67 36 76
leaf_count=30 76 16 31 67 36 76
internal_value=-0.00185862 -0.0100052 0.0362396 -0.0279495 0.00361751 -0.0510112
internal_weight=332 302 83 219 67 152
internal_count=332 302 83 219 67 152
is_linear=0
shrinkage=0.03


Tree=277
num_leaves=7
num_cat=0
split_feature=16 20 1 4 4 2
split_gain=224.325 548.416 254.377 416.92 405.838 812.825
threshold=-18.499999999999996 16.500000000000004 1.0000000180025095e-35 -0.25000000000000028 -0.25000000000000028 15.850000000000003
decision_type=10 8 8 2 2 2
left_child=2 -2 3 -1 5 -4
right_child=1 -3 4 -5 -6 -7
leaf_value=-0.038687015006939565 -0.038963337183302763 0.093303898203632094 -0.11206974739829698 0.089720727693527305 -0.083617671720291428 0.097263430038636384
leaf_weight=40 44 64 22 42 71 39
leaf_count=40 44 64 22 42 71 39
internal_value=0.00582107 0.0400776 -0.0119876 0.0284593 -0.0372353 0.0189956
internal_weight=322 108 214 82 132 61
internal_count=322 108 214 82 132 61
is_linear=0
shrinkage=0.03


Tree=278
num_leaves=7
num_cat=0
split_feature=21 11 0 2 22 2
split_gain=286.682 501.045 288.606 542.671 551.77 327.541
threshold=14.843627450980396 -8.4999999999999982 62.500000000000007 18.950000000000003 22.500000000000004 16.050000000000004
decision_type=8 10 2 2 8 2
left_child=1 -1 5 4 -4 -2
right_child=2 -3 3 -5 -6 -7
leaf_value=-0.009899521704646759 -0.015950344935269423 0.15794407589435575 -0.051903101687247932 -0.15531731160248027 0.12837664233148097 0.078585935179577321
leaf_weight=43 137 20 60 29 14.999999999999998 38
leaf_count=43 137 20 60 29 15 38
internal_value=-0.00432071 0.0510798 -0.0175095 -0.0558436 -0.0100771 0.00619026
internal_weight=342 63 279 104 75 175
internal_count=342 63 279 104 75 175
is_linear=0
shrinkage=0.03


Tree=279
num_leaves=7
num_cat=0
split_feature=21 16 2 2 4 11
split_gain=150.702 327.204 374.899 554.142 575.911 470.701
threshold=14.843627450980396 -7.4999999999999991 17.350000000000005 16.050000000000004 0.25000000000000011 3.5000000000000004
decision_type=8 10 2 2 2 8
left_child=-1 2 3 4 5 -2
right_child=1 -3 -4 -5 -6 -7
leaf_value=0.038663829344567718 0.035823480830742757 -0.06593847023323178 -0.046097555267810821 0.17175139188766478 0.08777578250450245 -0.11036093308457307
leaf_weight=64 34 67 70 18 46 37
leaf_count=64 34 67 70 18 46 37
internal_value=-0.00102135 -0.0108884 0.00824518 0.0370629 0.0101518 -0.0426058
internal_weight=336 272 205 135 117 71
internal_count=336 272 205 135 117 71
is_linear=0
shrinkage=0.03


Tree=280
num_leaves=7
num_cat=0
split_feature=2 22 16 2 22 3
split_gain=278.189 741.416 697.077 586.4 439.735 403.685
threshold=14.15 -15.291666666666666 4.5000000000000009 12.250000000000002 37.500000000000007 1.0000000180025095e-35
decision_type=2 10 8 2 8 2
left_child=1 5 -3 -4 -2 -1
right_child=4 2 3 -5 -6 -7
leaf_value=-0.022432655073702328 0.003423519437201321 0.11350108825846722 0.018377826478881913 -0.13820133500239426 0.12362422065301375 -0.23461790898016519
leaf_weight=15.000000000000002 163 33 56 29 28 15.999999999999998
leaf_count=15 163 33 56 29 28 16
internal_value=4.16369e-05 -0.0301324 0.00597759 -0.0397533 0.0237487 -0.149323
internal_weight=340 149 118 85 191 31
internal_count=340 149 118 85 191 31
is_linear=0
shrinkage=0.03


Tree=281
num_leaves=7
num_cat=0
split_feature=17 22 2 20 2 0
split_gain=351.078 240.481 451.779 267.427 322.129 298.392
threshold=-10.499999999999998 36.500000000000007 17.350000000000005 -12.499999999999998 14.15 62.500000000000007
decision_type=8 8 2 10 2 2
left_child=-1 3 -3 4 5 -2
right_child=1 2 -4 -5 -6 -7
leaf_value=0.096328028756029457 -0.02803310862975195 0.13155005468376751 -0.054676056589399065 0.032054161237409486 0.0025696557891127223 -0.13905184841469714
leaf_weight=29 59 24 15.999999999999998 73 106 33
leaf_count=29 59 24 16 73 106 33
internal_value=0.00478051 -0.00514518 0.0592612 -0.015553 -0.0334624 -0.07297
internal_weight=340 311 40 271 198 92
internal_count=340 311 40 271 198 92
is_linear=0
shrinkage=0.03


Tree=282
num_leaves=7
num_cat=0
split_feature=13 16 17 17 22 17
split_gain=214.045 436.193 277.084 168.905 287.404 226.248
threshold=-7.7755882352941166 7.5000000000000009 17.500000000000004 -23.499999999999996 -3.1080392156862739 -86.499999999999986
decision_type=10 8 10 10 10 10
left_child=2 -2 3 5 -5 -1
right_child=1 -3 -4 4 -6 -7
leaf_value=-0.010555882021637245 0.16483347229335618 -0.0087082607233349013 0.090605610672916684 -0.14567517507076261 0.015702678431635315 0.07530161194503307
leaf_weight=197 18 29 23 14.999999999999998 18 27
leaf_count=197 18 29 23 15 18 27
internal_value=0.0113165 0.0672132 0.000919223 -0.00868312 -0.0671669 0.00121119
internal_weight=327 47 280 257 33 224
internal_count=327 47 280 257 33 224
is_linear=0
shrinkage=0.03


Tree=283
num_leaves=7
num_cat=0
split_feature=17 2 17 2 22 1
split_gain=280.646 216.128 152.376 167.581 158.787 172.348
threshold=-10.499999999999998 19.150000000000002 26.500000000000004 14.15 -33.399999999999991 12.500000000000002
decision_type=8 2 8 2 8 10
left_child=1 -1 3 -2 -4 -6
right_child=2 -3 4 -5 5 -7
leaf_value=0.13615896940231323 -0.13030328607559205 -0.0043436417372330373 -0.084606536286217823 -0.014469883713652106 -0.011484669324622226 0.048884072208570106
leaf_weight=15.999999999999998 14.999999999999998 18 15.999999999999998 29 196 49
leaf_count=16 15 18 16 29 196 49
internal_value=-0.00518611 0.0707547 -0.0146563 -0.0632253 -0.00543389 0.00132529
internal_weight=339 34 305 44 261 245
internal_count=339 34 305 44 261 245
is_linear=0
shrinkage=0.03


Tree=284
num_leaves=7
num_cat=0
split_feature=22 0 0 22 2 2
split_gain=273.726 489.809 238.465 282.891 401.539 407.069
threshold=33.500000000000007 52.500000000000007 67.500000000000014 4.5428104575163379 15.65 18.350000000000005
decision_type=8 2 2 10 2 2
left_child=2 -2 -1 4 -4 -6
right_child=1 -3 3 -5 5 -7
leaf_value=0.024224417212535626 -0.010397075789590036 0.17188439204142641 0.079967328242280269 -0.11187347975270501 -0.14383864775300023 0.026392503298562148
leaf_weight=187 26 21 28 24 19 24
leaf_count=187 26 21 28 24 19 24
internal_value=0.0164839 0.0797439 0.00473496 -0.0329215 -0.000629252 -0.0559739
internal_weight=329 47 282 95 71 43
internal_count=329 47 282 95 71 43
is_linear=0
shrinkage=0.03


Tree=285
num_leaves=7
num_cat=0
split_feature=1 1 17 6 16 17
split_gain=181.294 156.729 230.373 132.681 149.239 279.61
threshold=22.500000000000004 -17.499999999999996 -10.499999999999998 0.50000000000000011 -1.4999999999999998 20.500000000000004
decision_type=10 10 8 10 10 8
left_child=1 -1 -3 4 5 -4
right_child=-2 2 3 -5 -6 -7
leaf_value=-0.083150441408157347 -0.087424535453319546 0.083992921977207577 -0.070112116277217862 -0.069400407603153816 -0.036950369208161513 0.029398900888075955
leaf_weight=14.999999999999998 19 24 25 21 62 166
leaf_count=15 19 24 25 21 62 166
internal_value=-0.00795739 -0.00183475 0.0035629 -0.00486106 0.00173711 0.0149176
internal_weight=332 313 298 274 253 191
internal_count=332 313 298 274 253 191
is_linear=0
shrinkage=0.03


Tree=286
num_leaves=7
num_cat=0
split_feature=0 5 2 3 2 1
split_gain=212.496 263 755.27 1131.2 538.812 877.375
threshold=117.50000000000001 -0.68301270189221952 15.450000000000001 1.0000000180025095e-35 15.050000000000002 1.0000000180025095e-35
decision_type=2 2 2 2 2 10
left_child=1 2 3 -1 -3 -6
right_child=-2 4 -4 -5 5 -7
leaf_value=0.24194860702560794 -0.09379140365123749 -0.055285387313193525 -0.039771008436568077 0.0016009835250999616 -0.079027493235965571 0.10867891794345418
leaf_weight=26 14.999999999999998 116 55 41 31 56
leaf_count=26 15 116 55 41 31 56
internal_value=0.00117929 0.00691722 0.0408488 0.105195 -0.0139669 0.041135
internal_weight=340 325 122 67 203 87
internal_count=340 325 122 67 203 87
is_linear=0
shrinkage=0.03


Tree=287
num_leaves=7
num_cat=0
split_feature=13 12 15 1 22 4
split_gain=201.215 224.622 161.068 159.111 222.539 143.556
threshold=-1.0333333333333312 -2.9499999999999988 -8.9999999999999982 -12.499999999999998 36.500000000000007 1.0000000180025095e-35
decision_type=10 10 10 10 8 2
left_child=1 2 3 -1 5 -5
right_child=-2 -3 -4 4 -6 -7
leaf_value=-0.04453804906776973 0.083522432210116557 -0.087413772940635681 -0.05099662964005728 0.031216192883849143 0.087981745702464406 -0.019254886778288106
leaf_weight=30 24 19 32 120 36 81
leaf_count=30 24 19 32 120 36 81
internal_value=0.00787282 0.000958879 0.0079199 0.0157887 0.0241874 0.0109034
internal_weight=342 318 299 267 237 201
internal_count=342 318 299 267 237 201
is_linear=0
shrinkage=0.03


Tree=288
num_leaves=7
num_cat=0
split_feature=22 2 22 23 16 0
split_gain=231.964 344.838 301.162 237.145 269.925 209.161
threshold=36.500000000000007 18.000000000000004 20.259313725490198 9.0583333333333389 -9.4999999999999982 112.50000000000001
decision_type=8 2 10 2 10 2
left_child=2 -2 3 4 5 -1
right_child=1 -3 -4 -5 -6 -7
leaf_value=0.026461608128705221 0.11684737433405484 -0.044613973528146743 -0.088930279960234962 0.091572655659914015 -0.053325998281707629 -0.076856731027364733
leaf_weight=152 29 14.999999999999998 31 20 69 14.999999999999998
leaf_count=152 29 15 31 20 69 15
internal_value=0.00249872 0.062868 -0.00767452 0.00368019 -0.00551363 0.0152171
internal_weight=331 44 287 256 236 167
internal_count=331 44 287 256 236 167
is_linear=0
shrinkage=0.03


Tree=289
num_leaves=7
num_cat=0
split_feature=22 20 18 22 0 21
split_gain=236.202 270.803 186.034 257.303 293.092 228.927
threshold=-17.808496732026139 -48.499999999999993 20.000000000000004 -6.0870748299319724 42.500000000000007 14.843627450980396
decision_type=8 10 8 8 2 8
left_child=1 -1 -2 4 -4 -5
right_child=2 -3 3 5 -6 -7
leaf_value=-0.091250367164611809 -0.070775800269842148 0.032610794538259505 0.14236286528408526 0.069686937294477086 0.01006627468165101 -0.016920572012299444
leaf_weight=46 20 20 22 28 36 159
leaf_count=46 20 20 22 28 36 159
internal_value=-0.00543656 -0.0540634 0.00745117 0.0151248 0.0675637 -0.00247555
internal_weight=331 66 265 245 58 187
internal_count=331 66 265 245 58 187
is_linear=0
shrinkage=0.03


Tree=290
num_leaves=7
num_cat=0
split_feature=20 0 0 1 16 21
split_gain=293.662 198.747 314.934 183.042 271.714 175.072
threshold=-13.499999999999998 112.50000000000001 102.50000000000001 12.500000000000002 -19.499999999999996 1.2936274509803936
decision_type=8 2 2 10 10 10
left_child=-1 2 3 5 -5 -2
right_child=1 -3 -4 4 -6 -7
leaf_value=-0.059751139075628346 -0.010090016558766363 -0.066627690410614004 0.13384374158723014 0.11095243791739146 -0.0191345019141833 0.071419249574343369
leaf_weight=51 190 20 15.999999999999998 31 22 22
leaf_count=51 190 20 16 31 22 22
internal_value=0.00346607 0.0149786 0.0218501 0.0127349 0.0599596 -0.000180799
internal_weight=352 301 281 265 53 212
internal_count=352 301 281 265 53 212
is_linear=0
shrinkage=0.03


Tree=291
num_leaves=7
num_cat=0
split_feature=0 2 20 2 22 2
split_gain=350.36 320.581 554.544 492.971 968.555 854.063
threshold=32.500000000000007 13.350000000000003 -40.499999999999993 17.100000000000005 -25.151797385620913 16.050000000000004
decision_type=2 2 10 2 10 2
left_child=-1 2 -2 5 -5 -3
right_child=1 3 -4 4 -6 -7
leaf_value=0.10749361242566789 -0.10251472556165285 0.018080117485485971 0.035887795324720764 -0.15891369728481067 0.032211300377492549 0.23210037381811574
leaf_weight=23 58 75 41 29 76 17
leaf_count=23 58 75 41 29 76 17
internal_value=0.00605216 -0.00348479 -0.0462268 0.0186073 -0.0253995 0.0675528
internal_weight=319 296 99 197 105 92
internal_count=319 296 99 197 105 92
is_linear=0
shrinkage=0.03


Tree=292
num_leaves=7
num_cat=0
split_feature=16 21 1 16 2 17
split_gain=185.229 259.724 241.71 294.215 265.229 227.506
threshold=10.500000000000002 14.843627450980396 17.500000000000004 -33.499999999999993 16.850000000000005 -7.4999999999999991
decision_type=10 8 8 8 2 8
left_child=2 -2 3 -1 -4 -5
right_child=1 -3 4 5 -6 -7
leaf_value=-0.094336960071867162 0.022037389312278138 -0.12113207469029086 0.009041947573423385 0.097800931334495536 -0.14526866237819194 0.0093240125032301932
leaf_weight=17 17 23 19 25 14.999999999999998 216
leaf_count=17 17 23 19 25 15 216
internal_value=-0.00794071 -0.0645972 0.00077729 0.0110997 -0.0689325 0.0203034
internal_weight=332 40 292 258 34 241
internal_count=332 40 292 258 34 241
is_linear=0
shrinkage=0.03


Tree=293
num_leaves=7
num_cat=0
split_feature=21 5 1 2 5 2
split_gain=278.12 279.207 273.541 702.737 452.465 337.283
threshold=3.5725490196078451 -0.9330127018922193 7.5000000000000009 13.350000000000003 -0.5 16.850000000000005
decision_type=8 2 10 2 2 2
left_child=-1 -2 -3 4 -4 -5
right_child=1 2 3 5 -6 -7
leaf_value=-0.067428004866465927 -0.059510651728824568 0.00037573314905166625 0.074894359619780013 0.20182321696118877 -0.076989486609634603 0.037062235703835114
leaf_weight=35 33 145 28 28 33 21
leaf_count=35 33 145 28 28 33 21
internal_value=0.00691321 0.0169442 0.0277925 0.0623452 -0.0068801 0.141181
internal_weight=323 288 255 110 61 49
internal_count=323 288 255 110 61 49
is_linear=0
shrinkage=0.03


Tree=294
num_leaves=7
num_cat=0
split_feature=2 2 3 2 11 1
split_gain=324.054 360.198 504.632 916.609 625.787 527.595
threshold=8.2000000000000011 17.100000000000005 1.0000000180025095e-35 14.850000000000003 23.500000000000004 12.500000000000002
decision_type=2 2 2 2 8 8
left_child=-1 2 4 -4 -2 -6
right_child=1 -3 3 -5 5 -7
leaf_value=-0.11335525818541646 0.0026903006033255502 -0.030502866455469249 -0.059844569472426716 0.12360503608251319 0.22488296838367686 0.023972578275203705
leaf_weight=14.999999999999998 47 116 83 29 29 20
leaf_count=15 47 116 83 29 29 20
internal_value=0.00396374 0.0110354 0.0343731 -0.00909189 0.0830221 0.152691
internal_weight=339 324 208 112 96 49
internal_count=339 324 208 112 96 49
is_linear=0
shrinkage=0.03


Tree=295
num_leaves=7
num_cat=0
split_feature=22 2 3 22 20 2
split_gain=189.266 163.141 316.676 682.225 485.134 424.559
threshold=-62.499999999999993 8.2000000000000011 1.0000000180025095e-35 2.7500000000000004 19.500000000000004 14.850000000000003
decision_type=8 2 2 8 8 2
left_child=-1 -2 3 -3 -5 -4
right_child=1 2 5 4 -6 -7
leaf_value=-0.087423341497778889 -0.071623938885221089 -0.0019559684802972995 -0.058869881546431843 0.0032240771278738973 0.21326998341083525 0.028435644855282067
leaf_weight=14.999999999999998 17 81 86 14.999999999999998 25 107
leaf_count=15 17 81 86 15 25 107
internal_value=0.00227296 0.0075782 0.0129216 0.0499553 0.143613 -0.0109716
internal_weight=346 331 314 121 40 193
internal_count=346 331 314 121 40 193
is_linear=0
shrinkage=0.03


Tree=296
num_leaves=7
num_cat=0
split_feature=13 0 22 17 22 16
split_gain=212.188 273.329 429.399 627.637 315.755 234.868
threshold=-7.7755882352941166 62.500000000000007 -3.9780252100840325 -47.999999999999993 12.72450980392157 7.5000000000000009
decision_type=10 2 8 8 10 8
left_child=1 -1 3 -3 -4 -2
right_child=5 2 4 -5 -6 -7
leaf_value=0.010591585550213879 0.11911977025178762 0.054319765695503779 0.096273129536555355 -0.14772685468196869 -0.05719861554548792 -0.0071175729964048622
leaf_weight=194 21 15.999999999999998 21 46 18 26
leaf_count=194 21 16 21 46 18 26
internal_value=-0.000638693 -0.010327 -0.0491115 -0.0954232 0.0269894 0.0553167
internal_weight=342 295 101 62 39 47
internal_count=342 295 101 62 39 47
is_linear=0
shrinkage=0.03


Tree=297
num_leaves=7
num_cat=0
split_feature=1 22 16 0 17 6
split_gain=376.854 418.474 334.962 462.562 496.614 405.665
threshold=7.5000000000000009 44.500000000000007 -9.4999999999999982 32.500000000000007 -4.4999999999999991 0.50000000000000011
decision_type=10 8 8 2 10 8
left_child=2 -2 -1 -4 5 -5
right_child=1 -3 3 4 -6 -7
leaf_value=0.053082752533257005 0.016865203580590057 0.16637169369030744 0.069238067865371705 -0.024808575370806756 0.070299397744238379 -0.13848822590979662
leaf_weight=35 117 14.999999999999998 23 54 17 61
leaf_count=35 117 15 23 54 17 61
internal_value=0.00119151 0.0393065 -0.0256173 -0.0444917 -0.066112 -0.0883661
internal_weight=322 132 190 155 132 115
internal_count=322 132 190 155 132 115
is_linear=0
shrinkage=0.03


Tree=298
num_leaves=7
num_cat=0
split_feature=0 4 17 2 22 2
split_gain=352.005 250.02 262.865 620.219 255.694 919.896
threshold=112.50000000000001 0.68301270189221941 -30.499999999999996 15.050000000000002 20.259313725490198 14.250000000000002
decision_type=2 2 10 2 8 2
left_child=1 2 4 -4 -1 -6
right_child=-2 -3 3 -5 5 -7
leaf_value=0.019001628855073994 -0.11639069737493991 -0.089970535039901725 0.21256437706947326 0.0077785060263198353 -0.17164399315913517 0.095748916034187587
leaf_weight=215 14.999999999999998 14.999999999999998 14.999999999999998 41 22 15.999999999999998
leaf_count=215 15 15 15 41 22 16
internal_value=0.00592608 0.0132717 0.0196363 0.075559 0.00603371 -0.0610154
internal_weight=339 324 309 56 253 38
internal_count=339 324 309 56 253 38
is_linear=0
shrinkage=0.03


Tree=299
num_leaves=7
num_cat=0
split_feature=22 0 22 12 11 16
split_gain=214.774 368.573 201.35 471.405 366.192 218.814
threshold=-17.808496732026139 102.50000000000001 4.5428104575163379 16.450000000000003 -21.499999999999996 -13.499999999999998
decision_type=10 2 10 8 10 10
left_child=1 -1 4 -4 -2 -6
right_child=2 -3 3 -5 5 -7
leaf_value=-0.074834608115573839 0.080140811826871786 0.051309778582433171 0.10827384139224887 -0.05363465749319981 0.026442095737159253 -0.071615996022309572
leaf_weight=77 64 24 14.999999999999998 83 45 30
leaf_count=77 64 24 15 83 45 30
internal_value=-0.0083311 -0.0438533 0.00740036 -0.0247997 0.0301754 -0.0148057
internal_weight=338 101 237 98 139 75
internal_count=338 101 237 98 139 75
is_linear=0
shrinkage=0.03


Tree=300
num_leaves=7
num_cat=0
split_feature=2 2 0 0 17 16
split_gain=209.288 322.55 665.385 493.567 553.661 869.906
threshold=17.100000000000005 13.850000000000003 42.500000000000007 42.500000000000007 6.0000000000000009 2.5000000000000004
decision_type=2 2 2 2 10 8
left_child=1 3 -3 -1 5 -5
right_child=-2 2 -4 4 -6 -7
leaf_value=0.063784504405369882 -0.028043828458878501 -0.073298145568370818 0.10969468241741119 0.045538784982636568 0.089562767418948086 -0.15534793745439784
leaf_weight=52 111 20 66 28 17 47
leaf_count=52 111 20 66 28 17 47
internal_value=0.00501032 0.0212198 0.0654491 -0.0065048 -0.0474735 -0.0821914
internal_weight=341 230 86 144 92 75
internal_count=341 230 86 144 92 75
is_linear=0
shrinkage=0.03


Tree=301
num_leaves=7
num_cat=0
split_feature=16 12 11 2 2 2
split_gain=262.082 258.208 242.203 227.245 599.395 393.784
threshold=7.5000000000000009 4.5500000000000016 -34.499999999999993 14.15 13.15 16.850000000000005
decision_type=8 10 10 2 2 2
left_child=1 2 -1 4 -2 -5
right_child=3 -3 -4 5 -6 -7
leaf_value=0.051867238203792465 -0.0086524682219273272 0.13854865461587906 -0.042028183243595633 0.08604715373280436 -0.1832847867841306 -0.024418313503265378
leaf_weight=64 79 14.999999999999998 34 38 18 85
leaf_count=64 79 15 34 38 18 85
internal_value=0.00375957 0.0399213 0.0188324 -0.0152888 -0.0484545 0.0117373
internal_weight=333 113 98 220 97 123
internal_count=333 113 98 220 97 123
is_linear=0
shrinkage=0.03


Tree=302
num_leaves=7
num_cat=0
split_feature=1 2 20 20 17 2
split_gain=303.906 292.202 605.064 447.017 849.738 410.736
threshold=-17.499999999999996 13.350000000000003 16.500000000000004 28.500000000000004 2.5000000000000004 14.050000000000002
decision_type=10 2 8 8 10 2
left_child=-1 3 -3 -2 -5 -4
right_child=1 2 5 4 -6 -7
leaf_value=-0.10275162764570929 0.034308646511033929 -0.039105946132114953 0.19727696263790129 -0.15077538526058196 0.084980448654719751 0.046207375820846323
leaf_weight=17 54 65 14.999999999999998 40 15.999999999999998 119
leaf_count=17 54 65 15 40 16 119
internal_value=0.0051396 0.012617 0.034009 -0.0258791 -0.0819722 0.0696061
internal_weight=326 309 199 110 56 134
internal_count=326 309 199 110 56 134
is_linear=0
shrinkage=0.03


Tree=303
num_leaves=7
num_cat=0
split_feature=22 2 17 2 3 11
split_gain=286.095 383.825 241.619 194.582 245.979 605.128
threshold=-65.499999999999986 17.550000000000004 -7.4999999999999991 8.2000000000000011 1.0000000180025095e-35 -35.499999999999993
decision_type=10 2 8 2 2 10
left_child=1 -1 -2 -4 5 -5
right_child=2 -3 3 4 -6 -7
leaf_value=0.019918287442280695 0.094702052800886088 -0.15528419486500999 -0.084213082574307915 0.12709454040974377 -0.012775189992815456 -0.011679657671290139
leaf_weight=21 26 17 14.999999999999998 43 144 67
leaf_count=21 26 17 15 43 144 67
internal_value=0.00505688 -0.0674041 0.0153587 0.0061016 0.0129579 0.0457357
internal_weight=333 38 295 269 254 110
internal_count=333 38 295 269 254 110
is_linear=0
shrinkage=0.03


Tree=304
num_leaves=7
num_cat=0
split_feature=2 22 0 22 17 0
split_gain=179.979 391.588 282.691 588.374 370.959 461.295
threshold=18.250000000000004 -23.942483660130716 52.500000000000007 26.140032679738564 20.500000000000004 82.500000000000014
decision_type=2 10 2 8 8 2
left_child=2 -2 -1 4 -4 -6
right_child=1 -3 3 -5 5 -7
leaf_value=-0.017853991083299312 -0.12057495061308145 0.0090721606649458407 0.097178500999103884 0.18263990187126655 0.025482080686641366 -0.12955228235721589
leaf_weight=125 27 59 28 18 52 20
leaf_count=125 27 59 28 18 52 20
internal_value=6.73079e-05 -0.0360196 0.0133075 0.0457015 0.0135292 -0.0231991
internal_weight=329 86 243 118 100 72
internal_count=329 86 243 118 100 72
is_linear=0
shrinkage=0.03


Tree=305
num_leaves=7
num_cat=0
split_feature=12 17 0 2 1 2
split_gain=341.759 312.489 421.271 246.573 199.119 294.574
threshold=9.1500000000000039 -35.499999999999993 97.500000000000014 8.7000000000000011 12.500000000000002 10.250000000000002
decision_type=10 8 2 2 10 2
left_child=1 -1 3 -3 5 -5
right_child=-2 2 -4 4 -6 -7
leaf_value=0.10047306785881518 0.103271806000116 -0.091972886479419216 -0.118535158963039 0.091652873573968049 0.064192272707819936 -0.016381209480265776
leaf_weight=20 26 18 24 21 45 175
leaf_count=20 26 18 24 21 45 175
internal_value=0.00839619 -0.00128928 -0.0101004 0.00200225 0.0107478 -0.00281414
internal_weight=329 303 283 259 241 196
internal_count=329 303 283 259 241 196
is_linear=0
shrinkage=0.03


Tree=306
num_leaves=7
num_cat=0
split_feature=22 17 0 22 17 4
split_gain=142.333 349.174 185.629 141.776 133.189 147.66
threshold=-85.999999999999986 -35.499999999999993 97.500000000000014 -29.259019607843133 26.500000000000004 -0.6830127018922193
decision_type=10 8 2 10 10 2
left_child=-1 -2 3 -3 5 -5
right_child=1 2 -4 4 -6 -7
leaf_value=-0.056709533929824828 0.11738935431296176 0.069436509105563163 -0.078595033061915426 0.026199553166516124 0.060222964310646054 -0.027692265800234477
leaf_weight=37 17 20 24 59 20 159
leaf_count=37 17 20 24 59 20 159
internal_value=-0.00499051 0.00223696 -0.00662902 0.00143242 -0.00559336 -0.0128465
internal_weight=336 299 282 258 238 218
internal_count=336 299 282 258 238 218
is_linear=0
shrinkage=0.03


Tree=307
num_leaves=7
num_cat=0
split_feature=22 2 1 16 22 0
split_gain=174.639 296.619 239.217 159.353 215.92 574.359
threshold=36.500000000000007 13.250000000000002 22.500000000000004 43.500000000000007 -26.724999999999998 62.500000000000007
decision_type=8 2 10 8 10 2
left_child=2 -2 3 -1 -5 -6
right_child=1 -3 -4 4 5 -7
leaf_value=-0.02759263771336893 -0.047275324038096839 0.098837938304333128 -0.10410275783389807 0.09371916559007433 0.038799141337583352 -0.10571441331330467
leaf_weight=137 15.999999999999998 29 19 22 86 29
leaf_count=137 16 29 19 22 86 29
internal_value=-0.00461243 0.0473542 -0.0132543 -0.00520181 0.0173722 -0.000529735
internal_weight=338 45 293 274 137 115
internal_count=338 45 293 274 137 115
is_linear=0
shrinkage=0.03


Tree=308
num_leaves=7
num_cat=0
split_feature=22 17 12 11 17 20
split_gain=354.007 222.334 214.342 267.577 233.245 250.608
threshold=-65.499999999999986 -10.499999999999998 16.450000000000003 20.500000000000004 1.0000000180025095e-35 -13.499999999999998
decision_type=10 8 8 8 10 10
left_child=-1 -2 3 -3 5 -4
right_child=1 2 4 -5 -6 -7
leaf_value=-0.087722098952667277 0.082456293558252264 -0.016672286236205616 -0.06561286612110917 0.10287861301140351 0.033722743727266788 0.012284394172249269
leaf_weight=39 24 32 98 28 51 56
leaf_count=39 24 32 98 28 51 56
internal_value=-0.00844061 0.00356819 -0.00497105 0.0427403 -0.0196205 -0.0377911
internal_weight=328 289 265 60 205 154
internal_count=328 289 265 60 205 154
is_linear=0
shrinkage=0.03


Tree=309
num_leaves=7
num_cat=0
split_feature=2 22 0 22 21 17
split_gain=245.908 318.8 326.157 735.814 306.558 300.743
threshold=18.250000000000004 -8.4353236151603479 67.500000000000014 -33.399999999999991 14.843627450980396 11.500000000000002
decision_type=2 10 2 8 8 10
left_child=1 2 -1 -4 -3 -6
right_child=-2 4 3 -5 5 -7
leaf_value=0.014441373562440275 -0.039282969639040106 0.071418600483414002 -0.0014593949317932128 0.25551718685030933 -0.055130520272163711 0.052947930347534915
leaf_weight=59 84 29 20 14.999999999999998 93 26
leaf_count=59 84 29 20 15 93 26
internal_value=0.00353097 0.0188864 0.0605869 0.126846 -0.00871355 -0.0303339
internal_weight=326 242 94 35 148 119
internal_count=326 242 94 35 148 119
is_linear=0
shrinkage=0.03


Tree=310
num_leaves=7
num_cat=0
split_feature=22 22 22 20 22 4
split_gain=312.723 177.512 337.334 198.04 230.382 170.029
threshold=-41.334278431372539 4.5428104575163379 1.6885620915032684 9.0000000000000018 12.72450980392157 1.0000000180025095e-35
decision_type=8 10 10 8 10 2
left_child=-1 2 5 -3 -5 -2
right_child=1 3 -4 4 -6 -7
leaf_value=-0.092372012837179773 0.03022560655120635 0.056700204672372856 0.14324753308296204 -0.11961518940925597 -0.0094298395802897804 -0.030119310199456701
leaf_weight=24 144 18 14.999999999999998 20 57 54
leaf_count=24 144 18 15 20 57 54
internal_value=0.00190449 0.010609 0.0256492 -0.0227093 -0.0435979 0.0134314
internal_weight=332 308 213 95 77 198
internal_count=332 308 213 95 77 198
is_linear=0
shrinkage=0.03


Tree=311
num_leaves=7
num_cat=0
split_feature=0 17 5 0 23 19
split_gain=389.254 255.299 212.663 159.691 215.053 148.587
threshold=107.50000000000001 6.0000000000000009 1.0000000180025095e-35 87.500000000000014 5.888235294117643 -1.0000000180025095e-35
decision_type=2 8 2 2 2 8
left_child=1 2 -1 4 5 -3
right_child=-2 3 -4 -5 -6 -7
leaf_value=0.12888892518149481 -0.11346690593361855 -0.039640132419087669 -0.0051182458617470483 -0.060349928525586918 -0.056414635101333259 0.030187400494844228
leaf_weight=22 20 28 17 31 35 172
leaf_count=22 20 28 17 31 35 172
internal_value=0.000413908 0.00959117 0.0765318 -0.00145438 0.00741025 0.0196831
internal_weight=325 305 39 266 235 200
internal_count=325 305 39 266 235 200
is_linear=0
shrinkage=0.03


Tree=312
num_leaves=7
num_cat=0
split_feature=22 17 2 20 0 16
split_gain=331.638 135.025 147.896 140.487 113.769 153.174
threshold=-85.999999999999986 -10.499999999999998 19.150000000000002 -1.0000000180025095e-35 92.500000000000014 -13.499999999999998
decision_type=10 8 2 10 2 8
left_child=-1 2 -2 4 5 -3
right_child=1 3 -4 -5 -6 -7
leaf_value=-0.086703491329744059 0.11742005270719527 0.04954731089832342 -0.0022791004722768609 0.059132729539732365 -0.062595726642115351 -0.0116920034538527
leaf_weight=32 14.999999999999998 41 17 28 24 178
leaf_count=32 15 41 17 28 24 178
internal_value=-0.00186507 0.00835683 0.0621152 0.000998709 -0.006757 0.000622945
internal_weight=335 303 32 271 243 219
internal_count=335 303 32 271 243 219
is_linear=0
shrinkage=0.03


Tree=313
num_leaves=7
num_cat=0
split_feature=16 2 0 2 17 0
split_gain=188.761 352.241 494.429 475.474 620.029 473.489
threshold=21.500000000000004 16.850000000000005 62.500000000000007 13.850000000000003 -23.499999999999996 42.500000000000007
decision_type=8 2 2 2 10 2
left_child=-1 3 -3 5 -5 -2
right_child=1 2 -4 4 -6 -7
leaf_value=-0.032733677125340976 0.09033602348528802 0.048776721495848434 -0.094588504779338833 0.20296717306971548 -0.022053546990667069 -0.056333441975025024
leaf_weight=124 27 34 45 25 15.999999999999998 47
leaf_count=124 27 34 45 25 16 47
internal_value=-0.00452778 0.0138702 -0.0336563 0.0465609 0.122302 -0.000488433
internal_weight=318 194 79 115 41 74
internal_count=318 194 79 115 41 74
is_linear=0
shrinkage=0.03


Tree=314
num_leaves=7
num_cat=0
split_feature=0 16 16 16 2 0
split_gain=178.129 124.03 209.704 182.809 158.25 145.212
threshold=32.500000000000007 -9.4999999999999982 -18.499999999999996 -2.4999999999999996 14.450000000000001 67.500000000000014
decision_type=2 8 10 8 2 2
left_child=-1 2 4 -3 -2 -5
right_child=1 3 -4 5 -6 -7
leaf_value=0.057418094992637635 -0.076974844802980835 -0.10606214911937714 0.091473873814810869 -0.001996688506154057 0.027464638611962716 -0.051087510427131368
leaf_weight=25 18 20 18 151 26 80
leaf_count=25 18 20 18 151 26 80
internal_value=-0.0128223 -0.0192472 0.0176848 -0.028537 -0.0187555 -0.01972
internal_weight=338 313 62 251 44 231
internal_count=338 313 62 251 44 231
is_linear=0
shrinkage=0.03


Tree=315
num_leaves=7
num_cat=0
split_feature=11 2 22 17 2 2
split_gain=283.647 508.304 606.955 397.624 578.807 338.785
threshold=23.500000000000004 17.100000000000005 -85.999999999999986 -23.499999999999996 13.350000000000003 9.8500000000000032
decision_type=8 2 10 10 2 2
left_child=5 3 -3 4 -2 -1
right_child=1 2 -4 -5 -6 -7
leaf_value=0.081457662860361421 0.02181814516031676 -0.15573740379038181 0.027644035113709314 -0.0049788991135099655 0.16599216432869435 -0.040218219611756874
leaf_weight=21 46 17 58 41 55 96
leaf_count=21 46 17 58 41 55 96
internal_value=0.0212815 0.0412549 -0.0210581 0.0737634 0.104455 -0.0159356
internal_weight=334 217 75 142 101 117
internal_count=334 217 75 142 101 117
is_linear=0
shrinkage=0.03


Tree=316
num_leaves=7
num_cat=0
split_feature=23 13 0 11 17 2
split_gain=171.634 200.786 204.467 179.321 131.847 197.594
threshold=5.888235294117643 -8.8478666466586642 32.500000000000007 12.500000000000002 2.5000000000000004 15.050000000000002
decision_type=2 10 2 10 10 2
left_child=1 2 -1 -2 5 -4
right_child=3 -3 4 -5 -6 -7
leaf_value=0.069702306527357843 -0.13302253621816634 0.07311582795876477 -0.051815950036162642 -0.0003840892982076515 0.027362801926210524 0.0043018353477265068
leaf_weight=21 14.999999999999998 23 126 17 43 98
leaf_count=21 15 23 126 17 43 98
internal_value=-0.0110367 -0.00370849 -0.0109868 -0.0721325 -0.0184977 -0.0277066
internal_weight=343 311 288 32 267 224
internal_count=343 311 288 32 267 224
is_linear=0
shrinkage=0.03


Tree=317
num_leaves=7
num_cat=0
split_feature=1 16 2 5 1 16
split_gain=209.298 310.204 247.323 419.665 284.188 304.487
threshold=17.500000000000004 -66.999999999999986 10.65 0.9330127018922193 7.5000000000000009 -15.499999999999998
decision_type=8 10 2 2 10 8
left_child=2 -2 3 -1 -4 -6
right_child=1 -3 4 -5 5 -7
leaf_value=-0.12013978855574832 -0.13375903982382553 0.029497593442909417 -0.0091524831012689632 0.053970590909676895 -0.052198199719190597 0.083643929505950371
leaf_weight=29 21 14.999999999999998 163 15.999999999999998 14.999999999999998 68
leaf_count=29 21 15 163 16 15 68
internal_value=-0.00697207 -0.0704337 0.001936 -0.0590274 0.0140415 0.0575232
internal_weight=327 36 291 45 246 83
internal_count=327 36 291 45 246 83
is_linear=0
shrinkage=0.03


Tree=318
num_leaves=7
num_cat=0
split_feature=22 23 2 22 4 16
split_gain=386.355 364.982 302.158 138.753 289.859 695.042
threshold=30.035882352941183 14.221568627450987 15.850000000000003 2.7500000000000004 0.25000000000000011 -12.499999999999998
decision_type=8 2 2 10 2 8
left_child=1 3 -2 4 -1 -6
right_child=2 -3 -4 -5 5 -7
leaf_value=-0.0041146564352887351 -0.0020906666417916616 -0.144853490665555 0.13229901354117637 0.022841462762421601 0.030023728781021559 -0.19798299171924588
leaf_weight=146 31 14.999999999999998 24 72 21 20
leaf_count=146 31 15 24 72 21 20
internal_value=-0.00648845 -0.0212493 0.0626901 -0.0114829 -0.0249493 -0.0906295
internal_weight=329 274 55 259 187 41
internal_count=329 274 55 259 187 41
is_linear=0
shrinkage=0.03


Tree=319
num_leaves=7
num_cat=0
split_feature=22 4 2 2 2 19
split_gain=325.937 235.46 425.241 463.456 236.115 145.75
threshold=29.000000000000004 1.0000000180025095e-35 15.65 13.850000000000003 18.450000000000003 -1.0000000180025095e-35
decision_type=8 2 2 2 2 8
left_child=1 5 3 -3 -4 -1
right_child=-2 2 4 -5 -6 -7
leaf_value=-0.042450642419918888 0.072978978072559195 -0.054626033873092832 -0.15689443372446912 0.094188172101974485 -0.032056636868699175 0.029746258256196135
leaf_weight=26 51 36 24 30 32 137
leaf_count=26 51 36 24 30 32 137
internal_value=0.00679093 -0.0061073 -0.0368434 0.0148862 -0.0940333 0.0173095
internal_weight=336 285 122 66 56 163
internal_count=336 285 122 66 56 163
is_linear=0
shrinkage=0.03


Tree=320
num_leaves=7
num_cat=0
split_feature=13 1 0 0 6 16
split_gain=339.916 206.83 272.331 406.01 573.289 233.877
threshold=-10.927450980392157 1.0000000180025095e-35 32.500000000000007 77.500000000000014 0.83333333333333337 26.500000000000004
decision_type=10 8 2 2 8 8
left_child=1 2 -1 4 -4 -3
right_child=-2 5 3 -5 -6 -7
leaf_value=0.1030806165933609 0.056082605036810548 0.0039227396668866273 0.042553619781509046 0.076281689261086277 -0.12296775825494942 -0.069339406615809382
leaf_weight=17 53 59 30 27 38 109
leaf_count=17 53 59 30 27 38 109
internal_value=-0.0103263 -0.02366 0.00778248 -0.0135722 -0.0520306 -0.0442407
internal_weight=333 280 112 95 68 168
internal_count=333 280 112 95 68 168
is_linear=0
shrinkage=0.03


Tree=321
num_leaves=7
num_cat=0
split_feature=2 22 1 2 11 16
split_gain=284.744 165.818 194.983 264.634 320.802 383.211
threshold=8.7000000000000011 -51.749999999999993 -12.499999999999998 20.550000000000004 -29.499999999999996 3.5000000000000004
decision_type=2 8 10 2 10 10
left_child=-1 -2 -3 4 5 -4
right_child=1 2 3 -5 -6 -7
leaf_value=-0.099317587704762164 -0.073921842265874144 -0.060529738658307387 0.079892346484225177 -0.052801285446495622 -0.013971647518719064 -0.034193382586751662
leaf_weight=18 14.999999999999998 23 129 32 82 30
leaf_count=18 15 23 129 32 82 30
internal_value=0.00264087 0.0100201 0.0154312 0.0228044 0.0337125 0.0579805
internal_weight=329 311 296 273 241 159
internal_count=329 311 296 273 241 159
is_linear=0
shrinkage=0.03


Tree=322
num_leaves=7
num_cat=0
split_feature=17 13 16 1 16 2
split_gain=345.311 258.414 376.413 324.271 258.748 169.704
threshold=-10.499999999999998 -7.7755882352941166 7.5000000000000009 1.0000000180025095e-35 -3.4999999999999996 9.6500000000000004
decision_type=8 10 8 8 10 2
left_child=-1 3 -3 4 -2 -5
right_child=1 2 -4 5 -6 -7
leaf_value=0.07908714720836052 0.033182574389982462 0.13710025906562803 -0.023303407356989655 -0.13889274054765699 -0.075202135062217706 -0.041185423815754095
leaf_weight=34 92 18 28 14.999999999999998 20 137
leaf_count=34 92 18 28 15 20 137
internal_value=-0.00521157 -0.0155658 0.0467509 -0.0270912 0.0114415 -0.0549439
internal_weight=344 310 46 264 112 152
internal_count=344 310 46 264 112 152
is_linear=0
shrinkage=0.03


Tree=323
num_leaves=7
num_cat=0
split_feature=0 22 2 17 2 20
split_gain=463.54 311.641 205.472 285.999 531.173 131.89
threshold=112.50000000000001 -41.334278431372539 8.2000000000000011 -30.499999999999996 14.250000000000002 -1.0000000180025095e-35
decision_type=2 10 2 10 2 10
left_child=1 -1 -3 5 -5 -4
right_child=-2 2 3 4 -6 -7
leaf_value=-0.072652336315065624 -0.14311354079810173 -0.084397631864994757 -0.011427717388243131 0.19009120605208657 0.007871928233653307 0.057413636346443975
leaf_weight=45 18 14.999999999999998 179 17 43 24
leaf_count=45 18 15 179 17 43 24
internal_value=-0.012977 -0.0036537 0.00860142 0.0153812 0.0701517 -0.00210435
internal_weight=341 323 278 263 60 203
internal_count=341 323 278 263 60 203
is_linear=0
shrinkage=0.03


Tree=324
num_leaves=7
num_cat=0
split_feature=22 0 2 12 21 22
split_gain=216.22 289.963 264.511 150.08 161.961 116.59
threshold=20.259313725490198 42.500000000000007 13.850000000000003 7.900000000000003 -8.8924117647058818 5.166666666666667
decision_type=8 2 2 10 10 10
left_child=3 -2 -3 4 5 -1
right_child=1 2 -4 -5 -6 -7
leaf_value=0.015688882901200227 0.037564866685867303 -0.1579747346100899 -0.019633206725120544 0.071973133488957369 -0.072247294262051578 -0.043817782836300986
leaf_weight=191 20 21 27 23 21 30
leaf_count=191 20 21 27 23 21 30
internal_value=-0.00626706 -0.0520066 -0.0893511 0.00621562 -0.0013645 0.00682035
internal_weight=333 68 48 265 242 221
internal_count=333 68 48 265 242 221
is_linear=0
shrinkage=0.03


Tree=325
num_leaves=7
num_cat=0
split_feature=20 12 2 13 17 0
split_gain=140.448 142.675 182.404 172.542 157.436 271.092
threshold=-24.999999999999996 16.450000000000003 20.300000000000001 -2.3372549019607827 -35.499999999999993 62.500000000000007
decision_type=8 8 2 10 8 2
left_child=-1 2 3 -2 -3 -6
right_child=1 4 -4 -5 5 -7
leaf_value=-0.063278180775435067 0.14996866786054203 0.079551600457533539 -0.02687015326693654 0.024359677208454483 0.019715925476380756 -0.043672508885783529
leaf_weight=18 15.999999999999998 18 14.999999999999998 23 170 88
leaf_count=18 16 18 15 23 170 88
internal_value=0.00866018 0.01347 0.0558307 0.0870776 0.00433605 -0.00232417
internal_weight=348 330 54 39 276 258
internal_count=348 330 54 39 276 258
is_linear=0
shrinkage=0.03


Tree=326
num_leaves=7
num_cat=0
split_feature=22 2 22 23 17 0
split_gain=117.413 261.085 140.816 180.843 175.24 311.444
threshold=33.500000000000007 15.250000000000002 20.259313725490198 12.500000000000002 -86.499999999999986 97.500000000000014
decision_type=8 2 10 2 10 2
left_child=2 -2 3 4 5 -1
right_child=1 -3 -4 -5 -6 -7
leaf_value=-0.0075382086914032691 -0.027049965262413024 0.098134487536735829 -0.066663666045473469 0.083381248265504831 0.033298391575274401 -0.13045131613101277
leaf_weight=166 25 27 26 17 68 15.999999999999998
leaf_count=166 25 27 26 17 68 16
internal_value=0.0014254 0.0408562 -0.00614065 0.000870069 -0.0062656 -0.0215428
internal_weight=345 52 293 267 250 182
internal_count=345 52 293 267 250 182
is_linear=0
shrinkage=0.03


Tree=327
num_leaves=7
num_cat=0
split_feature=0 2 2 22 17 2
split_gain=240.45 351.177 604.786 297.879 265.803 212.547
threshold=67.500000000000014 19.150000000000002 14.15 19.040849673202619 -35.499999999999993 16.050000000000004
decision_type=2 2 2 10 10 2
left_child=3 2 -2 5 -4 -1
right_child=1 -3 4 -5 -6 -7
leaf_value=-0.013990535070941619 -0.10383419381514672 -0.1106259848177433 0.10060188898018427 0.11001132500171662 -0.034614830357687809 0.049810169969374936
leaf_weight=131 26 30 37 25 15.999999999999998 67
leaf_count=131 26 30 37 25 16 67
internal_value=0.00412925 -0.0315123 0.00332747 0.0218595 0.0603167 0.00829369
internal_weight=332 109 79 223 53 198
internal_count=332 109 79 223 53 198
is_linear=0
shrinkage=0.03


Tree=328
num_leaves=7
num_cat=0
split_feature=16 2 2 22 22 5
split_gain=213.567 294.787 256.093 594.362 451.177 557.698
threshold=-1.0000000180025095e-35 13.750000000000002 16.850000000000005 -26.724999999999998 -8.2578653594771225 1.0000000180025095e-35
decision_type=8 2 2 10 10 2
left_child=1 -1 3 -2 5 -4
right_child=2 -3 4 -5 -6 -7
leaf_value=0.10604957500052067 0.11203213397194357 -0.0070424258438023654 -0.24827092614769936 -0.028520696880085801 0.0070402933387680253 -0.03205737689975649
leaf_weight=26 29 61 14.999999999999998 128 42 27
leaf_count=26 29 61 15 128 42 27
internal_value=-0.00847383 0.0306819 -0.0229452 9.7777e-05 -0.0635996 -0.127474
internal_weight=328 87 241 157 84 42
internal_count=328 87 241 157 84 42
is_linear=0
shrinkage=0.03


Tree=329
num_leaves=7
num_cat=0
split_feature=22 5 17 0 2 11
split_gain=191.83 615.612 220.942 267.628 237.492 244.573
threshold=-65.499999999999986 1.0000000180025095e-35 -27.499999999999996 62.500000000000007 20.150000000000002 -5.4999999999999991
decision_type=10 2 8 2 2 10
left_child=1 -1 -2 4 5 -4
right_child=2 -3 3 -5 -6 -7
leaf_value=-0.16733521196131521 0.095833561956882474 0.032340514460520352 0.022765742445274465 -0.046339074511300114 0.098214555715139096 -0.056989552264567457
leaf_weight=21 14.999999999999998 27 119 97 21 43
leaf_count=21 15 27 119 97 21 43
internal_value=-0.0100135 -0.0625626 -0.000562941 -0.00731773 0.014048 0.000523674
internal_weight=343 48 295 280 183 162
internal_count=343 48 295 280 183 162
is_linear=0
shrinkage=0.03


Tree=330
num_leaves=7
num_cat=0
split_feature=22 2 2 0 16 0
split_gain=187.072 350.087 631.876 170.833 126.249 139.438
threshold=-48.499999999999993 18.850000000000005 16.050000000000004 102.50000000000001 -4.4999999999999991 52.500000000000007
decision_type=10 2 2 2 8 2
left_child=1 2 -1 4 5 -2
right_child=3 -3 -4 -5 -6 -7
leaf_value=-0.026834534406661989 0.073721068143844604 -0.061300634789679731 0.20582718304225375 -0.09777618352662433 -0.02206328058024732 -0.011120636193081736
leaf_weight=19 25 15.999999999999998 15.999999999999998 17 200 39
leaf_count=19 25 16 16 17 200 39
internal_value=-0.0075985 0.0426969 0.0919586 -0.0173137 -0.0104113 0.0249612
internal_weight=332 51 35 281 264 64
internal_count=332 51 35 281 264 64
is_linear=0
shrinkage=0.03


Tree=331
num_leaves=7
num_cat=0
split_feature=2 17 2 23 17 2
split_gain=207.915 170.438 339.018 228.581 277.312 229.321
threshold=8.7000000000000011 1.0000000180025095e-35 15.450000000000001 12.500000000000002 -7.4999999999999991 14.850000000000003
decision_type=2 10 2 2 8 2
left_child=-1 3 -3 4 -2 -6
right_child=1 2 -4 -5 5 -7
leaf_value=-0.081395346366840857 0.070500219327372479 0.15439986586570739 -0.0076665476597845552 0.084447991991681709 -0.042866562435451401 0.017927548931329512
leaf_weight=18 32 15.999999999999998 25 23 131 91
leaf_count=18 32 16 25 23 131 91
internal_value=0.00587845 0.012002 0.065487 0.0030647 -0.00579266 -0.0181005
internal_weight=336 318 41 277 254 222
internal_count=336 318 41 277 254 222
is_linear=0
shrinkage=0.03


Tree=332
num_leaves=7
num_cat=0
split_feature=17 0 22 17 4 13
split_gain=105.471 490.169 187.714 195.605 313.839 125.488
threshold=11.500000000000002 62.500000000000007 12.72450980392157 -35.499999999999993 1.0000000180025095e-35 -7.7755882352941166
decision_type=10 2 10 10 2 10
left_child=2 -2 3 5 -5 -1
right_child=1 -3 -4 4 -6 -7
leaf_value=0.0099112662289059968 0.15801936185359955 -0.048008585591679032 -0.06897561809708995 0.038953202881596302 -0.11954136915206909 0.071289251968264578
leaf_weight=194 14.999999999999998 18 26 17 20 31
leaf_count=194 15 18 26 17 20 31
internal_value=0.00713232 0.0541103 0.000917908 0.0090157 -0.0507515 0.0197337
internal_weight=321 33 288 262 37 225
internal_count=321 33 288 262 37 225
is_linear=0
shrinkage=0.03


Tree=333
num_leaves=7
num_cat=0
split_feature=22 2 22 13 23 22
split_gain=330.702 256.337 191.947 138.038 167.578 132.179
threshold=-65.499999999999986 17.350000000000005 -41.334278431372539 -1.0333333333333312 3.8593137254901966 -16.72803921568627
decision_type=10 2 10 10 2 10
left_child=1 -1 -2 4 5 -4
right_child=2 -3 3 -5 -6 -7
leaf_value=-0.010688664250903659 0.090657419353723512 -0.15657328726156899 -0.04899418619461357 0.051503860231708075 -0.083587631831566478 0.0066307591221573736
leaf_weight=22 14.999999999999998 18 43 29 22 189
leaf_count=22 15 18 43 29 22 189
internal_value=-0.0106348 -0.0864395 0.000798878 -0.00545517 -0.0128271 -0.00449516
internal_weight=338 40 298 283 254 232
internal_count=338 40 298 283 254 232
is_linear=0
shrinkage=0.03


Tree=334
num_leaves=7
num_cat=0
split_feature=0 22 2 16 23 5
split_gain=273.833 153.984 461.031 170.472 240.346 207.718
threshold=32.500000000000007 -65.499999999999986 17.350000000000005 -9.4999999999999982 17.115196078431378 1.0000000180025095e-35
decision_type=2 10 2 10 2 2
left_child=-1 2 -2 5 -5 -3
right_child=1 3 -4 4 -6 -7
leaf_value=0.078514472208917135 0.029555119734544021 0.04464854360061387 -0.15908993206594299 -0.059512351823003982 0.058693399317562581 -0.01941224026583856
leaf_weight=27 21 85 18 74 14.999999999999998 88
leaf_count=27 21 85 18 74 15 88
internal_value=-0.00508333 -0.0137425 -0.0656963 -0.00492351 -0.0375277 0.0124328
internal_weight=328 301 39 262 89 173
internal_count=328 301 39 262 89 173
is_linear=0
shrinkage=0.03


Tree=335
num_leaves=7
num_cat=0
split_feature=2 2 5 2 22 11
split_gain=149.371 375.512 481.087 215.102 249.371 177.579
threshold=8.7000000000000011 11.15 1.0000000180025095e-35 13.350000000000003 7.5769542483660137 1.5000000000000002
decision_type=2 2 2 2 8 8
left_child=-1 2 -2 4 -3 -5
right_child=1 3 -4 5 -6 -7
leaf_value=-0.083840969375201621 0.17968437670306725 -0.015045127646867617 -0.0079196186782792208 -0.048603405709792345 -0.14253780919572581 0.013347173623208489
leaf_weight=15.999999999999998 17 38 27 49 18 177
leaf_count=16 17 38 27 49 18 177
internal_value=-0.00628744 -0.00127214 0.0755026 -0.0143579 -0.0643493 -0.00084588
internal_weight=342 326 44 282 56 226
internal_count=342 326 44 282 56 226
is_linear=0
shrinkage=0.03


Tree=336
num_leaves=7
num_cat=0
split_feature=17 2 2 5 22 3
split_gain=196.42 235.965 518.306 658.717 495.558 361.693
threshold=-10.499999999999998 18.250000000000004 14.850000000000003 1.0000000180025095e-35 -41.334278431372539 1.0000000180025095e-35
decision_type=10 2 2 2 10 2
left_child=1 2 5 -4 -3 -1
right_child=-2 4 3 -5 -6 -7
leaf_value=0.051344222310628441 -0.04625107940810267 -0.13111349618640439 0.0073787656426429751 0.23137855912032335 0.020667047375813128 -0.038417924015542095
leaf_weight=69 59 24 25 18 55 84
leaf_count=69 59 24 25 18 55 84
internal_value=0.00118292 0.0120039 0.0294694 0.115481 -0.0305032 0.00240682
internal_weight=334 275 196 43 79 153
internal_count=334 275 196 43 79 153
is_linear=0
shrinkage=0.03


Tree=337
num_leaves=7
num_cat=0
split_feature=12 23 1 16 1 5
split_gain=153.192 250.519 162.176 182.624 206.517 290.639
threshold=9.1500000000000039 5.888235294117643 17.500000000000004 15.000000000000002 -12.499999999999998 -0.24999999999999994
decision_type=10 2 8 8 10 2
left_child=1 2 3 -1 -5 -6
right_child=-2 -3 -4 4 5 -7
leaf_value=-0.019131214286563759 0.061588568161515631 -0.10554967290588788 -0.060147428512573237 -0.052996165826916693 -0.0047353945811993252 0.081922865333035583
leaf_weight=113 29 15.999999999999998 29 19 62 73
leaf_count=113 29 16 29 19 62 73
internal_value=0.00108606 -0.0054203 0.00165551 0.00935044 0.0301937 0.0433765
internal_weight=341 312 296 267 154 135
internal_count=341 312 296 267 154 135
is_linear=0
shrinkage=0.03


Tree=338
num_leaves=7
num_cat=0
split_feature=16 1 0 1 22 17
split_gain=114.762 157.897 276.505 333.784 193.994 119.349
threshold=17.500000000000004 17.500000000000004 102.50000000000001 12.500000000000002 1.6885620915032684 -70.499999999999986
decision_type=10 8 2 10 8 10
left_child=1 2 3 -1 -5 -3
right_child=-2 5 -4 4 -6 -7
leaf_value=-0.014416701034929947 0.065059808436781164 -0.096580324992537506 0.092453702911734575 0.002661763709038496 0.14628975574672221 0.0086571221351623533
leaf_weight=222 23 19 27 14.999999999999998 15.000000000000002 14.999999999999998
leaf_count=222 23 19 27 15 15 15
internal_value=0.00686759 0.00163576 0.00938365 -0.00114226 0.0851152 -0.0549945
internal_weight=336 313 279 252 30 34
internal_count=336 313 279 252 30 34
is_linear=0
shrinkage=0.03


Tree=339
num_leaves=7
num_cat=0
split_feature=17 22 22 4 2 2
split_gain=151.834 265.065 116.382 127.099 569.714 369.739
threshold=-40.999999999999993 -33.399999999999991 25.698856209150328 0.25000000000000011 14.65 14.250000000000002
decision_type=8 8 10 2 2 2
left_child=-1 -2 3 5 -5 -3
right_child=1 2 -4 4 -6 -7
leaf_value=0.092535464733839029 -0.093604538684541522 -0.035282587914261962 -0.037662786474185334 0.10467624843964037 -0.08592465063929558 0.044047526287830478
leaf_weight=14.999999999999998 17 91 30 48 14.999999999999998 113
leaf_count=15 17 91 30 48 15 113
internal_value=0.0123145 0.00709194 0.01431 0.0207347 0.0563139 0.00866258
internal_weight=329 314 297 267 63 204
internal_count=329 314 297 267 63 204
is_linear=0
shrinkage=0.03


Tree=340
num_leaves=7
num_cat=0
split_feature=0 12 0 1 16 0
split_gain=285.021 311.617 138.754 180.035 294.922 271.204
threshold=102.50000000000001 9.1500000000000039 87.500000000000014 7.5000000000000009 -9.4999999999999982 62.500000000000007
decision_type=2 10 2 10 8 2
left_child=1 2 3 4 -1 -5
right_child=-2 -3 -4 5 -6 -7
leaf_value=0.070722086179640986 0.09461516658847148 0.1224034639187157 -0.056180155832852637 0.068816168143137083 -0.032486744727506192 -0.037222639499232171
leaf_weight=26 34 14.999999999999998 30 69 124 27
leaf_count=26 34 15 30 69 124 27
internal_value=0.0184079 0.00805618 -0.000225761 0.00758114 -0.0128929 0.0386265
internal_weight=325 291 276 246 150 96
internal_count=325 291 276 246 150 96
is_linear=0
shrinkage=0.03


Tree=341
num_leaves=7
num_cat=0
split_feature=22 22 0 17 11 2
split_gain=166.757 271.902 261.039 221.699 195.433 305.689
threshold=4.5428104575163379 2.7500000000000004 37.500000000000007 -10.499999999999998 -21.499999999999996 17.100000000000005
decision_type=10 10 2 10 10 2
left_child=1 3 -2 4 5 -1
right_child=2 -3 -4 -5 -6 -7
leaf_value=0.075511172952585262 -0.1052841489513715 0.12371195656912666 0.0031163873840813279 -0.082890106013842987 -0.019735706238100281 -0.013511314504459256
leaf_weight=81 22 15.999999999999998 76 15.999999999999998 72 56
leaf_count=81 22 16 76 16 72 56
internal_value=0.00702656 0.0203552 -0.025148 0.0104758 0.0193931 0.039928
internal_weight=339 241 98 225 209 137
internal_count=339 241 98 225 209 137
is_linear=0
shrinkage=0.03


Tree=342
num_leaves=7
num_cat=0
split_feature=20 0 16 13 1 0
split_gain=281.349 265.674 269.846 250.01 211.096 431.838
threshold=-24.999999999999996 42.500000000000007 -3.4999999999999996 -5.7450980392156827 -7.4999999999999991 107.50000000000001
decision_type=10 2 10 10 10 2
left_child=1 2 -1 -2 -3 -6
right_child=3 4 -4 -5 5 -7
leaf_value=0.091793783574268734 0.0027703999012413587 0.016797250327540609 -0.053182557106018068 0.10779562207941824 -0.038816458861014445 -0.18293655986371246
leaf_weight=24 96 36 14.999999999999998 21 128 18
leaf_count=24 96 36 15 21 128 18
internal_value=-0.0116635 -0.031341 0.0363266 0.0252664 -0.0464248 -0.0620538
internal_weight=338 221 39 117 182 146
internal_count=338 221 39 117 182 146
is_linear=0
shrinkage=0.03


Tree=343
num_leaves=7
num_cat=0
split_feature=22 3 2 20 0 22
split_gain=125.824 200.033 583.251 793.23 556.398 837.115
threshold=-55.499999999999993 1.0000000180025095e-35 14.850000000000003 -13.499999999999998 37.500000000000007 3.8750000000000004
decision_type=8 2 2 10 2 8
left_child=-1 4 3 -3 -2 -6
right_child=1 2 -4 -5 5 -7
leaf_value=-0.063625333649771548 -0.0561453814460681 -0.11079937805204768 0.0418081803061068 0.072423961527885924 0.0084683622810102638 0.19341332104057074
leaf_weight=15.999999999999998 34 68 103 26 58 31
leaf_count=16 34 68 103 26 58 31
internal_value=0.00774972 0.0122424 -0.0065739 -0.0590223 0.0414587 0.0797488
internal_weight=336 320 197 94 123 89
internal_count=336 320 197 94 123 89
is_linear=0
shrinkage=0.03


Tree=344
num_leaves=7
num_cat=0
split_feature=12 16 22 2 6 0
split_gain=181.754 191.074 146.096 206.535 289.979 199.55
threshold=8.4500000000000011 -3.4999999999999996 -17.808496732026139 8.2000000000000011 inf 62.500000000000007
decision_type=10 10 10 2 8 2
left_child=1 2 -1 -4 -5 -6
right_child=-2 -3 3 4 5 -7
leaf_value=-0.023133150421910813 0.066258334304121397 -0.055417239690413241 -0.066534286737442008 -0.0084247226344600114 0.12476692027951541 0.019435196664889114
leaf_weight=103 28 56 15.999999999999998 68 33 32
leaf_count=103 28 56 16 68 33 32
internal_value=-0.000716382 -0.00776617 0.0036951 0.0223897 0.0351104 0.0780035
internal_weight=336 308 252 149 133 65
internal_count=336 308 252 149 133 65
is_linear=0
shrinkage=0.03


Tree=345
num_leaves=7
num_cat=0
split_feature=0 22 2 2 2 22
split_gain=202.09 661.478 325.552 380.988 490.474 506.338
threshold=42.500000000000007 -8.0553607843137236 10.65 17.100000000000005 13.850000000000003 20.259313725490198
decision_type=2 10 2 2 2 8
left_child=1 -1 -2 4 5 -4
right_child=2 -3 3 -5 -6 -7
leaf_value=0.13293630330774345 -0.10522923561659726 -0.020301478625490112 0.021201311406231362 -0.052287375306678485 0.08487842611091978 -0.15674245838820935
leaf_weight=33 28 73 48 82 63 14.999999999999998
leaf_count=33 28 73 48 82 63 15
internal_value=-0.00228516 0.0312438 -0.0176806 -0.00370164 0.0287065 -0.0295762
internal_weight=342 106 236 208 126 63
internal_count=342 106 236 208 126 63
is_linear=0
shrinkage=0.03


Tree=346
num_leaves=7
num_cat=0
split_feature=22 5 17 1 15 13
split_gain=327 384.683 157.3 477.474 159.046 182.019
threshold=-85.999999999999986 1.0000000180025095e-35 -7.4999999999999991 1.0000000180025095e-35 30.500000000000004 -7.7755882352941166
decision_type=10 2 8 10 8 10
left_child=1 -1 3 -2 -4 -6
right_child=2 -3 4 -5 5 -7
leaf_value=-0.19319411954283713 -0.059522694841675133 -0.0056575217485427855 0.028714392672159843 0.13185110056400298 -0.042152406347132368 0.022969075098414633
leaf_weight=14.999999999999998 18 20 51 20 171 46
leaf_count=15 18 20 51 20 171 46
internal_value=-0.0194146 -0.100133 -0.0087207 0.0448199 -0.0169941 -0.0281414
internal_weight=341 35 306 38 268 217
internal_count=341 35 306 38 268 217
is_linear=0
shrinkage=0.03


Tree=347
num_leaves=7
num_cat=0
split_feature=0 22 22 22 17 1
split_gain=121.728 342.423 230.777 190.81 299.688 197.135
threshold=67.500000000000014 20.259313725490198 19.040849673202619 -3.9780252100840325 -47.999999999999993 1.0000000180025095e-35
decision_type=2 10 10 8 10 10
left_child=2 3 -1 4 5 -2
right_child=1 -3 -4 -5 -6 -7
leaf_value=0.017203274447184343 0.087972803413867942 -0.11736995841775621 0.1028300640600569 0.065126029394034821 -0.10810561375184492 -0.026653395574539898
leaf_weight=190 19 15.999999999999998 29 37 17 27
leaf_count=190 19 16 29 37 17 27
internal_value=0.0176515 -0.00701951 0.0305842 0.0153848 -0.0164689 0.0246753
internal_weight=335 116 219 100 63 46
internal_count=335 116 219 100 63 46
is_linear=0
shrinkage=0.03


Tree=348
num_leaves=7
num_cat=0
split_feature=2 3 0 22 17 13
split_gain=185.509 366.941 295.866 244.485 184.542 130.219
threshold=18.250000000000004 1.0000000180025095e-35 47.500000000000007 -19.833333333333332 -7.4999999999999991 -2.3372549019607827
decision_type=2 2 2 10 8 8
left_child=4 -2 -3 -4 -1 -6
right_child=1 2 3 -5 5 -7
leaf_value=0.10131010570309379 -0.14555641671270131 0.085473350286483757 -0.11309350405050361 0.01733629859983921 0.075912762763909999 0.0019438142124293507
leaf_weight=17 14.999999999999998 20 18 27 19 202
leaf_count=17 15 20 18 27 19 202
internal_value=0.00505392 -0.0331845 0.00129207 -0.0409278 0.0183255 0.00984193
internal_weight=318 80 65 45 238 221
internal_count=318 80 65 45 238 221
is_linear=0
shrinkage=0.03


Tree=349
num_leaves=7
num_cat=0
split_feature=22 5 17 4 17 20
split_gain=121.264 388.482 198.329 169.064 258.552 135.24
threshold=-65.499999999999986 1.0000000180025095e-35 -23.499999999999996 -0.93301270189221908 11.500000000000002 -24.999999999999996
decision_type=10 2 8 2 8 8
left_child=1 -1 -2 -4 -5 -6
right_child=2 -3 3 4 5 -7
leaf_value=-0.12452651103337606 0.093748149488653454 0.034372407257556914 0.081755153104662887 -0.088473073421046128 -0.067727654562755063 0.01065137244835496
leaf_weight=22 15.999999999999998 25 14.999999999999998 27 17 195
leaf_count=22 16 25 15 27 17 195
internal_value=-0.00285125 -0.0448278 0.00513797 -0.00214583 -0.00897898 0.00295053
internal_weight=317 47 270 254 239 212
internal_count=317 47 270 254 239 212
is_linear=0
shrinkage=0.03


end of trees

feature_importances:
dv_all_mean=396
abs_lat=361
v0=328
dv_past12=188
dv_COTC=181
dv_CTCX=128
dv_AEMN=106
month_cos=87
dv_IFS-ENSM=66
month_sin=62
dv_GFS=55
rule=33
arabian_sea=29
land_frac=21
dv_IFS=20
dv_ecmwf_mean=16
dv_HWRF=10
dv_CMC=8
land_at_lead=3
dv_UKM=2

parameters:
[boosting: gbdt]
[objective: regression]
[metric: l2]
[tree_learner: serial]
[device_type: cpu]
[data_sample_strategy: bagging]
[data: ]
[valid: ]
[num_iterations: 350]
[learning_rate: 0.03]
[num_leaves: 7]
[num_threads: 0]
[seed: 0]
[deterministic: 0]
[force_col_wise: 0]
[force_row_wise: 0]
[histogram_pool_size: -1]
[max_depth: -1]
[min_data_in_leaf: 15]
[min_sum_hessian_in_leaf: 0.001]
[bagging_fraction: 0.8]
[pos_bagging_fraction: 1]
[neg_bagging_fraction: 1]
[bagging_freq: 1]
[bagging_seed: 7719]
[bagging_by_query: 0]
[feature_fraction: 0.8]
[feature_fraction_bynode: 1]
[feature_fraction_seed: 2437]
[extra_trees: 0]
[extra_seed: 11797]
[early_stopping_round: 0]
[early_stopping_min_delta: 0]
[first_metric_only: 0]
[max_delta_step: 0]
[lambda_l1: 0]
[lambda_l2: 5]
[linear_lambda: 0]
[min_gain_to_split: 0]
[drop_rate: 0.1]
[max_drop: 50]
[skip_drop: 0.5]
[xgboost_dart_mode: 0]
[uniform_drop: 0]
[drop_seed: 21238]
[top_rate: 0.2]
[other_rate: 0.1]
[min_data_per_group: 100]
[max_cat_threshold: 32]
[cat_l2: 10]
[cat_smooth: 10]
[max_cat_to_onehot: 4]
[top_k: 20]
[monotone_constraints: ]
[monotone_constraints_method: basic]
[monotone_penalty: 0]
[feature_contri: ]
[forcedsplits_filename: ]
[refit_decay_rate: 0.9]
[cegb_tradeoff: 1]
[cegb_penalty_split: 0]
[cegb_penalty_feature_lazy: ]
[cegb_penalty_feature_coupled: ]
[path_smooth: 0]
[interaction_constraints: ]
[verbosity: -1]
[saved_feature_importance_type: 0]
[use_quantized_grad: 0]
[num_grad_quant_bins: 4]
[quant_train_renew_leaf: 0]
[stochastic_rounding: 1]
[linear_tree: 0]
[max_bin: 255]
[max_bin_by_feature: ]
[min_data_in_bin: 3]
[bin_construct_sample_cnt: 200000]
[data_random_seed: 38]
[is_enable_sparse: 1]
[enable_bundle: 1]
[use_missing: 1]
[zero_as_missing: 0]
[feature_pre_filter: 1]
[pre_partition: 0]
[two_round: 0]
[header: 0]
[label_column: ]
[weight_column: ]
[group_column: ]
[ignore_column: ]
[categorical_feature: ]
[forcedbins_filename: ]
[precise_float_parser: 0]
[parser_config_file: ]
[objective_seed: 8855]
[num_class: 1]
[is_unbalance: 0]
[scale_pos_weight: 1]
[sigmoid: 1]
[boost_from_average: 1]
[reg_sqrt: 0]
[alpha: 0.9]
[fair_c: 1]
[poisson_max_delta_step: 0.7]
[tweedie_variance_power: 1.5]
[lambdarank_truncation_level: 30]
[lambdarank_norm: 1]
[label_gain: ]
[lambdarank_position_bias_regularization: 0]
[eval_at: ]
[multi_error_top_k: 1]
[auc_mu_weights: ]
[num_machines: 1]
[local_listen_port: 12400]
[time_out: 120]
[machine_list_filename: ]
[machines: ]
[gpu_platform_id: -1]
[gpu_device_id: -1]
[gpu_device_id_list: ]
[gpu_use_dp: 0]
[num_gpu: 1]

end of parameters

pandas_categorical:[]
