tree
version=v4
num_class=1
num_tree_per_iteration=1
label_index=0
max_feature_idx=23
objective=binary sigmoid:1
feature_names=v0 dv_past12 abs_lat arabian_sea month_sin month_cos land_frac land_at_lead hours_to_land on_land_now dv_AIFS dv_GFS dv_IFS dv_IFS-ENSM dv_AIFS-ENSM dv_HWRF dv_CTCX dv_COTC dv_UKM dv_CMC dv_AEMN dv_ecmwf_mean dv_all_mean rule
feature_infos=[25:150] [-40:65] [4.5999999999999996:24.5] [0:1] [-1:1] [-1:1] [0:1] [0:1] [12:999] [0:1] [-16.899999999999999:4.1000000000000014] [-77:42] [-31.900000000000006:40] [-40.097426470588239:18.184313725490199] none [-70:58] [-95:57] [-87:60] [-22:18] [-28:21] [-90:21] [-35.998713235294119:25.361764705882354] [-87:60] [-77:42]
tree_sizes=851 880 877 875 874 876 873 862 865 871 878 877 876 875 873 890 879 874 883 869 872 873 870 878 771 886 872 873 884 876 878 877 874 873 875 884 878 774 880 886 875 875 878 773 886 888 880 875 877 883 878 877 879 869 878 874 865 882 880 879 877 881 879 882 883 878 879 858 883 876 880 866 868 879 671 885 884 880 875 873 890 885 875 881 882 888 882 887 884 880 878 876 862 886 882 888 881 880 884 881 881 893 878 879 883 882 877 877 889 891 868 883 873 878 889 884 885 882 885 880 869 871 865 882 851 883 876 888 864 884 880 886 881 883 886 864 865 864 887 890 881 889 901 884 870 884 867 871 876 862 875 882 878 891 883 884 882 886 869 887 884 890 888 889 877 886 875 880 891 885 890 887 892 883 888 895 867 884 891 870 887 877 887 891 897 859 883 889 874 886 880 868 881 892 877 897 888 893 865 889 880 892 884 897 880 886 890 886 875 885 883 867 884 877 895 885 886 884 894 890 884 892 886 896 893 889 891 875 886 890 877 904 887 870 871 885 879 892 893 882 897 898 885 879 888 886 889 882 889 887

Tree=0
num_leaves=7
num_cat=0
split_feature=22 2 1 22 17 17
split_gain=63.0488 19.3274 8.67085 5.91634 2.49612 0.266606
threshold=9.147385620915033 16.650000000000002 12.500000000000002 1.0995098039215689 -6.4999999999999991 -68.999999999999986
decision_type=10 2 10 8 10 10
left_child=2 -2 4 5 -1 -4
right_child=1 -3 3 -5 -6 -7
leaf_value=-1.9349423560445471 -1.8392576438506081 -1.9194639744601929 -1.921612262570332 -1.8820100559152209 -1.9066487425429199 -1.9092530104615721
leaf_weight=27.309052839875225 7.5296565443277341 2.0228928029537201 2.6971904039382926 2.135275736451149 2.0228928029537192 1.6857440024614332
leaf_count=243 67 18 24 19 18 15
internal_value=-1.90724 -1.85382 -1.92655 -1.90038 -1.93285 -1.91924
internal_weight=45.4027 9.55255 35.8502 6.51821 29.3319 4.38293
internal_count=404 85 319 58 261 39
is_linear=0
shrinkage=1


Tree=1
num_leaves=7
num_cat=0
split_feature=22 1 0 22 17 16
split_gain=46.3447 12.4578 8.46888 7.50739 1.03551 0.993248
threshold=13.053594771241832 7.5000000000000009 82.500000000000014 -6.7051020408163264 -8.4999999999999982 4.5000000000000009
decision_type=10 10 2 8 10 10
left_child=1 4 -2 -3 -1 -5
right_child=2 3 -4 5 -6 -7
leaf_value=-0.026156952759717238 0.064198006245705597 -0.012653760132306865 -0.0011494780512119865 0.0048308933659574676 -0.00089085143862393937 0.029541107020928617
leaf_weight=23.305780656635765 4.9428450018167487 5.6727593913674355 1.9642220959067342 4.7297822237014753 1.9192008897662152 2.8453076630830765
leaf_count=211 42 51 17 42 17 25
internal_value=0.000545073 -0.0138672 0.0529354 0.00787556 -0.0247 0.0221678
internal_weight=45.3799 38.4728 6.90707 13.2478 25.225 7.57509
internal_count=405 346 59 118 228 67
is_linear=0
shrinkage=0.03


Tree=2
num_leaves=7
num_cat=0
split_feature=22 1 16 2 22 17
split_gain=52.4211 9.41204 6.1631 3.72952 2.32403 2.93417
threshold=13.053594771241832 7.5000000000000009 4.5000000000000009 15.950000000000001 12.351960784313727 -5.4999999999999991
decision_type=10 10 10 2 8 8
left_child=1 -1 4 -2 5 -3
right_child=3 2 -4 -5 -6 -7
leaf_value=-0.025378228419060504 0.061425300949106948 0.0073123227933277555 0.024280795817357013 0.0037063594399323369 0.0091957194722680543 -0.020075936613963934
leaf_weight=24.447264261543751 5.5250074490904799 2.0012350156903267 3.0293839275836936 1.86197093129158 1.6947550624608982 7.0120743662118894
leaf_count=225 45 18 26 16 15 63
internal_value=-0.000174409 -0.0157638 0.00355249 0.0542452 -0.00817384 -0.0135556
internal_weight=45.5717 38.1847 13.7374 7.38698 10.7081 9.01331
internal_count=408 347 122 61 96 81
is_linear=0
shrinkage=0.03


Tree=3
num_leaves=7
num_cat=0
split_feature=16 17 0 11 0 1
split_gain=31.8008 16.0851 7.92275 3.6106 3.55393 4.60586
threshold=7.5000000000000009 -15.999999999999998 67.500000000000014 9.5000000000000018 82.500000000000014 1.0000000180025095e-35
decision_type=10 10 2 8 2 10
left_child=1 -1 3 -2 5 -3
right_child=2 4 -4 -5 -6 -7
leaf_value=-0.020991653197801063 0.0036224244884458714 -0.0049774907115607099 -0.004664763461470516 0.060291586277185623 -0.0046361469863906496 0.036480546721560952
leaf_weight=28.394398026168346 1.8903827518224701 1.8488557189702968 1.7697401270270345 4.3836269155144683 2.7728622034192085 3.7561079487204552
leaf_count=264 17 16 15 35 24 32
internal_value=0.00215658 -0.0108135 0.0428661 0.0523961 0.0186354 0.026906
internal_weight=44.816 36.7722 8.04375 6.27401 8.37783 5.60496
internal_count=403 336 67 52 72 48
is_linear=0
shrinkage=0.03


Tree=4
num_leaves=7
num_cat=0
split_feature=22 2 22 17 5 2
split_gain=44.9042 7.07232 6.60269 6.26631 3.53957 4.69945
threshold=13.053594771241832 15.950000000000001 1.0995098039215689 -29.499999999999996 0.6830127018922193 18.450000000000003
decision_type=10 2 8 10 2 2
left_child=2 -2 3 -1 5 -4
right_child=1 -3 4 -5 -6 -7
leaf_value=-0.027425412731284654 0.060201445371621365 -0.00079900912057502918 0.01982896985182812 0.0074684692073426935 -0.013747786375347173 -0.01158050679923147
leaf_weight=20.625387355685238 5.6310810446739188 1.8841515854001043 7.5623946338891965 3.4126158431172362 3.3546016737818709 2.5642219483852386
leaf_count=196 43 16 67 31 31 24
internal_value=0.000823293 0.0506987 -0.013954 -0.0220386 0.00252389 0.0106767
internal_weight=45.0345 7.51523 37.5192 24.038 13.4812 10.1266
internal_count=408 59 349 227 122 91
is_linear=0
shrinkage=0.03


Tree=5
num_leaves=7
num_cat=0
split_feature=22 17 12 0 0 20
split_gain=34.3536 7.09234 6.90181 4.82221 7.02292 3.955
threshold=13.053594771241832 -29.499999999999996 1.0000000180025095e-35 82.500000000000014 47.500000000000007 -11.499999999999998
decision_type=8 10 10 2 2 10
left_child=1 2 -1 4 -2 -4
right_child=3 -3 5 -5 -6 -7
leaf_value=-0.025942073549998987 0.0059958788695495075 0.0097536593705894164 -0.010507934375471865 0.0013604196367665684 0.060522063043605155 0.022521570376107195
leaf_weight=23.447458349168304 4.3796025812625867 5.6738624945282927 2.2026107609272008 3.1381789892911902 4.0326023399829865 1.7060972973704327
leaf_count=225 36 50 20 27 31 15
internal_value=0.00111844 -0.0146865 -0.0204795 0.0370978 0.0449524 0.00845771
internal_weight=44.5804 33.03 27.3562 11.5504 8.4122 3.90871
internal_count=404 310 260 94 67 35
is_linear=0
shrinkage=0.03


Tree=6
num_leaves=7
num_cat=0
split_feature=22 1 16 0 22 20
split_gain=44.7456 7.3375 4.7964 4.28778 2.9026 2.25433
threshold=13.053594771241832 7.5000000000000009 3.5000000000000004 82.500000000000014 -14.799999999999999 -4.4999999999999991
decision_type=10 10 8 2 8 10
left_child=1 -1 -3 -2 -4 -6
right_child=3 2 4 -5 5 -7
leaf_value=-0.023012038568227481 0.05707325573899899 -0.014812876679027408 -0.0081682666432794284 0.0026451126135609965 0.024608133710201874 -0.0039302016541798261
leaf_weight=21.474353827536106 6.2766248062252981 3.8545781746506673 1.5764853581786153 2.0439303666353226 6.0223866701126072 1.6355719640851027
leaf_count=209 45 37 15 17 52 15
internal_value=0.00236567 -0.0138752 0.00333246 0.0497146 0.0134493 0.0193681
internal_weight=42.8839 34.5634 13.089 8.32056 9.23444 7.65796
internal_count=390 328 119 62 82 67
is_linear=0
shrinkage=0.03


Tree=7
num_leaves=7
num_cat=0
split_feature=1 22 2 22 0 6
split_gain=25.8957 14.6693 5.34759 4.9499 1.25471 0.60602
threshold=7.5000000000000009 1.0000000180025095e-35 16.750000000000004 13.053594771241832 47.500000000000007 inf
decision_type=10 8 2 10 2 8
left_child=3 5 4 -1 -3 -2
right_child=1 2 -4 -5 -6 -7
leaf_value=-0.023983549542018839 -0.013093126702786286 0.007600172327771073 -0.0015704133771270768 0.0067847217958556258 0.052725652515576045 0.00091851837863821692
leaf_weight=21.259690359234813 3.1267245411872864 2.6137591525912303 2.0556756854057303 3.4380416721105567 5.848755806684494 3.2910305708646774
leaf_count=211 30 21 18 26 45 31
internal_value=-0.00112679 0.0237056 0.0398753 -0.0192793 0.0467872 -0.00865221
internal_weight=41.6337 16.9359 10.5182 24.6977 8.46251 6.41776
internal_count=382 145 84 237 66 61
is_linear=0
shrinkage=0.03


Tree=8
num_leaves=7
num_cat=0
split_feature=22 2 1 2 0 22
split_gain=33.6127 18.0506 6.0757 3.06377 2.0154 1.96982
threshold=9.147385620915033 16.750000000000004 12.500000000000002 14.450000000000001 47.500000000000007 -12.964052287581696
decision_type=8 2 8 2 2 10
left_child=2 4 -1 -4 -2 -5
right_child=1 -3 3 5 -6 -7
leaf_value=-0.02145741609574868 0.012587338897530411 -0.013767398172620109 -0.0099266203876378894 -0.0035042021176644195 0.056712997028000062 0.025230032612720318
leaf_weight=23.210805140435696 4.9330227151513082 3.3544678315520278 2.0194303020834949 1.557826451957226 6.640782855451107 1.8955574259161947
leaf_count=232 39 31 18 15 48 16
internal_value=0.00300708 0.0336303 -0.015557 0.00776448 0.0473768 0.0178621
internal_weight=43.6119 14.9283 28.6836 5.47281 11.5738 3.45338
internal_count=399 118 281 49 87 31
is_linear=0
shrinkage=0.03


Tree=9
num_leaves=7
num_cat=0
split_feature=16 17 0 0 0 17
split_gain=16.0731 14.6353 3.55667 3.15607 0.619864 0.405179
threshold=4.5000000000000009 -15.999999999999998 37.500000000000007 82.500000000000014 67.500000000000014 18.500000000000004
decision_type=10 10 2 2 2 8
left_child=1 -1 -2 5 -4 -3
right_child=2 3 4 -5 -6 -7
leaf_value=-0.02049792829335725 -0.002551228174723745 0.0058418378322485252 0.037810707997332202 -0.0055740150492034051 0.0050057442793588116 0.031422670453598013
leaf_weight=25.69255343079567 2.2607502266764623 3.7136731892824173 4.7612568885087967 1.982768580317497 2.3748016580939293 2.0945188552141181
leaf_count=258 20 32 36 17 20 14
internal_value=-0.00014099 -0.010244 0.0269138 0.0183654 0.0334537 0.0253357
internal_weight=42.8803 33.4835 9.39681 7.79096 7.13606 5.80819
internal_count=397 321 76 63 56 46
is_linear=0
shrinkage=0.03


Tree=10
num_leaves=7
num_cat=0
split_feature=22 16 2 22 17 2
split_gain=35.286 7.89947 6.78755 2.84154 2.0422 1.74689
threshold=13.053594771241832 4.5000000000000009 15.950000000000001 13.053594771241832 -8.4999999999999982 13.350000000000003
decision_type=10 10 2 8 10 2
left_child=1 3 -2 4 -1 -3
right_child=2 5 -4 -5 -6 -7
leaf_value=-0.024167320301384448 0.052852243606902542 -0.004719535457493841 -0.0018605146070256333 0.0030728351047252323 0.00016444519459012108 0.018737996129562642
leaf_weight=22.214917741715915 6.4063468575477582 1.7745944783091534 2.0826134383678436 3.6124020442366591 3.4283140599727622 3.8614468425512314
leaf_count=230 42 15 17 34 30 34
internal_value=0.00194056 -0.0124284 0.0437153 -0.0183871 -0.0214183 0.0126055
internal_weight=43.3806 34.8917 8.48896 29.2556 25.6432 5.63604
internal_count=402 343 59 294 260 49
is_linear=0
shrinkage=0.03


Tree=11
num_leaves=7
num_cat=0
split_feature=22 2 1 22 2 1
split_gain=31.198 12.7759 5.54268 2.71993 0.262282 0.0816331
threshold=9.147385620915033 16.750000000000004 12.500000000000002 1.0995098039215689 17.650000000000002 7.5000000000000009
decision_type=10 2 10 8 2 10
left_child=2 -2 5 4 -4 -1
right_child=1 -3 3 -5 -6 -7
leaf_value=-0.021773220491149679 0.047482884894018577 -0.010934532504939583 -0.009912335548498602 0.017836080852890557 0.0010192537474428616 -0.0061250518711354375
leaf_weight=19.377166815102107 8.9216240122914297 2.3285377547144881 2.0581130608916278 2.8477019220590591 1.5647917464375494 5.3724117875099173
leaf_count=204 60 21 20 23 15 51
internal_value=0.00133357 0.0357476 -0.0142904 0.00668675 -0.00733757 -0.0199768
internal_weight=42.4703 11.2502 31.2202 6.47061 3.6229 24.7496
internal_count=394 81 313 58 35 255
is_linear=0
shrinkage=0.03


Tree=12
num_leaves=7
num_cat=0
split_feature=22 2 1 16 17 0
split_gain=33.6142 16.0806 7.83902 5.19253 2.48611 1.43001
threshold=13.053594771241832 16.750000000000004 12.500000000000002 -6.4999999999999991 -8.4999999999999982 37.500000000000007
decision_type=8 2 10 10 10 2
left_child=2 5 4 -4 -1 -2
right_child=1 -3 3 -5 -6 -7
leaf_value=-0.023879669179146759 0.0061267595328114528 -0.012519708719185707 -0.0087367253834682804 0.026629816282681216 0.0038246437713581553 0.052599595883899973
leaf_weight=21.554979085922248 2.1389564573764792 2.8847405761480323 4.0637549087405205 2.200540103018283 1.8586188703775395 8.7533897608518583
leaf_count=228 17 27 38 17 17 57
internal_value=0.00357272 0.0355991 -0.0142838 0.00999277 -0.0213944 0.0482724
internal_weight=43.455 13.7771 29.6779 6.2643 23.4136 10.8923
internal_count=401 101 300 55 245 74
is_linear=0
shrinkage=0.03


Tree=13
num_leaves=7
num_cat=0
split_feature=22 1 0 0 22 11
split_gain=26.2054 9.78955 6.00119 6.32139 4.5765 3.05812
threshold=9.147385620915033 7.5000000000000009 72.500000000000014 47.500000000000007 -16.833333333333332 4.5000000000000009
decision_type=10 10 2 2 8 8
left_child=1 -1 3 -2 -3 -6
right_child=2 4 -4 -5 5 -7
leaf_value=-0.022957354865359075 0.0053716229009920227 -0.012611430184238322 -0.00078596048428168348 0.056450849482077889 -0.0045893934103520698 0.024100889798063917
leaf_weight=19.515579953789715 4.3658145368099195 2.9963379502296448 3.5083691552281371 4.3085571080446243 2.8077245131134969 6.1007084921002388
leaf_count=212 31 31 26 26 27 52
internal_value=0.00282172 -0.0118602 0.0331203 0.0421069 0.00774095 0.0166593
internal_weight=43.6031 31.4204 12.1827 8.67437 11.9048 8.90843
internal_count=405 322 83 57 110 79
is_linear=0
shrinkage=0.03


Tree=14
num_leaves=7
num_cat=0
split_feature=1 11 0 21 17 2
split_gain=14.4119 9.90655 10.5854 4.76404 4.07731 1.14017
threshold=7.5000000000000009 3.5000000000000004 77.500000000000014 6.2107843137254894 -8.4999999999999982 16.650000000000002
decision_type=10 8 2 10 10 2
left_child=3 -2 -3 4 -1 -4
right_child=1 2 5 -5 -6 -7
leaf_value=-0.022065960590679352 -0.012260789418456998 0.040401002957884943 0.0053668177557407706 0.013708011344172774 0.0058817383659493169 -0.011966218074959831
leaf_weight=17.395272396504886 4.2164026349782944 10.638288781046869 2.2520990446209899 1.61290694028139 3.6708466112613669 2.6839056685566902
leaf_count=189 42 78 17 12 31 25
internal_value=0.00238577 0.0187883 0.028131 -0.0127361 -0.0170019 -0.00533681
internal_weight=42.4697 19.7907 15.5743 22.679 21.0661 4.936
internal_count=394 162 120 232 220 42
is_linear=0
shrinkage=0.03


Tree=15
num_leaves=7
num_cat=0
split_feature=16 17 2 13 19 11
split_gain=14.0055 17.275 2.46456 1.32205 1.16186 0.111102
threshold=7.5000000000000009 -29.499999999999996 17.550000000000004 0.94901960784313755 1.0000000180025095e-35 -9.4999999999999982
decision_type=10 10 2 10 10 10
left_child=1 4 -3 5 -1 -2
right_child=3 2 -4 -5 -6 -7
leaf_value=-0.022179023230174087 0.0079174429375673799 0.025933897396021914 -0.0017654709405748677 0.035972249946412044 0.0011845301339037224 -0.00011709565401958803
leaf_weight=22.939120508730415 3.144445076584816 6.5462473258376104 3.0523046627640724 3.2505218237638474 1.5293849110603321 1.7351714372634868
leaf_count=248 22 47 29 21 15 15
internal_value=0.000715705 -0.00836267 0.0195378 0.0274547 -0.0207655 0.00644706
internal_weight=42.1972 34.0671 9.59855 8.13014 24.4685 4.87962
internal_count=397 339 76 58 263 37
is_linear=0
shrinkage=0.03


Tree=16
num_leaves=7
num_cat=0
split_feature=22 17 22 2 17 12
split_gain=23.8173 4.63422 5.35302 4.34244 2.48261 1.08502
threshold=13.053594771241832 -29.499999999999996 4.0833333333333348 15.950000000000001 -1.4999999999999998 13.950000000000005
decision_type=10 10 8 2 10 8
left_child=1 2 -1 -2 -3 -4
right_child=3 4 5 -5 -6 -7
leaf_value=-0.023093794375716094 0.042773973651786291 0.017818587663634367 0.01161242254631243 -0.0015213273695338472 -0.0073556377739036859 -0.0034107957853235071
leaf_weight=17.200818836688999 6.9371143728494626 3.4647694975137702 1.9734703376889227 1.9897973909974096 2.4064193964004517 7.2939511686563474
leaf_count=195 40 32 17 16 20 67
internal_value=0.00265119 -0.0101047 -0.0150518 0.0358991 0.008863 0.00273678
internal_weight=41.2663 32.3394 26.4682 8.92691 5.87119 9.26742
internal_count=387 331 279 56 52 84
is_linear=0
shrinkage=0.03


Tree=17
num_leaves=7
num_cat=0
split_feature=22 2 17 22 17 4
split_gain=22.2167 11.3338 4.267 5.10024 2.11688 1.05319
threshold=9.147385620915033 15.950000000000001 -29.499999999999996 3.5416666666666674 -1.4999999999999998 -0.6830127018922193
decision_type=10 2 10 8 8 2
left_child=2 -2 3 -1 -4 -5
right_child=1 -3 4 5 -6 -7
leaf_value=-0.023661794096898395 0.040945043492099119 -0.011614673894014323 0.01596918715471023 0.00958973298154139 -0.008140107420119622 -0.0052754536523808137
leaf_weight=18.672516793012623 9.1273646503686887 2.5136423856019965 3.1748916804790497 3.6896571218967438 1.5490669235587109 3.9934120774269131
leaf_count=216 55 22 29 35 14 37
internal_value=0.000925519 0.0295161 -0.0123896 -0.0167194 0.00794288 0.00282953
internal_weight=42.7206 11.641 31.0795 26.3556 4.72396 7.68307
internal_count=408 77 331 288 43 72
is_linear=0
shrinkage=0.03


Tree=18
num_leaves=7
num_cat=0
split_feature=1 20 0 16 16 21
split_gain=23.3542 8.21715 6.29488 3.28602 2.14731 0.763238
threshold=7.5000000000000009 4.5000000000000009 92.500000000000014 8.5000000000000018 1.0000000180025095e-35 5.3622549019607844
decision_type=10 8 2 8 10 10
left_child=5 4 3 -3 -2 -1
right_child=1 2 -4 -5 -6 -7
leaf_value=-0.017245376280742762 -0.013762399221200736 0.0018095608685194315 -0.0039113897699215435 0.045271405551013763 0.0096033859024229947 0.0013596942523985422
leaf_weight=21.611404173076156 3.474054254591465 2.2359308525919923 2.5497827827930442 9.5296279937028885 1.6011520326137541 1.3904322385787953
leaf_count=237 37 21 22 61 13 11
internal_value=0.00290924 0.0241122 0.0332037 0.0400148 -0.00528326 -0.0160788
internal_weight=42.3924 19.3905 14.3153 11.7656 5.07521 23.0018
internal_count=402 154 104 82 50 248
is_linear=0
shrinkage=0.03


Tree=19
num_leaves=7
num_cat=0
split_feature=22 1 2 2 0 22
split_gain=31.3501 5.63896 4.09404 4.09147 1.5308 0.862153
threshold=13.053594771241832 7.5000000000000009 14.450000000000001 17.550000000000004 72.500000000000014 8.7663398692810475
decision_type=10 10 2 2 2 8
left_child=1 -1 5 -4 -2 -3
right_child=4 2 3 -5 -6 -7
leaf_value=-0.022434637635591195 0.043790754747053254 -0.015662554752895894 0.025852575123415555 -0.0064724286612344627 0.0055983716626805948 0.0019030450895084338
leaf_weight=18.782750576734546 6.7153097465634328 4.2804030999541265 3.2814221009612083 3.349827341735363 2.8165382519364357 2.1055772081017494
leaf_count=219 37 43 27 33 18 15
internal_value=0.00111035 -0.013732 0.00156627 0.0137606 0.0383146 -0.0115785
internal_weight=41.3318 31.8 13.0172 6.63125 9.53185 6.38598
internal_count=392 337 118 60 55 58
is_linear=0
shrinkage=0.03


Tree=20
num_leaves=7
num_cat=0
split_feature=22 2 0 0 1 16
split_gain=22.6724 11.0232 3.72342 4.09566 3.53776 1.67095
threshold=9.147385620915033 16.750000000000004 47.500000000000007 72.500000000000014 12.500000000000002 -6.4999999999999991
decision_type=8 2 2 2 10 10
left_child=4 2 -2 -4 -1 -6
right_child=1 -3 3 -5 5 -7
leaf_value=-0.022733993456485052 0.0058718773319617326 -0.013363865242526356 0.050620784052930565 0.0027828414854937011 -0.0073221945097171753 0.012694159617872059
leaf_weight=19.469784587621692 5.6061589792370814 3.2619405016303054 5.1442978382110596 2.6415422633290291 3.6029056236147881 1.7923347279429425
leaf_count=229 40 33 28 17 35 14
internal_value=-0.000997894 0.0224737 0.0324628 0.0418258 -0.0178491 0.00223476
internal_weight=41.519 16.6539 13.392 7.78584 24.865 5.39524
internal_count=396 118 85 45 278 49
is_linear=0
shrinkage=0.03


Tree=21
num_leaves=7
num_cat=0
split_feature=22 2 1 22 2 1
split_gain=27.9361 12.12 4.86846 1.70135 2.22959 1.19318
threshold=13.053594771241832 16.750000000000004 12.500000000000002 -15.789666666666664 14.450000000000001 1.0000000180025095e-35
decision_type=8 2 10 10 2 10
left_child=2 5 -1 -4 -5 -2
right_child=1 -3 3 4 -6 -7
leaf_value=-0.019926932168465649 0.006449599932133134 -0.011615610235034879 -0.0083279034603703089 -0.0058117476825087231 0.019888585950034732 0.045936848379929653
leaf_weight=20.943856745958332 2.6554271802306166 2.6012469977140418 1.6572197824716566 2.0125176757574073 3.0670002773404121 9.2504794374108297
leaf_count=246 18 26 18 17 24 54
internal_value=0.0034536 0.031563 -0.0138534 0.00547389 0.0118742 0.041642
internal_weight=42.1877 14.5072 27.6806 6.73674 5.07952 11.9059
internal_count=403 98 305 59 41 72
is_linear=0
shrinkage=0.03


Tree=22
num_leaves=7
num_cat=0
split_feature=22 0 1 2 22 0
split_gain=17.5437 8.17228 6.36598 4.77913 4.34434 3.04971
threshold=9.147385620915033 72.500000000000014 7.5000000000000009 14.450000000000001 -16.833333333333332 47.500000000000007
decision_type=10 2 10 2 8 2
left_child=2 5 -1 -4 -5 -2
right_child=1 -3 3 4 -6 -7
leaf_value=-0.020145566194610127 0.0059592543377143137 -0.005954085606814449 -0.010345394661101419 -0.0085692752135125474 0.027041075253835357 0.046101159520437751
leaf_weight=17.255413822829727 4.073280565440653 3.8907597512006751 5.9144948869943601 1.7250344306230543 4.577923096716404 5.2402663081884384
leaf_count=215 26 28 57 19 38 27
internal_value=0.00237698 0.025995 -0.0104399 0.00513746 0.0178156 0.0367595
internal_weight=42.6772 13.2043 29.4729 12.2175 6.30296 9.31355
internal_count=410 81 329 114 57 53
is_linear=0
shrinkage=0.03


Tree=23
num_leaves=7
num_cat=0
split_feature=22 0 1 22 1 22
split_gain=24.5209 5.91845 4.99058 2.64975 1.11279 0.303456
threshold=9.147385620915033 72.500000000000014 12.500000000000002 1.0995098039215689 7.5000000000000009 6.1153594771241844
decision_type=10 2 10 8 10 10
left_child=2 4 5 -4 -2 -1
right_child=1 -3 3 -5 -6 -7
leaf_value=-0.020226674346211622 0.0083267711922733415 -0.00054230342454640416 -0.007349063910354778 0.01744517952214784 0.045837979211361853 -0.0022100102085817245
leaf_weight=19.547819085419185 3.6211424022912961 4.2381341680884352 3.6267311871051779 2.8593626990914345 5.6080653369426727 2.2423063144087783
leaf_count=240 24 31 36 21 29 23
internal_value=0.00244337 0.0299463 -0.0131871 0.00641729 0.0392178 -0.0191312
internal_weight=41.7436 13.4673 28.2762 6.48609 9.22921 21.7901
internal_count=404 84 320 57 53 263
is_linear=0
shrinkage=0.03


Tree=24
num_leaves=6
num_cat=0
split_feature=22 2 1 22 2
split_gain=20.5216 6.49479 3.53111 3.26356 3.68131
threshold=9.147385620915033 16.750000000000004 7.5000000000000009 -6.0435294117647054 13.450000000000001
decision_type=10 2 10 8 2
left_child=2 -2 -1 -4 -5
right_child=1 -3 3 4 -6
leaf_value=-0.020550906757541447 0.034200187578866129 -0.0088469244128197809 -0.012800108431805549 -0.0084282259026805424 0.021559091150648864
leaf_weight=15.704038545489313 10.631132952868937 1.7560986578464497 4.5632446706295013 2.754171743988989 3.8935476168990135
leaf_count=202 60 17 51 25 31
internal_value=0.00120316 0.0273084 -0.0132074 0.000245039 0.0108504
internal_weight=39.3022 12.3872 26.915 11.211 6.64772
internal_count=386 77 309 107 56
is_linear=0
shrinkage=0.03


Tree=25
num_leaves=7
num_cat=0
split_feature=22 17 21 0 11 22
split_gain=17.9044 4.10528 5.80993 2.81731 2.5216 2.03537
threshold=12.351960784313727 -29.499999999999996 -0.49615686274509518 77.500000000000014 -7.4999999999999991 12.351960784313727
decision_type=10 10 10 2 10 8
left_child=1 2 5 -2 -4 -1
right_child=3 -3 4 -5 -6 -7
leaf_value=-0.025350285009329412 0.033224432969685407 0.0071764867006120095 -0.0081468331741742783 -0.00043532787758142593 0.019261974301337175 -0.0003971890058922564
leaf_weight=16.762370795011524 7.7738913446664792 5.5649517625570288 1.5773361101746561 2.5581556484103203 2.0564386323094359 3.5879372805357042
leaf_count=214 40 50 17 19 16 35
internal_value=0.000538699 -0.0114891 -0.0163109 0.0274663 0.00953656 -0.0218969
internal_weight=39.8811 29.549 23.9841 10.332 3.63377 20.3503
internal_count=391 332 282 59 33 249
is_linear=0
shrinkage=0.03


Tree=26
num_leaves=7
num_cat=0
split_feature=22 1 2 22 2 2
split_gain=17.5953 7.20816 4.23944 4.51279 1.8207 1.71808
threshold=13.053594771241832 7.5000000000000009 14.450000000000001 -16.833333333333332 15.750000000000002 17.650000000000002
decision_type=10 10 2 8 2 2
left_child=1 -1 -3 -4 -2 -5
right_child=4 2 3 5 -6 -7
leaf_value=-0.021207118825506778 0.031990838070556415 -0.0092304613465979297 -0.0091395919269992004 0.032634988914937033 0.000862049698463624 0.0010830708400293885
leaf_weight=16.874050512909893 8.4137766510248166 6.4505304247140867 1.8991335853934286 2.8398045375943184 2.2586363703012458 2.379321314394474
leaf_count=220 43 59 22 20 17 22
internal_value=0.00144388 -0.0104052 0.00512124 0.0165691 0.0277797 0.0258187
internal_weight=41.1153 30.4428 13.5688 7.11826 10.6724 5.21913
internal_count=403 343 123 64 60 42
is_linear=0
shrinkage=0.03


Tree=27
num_leaves=7
num_cat=0
split_feature=22 1 22 20 2 0
split_gain=17.4524 9.3335 3.70695 3.88911 2.90727 1.71641
threshold=13.053594771241832 7.5000000000000009 -15.789666666666664 4.5000000000000009 13.350000000000003 77.500000000000014
decision_type=10 10 8 8 2 2
left_child=1 -1 -3 -4 -5 -2
right_child=5 2 3 4 -6 -7
leaf_value=-0.023582616282296208 0.03258445831149609 -0.012128712881436257 -0.0068681803611306711 -0.0016240301430538568 0.030195597056755088 0.0021090736890924367
leaf_weight=16.044807508587841 7.4191999435424787 2.8862341269850731 3.419181287288664 2.8834006786346436 4.4842084422707558 2.7644953057169914
leaf_count=211 37 34 33 23 32 19
internal_value=0.000999104 -0.0108356 0.00643196 0.0136667 0.0221206 0.0277303
internal_weight=39.9015 29.7178 13.673 10.7868 7.36761 10.1837
internal_count=389 333 122 88 55 56
is_linear=0
shrinkage=0.03


Tree=28
num_leaves=7
num_cat=0
split_feature=22 2 0 17 1 12
split_gain=18.3295 11.7972 9.23203 4.95574 1.30269 0.298269
threshold=3.5416666666666674 16.750000000000004 47.500000000000007 -29.499999999999996 1.0000000180025095e-35 3.9499999999999997
decision_type=8 2 2 10 10 10
left_child=3 2 4 5 -2 -1
right_child=1 -3 -4 -5 -6 -7
leaf_value=-0.022419942187361756 -0.0097166099511259898 -0.012705660027043594 0.043513436943878658 0.0092449624663157558 0.0074415632508761159 -0.00092289313950755063
leaf_weight=13.941406115889551 1.8897869661450446 4.3482332974672309 10.508123911917208 3.0639109760522834 4.4428185671567917 1.0547070577740658
leaf_count=192 18 43 59 29 31 12
internal_value=0.00460254 0.0213586 0.0310491 -0.0154251 0.000293309 -0.0215168
internal_weight=39.249 21.189 16.8407 18.06 6.33261 14.9961
internal_count=384 151 108 233 49 204
is_linear=0
shrinkage=0.03


Tree=29
num_leaves=7
num_cat=0
split_feature=22 1 2 22 17 0
split_gain=16.4068 6.64233 5.9025 2.67832 2.35215 1.81812
threshold=9.147385620915033 12.500000000000002 16.750000000000004 1.0995098039215689 -8.4999999999999982 47.500000000000007
decision_type=10 10 2 8 10 2
left_child=1 4 5 -3 -1 -2
right_child=2 3 -4 -5 -6 -7
leaf_value=-0.022060816349550646 0.0051278941612418263 -0.0060524127998629251 -0.0092039801545803473 0.019903768936504026 0.0043745238159274601 0.036709872442956953
leaf_weight=18.648968838155277 4.0414036586880666 3.2453094050288191 1.8309803456068028 3.0196085497736931 1.7784342691302288 7.1199066564440727
leaf_count=250 22 34 17 21 18 36
internal_value=0.00103088 -0.0120643 0.0238108 0.00973966 -0.0193517 0.0303987
internal_weight=39.6846 26.6923 12.9923 6.26492 20.4274 11.1613
internal_count=398 323 75 55 268 58
is_linear=0
shrinkage=0.03


Tree=30
num_leaves=7
num_cat=0
split_feature=22 1 22 2 2 17
split_gain=19.6455 9.42779 4.65513 3.37975 2.36578 1.385
threshold=13.053594771241832 7.5000000000000009 1.0995098039215689 15.750000000000002 13.350000000000003 -35.499999999999993
decision_type=10 10 8 2 2 10
left_child=1 -1 5 -2 -4 -3
right_child=3 2 4 -5 -6 -7
leaf_value=-0.021998472134523953 0.037226417043553957 -0.014583305672195682 -0.0010022148944231733 -0.00030866447920186731 0.026376809705432332 0.0054803571031256833
leaf_weight=16.009697869420055 8.4219316989183408 3.9689700901508314 3.5436028540134412 2.4754918813705435 4.5266690254211426 1.542894475162029
leaf_count=224 40 49 27 18 31 13
internal_value=0.00402166 -0.00908886 0.00795284 0.0312845 0.0185704 -0.00903168
internal_weight=40.4893 29.5918 13.5821 10.8974 8.07027 5.51186
internal_count=402 344 120 58 58 62
is_linear=0
shrinkage=0.03


Tree=31
num_leaves=7
num_cat=0
split_feature=22 0 1 0 22 22
split_gain=16.055 4.70172 3.57649 3.33473 1.46244 0.816524
threshold=9.8263823529411773 72.500000000000014 12.500000000000002 47.500000000000007 -16.833333333333332 -8.9441830065359458
decision_type=10 2 10 2 8 10
left_child=2 3 -1 -2 -4 -6
right_child=1 -3 4 -5 5 -7
leaf_value=-0.018976525783079099 0.0039923172992008399 -0.0037365365936606731 -0.0084332164983564519 0.038486397026301362 0.015671621511146597 -0.0013654623320507224
leaf_weight=19.728860743343834 5.0145385935902578 4.043157033622264 1.7048138901591299 5.5061608031392097 1.9789911881089208 2.822204463183879
leaf_count=264 30 27 20 25 16 22
internal_value=-0.000362115 0.0209844 -0.0136745 0.0286279 0.00366313 0.0100693
internal_weight=40.7987 14.5639 26.2349 10.5207 6.50601 4.8012
internal_count=404 82 322 55 58 38
is_linear=0
shrinkage=0.03


Tree=32
num_leaves=7
num_cat=0
split_feature=22 2 17 22 0 2
split_gain=16.0988 5.83383 2.97105 2.476 1.6765 1.3522
threshold=9.147385620915033 16.750000000000004 -15.999999999999998 4.0833333333333348 47.500000000000007 17.850000000000005
decision_type=10 2 10 8 2 2
left_child=2 4 3 -1 -2 -5
right_child=1 -3 -4 5 -6 -7
leaf_value=-0.021433390680827474 0.0047481413816638602 -0.0095101308667403153 0.0065926401838586621 0.0068227732741740496 0.034147731886080099 -0.010239368049370231
leaf_weight=15.014021724462511 4.1065432429313651 1.9388660341501225 3.5606716051697722 4.9345707371830967 8.5785083174705488 2.2268873825669289
leaf_count=215 23 19 33 46 42 27
internal_value=0.00137073 0.0224687 -0.0123226 -0.0160139 0.0286634 -0.000511241
internal_weight=40.3601 14.6239 25.7362 22.1755 12.6851 7.16146
internal_count=405 84 321 288 65 73
is_linear=0
shrinkage=0.03


Tree=33
num_leaves=7
num_cat=0
split_feature=22 1 2 22 2 2
split_gain=17.7362 7.22062 3.723 3.94012 2.09447 1.78347
threshold=13.053594771241832 7.5000000000000009 14.450000000000001 -16.833333333333332 15.950000000000001 17.650000000000002
decision_type=10 10 2 8 2 2
left_child=1 -1 -3 -4 -2 -5
right_child=4 2 3 5 -6 -7
leaf_value=-0.021698842724624599 0.032868275293764161 -0.0087193408657600061 -0.0087559966132769694 0.030766817509221427 0.00056981853145166418 0.00054558062684270572
leaf_weight=15.533857844769956 8.315769895911215 6.2236579358577711 1.8154254406690595 3.0223128423094749 2.2975996881723395 2.4856752678751945
leaf_count=224 39 60 23 20 17 23
internal_value=0.0020054 -0.0103341 0.00503402 0.0155176 0.0282978 0.0238776
internal_weight=39.6943 29.0809 13.5471 7.32341 10.6134 5.50799
internal_count=406 350 126 66 56 43
is_linear=0
shrinkage=0.03


Tree=34
num_leaves=7
num_cat=0
split_feature=22 2 0 17 22 17
split_gain=15.2727 8.51067 3.46029 2.2336 1.57604 0.965984
threshold=1.0995098039215689 16.750000000000004 47.500000000000007 29.000000000000004 12.351960784313727 -8.4999999999999982
decision_type=8 2 2 8 8 10
left_child=5 2 3 -2 -5 -1
right_child=1 -3 -4 4 -6 -7
leaf_value=-0.020442644336836732 -0.010402521963472092 -0.011137490623035253 0.032780867793009122 -0.0045313522640139494 0.017505358957007191 0.0011208529981291307
leaf_weight=13.537683971226214 1.8368522226810453 5.0710892416536799 10.099767573177813 1.8043712675571471 4.2111756652593639 1.5216526687145222
leaf_count=203 12 54 57 20 27 14
internal_value=0.00163544 0.0157765 0.0241491 0.00461326 0.0118389 -0.0185275
internal_weight=38.0826 23.0233 17.9522 7.8524 6.01555 15.0593
internal_count=387 170 116 59 47 217
is_linear=0
shrinkage=0.03


Tree=35
num_leaves=7
num_cat=0
split_feature=22 1 0 17 13 17
split_gain=12.2114 4.82622 3.34136 3.25163 2.61348 1.48848
threshold=9.147385620915033 1.0000000180025095e-35 77.500000000000014 -1.4999999999999998 2.1382352941176426 -15.999999999999998
decision_type=8 10 2 8 10 10
left_child=3 -2 -3 5 -5 -1
right_child=1 2 -4 4 -6 -7
leaf_value=-0.0065760365073807697 -0.0064769672191578283 0.027725712323368658 -0.0029403547161800068 -0.023268975924860508 0.0049542742558725235 0.013402276107076786
leaf_weight=2.4010965451598167 4.9246363863348988 10.308371149003504 2.9183170869946471 15.528913591057067 1.636828452348708 1.7247642651200292
leaf_count=33 42 57 19 222 15 16
internal_value=-0.0014958 0.0145508 0.0220091 -0.0153414 -0.0200673 0.00454283
internal_weight=39.4429 18.1513 13.2267 21.2916 17.1657 4.12586
internal_count=404 118 76 286 237 49
is_linear=0
shrinkage=0.03


Tree=36
num_leaves=7
num_cat=0
split_feature=22 2 17 13 1 1
split_gain=12.1313 7.14227 5.23386 2.18398 1.80753 1.71561
threshold=13.053594771241832 16.750000000000004 -29.499999999999996 2.1382352941176426 1.0000000180025095e-35 7.5000000000000009
decision_type=8 2 10 10 10 10
left_child=2 4 3 -1 -2 -4
right_child=1 -3 5 -5 -6 -7
leaf_value=-0.020889108109895606 0.0012353754431969476 -0.01172413755970104 -0.005783673863330294 0.0045359612938373839 0.030259679471320952 0.015715237443803005
leaf_weight=16.262156568467624 2.699737191200259 2.6590635776519767 2.1455877646803847 1.7105946019291867 10.82039415091276 3.6060097962617874
leaf_count=235 17 29 25 16 55 25
internal_value=0.00175143 0.0188126 -0.0111331 -0.0180087 0.0263622 0.00873524
internal_weight=39.9035 16.1792 23.7243 17.9728 13.5201 5.7516
internal_count=402 101 301 251 72 50
is_linear=0
shrinkage=0.03


Tree=37
num_leaves=6
num_cat=0
split_feature=22 1 2 22 11
split_gain=16.4274 3.98472 4.22444 3.11083 2.22439
threshold=13.053594771241832 7.5000000000000009 13.350000000000003 -16.833333333333332 9.5000000000000018
decision_type=10 10 2 8 8
left_child=1 -1 -3 -4 -5
right_child=-2 2 3 4 -6
leaf_value=-0.020149065321177276 0.026299743650482463 -0.013964316208456756 -0.0087027847530228904 -0.0037846554896557878 0.025151965368712722
leaf_weight=13.127159558236601 11.101832143962381 4.7874316573142996 1.8099147751927374 1.6308378502726546 4.6602405607700339
leaf_count=201 54 47 24 18 31
internal_value=0.00190342 -0.0110688 0.00122641 0.012107 0.0192965
internal_weight=37.1174 26.0156 12.8884 8.10099 6.29108
internal_count=375 321 120 73 49
is_linear=0
shrinkage=0.03


Tree=38
num_leaves=7
num_cat=0
split_feature=22 17 22 16 1 22
split_gain=15.0292 6.11975 4.56176 1.82138 1.40632 0.904978
threshold=13.053594771241832 -1.4999999999999998 -15.789666666666664 7.5000000000000009 1.0000000180025095e-35 9.147385620915033
decision_type=8 8 10 10 10 10
left_child=1 2 -1 -3 -2 -5
right_child=4 3 -4 5 -6 -7
leaf_value=-0.010629337552269535 0.001360155072963932 -0.02324389596140624 0.023823777053436121 -0.0076523705996745968 0.024063669646972853 0.0074899783106016837
leaf_weight=2.4337492175400257 3.5917413532733908 15.262031126767402 2.5464519858360291 2.5419507175683966 12.28391946852207 1.7451850175857542
leaf_count=36 29 224 22 26 65 11
internal_value=0.0011058 -0.0127802 0.0100969 -0.0194777 0.0204832 -0.00077446
internal_weight=40.405 24.5294 4.9802 19.5492 15.8757 4.28714
internal_count=413 319 58 261 94 37
is_linear=0
shrinkage=0.03


Tree=39
num_leaves=7
num_cat=0
split_feature=22 17 17 0 1 16
split_gain=11.7406 4.00254 2.60693 2.58638 1.37071 1.60238
threshold=12.351960784313727 -15.999999999999998 -1.4999999999999998 72.500000000000014 12.500000000000002 -1.0000000180025095e-35
decision_type=10 10 10 2 10 10
left_child=1 4 -3 -2 -1 -6
right_child=3 2 -4 -5 5 -7
leaf_value=-0.020738068611879844 0.025303159213761379 0.01796314016183758 -0.0081259996758857173 -0.0010654694375919823 -0.0096520378182153622 0.01037123449253516
leaf_weight=16.282940324395902 7.7797986790537816 2.2422411218285552 2.5212377160787582 4.0074510425329208 3.200786754488945 1.4495317041873921
leaf_count=246 36 19 22 25 35 10
internal_value=-0.00166848 -0.0125308 0.00706468 0.0186911 -0.0174923 -0.00127091
internal_weight=37.484 25.6967 4.76348 11.7872 20.9333 4.65032
internal_count=393 332 41 61 291 45
is_linear=0
shrinkage=0.03


Tree=40
num_leaves=7
num_cat=0
split_feature=1 22 22 20 2 2
split_gain=8.45683 5.14954 3.75875 3.1259 1.85876 2.43534
threshold=7.5000000000000009 -15.789666666666664 13.053594771241832 1.0000000180025095e-35 13.350000000000003 16.650000000000002
decision_type=10 8 10 8 2 2
left_child=2 -2 -1 -3 -5 -6
right_child=1 3 -4 4 5 -7
leaf_value=-0.017173898047251619 -0.0110688766678903 -0.0039732105638549554 0.0073995829545708876 0.0056672005690444199 0.038918451263524251 0.002393777322944401
leaf_weight=13.640534870326521 2.5727385058999062 2.634084515273571 4.6892231553792945 6.2372694164514595 4.9672113358974457 2.7978185936808586
leaf_count=220 36 28 26 38 27 21
internal_value=0.00253111 0.0147095 -0.0106488 0.0203327 0.0247475 0.0318507
internal_weight=37.5389 19.2091 18.3298 16.6364 14.0023 7.76503
internal_count=396 150 246 114 86 48
is_linear=0
shrinkage=0.03


Tree=41
num_leaves=7
num_cat=0
split_feature=22 1 2 2 22 22
split_gain=8.48614 5.81941 3.74707 3.11331 2.87336 1.46525
threshold=13.053594771241832 7.5000000000000009 15.750000000000002 14.450000000000001 -16.833333333333332 9.147385620915033
decision_type=10 10 2 2 8 8
left_child=1 -1 -2 5 -5 -3
right_child=2 3 -4 4 -6 -7
leaf_value=-0.017117577467545129 0.02753180310410645 -0.013574314089827318 -0.0048011047675197401 -0.0071901559171304117 0.022114942083456109 0.0054008180467984236
leaf_weight=13.550284244120123 8.5304893255233747 3.4333110973238927 2.5110777467489234 1.4091912955045698 6.2126094102859497 2.823214016854763
leaf_count=218 38 42 18 19 45 18
internal_value=0.00341797 -0.00579357 0.0209741 0.00686811 0.0159948 -0.00641625
internal_weight=38.4702 27.4286 11.0416 13.8783 7.6218 6.25653
internal_count=398 342 56 124 64 60
is_linear=0
shrinkage=0.03


Tree=42
num_leaves=7
num_cat=0
split_feature=16 17 0 0 5 19
split_gain=5.78482 4.12595 2.04043 2.99978 2.37789 0.971392
threshold=9.5000000000000018 -29.499999999999996 92.500000000000014 47.500000000000007 -0.9330127018922193 5.5000000000000009
decision_type=10 10 2 2 2 10
left_child=1 5 3 -3 -5 -1
right_child=-2 2 -4 4 -6 -7
leaf_value=-0.014642331323060025 0.017672004263205473 -0.00735916852132354 -0.0077032169191596084 -0.0028918344714381531 0.027172142869788318 0.0035418995098558258
leaf_weight=16.714876372367151 8.787534046918152 2.118579261004923 2.3972823396325103 2.0200688764452925 3.9939822927117357 1.0689929872751225
leaf_count=245 51 16 20 17 25 10
internal_value=0.00147045 -0.00545556 0.00738673 0.0130742 0.0203454 -0.0130119
internal_weight=37.1013 28.3138 10.5299 8.13263 6.01405 17.7839
internal_count=384 333 78 58 42 255
is_linear=0
shrinkage=0.03


Tree=43
num_leaves=6
num_cat=0
split_feature=22 2 20 13 4
split_gain=13.9687 7.49704 1.94319 0.757578 1.21657
threshold=13.053594771241832 16.750000000000004 4.5000000000000009 2.1382352941176426 -0.93301270189221908
decision_type=8 2 10 10 2
left_child=2 -2 3 4 -1
right_child=1 -3 -4 -5 -6
leaf_value=0.0039340219596811282 0.02932856368474877 -0.011172998185212233 0.0079099904232425734 0.0022388143031623025 -0.016374811106835759
leaf_weight=1.074067834764725 13.112247332930563 2.4473998025059691 1.1554580889642228 1.2892212010920037 18.629627972841266
leaf_count=14 68 26 12 12 259
internal_value=0.0034591 0.0217901 -0.0110602 -0.013425 -0.0146956
internal_weight=37.708 15.5596 22.1484 20.9929 19.7037
internal_count=391 94 297 285 273
is_linear=0
shrinkage=0.03


Tree=44
num_leaves=7
num_cat=0
split_feature=21 22 0 17 1 17
split_gain=10.2203 7.53979 3.48877 3.09631 2.72828 1.04384
threshold=-0.49615686274509518 18.512091503267978 67.500000000000014 -1.4999999999999998 1.0000000180025095e-35 -11.499999999999998
decision_type=10 8 2 8 10 10
left_child=1 3 -2 5 -3 -1
right_child=2 4 -4 -5 -6 -7
leaf_value=-0.0054736187974611687 0.034323402153270427 -0.0061393521373143169 -0.00059587231901979702 -0.019645640629505603 0.018512765438470889 0.011409223269968936
leaf_weight=2.1159395128488541 4.8557085469365102 3.0342072322964686 3.2584199234843254 16.645536541938785 7.5633619874715805 1.9729625433683393
leaf_count=32 26 31 26 229 42 17
internal_value=0.00296953 -0.00554268 0.0254199 -0.0149463 0.0117491 0.00446766
internal_weight=39.4461 31.332 8.11413 20.7344 10.5976 4.0889
internal_count=403 351 52 278 73 49
is_linear=0
shrinkage=0.03


Tree=45
num_leaves=7
num_cat=0
split_feature=21 17 22 1 20 4
split_gain=10.0235 8.16772 3.22972 3.00417 1.65944 0.811487
threshold=-0.49615686274509518 -29.499999999999996 23.166666666666668 1.0000000180025095e-35 -11.499999999999998 -0.6830127018922193
decision_type=10 10 8 10 10 2
left_child=1 2 -1 -3 -2 -4
right_child=4 3 5 -5 -6 -7
leaf_value=-0.021405939371086088 0.0033753344768855048 -0.0068679149094061616 0.0096386413971873679 0.017874194337587797 0.033756814160683109 -0.004838444671080056
leaf_weight=13.94138962775469 3.4800483286380768 3.2411542832851401 2.1649978309869766 9.3945191204547864 3.9279022589325896 2.5034485086798695
leaf_count=216 26 31 19 59 22 21
internal_value=0.00361916 -0.00474573 -0.0157859 0.0113798 0.0265959 0.00338791
internal_weight=38.6535 31.2455 18.6098 12.6357 7.40795 4.66845
internal_count=394 346 256 90 48 40
is_linear=0
shrinkage=0.03


Tree=46
num_leaves=7
num_cat=0
split_feature=22 2 17 1 1 22
split_gain=9.11595 6.89334 5.69423 1.07271 0.440883 0.564686
threshold=6.1153594771241844 16.650000000000002 -15.999999999999998 7.5000000000000009 12.500000000000002 -6.0435294117647054
decision_type=10 2 10 10 10 8
left_child=2 3 4 -2 -1 -6
right_child=1 -3 -4 -5 5 -7
leaf_value=-0.020342956332626175 0.0040967943065427529 -0.013120316412787185 0.012912069200457739 0.026245917960927945 -0.0080356518567271037 0.0046351369420880237
leaf_weight=13.44175205379725 4.7178133614361313 3.0605675876140586 3.0123048201203337 10.012422569096087 1.6380267068743704 1.6111849993467324
leaf_count=229 30 31 27 48 23 12
internal_value=0.0007923 0.0143948 -0.0119175 0.0219879 -0.0183421 -0.00275143
internal_weight=37.4941 17.7908 19.7033 14.7302 16.691 3.24921
internal_count=400 109 291 78 264 35
is_linear=0
shrinkage=0.03


Tree=47
num_leaves=7
num_cat=0
split_feature=22 1 22 11 0 0
split_gain=8.87875 4.46907 2.31104 1.98053 1.1609 0.810235
threshold=13.053594771241832 7.5000000000000009 -15.789666666666664 4.5000000000000009 72.500000000000014 67.500000000000014
decision_type=10 10 8 8 2 2
left_child=1 -1 -3 -4 -2 -5
right_child=4 2 3 5 -6 -7
leaf_value=-0.016044467588058345 0.026262196314818274 -0.010187385631536736 -0.005070976418107353 0.019905046159651142 0.0021838682035195218 0.00082420826270423694
leaf_weight=12.430262640118601 7.571675740182398 2.2897247187793255 2.9652119539678079 5.5347906053066236 3.2419306933879852 3.0267416089773178
leaf_count=215 33 34 35 39 20 21
internal_value=0.00404553 -0.00569668 0.00540253 0.0106446 0.0220164 0.0159504
internal_weight=37.0603 26.2467 13.8165 11.5267 10.8136 8.56153
internal_count=397 344 129 95 53 60
is_linear=0
shrinkage=0.03


Tree=48
num_leaves=7
num_cat=0
split_feature=22 2 0 0 22 22
split_gain=10.7214 8.12646 6.78696 1.27279 0.501778 1.55903
threshold=3.5416666666666674 16.650000000000002 47.500000000000007 72.500000000000014 -6.0435294117647054 -5.3992997198879538
decision_type=8 2 2 2 10 10
left_child=4 2 -2 -4 -1 -6
right_child=1 -3 3 -5 5 -7
leaf_value=-0.020001998038818445 -0.0025076526881215844 -0.013291423615448683 0.037656757603646944 0.0068228251760641253 0.0095178511120627314 -0.010291407425196759
leaf_weight=8.1476327404379827 6.6848823092877927 4.5690223164856425 7.0471149533987028 4.278972115367651 0.95828948169946659 4.9742732606828204
leaf_count=142 49 50 33 25 12 79
internal_value=0.00123759 0.0130702 0.0211926 0.0316649 -0.0161905 -0.00420205
internal_weight=36.6602 22.58 18.011 11.3261 14.0802 5.93256
internal_count=390 157 107 58 233 91
is_linear=0
shrinkage=0.03


Tree=49
num_leaves=7
num_cat=0
split_feature=1 20 22 22 21 5
split_gain=7.9611 6.76936 2.35471 1.89805 0.780112 0.568906
threshold=1.0000000180025095e-35 2.5000000000000004 -7.833333333333333 13.053594771241832 0.61519607843137269 -0.9330127018922193
decision_type=10 8 8 10 10 2
left_child=3 4 -3 -1 -2 -4
right_child=1 2 5 -5 -6 -7
leaf_value=-0.020015960586979631 -0.014886323219285891 -0.0031728887430150878 0.0028889158584356604 0.0025620960708870851 0.0027677686170350622 0.024302026282356268
leaf_weight=8.3862846791744214 4.1994602009654063 2.5528780184686184 2.7642904892563882 3.0941189154982558 1.179134704172611 13.283122304826973
leaf_count=155 65 37 17 18 9 85
internal_value=0.00187195 0.0111439 0.0187618 -0.0149997 -0.0115472 0.022176
internal_weight=35.4593 23.9789 18.6003 11.4804 5.37859 16.0474
internal_count=386 213 139 173 74 102
is_linear=0
shrinkage=0.03


Tree=50
num_leaves=7
num_cat=0
split_feature=22 0 2 16 0 4
split_gain=7.87195 3.41705 2.7691 2.84607 1.49809 1.39796
threshold=13.053594771241832 82.500000000000014 14.450000000000001 4.5000000000000009 47.500000000000007 -0.93301270189221908
decision_type=8 2 2 10 2 2
left_child=2 4 -1 5 -2 -4
right_child=1 -3 3 -5 -6 -7
leaf_value=-0.018657908186147935 0.0042560771314776496 -0.0055125437575502412 0.007104703909633487 0.015668077014117134 0.027375757646460563 -0.011303641266011546
leaf_weight=8.7120282165706175 5.9487345963716525 3.5254276283085337 1.3342718221247185 2.4616271890699855 6.9071410447359085 8.1386450231075269
leaf_count=139 38 26 19 21 33 126
internal_value=0.00197795 0.0152268 -0.00945311 0.000791161 0.0208652 -0.00715208
internal_weight=37.0279 16.3813 20.6466 11.9345 12.8559 9.47292
internal_count=402 97 305 166 71 145
is_linear=0
shrinkage=0.03


Tree=51
num_leaves=7
num_cat=0
split_feature=1 0 20 17 13 2
split_gain=7.38813 3.72003 3.94519 2.19389 2.56822 1.46156
threshold=7.5000000000000009 82.500000000000014 2.5000000000000004 -8.4999999999999982 5.5627450980392164 9.8500000000000032
decision_type=10 2 8 10 10 2
left_child=3 2 -2 4 -1 -4
right_child=1 -3 5 -5 -6 -7
leaf_value=-0.018915835732379632 -0.0052018117979309095 -0.005469605865407616 -0.0010208112280699136 0.005393326132814364 0.0082213790067179153 0.027575416988480587
leaf_weight=11.364836063235995 3.0208819843828687 4.7594633959233752 1.3958761841058738 3.5487387850880614 0.90779591351747591 11.577876053750513
leaf_count=205 38 43 7 30 6 68
internal_value=0.00338255 0.013804 0.0194759 -0.0103201 -0.0151097 0.0250706
internal_weight=36.5755 20.7541 15.9946 15.8214 12.2726 12.9738
internal_count=397 156 113 241 211 75
is_linear=0
shrinkage=0.03


Tree=52
num_leaves=7
num_cat=0
split_feature=2 5 1 0 2 2
split_gain=8.45936 6.44002 4.02859 2.48047 1.18576 0.537274
threshold=17.550000000000004 0.6830127018922193 1.0000000180025095e-35 97.500000000000014 15.750000000000002 14.950000000000001
decision_type=2 2 10 2 2 2
left_child=1 2 5 -4 -3 -1
right_child=-2 4 3 -5 -6 -7
leaf_value=-0.0083233811129240966 -0.018764004675517625 -0.015140052074392821 0.025359108829312318 -0.0028451064647036159 0.0049196439308015249 0.0038781463630340016
leaf_weight=3.3415289409458699 8.8074171356856805 5.573376338928937 14.759631454944612 2.1760528199374667 0.89154621586203564 1.5951052159070966
leaf_count=34 135 94 92 18 9 17
internal_value=0.0011066 0.00917052 0.0162553 0.0219127 -0.0114346 -0.00441326
internal_weight=37.1447 28.3372 21.8723 16.9357 6.46492 4.93663
internal_count=399 264 161 110 103 51
is_linear=0
shrinkage=0.03


Tree=53
num_leaves=7
num_cat=0
split_feature=22 2 2 2 4 2
split_gain=7.89058 2.8424 3.55426 2.19052 1.4523 0.564121
threshold=9.8263823529411773 14.450000000000001 17.550000000000004 15.750000000000002 -0.93301270189221908 10.950000000000001
decision_type=10 2 2 2 2 2
left_child=1 -1 -3 5 -4 -2
right_child=3 2 4 -5 -6 -7
leaf_value=-0.018461769421856008 0.0029839765011820726 0.013858620412189939 0.0053568020758625835 -0.0024752987747214592 -0.014766130768301779 0.023465870700812949
leaf_weight=8.4000237882137316 3.1047015786170951 5.2498945817351323 1.6180006861686687 3.466059733182191 5.8440901488065737 8.9318155422806722
leaf_count=132 15 58 23 25 95 40
internal_value=0.00240631 -0.00880869 0.000981 0.0161029 -0.0100043 0.020609
internal_weight=36.6146 21.112 12.712 15.5026 7.46209 12.0365
internal_count=388 308 176 80 118 55
is_linear=0
shrinkage=0.03


Tree=54
num_leaves=7
num_cat=0
split_feature=21 17 0 0 1 16
split_gain=7.06453 5.54941 3.2815 2.69955 1.4975 1.00959
threshold=3.7705882352941189 -15.999999999999998 72.500000000000014 47.500000000000007 17.500000000000004 22.500000000000004
decision_type=10 10 2 2 10 10
left_child=1 4 3 -3 5 -1
right_child=-2 2 -4 -5 -6 -7
leaf_value=-0.019849937331847058 0.019904392562252477 -0.0044805764962161602 -0.0088225788403996711 0.024234482022756351 0.0030732014853390409 0.0022635660297296357
leaf_weight=15.947258368134506 6.0566232167184344 2.340467192232607 3.5306466221809387 4.3568390235304832 1.8941595926880825 0.98966567590832788
leaf_count=258 36 17 28 25 19 6
internal_value=-0.00105632 -0.00770575 0.00778872 0.0165738 -0.0159899 -0.0183364
internal_weight=35.1157 29.059 10.228 6.69731 18.8311 16.9369
internal_count=389 353 70 42 283 264
is_linear=0
shrinkage=0.03


Tree=55
num_leaves=7
num_cat=0
split_feature=22 2 0 0 16 4
split_gain=7.54751 5.81773 2.54603 1.47433 1.08736 0.856888
threshold=3.5416666666666674 16.650000000000002 47.500000000000007 77.500000000000014 19.500000000000004 -0.93301270189221908
decision_type=10 2 2 2 10 2
left_child=5 2 4 -4 -2 -1
right_child=1 -3 3 -5 -6 -7
leaf_value=0.0041099268213080032 -0.0058962588092712565 -0.010780078590460795 0.032574562582595772 0.0038113810141323754 0.010026838620153054 -0.011793456191644623
leaf_weight=1.0564147047698522 3.5704781487584176 3.4585512317717066 7.0800127610564214 3.550234105437994 2.2054205313324928 15.357454806566237
leaf_count=16 30 34 32 21 10 247
internal_value=0.00342614 0.0143424 0.0209194 0.0272606 0.00201504 -0.0100493
internal_weight=36.2786 19.8647 16.4061 10.6302 5.7759 16.4139
internal_count=390 127 93 53 40 263
is_linear=0
shrinkage=0.03


Tree=56
num_leaves=7
num_cat=0
split_feature=1 16 22 4 22 21
split_gain=7.88546 3.62818 2.6142 1.96255 1.61073 0.90802
threshold=7.5000000000000009 -6.4999999999999991 18.512091503267978 -0.5 23.166666666666668 8.7593137254901983
decision_type=10 10 8 2 10 10
left_child=4 2 3 -2 5 -1
right_child=1 -3 -4 -5 -6 -7
leaf_value=-0.015796032009613669 0.0055666575697468808 0.024712408570012046 0.012481646401483784 -0.016246785470649353 0.0056711222372248307 0.0031298828350436792
leaf_weight=13.131693877279755 3.0360152162611485 8.3792308084666711 4.8520241752266884 3.9574161097407359 1.7526775822043408 0.92567759752273637
leaf_count=222 34 51 25 41 10 7
internal_value=0.00300331 0.0139866 0.00131632 -0.00840422 -0.0110315 -0.0140556
internal_weight=36.0347 20.2247 11.8455 6.99343 15.81 14.0574
internal_count=390 151 100 75 239 229
is_linear=0
shrinkage=0.03


Tree=57
num_leaves=7
num_cat=0
split_feature=22 0 2 21 22 16
split_gain=6.78822 6.54768 7.91806 3.36714 0.989039 0.48299
threshold=-7.2321895424836571 47.500000000000007 17.550000000000004 3.2681372549019625 -2.941830065359476 -11.499999999999998
decision_type=8 2 2 10 8 10
left_child=5 3 -3 4 -2 -1
right_child=1 2 -4 -5 -6 -7
leaf_value=-0.018430334717661728 0.0028644816580675569 0.027517840762433816 -0.012119644339841302 0.013155869352548909 -0.016366941284792113 0.00096148885890630202
leaf_weight=6.7180325761437416 1.3248113952577112 13.279137376695873 2.8548507988452902 1.5091314390301693 8.1155255399644393 0.75272037833929051
leaf_count=127 29 83 37 9 89 14
internal_value=0.00218581 0.0092538 0.0192961 -0.00695386 -0.0136107 -0.0168744
internal_weight=34.5542 27.0835 16.134 10.9495 9.44034 7.47075
internal_count=388 247 120 127 118 141
is_linear=0
shrinkage=0.03


Tree=58
num_leaves=7
num_cat=0
split_feature=22 0 4 0 11 12
split_gain=6.32631 3.98015 1.47455 1.09084 0.444147 0.642424
threshold=13.053594771241832 72.500000000000014 -0.93301270189221908 47.500000000000007 -3.4999999999999996 3.9499999999999997
decision_type=10 2 2 2 10 10
left_child=2 3 -1 -2 -4 -6
right_child=1 -3 4 -5 5 -7
leaf_value=0.0058880812593699403 0.0033780959957280554 -0.0069128094042697234 -0.014269489531920034 0.026307208744711843 -0.0068053062715435807 0.006225898899464892
leaf_weight=1.5212256014347101 4.4168194979429227 4.3459037691354743 18.251068580895666 4.579742431640625 2.4961414672434326 1.3460562117397783
leaf_count=21 20 26 259 19 42 10
internal_value=-0.00204177 0.0119515 -0.010655 0.0202784 -0.0126705 -0.00130099
internal_weight=36.957 13.3425 23.6145 8.99656 22.0933 3.8422
internal_count=397 65 332 39 311 52
is_linear=0
shrinkage=0.03


Tree=59
num_leaves=7
num_cat=0
split_feature=1 0 22 22 20 17
split_gain=5.77878 3.68058 2.56399 2.51925 1.78594 1.28042
threshold=7.5000000000000009 82.500000000000014 -12.964052287581696 13.053594771241832 2.5000000000000004 -8.4999999999999982
decision_type=10 2 10 10 8 10
left_child=3 2 -2 5 -4 -1
right_child=1 -3 4 -5 -6 -7
leaf_value=-0.019160096222265995 -0.0043156526872229969 -0.0076687578214645656 -0.00046522997048202401 0.0044939428931745386 0.02526259966986176 0.0031777560016412582
leaf_weight=9.9881694130599517 2.5926872454583672 4.3027419149875632 2.6919861100614053 4.941111482679843 9.7885446548461896 1.2176815941929806
leaf_count=207 28 37 32 26 50 15
internal_value=0.0010653 0.0109087 0.0168011 -0.010533 0.0211675 -0.0165012
internal_weight=35.5229 19.376 15.0732 16.147 12.4805 11.2059
internal_count=395 147 110 248 82 222
is_linear=0
shrinkage=0.03


Tree=60
num_leaves=7
num_cat=0
split_feature=22 17 0 0 11 22
split_gain=5.94847 3.73179 2.49982 2.76643 2.27247 2.20721
threshold=13.053594771241832 -1.4999999999999998 72.500000000000014 37.500000000000007 -3.4999999999999996 -15.789666666666664
decision_type=8 8 2 2 10 10
left_child=1 5 3 -2 -3 -1
right_child=2 4 -4 -5 -6 -7
leaf_value=-0.0075051830074229367 -0.0031279089965656958 -0.019490672864499712 -0.003829031951574842 0.024766527262028964 0.0022610343559753506 0.017902378155577655
leaf_weight=1.5377942509949205 2.8447323590517035 11.181744180619715 3.8662269227206698 8.6425693556666356 4.5974144004285362 2.7535532116889954
leaf_count=29 22 183 27 43 64 22
internal_value=0.00186619 -0.00813519 0.013727 0.019005 -0.014134 0.00965842
internal_weight=35.424 20.0705 15.3535 11.4873 15.7792 4.29135
internal_count=390 298 92 65 247 51
is_linear=0
shrinkage=0.03


Tree=61
num_leaves=7
num_cat=0
split_feature=2 2 23 17 4 19
split_gain=4.43659 7.82713 4.81355 2.72899 1.65788 0.873966
threshold=17.550000000000004 14.450000000000001 14.215196078431378 -5.4999999999999991 -0.93301270189221908 1.0000000180025095e-35
decision_type=2 2 2 10 2 10
left_child=1 2 3 5 -2 -1
right_child=4 -3 -4 -5 -6 -7
leaf_value=-0.019242036043987776 0.0054187992152210374 0.024336012743062099 0.017750331523484902 0.0051866303781965334 -0.016262632720125483 0.0018150359204386712
leaf_weight=9.4597903005778843 1.5863569006323812 10.711849052459 2.301352333277463 4.422540917992591 6.8356433659791929 1.099723309278487
leaf_count=134 21 87 11 23 115 12
internal_value=0.00330498 0.00890043 -0.00398018 -0.0109245 -0.0116815 -0.0171705
internal_weight=36.4173 27.9953 17.2834 14.9821 8.422 10.5595
internal_count=403 267 180 169 136 146
is_linear=0
shrinkage=0.03


Tree=62
num_leaves=7
num_cat=0
split_feature=22 2 17 11 13 17
split_gain=6.26799 5.29725 3.50392 2.24838 2.00753 1.75527
threshold=13.053594771241832 16.750000000000004 -29.499999999999996 -3.4999999999999996 4.6372549019607847 -1.4999999999999998
decision_type=8 2 10 10 8 10
left_child=2 -2 3 -1 -5 -4
right_child=1 -3 5 4 -6 -7
leaf_value=-0.018447478468235069 0.022083850833094668 -0.010899753253427498 0.016794105225689051 0.014466565588045991 -0.008246041149410601 -0.0050681555245061273
leaf_weight=10.469548441469669 13.950638473033907 2.3890117518603793 2.9543130844831458 1.4719018340110777 2.9134948588907728 2.5868624784052372
leaf_count=196 70 29 28 14 48 23
internal_value=0.0042193 0.0158374 -0.00637376 -0.012944 0.00302291 0.00902501
internal_weight=36.7358 16.3397 20.3961 14.8549 4.3854 5.54118
internal_count=408 99 309 258 62 51
is_linear=0
shrinkage=0.03


Tree=63
num_leaves=7
num_cat=0
split_feature=20 1 0 2 22 2
split_gain=5.58509 5.6073 4.58278 1.97245 1.79335 1.06255
threshold=1.0000000180025095e-35 1.0000000180025095e-35 77.500000000000014 13.350000000000003 13.053594771241832 16.750000000000004
decision_type=8 10 2 2 10 2
left_child=-1 4 3 -3 -2 -4
right_child=1 2 5 -5 -6 -7
leaf_value=-0.013485280662913041 -0.015137223602957144 0.0076142886453404498 0.0050979692703880383 0.032675670583119439 0.0054193427092894949 -0.01091634365282851
leaf_weight=6.7343915291130543 4.4929290264844921 8.8748448714613968 3.2586500383913508 7.3549624085426322 3.0545729994773865 2.4034051075577736
leaf_count=131 86 61 21 45 17 30
internal_value=0.00515742 0.0107607 0.0175011 0.0239924 -0.00797339 -0.00363117
internal_weight=36.1738 29.4394 21.8919 16.2298 7.5475 5.66206
internal_count=391 260 157 106 103 51
is_linear=0
shrinkage=0.03


Tree=64
num_leaves=7
num_cat=0
split_feature=22 17 17 12 0 0
split_gain=6.5803 3.97384 2.72711 1.96609 1.27448 2.07225
threshold=13.053594771241832 -15.999999999999998 -1.4999999999999998 1.0000000180025095e-35 82.500000000000014 47.500000000000007
decision_type=8 10 10 10 2 2
left_child=1 3 -3 -1 5 -2
right_child=4 2 -4 -5 -6 -7
leaf_value=-0.018687664570709701 0.0018175182041209772 0.020149840008501962 -0.0072932233064569021 0.0029445871568518551 -0.00090684435356337971 0.025372909436631466
leaf_weight=11.499319542199375 5.765853703022005 2.4184343814849845 2.3242236748337746 3.3204563073813906 3.1823527067899695 7.2883894518017769
leaf_count=234 38 19 22 30 23 34
internal_value=0.00333755 -0.00764462 0.00986005 -0.0143207 0.0152538 0.0183535
internal_weight=35.799 19.5624 4.74266 14.8198 16.2366 13.0542
internal_count=400 305 41 264 95 72
is_linear=0
shrinkage=0.03


Tree=65
num_leaves=7
num_cat=0
split_feature=1 0 20 0 13 22
split_gain=7.66081 4.99829 4.33768 2.23289 1.61504 0.683855
threshold=7.5000000000000009 77.500000000000014 2.5000000000000004 47.500000000000007 4.6372549019607847 17.858169934640525
decision_type=10 2 8 2 10 10
left_child=4 2 -2 -4 5 -1
right_child=1 -3 3 -5 -6 -7
leaf_value=-0.016527710515668367 -0.0055398512188852798 -0.0070275668967201017 0.0020207989120120265 0.031575019466518139 0.0064059539959391929 0.00069015321688964935
leaf_weight=12.185173399746416 3.0767198987305173 5.8468853048980227 3.6237917542457589 8.864534314721821 1.0294011011719693 1.9182744026184071
leaf_count=227 42 50 21 48 7 12
internal_value=0.00225289 0.0126545 0.0199589 0.0260288 -0.0119522 -0.0146181
internal_weight=36.5448 21.4119 15.565 12.4883 15.1328 14.1034
internal_count=407 161 111 69 246 239
is_linear=0
shrinkage=0.03


Tree=66
num_leaves=7
num_cat=0
split_feature=21 17 0 0 4 2
split_gain=7.09136 4.82205 2.08386 1.84269 1.18842 2.30596
threshold=-0.49615686274509518 -29.499999999999996 82.500000000000014 47.500000000000007 -0.6830127018922193 16.750000000000004
decision_type=10 10 2 2 2 2
left_child=1 4 3 -3 5 -1
right_child=-2 2 -4 -5 -6 -7
leaf_value=0.009986601943675566 0.021824028545539314 -0.0033976159744116292 -0.0069585050394843527 0.019147636937581231 -0.019014940034027265 -0.012585717902050705
leaf_weight=3.1974309720098999 6.7118899188935748 2.7819503992795926 3.0918546244502059 5.9137959107756615 9.871688552200796 3.1902995221316814
leaf_count=33 43 18 26 37 175 58
internal_value=0.00195745 -0.00537944 0.00751901 0.0133277 -0.0142996 -0.00186309
internal_weight=34.7589 28.047 11.7876 8.69575 16.2594 6.38773
internal_count=390 347 81 55 266 91
is_linear=0
shrinkage=0.03


Tree=67
num_leaves=7
num_cat=0
split_feature=1 16 2 2 22 5
split_gain=5.97943 3.34877 1.55831 1.99756 1.17932 1.15246
threshold=7.5000000000000009 1.5000000000000002 15.850000000000003 16.750000000000004 17.858169934640525 -0.5
decision_type=10 10 2 2 10 2
left_child=4 2 5 -4 -1 -2
right_child=1 -3 3 -5 -6 -7
leaf_value=-0.013459121139084722 0.0032423432693594622 0.02334769536943556 0.018772360492724516 -0.0036741532503541748 0.004055193790481984 -0.013877536453210361
leaf_weight=10.995604187250136 3.7205669656395912 7.5470316819846621 2.231176421046257 4.4216719307005405 1.9513932466506947 2.7683379389345664
leaf_count=214 26 41 12 47 12 29
internal_value=0.00329865 0.0122444 0.00119058 0.00867853 -0.010425 -0.00692236
internal_weight=33.6358 20.6888 13.1418 6.65285 12.947 6.4889
internal_count=381 155 114 59 226 55
is_linear=0
shrinkage=0.03


Tree=68
num_leaves=7
num_cat=0
split_feature=22 0 15 4 1 22
split_gain=5.5483 4.38625 3.56603 2.5112 1.87288 0.769691
threshold=-6.4999999999999991 72.500000000000014 -5.4999999999999991 0.25000000000000011 1.0000000180025095e-35 13.053594771241832
decision_type=8 2 10 2 10 10
left_child=-1 2 4 -3 5 -2
right_child=1 3 -4 -5 -6 -7
leaf_value=-0.01641205785909958 -0.0067785778794923505 -0.016984745987120339 -0.0084262460654767873 0.0065031827416279471 0.021678959034798811 0.007380207104048072
leaf_weight=7.0525653101503849 2.5451149642467601 4.6312937624752504 2.6261270120739928 3.5715354159474373 14.640094690024851 1.3861099332571027
leaf_count=145 51 51 35 19 94 6
internal_value=0.00125088 0.0072575 0.0136465 -0.00816816 0.017893 -0.000449472
internal_weight=36.4528 29.4003 21.1974 8.20283 18.5713 3.93122
internal_count=401 256 186 70 151 57
is_linear=0
shrinkage=0.03


Tree=69
num_leaves=7
num_cat=0
split_feature=22 0 0 17 2 20
split_gain=4.61925 2.69665 3.1333 1.96794 1.46177 1.39493
threshold=12.351960784313727 47.500000000000007 77.500000000000014 -1.4999999999999998 17.550000000000004 4.5000000000000009
decision_type=8 2 2 8 2 10
left_child=3 -2 -3 4 -1 -5
right_child=1 2 -4 5 -6 -7
leaf_value=0.013217104183795129 -0.005258433378768898 0.024214427170445571 -0.0029510766241577957 -0.017180719497159734 -0.0066386318148738185 0.0047053698865640982
leaf_weight=1.6304856576025488 5.4366274364292613 6.2602704241871816 4.3029454611241817 12.675813619047403 2.3614340126514435 0.91516135260462839
leaf_count=13 36 30 29 229 39 11
internal_value=-0.00121187 0.00906326 0.0157556 -0.0104984 0.0043112 -0.0148379
internal_weight=33.5827 15.9998 10.5632 17.5829 3.99192 13.591
internal_count=387 95 59 292 52 240
is_linear=0
shrinkage=0.03


Tree=70
num_leaves=7
num_cat=0
split_feature=1 0 20 16 16 12
split_gain=7.52089 2.85477 2.24985 1.20028 0.992453 0.773637
threshold=7.5000000000000009 82.500000000000014 2.5000000000000004 15.500000000000002 1.0000000180025095e-35 6.5000000000000009
decision_type=10 2 8 8 10 10
left_child=5 2 4 -3 -2 -1
right_child=1 3 -4 -5 -6 -7
leaf_value=-0.01274624632626453 -0.0089996946199023386 0.0070124577970580009 0.023204517841655139 -0.010354476441001098 0.0076731022758825037 0.0021737902512681908
leaf_weight=12.380156487226484 1.9151456728577625 1.9502980411052693 13.063445676118139 2.950135376304388 1.1400384567677972 2.220733828842639
leaf_count=222 33 20 72 24 9 18
internal_value=0.0040526 0.0142377 0.0191316 -0.00339185 -0.00187718 -0.0105013
internal_weight=35.62 21.0191 16.1186 4.90043 3.05518 14.6009
internal_count=398 158 114 44 42 240
is_linear=0
shrinkage=0.03


Tree=71
num_leaves=7
num_cat=0
split_feature=21 0 17 0 0 6
split_gain=4.96525 4.15808 3.87424 1.95791 2.47356 0.181928
threshold=3.2681372549019625 67.500000000000014 -15.999999999999998 82.500000000000014 47.500000000000007 inf
decision_type=10 2 10 2 2 8
left_child=2 -2 5 4 -4 -1
right_child=1 -3 3 -5 -6 -7
leaf_value=-0.016898580525742474 0.027169004949247181 -0.0064172826811666125 -0.0056802571514530647 -0.0070164648729790346 0.019749283236803871 -0.0053719779641051967
leaf_weight=7.223597224801785 4.4276050738990298 2.6817880794405937 2.4455353505909425 3.0970342122018337 5.4100560657680035 9.1605431661009771
leaf_count=153 22 20 17 25 33 121
internal_value=0.000778198 0.0170812 -0.00544722 0.00667514 0.0127025 -0.0132169
internal_weight=34.4462 7.10939 27.3368 10.9526 7.85559 16.3841
internal_count=391 42 349 75 50 274
is_linear=0
shrinkage=0.03


Tree=72
num_leaves=7
num_cat=0
split_feature=1 21 1 6 1 2
split_gain=4.43717 1.67413 1.57602 1.15038 1.30163 2.47595
threshold=12.500000000000002 5.3622549019607844 22.500000000000004 inf -1.0000000180025095e-35 13.450000000000001
decision_type=10 10 8 8 10 2
left_child=1 3 -2 -1 -5 -6
right_child=2 -3 -4 4 5 -7
leaf_value=-0.015865358340712978 0.018149212866417911 0.0080855667284705831 -0.0033262384474725465 -0.011447127175911119 -0.0075556706303509325 0.013946499905028022
leaf_weight=6.5457767657935682 8.8409144170582277 2.4439162239432326 2.1972401253879061 2.7551804631948498 5.201164539903397 4.5686621516942978
leaf_count=142 57 17 20 54 45 44
internal_value=0.00191385 -0.00586058 0.0141701 -0.00895607 -0.00184889 0.00381675
internal_weight=32.5529 21.5147 11.0382 19.0708 12.525 9.76983
internal_count=379 302 77 285 143 89
is_linear=0
shrinkage=0.03


Tree=73
num_leaves=7
num_cat=0
split_feature=22 17 12 0 22 0
split_gain=5.61909 2.30633 3.35318 1.8816 1.84727 1.25422
threshold=13.053594771241832 -1.4999999999999998 3.9499999999999997 82.500000000000014 -15.789666666666664 37.500000000000007
decision_type=8 8 10 2 10 2
left_child=1 4 -3 5 -1 -2
right_child=3 2 -4 -5 -6 -7
leaf_value=-0.0073090419217874767 0.00027071236047030957 -0.017018455882532504 0.0084228231272432206 -0.002204074695909072 0.015879373617601219 0.022442838548620038
leaf_weight=1.4909938462078574 2.8576747104525593 12.089607741683723 2.9638871736824504 3.5759816057980052 2.430861234664917 9.9712298363447172
leaf_count=31 22 229 27 29 18 49
internal_value=0.00411132 -0.00639014 -0.0111582 0.0149135 0.00790805 0.0189649
internal_weight=35.3802 18.9753 15.0535 16.4049 3.92186 12.8289
internal_count=405 305 256 100 49 71
is_linear=0
shrinkage=0.03


Tree=74
num_leaves=5
num_cat=0
split_feature=1 16 1 2
split_gain=5.84819 2.57137 2.18408 0.624916
threshold=12.500000000000002 9.5000000000000018 22.500000000000004 13.550000000000002
decision_type=10 10 10 2
left_child=1 -1 -2 -3
right_child=2 3 -4 -5
leaf_value=-0.014036704047444306 0.018447169607316998 0.010150221264438939 -0.0037635935024648609 -0.002755330407099276
leaf_weight=16.71553007140756 9.2826694287359697 2.695627622306346 3.4937189184129229 3.0434186235070229
leaf_count=277 58 13 30 22
internal_value=-0.000431421 -0.00906459 0.0130233 0.00520996
internal_weight=35.231 22.4546 12.7764 5.73905
internal_count=400 312 88 35
is_linear=0
shrinkage=0.03


Tree=75
num_leaves=7
num_cat=0
split_feature=21 22 0 4 16 0
split_gain=6.59516 4.20301 0.857831 0.758533 0.670198 0.66726
threshold=-0.49615686274509518 18.512091503267978 67.500000000000014 -0.93301270189221908 7.5000000000000009 47.500000000000007
decision_type=10 8 2 2 10 2
left_child=1 3 -2 -1 -5 -3
right_child=2 5 -4 4 -6 -7
leaf_value=0.0017678621653953951 0.023948869914602485 -0.0015941731064765469 0.0015521078893646126 -0.017921384571522356 -0.00020056245180565815 0.011286981873680083
leaf_weight=1.3958585709333444 4.3228001929819575 3.884758125990631 2.7261018715798855 12.675617285072802 2.2829473018646231 5.3338061943650246
leaf_count=20 23 29 26 230 19 37
internal_value=0.000818956 -0.00668733 0.0195256 -0.0143729 -0.0159446 0.00720703
internal_weight=32.6219 25.573 7.0489 16.3544 14.9586 9.21856
internal_count=384 335 49 269 249 66
is_linear=0
shrinkage=0.03


Tree=76
num_leaves=7
num_cat=0
split_feature=1 20 2 5 22 13
split_gain=6.20761 2.9815 1.88624 3.2261 1.58606 0.778824
threshold=1.0000000180025095e-35 1.0000000180025095e-35 13.350000000000003 -0.9330127018922193 16.047794117647065 0.94901960784313755
decision_type=10 8 2 2 8 10
left_child=-1 5 4 -4 -3 -2
right_child=1 2 3 -5 -6 -7
leaf_value=-0.015129269302574673 -0.012266856657432721 -0.0088263475330302831 -0.005122127415460454 0.02488879769073854 0.0085380982706794502 0.0041391619979554064
leaf_weight=9.6641920208930951 3.0694886017590779 3.3372057788074034 2.2543190754950038 9.068502835929392 6.0972048342227936 0.93553749471902836
leaf_count=182 60 34 18 69 30 6
internal_value=0.000960647 0.00872694 0.0129732 0.019175 0.00146608 -0.00826417
internal_weight=34.4265 24.7623 20.7572 11.3228 9.43441 4.00503
internal_count=399 217 151 87 64 66
is_linear=0
shrinkage=0.03


Tree=77
num_leaves=7
num_cat=0
split_feature=1 0 11 2 22 2
split_gain=4.75489 3.65649 3.18515 1.36473 2.70818 0.777318
threshold=1.0000000180025095e-35 82.500000000000014 5.5000000000000009 13.350000000000003 13.642647058823529 10.750000000000002
decision_type=10 2 8 2 10 2
left_child=-1 2 -2 4 5 -4
right_child=1 -3 3 -5 -6 -7
leaf_value=-0.012998582206979985 -0.0076690083356184512 -0.0092647174340494444 0.003216964944412972 0.024004975581977415 0.01498605669784258 -0.012586239202230008
leaf_weight=9.5700793676078302 2.7289482224732664 4.9438407719135276 1.8214479908347181 8.1431691683828813 4.9380939453840256 2.6776718646287918
leaf_count=180 52 51 16 52 21 28
internal_value=0.00122931 0.00787836 0.0130573 0.0172604 0.00514256 -0.00786269
internal_weight=34.8233 25.2532 20.3093 17.5804 9.43721 4.49912
internal_count=400 220 169 117 65 44
is_linear=0
shrinkage=0.03


Tree=78
num_leaves=7
num_cat=0
split_feature=12 17 0 0 0 22
split_gain=4.65727 4.00369 2.52416 2.45151 1.61419 1.17262
threshold=3.9499999999999997 -29.499999999999996 82.500000000000014 72.500000000000014 47.500000000000007 20.288888888888895
decision_type=10 10 2 2 2 8
left_child=1 5 4 -2 -3 -1
right_child=3 2 -4 -5 -6 -7
leaf_value=-0.017038996912758123 0.024977078689531623 -0.0022241304929728144 -0.0083518097460679279 -0.002938907590287716 0.01901099532296743 0.00027695861585780437
leaf_weight=11.620419323444368 3.7751152217388144 3.2772786878049356 3.48949846997857 2.7798650115728378 5.507200114428997 4.2649251893162718
leaf_count=237 19 23 30 24 34 36
internal_value=0.000657775 -0.00513247 0.00639343 0.0169894 0.0131556 -0.0134367
internal_weight=34.7143 28.1593 12.274 6.55498 8.78448 15.8853
internal_count=403 360 87 43 57 273
is_linear=0
shrinkage=0.03


Tree=79
num_leaves=7
num_cat=0
split_feature=2 5 2 16 5 17
split_gain=4.32889 4.60214 2.6177 1.56626 1.24296 1.46038
threshold=16.650000000000002 0.6830127018922193 13.850000000000003 8.5000000000000018 -0.24999999999999994 -11.499999999999998
decision_type=2 2 2 10 2 10
left_child=1 2 3 -1 -2 -6
right_child=4 -3 -4 -5 5 -7
leaf_value=-0.006713077118211095 -0.017424622081371108 -0.011430173221896158 0.023134013250522893 0.010517053817757048 -0.0076533705384485787 0.011258590865469362
leaf_weight=5.4988660011440569 5.3356923907995224 4.1588198225945225 8.4844907261431199 3.7654863595962524 3.8284544069319946 1.2981705181300638
leaf_count=50 88 95 61 20 66 10
internal_value=0.00139728 0.0085095 0.014667 0.00152179 -0.0114313 0.000329931
internal_weight=32.37 21.9077 17.7488 9.26435 10.4623 5.12662
internal_count=390 226 131 70 164 76
is_linear=0
shrinkage=0.03


Tree=80
num_leaves=7
num_cat=0
split_feature=21 17 20 4 1 17
split_gain=4.05052 5.04626 2.26675 1.13073 1.27469 0.799219
threshold=-0.49615686274509518 -6.4999999999999991 -11.499999999999998 -0.6830127018922193 7.5000000000000009 18.500000000000004
decision_type=10 10 10 2 10 10
left_child=1 3 -2 4 -1 -3
right_child=2 5 -4 -5 -6 -7
leaf_value=-0.0095794915549452329 -0.0015776990604225128 0.00046245940672056448 0.024353261338635052 -0.017513661669812348 0.0069459134893474087 0.014757284330447248
leaf_weight=3.2835713792592314 3.7760866843163967 6.0296794436871988 3.7225871980190268 10.322545966133477 3.6616818457841873 4.7587694227695465
leaf_count=69 29 42 19 197 33 26
internal_value=0.00148313 -0.00418769 0.0158879 -0.012913 -0.00160642 0.00944448
internal_weight=35.5549 28.0562 7.49867 17.2678 6.94525 10.7884
internal_count=415 367 48 299 102 68
is_linear=0
shrinkage=0.03


Tree=81
num_leaves=7
num_cat=0
split_feature=12 17 22 5 3 20
split_gain=4.83347 3.54801 1.73339 1.19535 0.91544 0.813388
threshold=3.9499999999999997 -29.499999999999996 20.288888888888895 -0.9330127018922193 1.0000000180025095e-35 -8.4999999999999982
decision_type=10 10 8 2 2 10
left_child=1 2 -1 -3 -5 -2
right_child=5 3 -4 4 -6 -7
leaf_value=-0.016076627017548081 0.0021511336420245446 -0.0048941631008072506 0.0025991440078621335 -2.6895787922124321e-05 0.016543571843201734 0.02440820491309478
leaf_weight=10.688957249745728 3.0595002025365829 2.3810502476990214 4.5275252796709529 4.3008195832371694 4.8027130998671055 3.6144033111631861
leaf_count=225 25 23 43 28 34 18
internal_value=0.00328169 -0.00320697 -0.0112513 0.00763123 0.0114809 0.0194964
internal_weight=33.375 26.7011 15.2165 11.4846 9.10353 6.6739
internal_count=396 353 268 85 62 43
is_linear=0
shrinkage=0.03


Tree=82
num_leaves=7
num_cat=0
split_feature=22 2 2 4 0 0
split_gain=4.18989 3.74155 4.16019 2.01114 1.80069 1.60719
threshold=1.0995098039215689 16.750000000000004 14.350000000000003 -0.93301270189221908 72.500000000000014 47.500000000000007
decision_type=8 2 2 2 2 2
left_child=3 2 4 -1 5 -2
right_child=1 -3 -4 -5 -6 -7
leaf_value=0.0082018057184686348 -0.0034123532928644947 -0.0092777524265417813 0.026179392920809754 -0.014507807858384595 -0.010259640684337613 0.015030308815971491
leaf_weight=1.1027887314558018 5.0316026583313995 4.2725979797542086 7.8537178486585608 9.2080565076321346 3.1452429816126815 4.4039224795997143
leaf_count=15 40 53 44 215 18 24
internal_value=0.0029473 0.00922402 0.0141559 -0.0101937 0.00133926 0.00742006
internal_weight=35.0179 24.7071 20.4345 10.3108 12.5808 9.43553
internal_count=409 179 126 230 82 64
is_linear=0
shrinkage=0.03


Tree=83
num_leaves=7
num_cat=0
split_feature=22 17 21 22 2 20
split_gain=3.76799 3.3811 3.12882 1.92147 1.6204 0.986678
threshold=12.351960784313727 -1.4999999999999998 -0.49615686274509518 -15.789666666666664 15.450000000000001 -7.4999999999999991
decision_type=8 8 10 10 2 10
left_child=1 3 -3 -1 -2 -4
right_child=4 2 5 -5 -6 -7
leaf_value=-0.0066534381018320352 0.016557218298788968 -0.018587541518183631 -0.0045802624882599124 0.017894822763361802 -0.0016053927299075951 0.013009612603295152
leaf_weight=1.3294066786766054 10.693594224750994 10.387970956042411 1.6865460127592089 2.6482253223657608 5.0131727568805209 1.572521150112151
leaf_count=30 56 217 22 20 38 11
internal_value=0.00280119 -0.00602853 -0.0123958 0.0105542 0.0117723 0.0066448
internal_weight=33.3314 17.6247 13.647 3.97763 15.7068 3.25907
internal_count=394 300 250 50 94 33
is_linear=0
shrinkage=0.03


Tree=84
num_leaves=7
num_cat=0
split_feature=22 0 0 16 11 4
split_gain=4.40571 2.38873 2.52211 1.96352 0.87939 0.99134
threshold=13.053594771241832 72.500000000000014 37.500000000000007 15.500000000000002 7.5000000000000009 -0.93301270189221908
decision_type=8 2 2 10 10 2
left_child=3 2 -2 4 5 -1
right_child=1 -3 -4 -5 -6 -7
leaf_value=0.0034324890177568471 -0.0033386527866784282 -0.0042397126018701471 0.023225575433012138 0.0088063363868144968 0.0035601668499106996 -0.015307639460454707
leaf_weight=1.0773566812276847 2.8394932337105292 4.4619608782231799 7.1816547699272633 1.4001321308314789 1.0863162353634823 13.713574083521962
leaf_count=15 23 33 37 10 13 258
internal_value=0.000790698 0.0111192 0.0170927 -0.00841976 -0.0116841 -0.0134203
internal_weight=31.7605 14.4831 10.0211 17.2774 15.8772 14.7909
internal_count=389 93 60 296 286 273
is_linear=0
shrinkage=0.03


Tree=85
num_leaves=7
num_cat=0
split_feature=21 17 20 3 17 2
split_gain=4.41315 3.9387 2.04025 2.00607 0.82959 1.15135
threshold=-0.49615686274509518 -29.499999999999996 -11.499999999999998 1.0000000180025095e-35 -1.4999999999999998 15.950000000000001
decision_type=10 10 10 2 10 2
left_child=1 -1 -2 -3 -5 -6
right_child=2 3 -4 4 5 -7
leaf_value=-0.014087184557484348 -0.0020452117493223497 -0.0059772713929869634 0.023064649636675545 0.018682473964488227 0.0091868934213158882 -0.0078844275069990394
leaf_weight=14.349753595888616 3.1682384796440601 4.6318004429340345 4.1566911824047557 3.0849526487290859 2.1430875286459923 2.1256514564156532
leaf_count=268 25 31 23 27 10 20
internal_value=0.000642074 -0.00541459 0.0157802 0.00605906 0.0129911 0.0010186
internal_weight=33.6602 26.3352 7.32493 11.9855 7.35369 4.26874
internal_count=404 356 48 88 57 30
is_linear=0
shrinkage=0.03


Tree=86
num_leaves=7
num_cat=0
split_feature=17 21 5 3 4 1
split_gain=3.44966 5.71303 1.20632 1.96464 0.833359 0.393353
threshold=-29.499999999999996 4.0519607843137289 -0.9330127018922193 1.0000000180025095e-35 -0.6830127018922193 7.5000000000000009
decision_type=10 10 2 2 2 10
left_child=1 4 -2 -4 5 -1
right_child=2 -3 3 -5 -6 -7
leaf_value=-0.0067522062317824103 -0.00329299949357101 0.01294433277003477 -0.0005799737435781626 0.022211586596821691 -0.018771317331885497 0.003066477898613904
leaf_weight=2.460139049217104 2.4373252391815177 5.3923982158303252 4.853640314191578 4.7316463626921177 9.6773753967136162 3.0822931192815304
leaf_count=57 22 30 32 31 189 33
internal_value=0.000514686 -0.0065039 0.0109237 0.0144283 -0.0148914 -0.00242717
internal_weight=32.6348 20.6122 12.0226 9.58529 15.2198 5.54243
internal_count=394 309 85 63 279 90
is_linear=0
shrinkage=0.03


Tree=87
num_leaves=7
num_cat=0
split_feature=1 16 22 21 0 4
split_gain=4.93556 3.51796 2.43269 0.978406 0.85825 0.361546
threshold=7.5000000000000009 1.5000000000000002 18.512091503267978 6.2107843137254894 102.50000000000001 -0.93301270189221908
decision_type=10 10 8 10 2 2
left_child=3 2 -2 4 5 -1
right_child=1 -3 -4 -5 -6 -7
leaf_value=0.00021167090923109657 -0.01159462648452317 0.018661948875058586 0.0087292346703671617 0.0029860375682751192 0.0019244728590325218 -0.018306432311847379
leaf_weight=0.89326267689466021 6.7879356592893609 7.8956685438752165 4.9122503474354753 1.4722284153103817 1.367208994925021 9.6726179886609334
leaf_count=19 82 42 27 11 23 195
internal_value=-0.00119123 0.00774553 -0.00300298 -0.0128102 -0.0150653 -0.0171758
internal_weight=33.0012 19.5959 11.7002 13.4053 11.9331 10.5659
internal_count=399 151 109 248 237 214
is_linear=0
shrinkage=0.03


Tree=88
num_leaves=7
num_cat=0
split_feature=21 17 20 22 0 0
split_gain=3.57584 4.15848 3.17199 1.40629 1.22593 1.35508
threshold=-0.49615686274509518 -29.499999999999996 -11.499999999999998 20.288888888888895 82.500000000000014 47.500000000000007
decision_type=10 10 10 8 2 2
left_child=1 3 -2 -1 5 -3
right_child=2 4 -4 -5 -6 -7
leaf_value=-0.017710278575676728 -0.0047219506787389218 -0.0024764862789346379 0.024216967453592676 0.00050950285227416097 -0.0043961557616792671 0.016358314785874101
leaf_weight=9.6742805410176533 3.1922531723976135 3.2696599401533586 4.3392170295119277 4.7820207402110091 3.3387186266481867 6.2761288695037365
leaf_count=230 29 23 23 42 28 40
internal_value=0.00150237 -0.0039449 0.0149611 -0.0131012 0.00711904 0.0112733
internal_weight=34.8723 27.3408 7.53147 14.4563 12.8845 9.54579
internal_count=415 363 52 272 91 63
is_linear=0
shrinkage=0.03


Tree=89
num_leaves=7
num_cat=0
split_feature=22 2 1 16 2 20
split_gain=3.79919 3.61025 1.35434 1.88209 1.29074 0.432447
threshold=10.16666666666667 16.750000000000004 12.500000000000002 -6.4999999999999991 9.6500000000000004 4.5000000000000009
decision_type=8 2 10 10 2 10
left_child=2 4 5 -4 -2 -1
right_child=1 -3 3 -5 -6 -7
leaf_value=-0.01473349099773074 -0.0030963363057507887 -0.011179816056009267 -0.0081122245463901982 0.012824140067914703 0.016936507179098254 0.0016138205138058429
leaf_weight=9.2783556077629292 1.7939142063260103 2.5263497158884993 3.5530034713447094 2.1642743200063697 13.449929539114235 0.59803316742181856
leaf_count=225 9 34 40 14 70 8
internal_value=0.000741685 0.00910392 -0.00868442 0.00209865 0.0143965 -0.0135339
internal_weight=33.3639 17.7702 15.5937 5.71728 15.2438 9.87639
internal_count=400 113 287 54 79 233
is_linear=0
shrinkage=0.03


Tree=90
num_leaves=7
num_cat=0
split_feature=1 0 20 21 0 0
split_gain=4.31411 3.25903 2.27432 1.54101 1.07826 0.730084
threshold=1.0000000180025095e-35 77.500000000000014 5.5000000000000009 3.2681372549019625 102.50000000000001 47.500000000000007
decision_type=10 2 8 10 2 2
left_child=4 2 3 -2 -1 -4
right_child=1 -3 5 -5 -6 -7
leaf_value=-0.015616378014476372 -0.011316816002252124 -0.0072607414547494267 0.0031815646702948344 0.0090039515102806229 0.003955860408323502 0.021402411013315054
leaf_weight=7.4886321872472745 2.7442902550101311 6.0709032509475938 4.6067476551979807 1.2358171120285986 1.0222406685352323 9.514871643856166
leaf_count=164 64 62 34 7 17 58
internal_value=0.00154277 0.00786151 0.013407 -0.00350705 -0.0126716 0.0178446
internal_weight=32.6835 24.1726 18.1017 3.98011 8.51087 14.1216
internal_count=406 225 163 71 181 92
is_linear=0
shrinkage=0.03


Tree=91
num_leaves=7
num_cat=0
split_feature=22 16 2 2 22 0
split_gain=5.94316 1.05138 0.618635 0.692474 0.555425 0.13457
threshold=13.053594771241832 4.5000000000000009 10.950000000000001 9.8500000000000032 7.0583333333333345 72.500000000000014
decision_type=10 10 2 2 10 2
left_child=1 2 3 -1 -3 -2
right_child=5 4 -4 -5 -6 -7
leaf_value=-0.0062132392151317559 0.01842792161429898 0.008136367346318259 -0.012079228561949519 0.0081078690026215924 -0.0040026679842864307 0.0033481453649674407
leaf_weight=1.1516151614487236 8.3753018230199796 2.357880648225545 12.385848591104148 1.150554561987519 2.1675063334405422 3.2827238142490378
leaf_count=26 38 30 234 19 18 19
internal_value=0.00298362 -0.0069046 -0.0100752 0.00159493 0.00327307 0.0164612
internal_weight=30.8714 19.2134 14.688 2.30217 4.52539 11.658
internal_count=384 327 279 45 48 57
is_linear=0
shrinkage=0.03


Tree=92
num_leaves=7
num_cat=0
split_feature=1 0 4 22 21 5
split_gain=3.11801 2.34927 1.77366 1.15305 1.34287 0.895196
threshold=7.5000000000000009 97.500000000000014 -0.6830127018922193 29.000000000000004 8.7593137254901983 -0.5
decision_type=10 2 2 10 10 2
left_child=3 2 -2 4 -1 -4
right_child=1 -3 5 -5 -6 -7
leaf_value=-0.01393489102497247 0.021494970429031098 -0.0083653523471484015 0.0071083353066433222 0.0065826232175179474 0.005038352372989793 -0.0056790020324487701
leaf_weight=9.7158292829990334 5.8486807309091153 2.4544623754918566 9.4507891051471251 0.8881157264113434 1.5700074471533305 3.0695808399468616
leaf_count=215 39 24 63 5 9 31
internal_value=0.00248765 0.00881858 0.0124133 -0.00775606 -0.010559 0.0032473
internal_weight=32.9975 20.8235 18.3691 12.174 11.2858 12.5204
internal_count=386 157 133 229 224 94
is_linear=0
shrinkage=0.03


Tree=93
num_leaves=7
num_cat=0
split_feature=21 22 17 1 23 17
split_gain=2.95507 1.87969 3.19542 1.38365 1.0187 0.500139
threshold=-0.49615686274509518 18.512091503267978 -1.4999999999999998 7.5000000000000009 8.7593137254901965 -8.4999999999999982
decision_type=10 8 8 10 2 10
left_child=1 2 5 -3 -2 -1
right_child=4 3 -4 -5 -6 -7
leaf_value=-0.0019563431048173793 -0.0011688262960853504 -0.0073661524136646875 -0.016886235082702535 0.0097585637473306258 0.017147776569350005 0.011172273426210511
leaf_weight=2.1860500164330006 3.0881781261414281 2.3595850132405811 12.178618600592019 6.2977992370724678 3.8407777287065983 1.8231501653790472
leaf_count=39 28 30 232 31 19 13
internal_value=-0.000808339 -0.00575878 -0.0107567 0.00410316 0.011916 0.00690091
internal_weight=31.7742 24.8452 16.1878 8.65738 6.92896 4.0092
internal_count=392 345 284 61 47 52
is_linear=0
shrinkage=0.03


Tree=94
num_leaves=7
num_cat=0
split_feature=1 0 20 16 17 21
split_gain=3.25468 2.90867 2.08835 0.759785 0.74208 0.746807
threshold=7.5000000000000009 77.500000000000014 4.5000000000000009 10.500000000000002 -8.4999999999999982 6.2107843137254894
decision_type=10 2 8 10 10 10
left_child=4 2 3 -2 5 -1
right_child=1 -3 -4 -5 -6 -7
leaf_value=-0.013238036208962531 -0.0090480109300823449 -0.005902293945404714 0.019482412387233791 0.005930182782541568 0.0023364349430309707 0.0027972361910521019
leaf_weight=7.669559979811309 1.8953479174524557 5.2489049956202498 11.60846883431077 0.99231372773647297 3.3556537218391886 1.3838609680533407
leaf_count=196 36 47 65 6 32 9
internal_value=0.00284994 0.00954645 0.0152194 -0.00340452 -0.00748693 -0.0106638
internal_weight=32.1541 19.745 14.4961 2.88766 12.4091 9.05342
internal_count=391 154 107 42 237 205
is_linear=0
shrinkage=0.03


Tree=95
num_leaves=7
num_cat=0
split_feature=2 2 22 1 17 13
split_gain=5.26064 4.05768 3.00478 1.19922 1.9173 0.488178
threshold=17.550000000000004 14.450000000000001 9.147385620915033 1.0000000180025095e-35 1.0000000180025095e-35 -3.0921568627450955
decision_type=2 2 10 10 10 10
left_child=1 2 -1 -3 -5 -4
right_child=-2 3 5 4 -6 -7
leaf_value=-0.012159342948541502 -0.015251787947251787 -0.00030813741346927373 0.0005777832649603449 0.028908482577555662 0.00062791102749351353 0.013079026352100707
leaf_weight=6.9885922372341183 5.9976501762866965 2.1826203111559144 4.9905336201190931 5.6704652532935125 2.9880344048142433 3.2849404513835907
leaf_count=142 122 36 26 37 17 15
internal_value=0.00301577 0.00898974 -0.00156149 0.0196495 0.0229515 0.00859716
internal_weight=32.1028 26.1052 15.2641 10.8411 8.6585 8.27547
internal_count=395 273 183 90 54 41
is_linear=0
shrinkage=0.03


Tree=96
num_leaves=7
num_cat=0
split_feature=16 22 17 0 22 21
split_gain=5.06206 1.36856 2.07859 1.29819 1.04094 0.665873
threshold=4.5000000000000009 29.000000000000004 -1.4999999999999998 67.500000000000014 -15.789666666666664 3.2681372549019625
decision_type=10 8 8 2 10 10
left_child=1 2 4 5 -1 -2
right_child=3 -3 -4 -5 -6 -7
leaf_value=-0.00670780225518688 0.0033884689771889773 0.0023144286042600872 -0.017970976993223454 -0.002720813963632069 0.010418910870794381 0.021624476183910488
leaf_weight=1.3445249292999508 5.0759182795882207 5.3052580654621151 10.488734550774099 2.6185517199337474 2.045141588896513 3.7577458843588829
leaf_count=32 43 47 212 19 17 18
internal_value=-0.000585283 -0.00924806 -0.0131104 0.0123263 0.00367653 0.0161579
internal_weight=30.6359 19.1837 13.8784 11.4522 3.38967 8.83366
internal_count=388 308 261 80 49 61
is_linear=0
shrinkage=0.03


Tree=97
num_leaves=7
num_cat=0
split_feature=13 0 0 16 4 22
split_gain=2.90369 1.15326 2.60936 2.84471 1.15693 0.7129
threshold=4.2303921568627461 47.500000000000007 67.500000000000014 9.5000000000000018 0.25000000000000011 46.500000000000007
decision_type=10 2 2 8 2 8
left_child=1 -1 3 -3 5 -4
right_child=-2 2 4 -5 -6 -7
leaf_value=-0.012914315942558534 0.013111296640781422 -0.009275867910693715 -0.01750393719770079 0.016599366918568784 0.0021951274610443692 0.0017399487755315915
leaf_weight=9.5998949222266727 3.5806253328919402 2.0034683216363218 4.6901128515601087 5.8407203126698732 3.7402234226465225 1.0898077934980444
leaf_count=153 19 47 68 53 39 12
internal_value=-0.00283844 -0.00667606 -0.00111103 0.00895236 -0.00963029 -0.0147514
internal_weight=30.5449 26.9642 17.3643 7.84419 9.52014 5.77992
internal_count=391 372 219 100 119 80
is_linear=0
shrinkage=0.03


Tree=98
num_leaves=7
num_cat=0
split_feature=21 17 20 0 1 0
split_gain=2.83142 6.21434 1.74689 1.38401 1.06491 0.726548
threshold=-0.49615686274509518 -29.499999999999996 -11.499999999999998 82.500000000000014 17.500000000000004 47.500000000000007
decision_type=10 10 10 2 10 2
left_child=1 4 -2 5 -1 -3
right_child=2 3 -4 -5 -6 -7
leaf_value=-0.018754386452733609 -0.0031180888670378879 -0.00059630961143988955 0.018537019640532656 -0.003873099276224519 0.0024051589612960039 0.016936656306875623
leaf_weight=12.202418204396965 3.3081136289983988 2.2362262196838838 4.253166999667882 3.2156031541526309 1.2472135573625553 5.8221014924347401
leaf_count=257 30 18 24 28 17 39
internal_value=-0.00039746 -0.00539774 0.0115928 0.0090424 -0.0166722 0.0137058
internal_weight=32.2848 24.7236 7.56128 11.2739 13.4496 8.05833
internal_count=413 359 54 85 274 57
is_linear=0
shrinkage=0.03


Tree=99
num_leaves=7
num_cat=0
split_feature=22 17 20 2 16 4
split_gain=3.56516 2.51636 2.04357 1.67276 1.40556 0.940497
threshold=13.053594771241832 -3.4999999999999996 4.5000000000000009 15.450000000000001 7.5000000000000009 -0.6830127018922193
decision_type=8 8 10 2 10 2
left_child=1 -1 4 -2 -3 -5
right_child=3 2 -4 5 -6 -7
leaf_value=0.0077329600695493 0.014823358800303015 -0.020567466538540972 0.007442978387276142 0.0057118129144088821 0.00020780503183453951 -0.0094683665667483607
leaf_weight=3.8133703637868166 10.799682419747112 8.5320539791136998 1.0242659226059903 2.618657648563385 3.6145374961197367 2.5051395185291758
leaf_count=48 57 221 11 21 31 23
internal_value=0.00113753 -0.00743888 -0.0127507 0.00987691 -0.0161274 -0.00272082
internal_weight=32.9077 16.9842 13.1709 15.9235 12.1466 5.1238
internal_count=412 311 263 101 252 44
is_linear=0
shrinkage=0.03


Tree=100
num_leaves=7
num_cat=0
split_feature=22 4 0 0 1 17
split_gain=4.11588 1.63827 1.92755 1.21114 1.20973 0.601887
threshold=13.053594771241832 -0.6830127018922193 67.500000000000014 72.500000000000014 7.5000000000000009 10.500000000000002
decision_type=10 2 2 2 10 10
left_child=1 2 4 -2 -1 -3
right_child=3 5 -4 -5 -6 -7
leaf_value=-0.0035337148480601506 0.017633576435694475 -0.01279909399044403 -0.0094536774639947356 -0.00052231445791586708 0.016899708737802221 0.0025823782456407193
leaf_weight=1.6990967821329874 8.1068772822618467 11.346342207863925 1.9432952888309953 4.0471320897340766 3.0924471914768219 0.93357864022255022
leaf_count=47 37 219 34 24 22 6
internal_value=0.00221041 -0.00609825 0.00404331 0.0131978 0.0115495 -0.0112209
internal_weight=31.1688 19.0148 6.73484 12.154 4.79154 12.2799
internal_count=389 328 103 61 69 225
is_linear=0
shrinkage=0.03


Tree=101
num_leaves=7
num_cat=0
split_feature=13 22 1 15 11 22
split_gain=2.83121 2.67599 0.784178 0.647984 0.387241 0.794423
threshold=0.94901960784313755 29.000000000000004 7.5000000000000009 -3.4999999999999996 7.5000000000000009 7.6408963585434178
decision_type=10 8 8 8 8 10
left_child=1 2 3 -1 -4 -6
right_child=-2 -3 4 -5 5 -7
leaf_value=0.0021367430503777493 0.012647356854249303 0.0077046082542827597 -0.0085264322136254268 -0.017409221566198049 0.0069962143413049354 -0.0052717058005024575
leaf_weight=0.58657336421310902 4.6875247173011294 5.7667015828192296 1.8209192752838186 8.1433580890297819 3.9342020936310274 5.1887326613068581
leaf_count=24 30 48 41 176 41 29
internal_value=-0.00172991 -0.00602125 -0.0107905 -0.015796 -0.00309615 0.000622646
internal_weight=30.128 25.4405 19.6738 8.72993 10.9439 9.12293
internal_count=389 359 311 200 111 70
is_linear=0
shrinkage=0.03


Tree=102
num_leaves=7
num_cat=0
split_feature=2 2 0 22 11 5
split_gain=3.03107 2.91922 2.2862 2.08449 1.67131 1.12243
threshold=17.550000000000004 14.450000000000001 47.500000000000007 18.512091503267978 -3.4999999999999996 -0.9330127018922193
decision_type=2 2 2 8 10 2
left_child=1 3 -3 4 -1 -4
right_child=-2 2 5 -5 -6 -7
leaf_value=-0.014584611457776613 -0.011881128924740554 -0.0033619644762903828 0.00041730359196817668 0.0082639326663374972 0.0052532734867401943 0.026029848272693099
leaf_weight=6.6469742972403782 5.698194006457924 2.7329749651253206 2.0075888857245445 6.1607676371932056 2.6104566492140293 5.2193886246532202
leaf_count=114 125 28 10 32 37 42
internal_value=0.0021669 0.0067575 0.0162391 -0.00184419 -0.00911011 0.0219951
internal_weight=31.0763 25.3782 9.95995 15.4182 9.25743 7.22698
internal_count=388 263 80 183 151 52
is_linear=0
shrinkage=0.03


Tree=103
num_leaves=7
num_cat=0
split_feature=22 2 17 0 0 11
split_gain=2.68383 2.84772 1.73401 1.6108 2.23344 1.23418
threshold=9.147385620915033 16.750000000000004 -6.4999999999999991 67.500000000000014 47.500000000000007 -3.4999999999999996
decision_type=8 2 10 2 2 10
left_child=2 3 5 4 -2 -1
right_child=1 -3 -4 -5 -6 -7
leaf_value=-0.01754333832400563 -0.00077327040349538928 -0.011152975417187676 0.0064906050509896318 -0.0024623307570644255 0.023227287235653583 0.0014623347275599893
leaf_weight=7.8797661215066919 4.6797273643314892 2.5463810339570037 1.9151085391640652 4.3992441669106475 5.8686228543519974 3.0920796617865536
leaf_count=211 32 37 16 22 27 54
internal_value=-0.000892645 0.00611964 -0.00946151 0.0111201 0.015755 -0.0134061
internal_weight=30.3809 17.494 12.887 14.9476 10.5484 10.9718
internal_count=399 118 281 81 59 265
is_linear=0
shrinkage=0.03


Tree=104
num_leaves=7
num_cat=0
split_feature=1 16 0 0 22 2
split_gain=3.67279 2.23299 2.35042 1.35156 0.974937 0.938728
threshold=7.5000000000000009 -6.4999999999999991 82.500000000000014 47.500000000000007 13.642647058823529 13.350000000000003
decision_type=10 10 2 2 10 2
left_child=4 2 3 -2 -1 -3
right_child=1 5 -4 -5 -6 -7
leaf_value=-0.014142838999976729 -0.0048120807579765034 0.0021204886033467456 -0.013755720204311614 0.012662955262438299 0.0012143518498699563 0.022048943223497292
leaf_weight=7.5239552613347787 3.1001611556857842 4.2899866290390474 2.9532603658735743 5.3391576837748289 4.2451434135437012 4.2631284780800343
leaf_count=222 26 27 33 44 24 25
internal_value=0.00110546 0.00827735 -0.00106494 0.00684154 -0.00989304 0.0165232
internal_weight=31.7148 19.9457 11.3926 8.43932 11.7691 8.55312
internal_count=401 155 103 70 246 52
is_linear=0
shrinkage=0.03


Tree=105
num_leaves=7
num_cat=0
split_feature=1 2 2 22 22 0
split_gain=3.06556 2.55081 3.38238 2.25187 1.5345 0.655153
threshold=1.0000000180025095e-35 13.350000000000003 17.550000000000004 12.351960784313727 13.053594771241832 57.500000000000007
decision_type=10 2 2 10 10 2
left_child=4 3 -3 -2 -1 -4
right_child=1 2 5 -5 -6 -7
leaf_value=-0.015109420484819504 -0.01257042700929877 0.02311743814020753 0.004220869431838423 0.0081001435594201046 0.0043231164168840951 -0.0095227923236304371
leaf_weight=4.6698332298547056 4.1200565341860074 8.9364030770957452 1.7713534738868468 5.0879379659891129 3.0324483662843704 1.9822986647486684
leaf_count=148 60 66 32 23 17 35
internal_value=0.00404488 0.00934397 0.0160691 -0.00231766 -0.00876853 -0.00433076
internal_weight=29.6003 21.898 12.6901 9.20799 7.70228 3.75365
internal_count=381 216 133 83 165 67
is_linear=0
shrinkage=0.03


Tree=106
num_leaves=7
num_cat=0
split_feature=2 22 1 17 0 0
split_gain=3.24127 3.09889 2.44802 1.85339 1.35398 0.56751
threshold=16.650000000000002 10.16666666666667 17.500000000000004 -1.4999999999999998 47.500000000000007 67.500000000000014
decision_type=2 8 10 8 2 2
left_child=1 2 -1 5 -3 -2
right_child=3 4 -4 -5 -6 -7
leaf_value=-0.012558188784898922 0.0098331058477080721 0.00071626188918386363 0.010860115676588412 -0.015811980546835695 0.020167549463627032 -0.0036291317524536127
leaf_weight=5.8837460223585385 1.4656512141227724 4.7257301993668106 1.784038722515106 6.0552311632782203 8.528319299221037 1.5097638741135595
leaf_count=148 15 30 12 116 41 26
internal_value=0.00234438 0.00836339 -0.00497362 -0.00961128 0.0153281 0.00500947
internal_weight=29.9525 20.9218 7.66778 9.03065 13.254 2.97542
internal_count=388 231 160 157 71 41
is_linear=0
shrinkage=0.03


Tree=107
num_leaves=7
num_cat=0
split_feature=22 4 0 0 5 0
split_gain=4.30328 2.23431 1.53928 2.12004 1.91309 0.680481
threshold=3.5416666666666674 -0.93301270189221908 37.500000000000007 67.500000000000014 -0.9330127018922193 47.500000000000007
decision_type=8 2 2 2 2 2
left_child=1 -1 -2 5 -5 -4
right_child=2 -3 3 4 -6 -7
leaf_value=0.0081868258304471364 -0.0044264886706734683 -0.016331877803855973 0.0027730581828693287 -0.012219639269516698 0.0079828048831391794 0.022375428456050367
leaf_weight=1.0736308917403246 3.9653978236019674 8.6740676332265085 3.722465246915819 2.3409706205129623 4.951949529349803 6.0857410226017237
leaf_count=15 39 234 27 22 33 32
internal_value=0.00135957 -0.0117713 0.00852785 0.0118535 -0.000834589 0.0183841
internal_weight=30.8142 9.7477 21.0665 17.1011 7.29292 9.80821
internal_count=402 249 153 114 55 59
is_linear=0
shrinkage=0.03


Tree=108
num_leaves=7
num_cat=0
split_feature=1 0 5 22 17 13
split_gain=3.19127 1.24138 1.02231 1.00203 0.969617 1.17974
threshold=7.5000000000000009 97.500000000000014 -0.9330127018922193 -15.789666666666664 -8.4999999999999982 5.5627450980392164
decision_type=10 2 2 10 10 10
left_child=4 2 -2 -4 5 -1
right_child=1 -3 3 -5 -6 -7
leaf_value=-0.017077596941405187 -0.0036622856575034501 -0.0053860779435608071 -0.0016538997521116838 0.015620891319447524 0.0016082801080974255 0.0044731911521116996
leaf_weight=7.1190054789185542 1.9519735202193267 2.6315087527036658 2.6568220052868137 10.336985571309922 3.5032958313822746 0.64867358282208432
leaf_count=200 13 27 30 82 35 4
internal_value=-0.000226613 0.00710226 0.0101001 0.0126107 -0.0103264 -0.0142309
internal_weight=28.8483 17.5773 14.9458 12.9938 11.271 7.76768
internal_count=391 152 125 112 239 204
is_linear=0
shrinkage=0.03


Tree=109
num_leaves=7
num_cat=0
split_feature=21 17 20 3 1 0
split_gain=2.76215 2.86651 2.36588 1.08545 0.588022 0.559162
threshold=-0.49615686274509518 -29.499999999999996 -11.499999999999998 1.0000000180025095e-35 17.500000000000004 77.500000000000014
decision_type=10 10 10 2 10 2
left_child=1 4 -2 -3 -1 -5
right_child=2 3 -4 5 -6 -7
leaf_value=-0.014180306502984545 -0.0048963964194873085 -0.0043308880905055941 0.019947456513093369 0.013244317869921996 0.0015951121477638646 -0.0014208295751102281
leaf_weight=10.975445838645106 2.8463768176734447 3.7354618012905103 4.6687640734016886 5.1486057937145233 1.3691604007035483 1.8843525312840936
leaf_count=244 23 26 26 36 19 20
internal_value=0.000698005 -0.00460924 0.0123409 0.00550452 -0.0124752 0.0103574
internal_weight=30.6282 23.113 7.51514 10.7684 12.3446 7.03296
internal_count=394 345 49 82 263 56
is_linear=0
shrinkage=0.03


Tree=110
num_leaves=7
num_cat=0
split_feature=21 6 0 0 22 2
split_gain=2.36341 2.02151 1.91805 2.54725 0.616157 0.610116
threshold=4.5504901960784325 inf 77.500000000000014 47.500000000000007 32.500000000000007 11.550000000000002
decision_type=10 8 2 2 8 2
left_child=1 5 3 4 -3 -1
right_child=-2 2 -4 -5 -6 -7
leaf_value=0.00084731923820017261 0.013038263156096564 -0.010276313139502124 -0.0095402831742050168 0.014536995087456586 0.0031967537118089279 -0.017029426524656728
leaf_weight=1.5228415187448323 4.0343456584960213 3.3557733986526754 4.8742185793817034 8.0921097397804242 1.8847044035792349 5.0603883974254131
leaf_count=43 25 45 67 67 21 122
internal_value=-0.000465472 -0.00448259 0.00139008 0.00689821 -0.00623583 -0.0143134
internal_weight=28.8244 24.79 18.2068 13.3326 5.24048 6.58323
internal_count=390 365 200 133 66 165
is_linear=0
shrinkage=0.03


Tree=111
num_leaves=7
num_cat=0
split_feature=13 17 4 5 12 4
split_gain=2.32553 2.09282 1.0751 1.14708 0.62821 0.635164
threshold=0.94901960784313755 -29.499999999999996 0.68301270189221941 -0.9330127018922193 18.500000000000004 -0.6830127018922193
decision_type=10 10 2 2 10 2
left_child=1 4 3 -3 5 -1
right_child=-2 2 -4 -5 -6 -7
leaf_value=-0.0011214061969984745 0.01266413279977093 -0.0044545865156907748 -0.0063113365643005064 0.012809383724149444 0.003239332523904773 -0.015027660904620554
leaf_weight=4.832544995471836 4.5461574606597415 2.0174804851412764 2.1543303281068793 6.639763504266738 0.75556833669543344 9.0755945052951592
leaf_count=83 28 22 12 49 5 203
internal_value=-0.000294868 -0.0043058 0.00459694 0.00862826 -0.0103696 -0.01177
internal_weight=30.0214 25.4753 10.8116 8.65724 14.6637 13.9081
internal_count=402 374 83 71 291 286
is_linear=0
shrinkage=0.03


Tree=112
num_leaves=7
num_cat=0
split_feature=2 2 22 2 0 0
split_gain=2.76137 3.51638 3.04809 1.37881 0.704746 0.647285
threshold=17.550000000000004 14.450000000000001 9.147385620915033 12.450000000000001 42.500000000000007 47.500000000000007
decision_type=2 2 8 2 2 2
left_child=1 2 -1 -4 -2 -3
right_child=4 5 3 -5 -6 -7
leaf_value=-0.015285993639800495 0.0024294460872063403 0.0017189168568026445 0.01237101403083486 -0.0049349425597046579 -0.014230425417624894 0.020512889115430474
leaf_weight=4.5952707249671247 1.3549978751689185 3.0425875950604659 5.9896106682717818 3.2140672206878662 3.9453974477946758 7.2572202812880278
leaf_count=132 34 31 34 17 92 54
internal_value=0.0029693 0.00735423 -0.00272657 0.00671774 -0.0108596 0.0173372
internal_weight=29.3992 24.0988 13.7989 9.20368 5.3004 10.2998
internal_count=394 268 183 51 126 85
is_linear=0
shrinkage=0.03


Tree=113
num_leaves=7
num_cat=0
split_feature=13 17 4 2 2 0
split_gain=2.85242 3.52511 1.42023 2.10985 1.69178 1.40318
threshold=2.1382352941176426 -29.499999999999996 -0.6830127018922193 16.750000000000004 15.050000000000002 107.50000000000001
decision_type=10 10 2 2 2 2
left_child=1 2 3 4 -1 -4
right_child=-2 -3 5 -5 -6 -7
leaf_value=-0.0049500787614951813 0.01782792032408944 0.0090941185631050227 -0.017493723086328929 -0.010392221146452899 0.019500214077656966 0.0050270001562399214
leaf_weight=1.5219461508095293 3.7113500647246829 10.944835394620894 9.0822056997567415 2.4091535285115242 1.5603492576628921 0.73914108984172422
leaf_count=24 22 81 195 61 9 10
internal_value=0.00290133 -0.00172274 -0.00978955 0.00177731 0.0118338 -0.0146747
internal_weight=29.969 26.2576 15.3128 5.49145 3.0823 9.82135
internal_count=402 380 299 94 33 205
is_linear=0
shrinkage=0.03


Tree=114
num_leaves=7
num_cat=0
split_feature=1 12 17 1 0 2
split_gain=2.61039 1.97418 2.17104 0.835427 0.980791 0.727201
threshold=-1.0000000180025095e-35 3.9499999999999997 -15.999999999999998 17.500000000000004 47.500000000000007 14.450000000000001
decision_type=10 10 10 10 2 2
left_child=-1 2 5 4 -4 -2
right_child=1 -3 3 -5 -6 -7
leaf_value=-0.013371315780374867 -0.01205782459362542 0.016060545846619381 -0.0020645756047569098 -0.0031612260109435708 0.015819610317191868 0.00087694650331932066
leaf_weight=3.5315234903246191 5.8503915648907476 5.4128386899828902 2.3577893152832967 2.2785873413085938 5.2039417028427124 5.1265171952545643
leaf_count=108 106 31 15 13 33 84
internal_value=0.00156578 0.00539565 4.92193e-05 0.00830322 0.011641 -0.007633
internal_weight=29.7616 26.2301 20.8172 9.84032 7.56173 10.9769
internal_count=390 282 251 61 48 190
is_linear=0
shrinkage=0.03


Tree=115
num_leaves=7
num_cat=0
split_feature=16 22 4 2 2 17
split_gain=3.07593 3.72468 1.07457 0.930995 0.295149 0.288972
threshold=1.5000000000000002 18.512091503267978 -0.93301270189221908 15.750000000000002 15.250000000000002 -23.999999999999996
decision_type=10 8 2 2 2 8
left_child=1 2 -1 -2 -3 -4
right_child=3 4 5 -5 -6 -7
leaf_value=0.0040423220621332847 0.016065583348794387 0.011900065514033272 0.0002374847619609191 -0.0016388834695120784 0.00046131807669147961 -0.016141276619204264
leaf_weight=0.98728082329035061 8.1917124167084676 4.1134517565369633 0.8830933254212141 2.2749278098344794 3.1507081612944603 9.9804882071912253
leaf_count=17 57 24 25 21 32 211
internal_value=0.0027765 -0.00431241 -0.0128305 0.0129317 0.00914948 -0.0151547
internal_weight=29.5817 19.115 11.8509 10.4666 7.26416 10.8636
internal_count=387 309 253 78 56 236
is_linear=0
shrinkage=0.03


Tree=116
num_leaves=7
num_cat=0
split_feature=1 20 2 23 2 17
split_gain=3.55664 1.57555 1.24431 1.9733 1.07807 2.11465
threshold=1.0000000180025095e-35 1.0000000180025095e-35 13.350000000000003 9.9034313725490239 16.650000000000002 -1.4999999999999998
decision_type=10 8 2 2 2 8
left_child=-1 -2 3 -3 -4 -6
right_child=1 2 4 -5 5 -7
leaf_value=-0.013287941146220306 -0.0066610323664565464 -0.0078145361477100286 0.018681755505544656 0.012141039539693074 0.011823520717232488 -0.01101703583103205
leaf_weight=6.9572027232497957 3.3647121619433138 6.3913682587444871 7.1241166535764915 2.3290344588458538 2.3653643503785133 2.242651954293251
leaf_count=174 78 50 40 13 21 25
internal_value=0.000535337 0.00617817 0.00918398 -2.63563e-06 0.0139726 0.000758948
internal_weight=30.7745 23.8172 20.4525 8.7204 11.7321 4.60802
internal_count=401 227 149 63 86 46
is_linear=0
shrinkage=0.03


Tree=117
num_leaves=7
num_cat=0
split_feature=0 15 0 21 22 2
split_gain=1.95473 2.19423 1.64284 1.4414 1.21395 0.76049
threshold=77.500000000000014 -49.999999999999993 47.500000000000007 3.2681372549019625 -12.964052287581696 14.450000000000001
decision_type=2 10 2 10 10 2
left_child=1 2 3 -1 -4 -2
right_child=5 -3 4 -5 -6 -7
leaf_value=-0.0065629054761666781 -0.013844031784015146 -0.0089059586082922935 -0.0019569912444765336 0.01068533320789203 0.01929190825303171 0.00075391688800186527
leaf_weight=6.6835025399923413 2.605742158368229 2.8087100088596335 1.9008289407938708 1.9579211249947546 8.6027579810470325 4.7181976325809956
leaf_count=112 24 69 38 11 62 74
internal_value=0.00230695 0.00656845 0.0102128 -0.000170805 0.0160555 -0.00794936
internal_weight=29.2777 21.9537 19.145 8.64142 10.5036 7.32394
internal_count=390 292 223 123 100 98
is_linear=0
shrinkage=0.03


Tree=118
num_leaves=7
num_cat=0
split_feature=21 17 22 1 2 4
split_gain=2.13824 3.84 1.58011 1.05905 0.69991 0.540729
threshold=-0.49615686274509518 -29.499999999999996 23.166666666666668 1.0000000180025095e-35 15.950000000000001 0.25000000000000011
decision_type=10 10 8 10 2 2
left_child=1 2 -1 -3 -2 -4
right_child=4 3 5 -5 -6 -7
leaf_value=-0.018332840948311988 0.015872945911810491 -0.0042890138665497802 0.0060064695356594599 0.011135965323385285 -0.0010285303667555597 -0.0056453598436908897
leaf_weight=7.5989609770476845 4.0711505822837344 2.5337164625525466 2.9827495515346554 9.172119587659834 2.1531197931617498 1.6051825284957884
leaf_count=217 26 30 31 56 19 11
internal_value=0.00119092 -0.00328135 -0.0128188 0.00751282 0.0121726 0.00111176
internal_weight=30.117 23.8927 12.1869 11.7058 6.22427 4.58793
internal_count=390 345 259 86 45 42
is_linear=0
shrinkage=0.03


Tree=119
num_leaves=7
num_cat=0
split_feature=16 17 0 0 1 17
split_gain=3.03689 1.942 1.39249 0.727283 0.606771 0.505456
threshold=4.5000000000000009 -29.499999999999996 67.500000000000014 47.500000000000007 7.5000000000000009 -1.4999999999999998
decision_type=10 10 2 2 8 10
left_child=1 -1 3 4 -2 -3
right_child=2 5 -4 -5 -6 -7
leaf_value=-0.013126125278304823 -0.0046918779206413909 0.0082995202222901823 -0.0031404322937967884 0.02045591075523957 0.0076977231295646108 -0.0017904169485662485
leaf_weight=9.2361830808222347 2.1687731351703396 2.9551019817590696 3.157268624752759 3.8401370663195848 2.6472920738160601 7.0495116226375103
leaf_count=249 25 28 22 20 14 49
internal_value=0.00105484 -0.00587506 0.0107323 0.0150895 0.00257045 0.00296241
internal_weight=31.0543 19.2408 11.8135 8.6562 4.81607 10.0046
internal_count=407 326 81 59 39 77
is_linear=0
shrinkage=0.03


Tree=120
num_leaves=7
num_cat=0
split_feature=1 17 16 1 17 4
split_gain=2.60974 2.35363 1.85621 1.11646 0.826044 0.267686
threshold=12.500000000000002 18.500000000000004 9.5000000000000018 22.500000000000004 -5.4999999999999991 -0.5
decision_type=10 10 10 10 8 2
left_child=1 2 4 -2 -1 -4
right_child=3 -3 5 -5 -6 -7
leaf_value=0.0015367841582677572 0.013237938486539506 0.010118006323572451 0.005807268936811957 -0.0031393657295807082 -0.0180685401799771 -0.0022015496467980848
leaf_weight=1.3798087928444145 8.1017128340899927 2.2475604042410842 2.3583310581743717 2.97584519162774 9.4130085166543811 3.7464345227926961
leaf_count=29 55 13 14 28 228 25
internal_value=-0.000153597 -0.00637025 -0.0103729 0.00923029 -0.0158691 0.00211406
internal_weight=30.2227 19.1451 16.8976 11.0776 10.7928 6.10477
internal_count=392 309 296 83 257 39
is_linear=0
shrinkage=0.03


Tree=121
num_leaves=7
num_cat=0
split_feature=12 22 17 22 20 5
split_gain=2.37213 1.96353 2.46724 1.05947 0.79285 0.615106
threshold=6.5000000000000009 29.000000000000004 -1.4999999999999998 -16.833333333333332 -8.4999999999999982 -0.5
decision_type=10 8 8 8 10 2
left_child=1 2 3 -1 -2 -3
right_child=4 5 -4 -5 -6 -7
leaf_value=-0.0058727462494373179 -0.0013907991774594255 -0.0024883798782421493 -0.01424142499214405 0.011841718591714316 0.016127757252640977 0.010682507376648977
leaf_weight=1.1458975840359924 2.189851451665163 2.5959043428301811 13.631146481260659 2.8573438785970211 3.4797105193138114 3.6419642549008193
leaf_count=32 20 21 258 20 17 33
internal_value=-0.00023761 -0.00467461 -0.00920647 0.00632563 0.0118804 0.00653294
internal_weight=29.5418 23.8723 17.6344 4.00324 5.66956 6.23787
internal_count=401 364 310 52 37 54
is_linear=0
shrinkage=0.03


Tree=122
num_leaves=7
num_cat=0
split_feature=2 2 22 4 2 0
split_gain=2.44769 3.30405 2.60555 1.52854 1.52066 1.07257
threshold=17.550000000000004 14.450000000000001 9.147385620915033 -0.93301270189221908 12.65 47.500000000000007
decision_type=2 2 8 2 2 2
left_child=1 2 -1 -2 -4 -3
right_child=3 5 4 -5 -6 -7
leaf_value=-0.014621525647850186 0.0059253793682932385 0.00058899250266499783 0.011596131918230007 -0.015208523770110536 -0.0058787252239419748 0.020989270185219348
leaf_weight=4.1880530919879702 1.3944452051073311 3.2375653032213432 6.728395167738201 4.3899352848529807 3.3789297491312027 7.0671205502003431
leaf_count=126 22 34 37 106 19 54
internal_value=0.00298486 0.00711266 -0.00246674 -0.00972866 0.00574202 0.0168662
internal_weight=30.3844 24.6001 14.2954 5.78438 10.1073 10.3047
internal_count=398 270 182 128 56 88
is_linear=0
shrinkage=0.03


Tree=123
num_leaves=7
num_cat=0
split_feature=1 5 11 0 0 11
split_gain=3.23239 2.3442 2.85326 2.4855 1.16499 0.468265
threshold=1.0000000180025095e-35 -0.9330127018922193 5.5000000000000009 97.500000000000014 47.500000000000007 -3.4999999999999996
decision_type=10 2 8 2 2 10
left_child=5 -2 -3 4 -4 -1
right_child=1 2 3 -5 -6 -7
leaf_value=-0.013818872522256245 -0.0093837930192290017 -0.0080906835985645621 0.0029679312041226199 -0.0061840699752726547 0.02303853911475735 0.0020644986280094826
leaf_weight=5.8472711844369769 2.5954559817910257 2.8214483074843795 5.1949041858315566 1.9476838950067747 9.5774299912154657 0.58951090276241558
leaf_count=147 22 72 44 24 68 24
internal_value=0.0014959 0.00694922 0.0105884 0.0148773 0.0185158 -0.0120976
internal_weight=28.5737 22.1369 19.5415 16.72 14.7723 6.43678
internal_count=401 230 208 136 112 171
is_linear=0
shrinkage=0.03


Tree=124
num_leaves=7
num_cat=0
split_feature=1 16 2 4 22 2
split_gain=2.96202 2.32428 1.34713 1.2778 1.15916 0.918146
threshold=7.5000000000000009 1.5000000000000002 13.350000000000003 -0.5 13.053594771241832 11.15
decision_type=10 10 2 2 10 2
left_child=4 3 -3 -2 -1 -5
right_child=1 2 -4 5 -6 -7
leaf_value=-0.012140392670463801 0.0079939722087726886 0.0015393342856148118 0.025355194355956231 0.0050529018810454409 0.0031782606356673686 -0.011152547047239208
leaf_weight=6.23918598983437 4.4969664998352537 3.7093553990125647 3.9668003115803003 1.2192976567894227 4.5822352766990662 4.7344979178160429
leaf_count=215 42 23 20 13 26 50
internal_value=0.00393385 0.0103577 0.0189933 -7.89902e-05 -0.00669935 -0.00704221
internal_weight=28.9483 18.1269 7.67616 10.4508 10.8214 5.9538
internal_count=389 148 43 105 241 63
is_linear=0
shrinkage=0.03


Tree=125
num_leaves=7
num_cat=0
split_feature=13 22 4 0 11 2
split_gain=1.98866 1.451 1.37198 1.18488 1.14423 0.686462
threshold=4.2303921568627461 17.297058823529415 -0.93301270189221908 47.500000000000007 -3.4999999999999996 16.550000000000004
decision_type=10 8 2 2 10 2
left_child=1 2 -1 -3 -4 -5
right_child=-2 3 4 5 -6 -7
leaf_value=0.0062931683409105186 0.012181326675208621 -0.0053110772608279252 -0.014791446810457421 0.013377314294263131 0.0029297066654525817 -0.0022568632987307151
leaf_weight=1.3269174955785299 3.2925355881452552 4.3282824251800811 11.736696063540878 3.7925986647605896 2.2659417521208463 1.7804129384458063
leaf_count=22 18 32 235 18 45 24
internal_value=-0.000974447 -0.004422 -0.0091717 0.00354168 -0.0119074 0.00967736
internal_weight=28.5234 25.2308 15.3296 9.90129 14.0026 5.57301
internal_count=394 376 302 74 280 42
is_linear=0
shrinkage=0.03


Tree=126
num_leaves=7
num_cat=0
split_feature=20 2 2 23 22 2
split_gain=2.71359 1.68889 3.37599 2.0524 1.7252 0.529644
threshold=5.5000000000000009 14.450000000000001 17.550000000000004 9.9034313725490239 18.512091503267978 20.150000000000002
decision_type=8 2 2 2 10 2
left_child=-1 3 -3 4 -2 -4
right_child=1 2 5 -5 -6 -7
leaf_value=-0.010736627671741108 -0.013808604046351335 0.020430771620324095 -0.0098471929548227827 0.012019362806306926 0.0053233327270237061 0.0029368034647514253
leaf_weight=5.5100402580574155 6.1074415892362648 8.8187846094369871 2.167535330168902 2.3717654533684245 3.4648294895887375 1.9189173495396969
leaf_count=155 79 68 49 13 16 32
internal_value=0.00281431 0.00711423 0.0129609 -0.00116343 -0.0074331 -0.00553138
internal_weight=30.3593 24.8493 12.9052 11.944 9.57227 4.08645
internal_count=412 257 149 108 95 81
is_linear=0
shrinkage=0.03


Tree=127
num_leaves=7
num_cat=0
split_feature=2 2 11 17 22 4
split_gain=3.05925 2.2929 1.79385 1.72524 1.67853 0.796426
threshold=17.550000000000004 14.450000000000001 -3.4999999999999996 -1.0000000180025095e-35 18.512091503267978 -0.93301270189221908
decision_type=2 2 10 10 8 2
left_child=1 2 4 -3 -1 -2
right_child=5 3 -4 -5 -6 -7
leaf_value=-0.013795826647482985 0.0027919021769960777 0.020691025590851116 0.010395090884330434 -0.0016488352532645313 0.0043021324941808891 -0.015064475790961002
leaf_weight=5.8968608025461435 1.167681813240051 6.8645674232393485 3.2848250642418888 3.2793362475931644 4.8061649240553397 4.3608754435554138
leaf_count=107 21 62 42 22 26 113
internal_value=0.00248178 0.00720233 -0.00115981 0.0153091 -0.00688681 -0.0117582
internal_weight=29.6603 24.1318 13.9879 10.1439 10.703 5.52856
internal_count=393 259 175 84 133 134
is_linear=0
shrinkage=0.03


Tree=128
num_leaves=7
num_cat=0
split_feature=1 0 0 21 6 2
split_gain=2.01356 1.26939 2.56125 1.72903 0.94468 0.693857
threshold=1.0000000180025095e-35 77.500000000000014 47.500000000000007 3.2681372549019625 inf 16.750000000000004
decision_type=10 2 2 10 8 2
left_child=-1 2 3 -2 -4 -3
right_child=1 5 4 -5 -6 -7
leaf_value=-0.011361607037889626 -0.0110608133050062 0.0023016544600668177 -0.00031355921129265089 0.0089487126784625372 0.018146134681576342 -0.010928680122577455
leaf_weight=6.0403011832386282 5.5700257411226692 4.1964650414884082 2.9076558621600244 1.650534354150295 7.5056137181818494 2.379720363765955
leaf_count=167 71 31 40 9 49 33
internal_value=-0.000506929 0.00368251 0.00738053 -0.00469695 0.0145621 -0.00513844
internal_weight=30.2503 24.21 17.6338 7.22056 10.4133 6.57619
internal_count=400 233 169 80 89 64
is_linear=0
shrinkage=0.03


Tree=129
num_leaves=7
num_cat=0
split_feature=22 17 2 2 11 17
split_gain=1.62862 1.61819 2.08258 2.2388 1.67378 1.59369
threshold=-15.789666666666664 -1.4999999999999998 15.450000000000001 14.450000000000001 -3.4999999999999996 25.500000000000004
decision_type=10 8 2 2 10 10
left_child=-1 -2 3 4 5 -3
right_child=1 2 -4 -5 -6 -7
leaf_value=-0.0093172581040885712 0.015865772560007943 -0.012864134152085704 -0.010543168703536766 0.018241747928781728 0.0093016864906905576 0.0068145647928781663
leaf_weight=5.2843869403004673 3.2211576737463474 6.8316638264805132 5.7621848760172716 2.94404088333249 3.3265372905880204 1.7192336469888685
leaf_count=115 22 93 85 22 44 8
internal_value=0.00108814 0.00461437 9.69776e-05 0.00584964 -0.00171617 -0.00785302
internal_weight=29.0892 23.8048 20.5837 14.8215 11.8774 8.5509
internal_count=389 274 252 167 145 101
is_linear=0
shrinkage=0.03


Tree=130
num_leaves=7
num_cat=0
split_feature=22 2 17 2 2 22
split_gain=2.9913 2.28044 1.74609 1.15488 1.61339 0.553231
threshold=1.0995098039215689 16.750000000000004 -15.999999999999998 13.350000000000003 12.350000000000003 5.0114379084967338
decision_type=8 2 10 2 2 10
left_child=2 3 -1 4 -2 -3
right_child=1 5 -4 -5 -6 -7
leaf_value=-0.015170465722378663 0.0092348658366997582 0.0033593145955267988 0.0054577522890104603 0.018787449185671407 -0.0088631055021285085 -0.010554923858699283
leaf_weight=4.8044169321656227 6.6726182457059711 1.0810937583446496 2.6816099174320698 9.1493599209934455 2.4133047871291637 2.2013005316257477
leaf_count=204 48 18 21 55 15 29
internal_value=0.00427972 0.0095159 -0.00855462 0.0132523 0.0029881 -0.00671073
internal_weight=29.0037 21.5177 7.48603 18.2353 9.08592 3.28239
internal_count=390 165 225 118 63 47
is_linear=0
shrinkage=0.03


Tree=131
num_leaves=7
num_cat=0
split_feature=1 0 17 13 20 16
split_gain=2.35563 2.19024 1.74108 0.892512 0.89209 0.991658
threshold=7.5000000000000009 77.500000000000014 -8.4999999999999982 9.6666666666666732 4.5000000000000009 10.500000000000002
decision_type=10 2 10 10 8 10
left_child=2 4 3 -1 5 -2
right_child=1 -3 -4 -5 -6 -7
leaf_value=-0.014945160977895632 -0.0084555693995849359 -0.0053311362555036254 0.0059187365545896112 0.0040647512465435895 0.016047199771711269 0.0082205407799102685
leaf_weight=6.8567224601283687 1.7212575469166052 4.837010519579052 3.6329313796013594 0.51629930362105358 11.42788252979517 1.1666150391101835
leaf_count=218 40 46 34 3 67 7
internal_value=0.00288286 0.00848929 -0.00647773 -0.0125093 0.0133302 -0.000778302
internal_weight=30.1587 19.1528 11.006 7.37302 14.3158 2.88787
internal_count=415 160 255 221 114 47
is_linear=0
shrinkage=0.03


Tree=132
num_leaves=7
num_cat=0
split_feature=0 16 1 0 0 16
split_gain=1.98175 1.97131 1.70275 1.25988 1.20396 0.576686
threshold=77.500000000000014 4.5000000000000009 1.0000000180025095e-35 47.500000000000007 42.500000000000007 5.5000000000000009
decision_type=2 8 10 2 2 8
left_child=1 -1 -3 4 -4 -2
right_child=5 2 3 -5 -6 -7
leaf_value=-0.0090008037775044028 0.0030218447796953843 -0.0040332473100898672 0.0083169936810987399 0.019333448736656125 -0.0079141974550285456 -0.010936294864057838
leaf_weight=2.0054253367707142 1.1764709055423725 3.8653907189145782 4.7564475070685139 8.1382051566615683 2.2666715551167727 5.3396201319992542
leaf_count=79 32 85 48 57 20 62
internal_value=0.00259362 0.0068696 0.0100673 0.013771 0.00196575 -0.00819834
internal_weight=27.5482 21.0321 19.0267 15.1613 7.02312 6.51609
internal_count=383 289 210 125 68 94
is_linear=0
shrinkage=0.03


Tree=133
num_leaves=7
num_cat=0
split_feature=2 2 13 17 4 0
split_gain=2.28173 3.24181 1.7934 1.44538 1.13074 0.834412
threshold=14.450000000000001 17.550000000000004 0.94901960784313755 25.500000000000004 -0.93301270189221908 47.500000000000007
decision_type=2 2 10 10 2 2
left_child=2 5 3 -1 -3 -2
right_child=1 4 -4 -5 -6 -7
leaf_value=-0.015425687510111884 0.00047284935859939943 0.0055185356308919296 0.0077100472503262548 0.0046522694123317422 -0.012237220284037807 0.018656185822178383
leaf_weight=9.6821641279384512 3.1620538886636478 1.412662561982869 1.8005757369101036 1.6663604229688633 4.4565268373116851 6.4927018750458956
leaf_count=161 32 21 13 8 117 47
internal_value=-0.000151448 0.00672075 -0.00788116 -0.0119564 -0.0073909 0.0148941
internal_weight=28.673 15.5239 13.1491 11.3485 5.86919 9.65476
internal_count=399 217 182 169 138 79
is_linear=0
shrinkage=0.03


Tree=134
num_leaves=7
num_cat=0
split_feature=22 2 2 20 5 1
split_gain=1.81915 1.9006 2.54936 1.62083 1.28572 1.18596
threshold=-15.789666666666664 14.350000000000003 20.450000000000003 -11.499999999999998 -0.9330127018922193 1.0000000180025095e-35
decision_type=8 2 2 10 2 10
left_child=-1 3 4 -2 -3 -6
right_child=1 2 -4 -5 5 -7
leaf_value=-0.0099564749035309999 -0.0073319093657076232 -0.0010358913723267458 -0.0077362210714399093 0.0092931300303140674 -0.00065552352363390575 0.023552708499151687
leaf_weight=2.3480882290750742 9.2186972536146659 2.4532662890851489 1.6047097332775582 3.4680114984512356 1.8037853632122267 8.2625270206481201
leaf_count=87 97 24 44 60 33 53
internal_value=0.0044022 0.00702701 0.0130249 -0.00144492 0.0171344 0.0204369
internal_weight=29.1591 26.811 14.1243 12.6867 12.5196 10.0663
internal_count=398 311 154 157 110 86
is_linear=0
shrinkage=0.03


Tree=135
num_leaves=7
num_cat=0
split_feature=1 0 2 2 2 2
split_gain=2.6869 1.33362 1.38689 1.94048 1.27418 0.4925
threshold=1.0000000180025095e-35 97.500000000000014 18.750000000000004 13.350000000000003 12.050000000000002 11.15
decision_type=10 2 2 2 2 2
left_child=5 2 3 4 -2 -1
right_child=1 -3 -4 -5 -6 -7
leaf_value=0.0019115382747817533 0.0075389472527542106 -0.0056412252461195463 -0.004321410667505912 0.020013935646940373 -0.0083381793655561108 -0.01227386641922016
leaf_weight=1.2801359128206993 5.8103553280234426 2.5962800607085219 2.6608055438846341 8.4116982771083695 2.9101806608960032 5.1457975935190916
leaf_count=30 54 29 49 65 27 142
internal_value=0.00282363 0.00759439 0.0101181 0.0128303 0.00113277 -0.00984807
internal_weight=28.8153 22.3893 19.793 17.1322 8.72054 6.42593
internal_count=396 224 195 146 81 172
is_linear=0
shrinkage=0.03


Tree=136
num_leaves=7
num_cat=0
split_feature=0 16 0 0 4 16
split_gain=2.38468 2.00293 2.33119 1.4415 1.08507 0.975862
threshold=67.500000000000014 7.5000000000000009 47.500000000000007 42.500000000000007 -0.5 5.5000000000000009
decision_type=2 8 2 2 2 8
left_child=1 -1 3 4 -3 -2
right_child=5 2 -4 -5 -6 -7
leaf_value=-0.0097015334998481265 0.0034338579887677823 0.012274313077200045 0.017875355706114572 -0.011000911480662439 -0.004228391166917209 -0.013757545602633229
leaf_weight=2.2275922009721416 1.6941988654434661 3.0406646337360153 6.9909143615514031 2.8779974523931742 3.0317716868594298 7.2403412284329534
leaf_count=85 39 45 60 31 50 83
internal_value=-0.000720171 0.00527819 0.00918799 -0.00157221 0.00584624 -0.0104352
internal_weight=27.1035 18.1689 15.9413 8.95043 6.07244 8.93454
internal_count=393 271 186 126 95 122
is_linear=0
shrinkage=0.03


Tree=137
num_leaves=7
num_cat=0
split_feature=1 0 2 16 16 2
split_gain=2.12213 1.8163 1.22776 1.3778 0.686341 0.676065
threshold=7.5000000000000009 67.500000000000014 15.65 26.500000000000004 10.500000000000002 10.750000000000002
decision_type=10 2 2 8 8 2
left_child=2 4 3 -1 -2 -5
right_child=1 -3 -4 5 -6 -7
leaf_value=-0.0084967955990427196 -0.001339784612053418 -0.0041817012900751509 -0.015187581329308582 -0.0023217879015843112 0.014087907869798914 0.013800538415972775
leaf_weight=2.4915165603160858 2.1682067606598148 7.2562335319817057 4.2442667428404093 1.6912897452712079 9.6093945577740669 1.7743975343182681
leaf_count=73 32 64 115 28 65 27
internal_value=0.000550972 0.0060315 -0.00829508 0.00130514 0.0116949 0.0092083
internal_weight=29.2353 19.0338 10.2015 5.9572 11.7776 3.46569
internal_count=404 161 243 128 97 55
is_linear=0
shrinkage=0.03


Tree=138
num_leaves=7
num_cat=0
split_feature=2 2 11 17 4 5
split_gain=1.40611 2.28936 1.56453 1.63144 1.43758 0.763079
threshold=16.650000000000002 14.450000000000001 -3.4999999999999996 18.500000000000004 -0.93301270189221908 0.6830127018922193
decision_type=2 2 10 10 2 2
left_child=1 2 3 -1 -2 -6
right_child=4 -3 -4 -5 5 -7
leaf_value=-0.013591084231899045 0.0066779307797992793 0.013131135916933039 0.0076939672179876552 0.0057660466293023259 -0.015615251426658934 0.0023535863677314008
leaf_weight=7.9582711989060062 1.2186367791146038 7.4033258985728017 3.3767382260412004 2.3436219692230225 5.6948699448257667 1.1891249809414146
leaf_count=132 19 63 47 11 121 19
internal_value=-0.00050789 0.00358665 -0.00371135 -0.00874227 -0.00846462 -0.012827
internal_weight=29.1846 21.082 13.6786 10.3019 8.10263 6.88399
internal_count=412 253 190 143 159 140
is_linear=0
shrinkage=0.03


Tree=139
num_leaves=7
num_cat=0
split_feature=17 13 5 3 20 15
split_gain=1.94344 2.99099 1.15356 1.1074 0.760617 0.448112
threshold=-29.499999999999996 4.2303921568627461 -0.9330127018922193 1.0000000180025095e-35 5.5000000000000009 -3.4999999999999996
decision_type=10 10 2 2 10 8
left_child=1 4 -2 -4 5 -1
right_child=2 -3 3 -5 -6 -7
leaf_value=0.0016640077826409934 -0.0050140713436886948 0.010974461434785501 -0.00030350947307299211 0.017851115834565501 0.0029366592592242891 -0.014353969917858762
leaf_weight=0.66907829605042934 1.7542567960917939 3.123081784695386 4.253690190613268 4.2264820914715528 1.2062419392168511 11.536443522199992
leaf_count=34 20 18 31 31 8 238
internal_value=0.000235131 -0.00559828 0.00840387 0.0120098 -0.0113897 -0.0132475
internal_weight=26.7693 16.5348 10.2344 8.48017 13.4118 12.2055
internal_count=380 298 82 62 280 272
is_linear=0
shrinkage=0.03


Tree=140
num_leaves=7
num_cat=0
split_feature=21 17 0 0 2 0
split_gain=2.05167 2.42692 1.03231 0.828138 1.23659 0.906399
threshold=-0.49615686274509518 -29.499999999999996 67.500000000000014 67.500000000000014 15.950000000000001 47.500000000000007
decision_type=10 10 2 2 2 2
left_child=1 -1 -2 5 -5 -3
right_child=2 3 -4 4 -6 -7
leaf_value=-0.0091186985457019521 0.018664732198826476 -0.0011700689189039599 -0.00089641808312909861 0.0073785964819498111 -0.0098923415097053602 0.016539562447240364
leaf_weight=11.771364407613879 4.1748990230262271 2.8379832785576564 2.7049869168549776 2.6864031702280045 2.359945684671402 3.6234028898179531
leaf_count=277 22 22 24 16 25 22
internal_value=0.00366254 -0.00125778 0.0138335 0.00710964 -0.0016018 0.011644
internal_weight=30.159 23.2791 6.87989 11.5077 5.04635 6.46139
internal_count=408 362 46 85 41 44
is_linear=0
shrinkage=0.03


Tree=141
num_leaves=7
num_cat=0
split_feature=0 16 0 16 21 16
split_gain=3.00426 1.95844 1.75646 0.922687 0.669044 0.505793
threshold=72.500000000000014 7.5000000000000009 47.500000000000007 5.5000000000000009 3.2681372549019625 -6.4999999999999991
decision_type=2 8 2 8 10 10
left_child=1 -1 4 5 -3 -2
right_child=3 2 -4 -5 -6 -7
leaf_value=-0.0089141073586521489 -0.0046666370650733395 -0.0043880674363018677 0.016576671437262411 -0.014072188269090452 0.0074388628023329536 0.0081305344609928689
leaf_weight=2.0029288893565553 0.87741981074213982 7.1308669839054399 9.5315630324184877 6.5961241498589516 1.6769027337431905 0.87925266847014227
leaf_count=86 30 115 78 79 9 9
internal_value=0.000952318 0.00690142 0.0101683 -0.0106951 -0.000258007 0.00301534
internal_weight=28.6951 20.3423 18.3393 8.3528 8.80777 1.75667
internal_count=406 288 202 118 124 39
is_linear=0
shrinkage=0.03


Tree=142
num_leaves=7
num_cat=0
split_feature=22 21 20 15 4 15
split_gain=2.88458 2.90905 0.915543 0.266971 0.205856 0.102743
threshold=23.166666666666668 -0.49615686274509518 -11.499999999999998 -5.4999999999999991 -0.93301270189221908 -14.499999999999998
decision_type=8 10 10 8 2 10
left_child=1 3 -3 5 -5 -1
right_child=-2 2 -4 4 -6 -7
leaf_value=-0.0026969807201627717 0.010427001684609504 -0.0034889472787593967 0.01247313320856615 -3.0501181463763624e-05 -0.01537902207036409 0.0031450807955444682
leaf_weight=0.48119636345654726 8.1661865077912825 2.5271652583032846 3.0408669225871554 0.84886150434613306 10.704628767445682 0.40121985133737326
leaf_count=24 64 27 17 16 217 12
internal_value=-0.000904034 -0.0071928 0.00700536 -0.0137358 -0.0146012 0.000374777
internal_weight=26.1701 18.0039 5.56803 12.4359 11.5535 0.882416
internal_count=377 313 44 269 233 36
is_linear=0
shrinkage=0.03


Tree=143
num_leaves=7
num_cat=0
split_feature=2 2 22 11 0 0
split_gain=1.83223 2.47048 1.18565 0.863491 0.768821 0.613363
threshold=17.550000000000004 14.450000000000001 18.512091503267978 -3.4999999999999996 47.500000000000007 57.500000000000007
decision_type=2 2 10 10 2 2
left_child=1 2 3 -1 -3 -2
right_child=5 4 -4 -5 -6 -7
leaf_value=-0.011429678919341851 0.0017559992401779225 -0.00038259979230898748 0.0064768685948501997 0.0037584093467363999 0.016820029159891465 -0.012871205048461631
leaf_weight=6.7950473278760928 2.2150128176435819 2.5738931316882363 3.6786241531372061 1.9324513170868192 8.2491950094699842 3.1677838936448097
leaf_count=129 53 29 18 33 58 79
internal_value=0.00222974 0.00593023 -0.00301896 -0.00792268 0.0139008 -0.00890508
internal_weight=28.612 23.2292 12.4061 8.7275 10.8231 5.3828
internal_count=399 267 180 162 87 132
is_linear=0
shrinkage=0.03


Tree=144
num_leaves=7
num_cat=0
split_feature=16 17 5 1 2 21
split_gain=2.22438 1.95599 1.31074 1.09276 1.49916 1.0963
threshold=-6.4999999999999991 18.500000000000004 -0.5 7.5000000000000009 13.350000000000003 6.2107843137254894
decision_type=10 10 2 10 2 10
left_child=1 2 -1 5 -5 -2
right_child=3 -3 -4 4 -6 -7
leaf_value=-0.016826454825765145 -0.0088490574046155047 0.0091076748423262969 -0.00028505524554221795 -0.00066428648701786889 0.021151344037358365 0.0081840490282053674
leaf_weight=4.5030074622482053 2.5251402938738452 2.9061097390949717 8.2136148372665065 3.675097580999136 4.1750775948166847 1.3106961771845815
leaf_count=91 57 20 173 27 25 7
internal_value=0.00252863 -0.00444472 -0.00923813 0.0103895 0.0146537 -0.00169122
internal_weight=27.3087 15.6227 12.7166 11.686 7.85018 3.83584
internal_count=400 284 264 116 52 64
is_linear=0
shrinkage=0.03


Tree=145
num_leaves=7
num_cat=0
split_feature=22 2 17 16 22 1
split_gain=1.82737 1.26073 1.24129 1.41306 0.954189 0.677157
threshold=12.351960784313727 15.450000000000001 -5.4999999999999991 4.5000000000000009 -16.833333333333332 12.500000000000002
decision_type=10 2 8 10 8 10
left_child=2 -2 4 -4 -1 -5
right_child=1 -3 3 5 -6 -7
leaf_value=-0.0057351733917417273 0.011936686319384091 -0.0044995048393576811 -0.013774023741568152 -0.0050340680823383549 0.011216696153474889 0.008721234510634732
leaf_weight=1.11890781391412 8.7951216399669629 2.9520655572414389 9.1423958642408305 1.5066576320677989 2.2718361914157872 2.2198206633329391
leaf_count=36 44 22 240 28 16 13
internal_value=0.00032641 0.00769608 -0.00555579 -0.00921082 0.0055386 0.00346197
internal_weight=28.0068 11.7472 16.2596 12.8689 3.39074 3.72648
internal_count=399 66 333 281 52 41
is_linear=0
shrinkage=0.03


Tree=146
num_leaves=7
num_cat=0
split_feature=2 2 2 2 16 0
split_gain=2.54071 1.62202 2.69423 1.59176 0.996502 0.792391
threshold=17.550000000000004 14.450000000000001 12.65 8.3500000000000032 15.500000000000002 47.500000000000007
decision_type=2 2 2 2 8 2
left_child=1 2 3 -1 -5 -3
right_child=-2 5 -4 4 -6 -7
leaf_value=-0.0075137270011592233 -0.010264515642775335 -0.00014329110345988213 -0.013127823981517127 -0.0022849743298324582 0.016338394469862263 0.017646028977042455
leaf_weight=1.1893508778885058 4.8279043100774279 2.6650324109941703 3.7699915124103418 1.9554752120748147 5.7044419646263131 7.2186276596039534
leaf_count=18 127 30 63 40 55 55
internal_value=0.00343318 0.00770377 -0.000149591 0.00812283 0.0125593 0.0144126
internal_weight=27.3308 22.5029 12.6193 8.84927 7.65992 9.88366
internal_count=388 261 176 113 95 85
is_linear=0
shrinkage=0.03


Tree=147
num_leaves=7
num_cat=0
split_feature=2 2 2 2 12 0
split_gain=2.4357 1.72741 2.29887 0.913464 0.887167 0.580763
threshold=17.650000000000002 14.450000000000001 11.550000000000002 9.6500000000000004 20.400000000000006 47.500000000000007
decision_type=2 2 2 2 10 2
left_child=1 2 3 -1 -4 -3
right_child=-2 5 4 -5 -6 -7
leaf_value=-0.0029644742248711169 -0.010827505261463283 0.00065659964461467187 -0.013215156819534052 0.01353686515014467 0.0040588645206306104 0.016420567637668221
leaf_weight=2.2811700180172974 4.986782024614512 3.0709513574838621 5.882432303391397 3.987317668274045 1.0004028379917143 7.0374627653509378
leaf_count=34 128 34 93 47 6 54
internal_value=0.0022693 0.00649611 -0.00106785 0.00888098 -0.010053 0.0134337
internal_weight=28.2465 23.2597 13.1513 6.26849 6.88284 10.1084
internal_count=396 268 180 81 99 88
is_linear=0
shrinkage=0.03


Tree=148
num_leaves=7
num_cat=0
split_feature=2 2 0 23 0 22
split_gain=1.53888 2.78477 1.8153 1.31942 1.16252 1.07434
threshold=17.550000000000004 14.450000000000001 47.500000000000007 18.000000000000004 57.500000000000007 18.512091503267978
decision_type=2 2 2 2 2 8
left_child=1 3 -3 5 -2 -1
right_child=4 2 -4 -5 -6 -7
leaf_value=-0.011634536824703699 0.0043818599925437834 -0.0035714249433100977 0.020165673677199479 0.0091720272647855313 -0.013295358127601794 0.0033261088784221683
leaf_weight=7.2001201268285548 2.4142317771911612 2.0653670262545329 7.18373210914433 1.6037484239786852 3.3719970369711518 3.9082029685378092
leaf_count=146 53 27 55 10 87 23
internal_value=0.00274513 0.00625776 0.0154718 -0.00292136 -0.00730752 -0.00697236
internal_weight=27.7474 21.9612 9.2491 12.7121 5.78623 11.1083
internal_count=401 261 82 179 140 169
is_linear=0
shrinkage=0.03


Tree=149
num_leaves=7
num_cat=0
split_feature=1 4 2 5 4 13
split_gain=1.77901 1.36877 1.24871 1.99344 0.998604 0.522961
threshold=1.0000000180025095e-35 -0.6830127018922193 15.950000000000001 -0.5 -0.5 4.6372549019607847
decision_type=10 2 2 2 2 10
left_child=5 -2 3 -3 -4 -1
right_child=1 2 4 -5 -6 -7
leaf_value=-0.011587820862878781 0.012521433339321963 0.011160372167270482 0.0040722638779613473 -0.0084114868644614687 -0.013893040960985426 0.0031118946135379158
leaf_weight=5.4012778960168388 6.9047443335875931 7.5178389530628946 1.4723927183076737 3.0400198912247935 3.2609486104920498 0.51102889329195011
leaf_count=175 67 57 12 53 37 4
internal_value=0.000886452 0.00488041 -0.000805137 0.00463272 -0.00908346 -0.00947356
internal_weight=28.1083 22.1959 15.2912 10.5579 4.73334 5.91231
internal_count=405 226 159 110 49 179
is_linear=0
shrinkage=0.03


Tree=150
num_leaves=7
num_cat=0
split_feature=11 0 0 5 0 22
split_gain=1.43649 1.48033 2.93858 1.47395 0.7046 0.568178
threshold=5.5000000000000009 47.500000000000007 67.500000000000014 -0.9330127018922193 112.50000000000001 29.000000000000004
decision_type=8 2 2 2 2 8
left_child=-1 5 -3 -4 -5 -2
right_child=1 2 3 4 -6 -7
leaf_value=-0.0082783754592409102 -0.0077634647976821897 0.019727715989257089 -0.011821083470764771 0.0086043672984835 -0.0047883387983801038 0.0038859671050702404
leaf_weight=3.9938485864549875 4.917095120996243 6.955497904680672 2.4491681475192379 5.9735438795760185 1.4373127212747929 2.2505295872688293
leaf_count=134 69 61 37 62 17 24
internal_value=0.00267228 0.0056094 0.00969006 -0.00164609 0.00512425 -0.00401193
internal_weight=27.977 23.9831 16.8155 9.86002 7.41086 7.16762
internal_count=404 270 177 116 79 93
is_linear=0
shrinkage=0.03


Tree=151
num_leaves=7
num_cat=0
split_feature=20 0 0 12 0 16
split_gain=1.06028 1.74204 1.48352 1.11016 0.788299 0.53428
threshold=4.5000000000000009 72.500000000000014 47.500000000000007 3.0500000000000012 37.500000000000007 5.5000000000000009
decision_type=8 2 2 10 2 8
left_child=4 2 3 -2 -1 -3
right_child=1 5 -4 -5 -6 -7
leaf_value=0.0044687456745355261 -0.0073714107134660841 0.003438055116117192 0.014807007181710368 0.0087704143114668027 -0.011495441295291987 -0.008649196065086559
leaf_weight=0.94391156453639258 5.0662796730175677 1.5897694416344155 8.2259826632216555 1.2922959625720976 3.7330691795796156 5.6960536278784275
leaf_count=37 68 33 67 7 101 65
internal_value=0.00105035 0.00398075 0.00902857 -0.00167421 -0.00762931 -0.00568593
internal_weight=26.5474 21.8704 14.5846 6.35858 4.67698 7.28582
internal_count=378 240 142 75 138 98
is_linear=0
shrinkage=0.03


Tree=152
num_leaves=7
num_cat=0
split_feature=12 6 2 1 20 2
split_gain=1.82367 0.961327 0.907009 1.55991 0.806442 0.545828
threshold=3.9499999999999997 inf 14.450000000000001 -1.0000000180025095e-35 -11.499999999999998 11.850000000000003
decision_type=10 8 2 10 10 2
left_child=1 -1 5 -4 -2 -3
right_child=4 2 3 -5 -6 -7
leaf_value=-0.0088778309346194944 -0.00072993152511117597 0.0025947460126328216 -0.0074507097420125103 0.011606446082881621 0.017812787619490456 -0.0084440393666603067
leaf_weight=5.0204606130719247 2.3129574786871672 4.1033727983012822 1.5571135943755567 8.1815360607579262 3.400478044524788 3.8791808011010289
leaf_count=157 22 37 48 71 19 46
internal_value=0.00323175 -0.00130416 0.00232296 0.00706548 0.0134689 -0.00395571
internal_weight=28.4551 22.7417 17.7212 9.73865 5.71344 7.98255
internal_count=400 359 202 119 41 83
is_linear=0
shrinkage=0.03


Tree=153
num_leaves=7
num_cat=0
split_feature=1 11 5 2 22 22
split_gain=1.50011 1.19408 1.60632 1.63782 1.0496 0.998559
threshold=-1.0000000180025095e-35 5.5000000000000009 -0.9330127018922193 13.350000000000003 23.166666666666668 14.934967320261441
decision_type=10 8 2 2 10 10
left_child=-1 -2 5 4 -4 -3
right_child=1 2 3 -5 -6 -7
leaf_value=-0.0095500592070094353 -0.0059446455547793146 -0.011671009566958077 -0.0057490023767152237 0.017232574364665881 0.0090952852685669341 0.0054043135438485339
leaf_weight=2.8844299688935306 3.2287027826532695 1.9996120445430379 5.8465465288609293 9.4483737796545011 2.0898150503635406 1.5898177362978456
leaf_count=102 100 19 58 83 10 12
internal_value=0.00251866 0.00534584 0.00789364 0.0112179 0.000164426 -0.00536463
internal_weight=27.0873 24.2029 20.9742 17.3847 7.93636 3.58943
internal_count=384 282 182 151 68 31
is_linear=0
shrinkage=0.03


Tree=154
num_leaves=7
num_cat=0
split_feature=2 2 2 0 17 0
split_gain=1.48519 1.61896 1.33264 0.945151 0.837044 1.17946
threshold=16.750000000000004 14.450000000000001 11.550000000000002 62.500000000000007 -1.4999999999999998 67.500000000000014
decision_type=2 2 2 2 8 2
left_child=1 2 -1 -3 5 -2
right_child=4 3 -4 -5 -6 -7
leaf_value=0.0054440069888489718 0.010970686894456391 -0.00066897535151327859 -0.0097992970347007113 0.017246344333765595 -0.012746188024072231 -0.0075539697527551835
leaf_weight=5.7703007059171849 1.2259186217561366 3.2432312117889515 5.3476312216371298 4.0194451529532671 4.5184444654732934 1.3923986181616781
leaf_count=78 13 38 92 26 106 33
internal_value=0.000195389 0.00458808 -0.00265331 0.0122353 -0.00834731 0.00262717
internal_weight=25.5174 18.3806 11.1179 7.26268 7.13676 2.61832
internal_count=386 234 170 64 152 46
is_linear=0
shrinkage=0.03


Tree=155
num_leaves=7
num_cat=0
split_feature=1 16 13 0 22 15
split_gain=1.62251 1.13816 1.08746 1.04875 1.02968 0.611056
threshold=7.5000000000000009 -6.4999999999999991 4.6372549019607847 82.500000000000014 25.500000000000004 -1.4999999999999998
decision_type=10 10 10 2 8 8
left_child=2 3 4 -2 5 -1
right_child=1 -3 -4 -5 -6 -7
leaf_value=0.0024250453055909395 0.0043442057755978068 0.011467424268159072 0.0061394168481209693 -0.0096551795617805681 0.003825487085100355 -0.015742858165482838
leaf_weight=0.54084582626819611 7.7873470243066567 7.9360444229096165 1.0888540782034386 2.806622140109539 1.5061811488121755 6.5832529878243813
leaf_count=31 73 55 7 33 27 175
internal_value=0.000657889 0.00546194 -0.00724536 -0.00127123 -0.0105667 -0.0139323
internal_weight=28.2491 18.53 9.71913 10.594 8.63028 7.1241
internal_count=401 161 240 106 233 206
is_linear=0
shrinkage=0.03


Tree=156
num_leaves=7
num_cat=0
split_feature=0 16 11 15 22 2
split_gain=2.14987 2.08144 1.38901 1.06636 0.897063 0.592766
threshold=67.500000000000014 7.5000000000000009 5.5000000000000009 -5.4999999999999991 46.500000000000007 9.6500000000000004
decision_type=2 8 10 10 8 2
left_child=1 -1 4 5 -2 -3
right_child=2 3 -4 -5 -6 -7
leaf_value=-0.0087438395533444239 -0.013837198505623545 -0.0013166171710186066 0.0074350328301690492 -0.0039916700346532951 0.0035847478033076276 0.01497345540070924
leaf_weight=1.9307570522651092 7.1834303047507992 1.39684632979334 1.1706035286188115 1.4185999212786544 1.1787232980132092 13.620816605165599
leaf_count=85 114 15 5 31 13 135
internal_value=0.00254156 0.00788177 -0.00691932 0.0114187 -0.010959 0.0135079
internal_weight=27.8998 18.367 9.53276 16.4363 8.36215 15.0177
internal_count=398 266 132 181 127 150
is_linear=0
shrinkage=0.03


Tree=157
num_leaves=7
num_cat=0
split_feature=12 17 0 1 20 22
split_gain=1.59772 2.59308 0.509927 0.372992 0.222186 0.219903
threshold=3.9499999999999997 -29.499999999999996 72.500000000000014 22.500000000000004 -8.4999999999999982 20.288888888888895
decision_type=10 10 2 10 10 10
left_child=1 3 -3 5 -2 -1
right_child=4 2 -4 -5 -6 -7
leaf_value=-0.01302355987945065 0.00077581298587565452 0.01016397394997022 -0.0014209401084240173 0.0012236943214401436 0.013778600732787933 -0.00015696084225127945
leaf_weight=8.6129895690828615 2.1233918927609921 6.2996771894395334 3.3319895472377539 1.256378961727022 3.087515737861394 1.4455207884311665
leaf_count=249 20 46 33 15 17 6
internal_value=0.00158312 -0.0026067 0.00704023 -0.0104595 0.0114545 -0.0118406
internal_weight=26.1575 20.9466 9.63167 11.3149 5.21091 10.0585
internal_count=386 349 79 270 37 255
is_linear=0
shrinkage=0.03


Tree=158
num_leaves=7
num_cat=0
split_feature=0 22 0 4 0 22
split_gain=2.39301 1.35586 1.72123 1.18894 0.959617 0.721025
threshold=72.500000000000014 -7.1071895424836571 47.500000000000007 -0.5 37.500000000000007 6.4439215686274549
decision_type=2 8 2 2 2 10
left_child=1 -1 3 4 5 -3
right_child=-2 2 -4 -5 -6 -7
leaf_value=-0.0075528146364656507 -0.011666132933522226 0.016573840163077839 0.01459974459682048 -0.0091306253318359822 -0.0042623207027068276 -0.0024085704844144483
leaf_weight=2.4110903395339847 6.9237657636404029 1.2229118645191257 8.3811877509579045 4.019586467184129 2.1698839142918587 0.97071567829698313
leaf_count=91 113 28 63 53 29 12
internal_value=-0.000767708 0.00476639 0.00786627 -0.00180512 0.00621522 0.0123382
internal_weight=26.0991 19.1754 16.7643 8.3831 4.36351 2.19363
internal_count=389 276 185 122 69 40
is_linear=0
shrinkage=0.03


Tree=159
num_leaves=7
num_cat=0
split_feature=2 5 4 17 16 20
split_gain=2.61927 1.45609 1.23265 0.542721 0.328544 0.303925
threshold=16.750000000000004 0.6830127018922193 0.68301270189221941 -6.4999999999999991 30.500000000000004 -7.4999999999999991
decision_type=2 2 2 10 10 8
left_child=1 2 4 -2 -1 -3
right_child=3 5 -4 -5 -6 -7
leaf_value=0.012098996106253724 -0.015873597644053571 0.0020353313944694463 -0.0058333518077245813 0.0001191999557662923 1.2313446351409987e-05 -0.010029368323082988
leaf_weight=12.26637184806169 4.4980744365602723 0.60826139152050018 1.735696350224315 2.2976556066423655 2.3043780997395507 2.0904434174299236
leaf_count=117 123 38 14 25 12 64
internal_value=-0.00129518 0.0045826 0.00796491 -0.0127079 0.010679 -0.00775429
internal_weight=25.8009 19.0052 16.3064 6.79573 14.5707 2.6987
internal_count=393 245 143 148 129 102
is_linear=0
shrinkage=0.03


Tree=160
num_leaves=7
num_cat=0
split_feature=1 4 2 0 4 2
split_gain=1.65348 2.19732 1.14071 1.15902 0.841956 0.461403
threshold=1.0000000180025095e-35 -0.6830127018922193 15.950000000000001 47.500000000000007 1.0000000180025095e-35 13.350000000000003
decision_type=10 2 2 2 2 2
left_child=-1 -2 3 -3 -4 -5
right_child=1 2 4 5 -6 -7
leaf_value=-0.0075966303405455371 0.016411455901667826 -0.005946071966010099 0.0035611280859616928 0.00079279205381738149 -0.013113268411997645 0.013321249208790202
leaf_weight=5.693091074004772 6.5978520922362867 3.0351792918518141 1.5047524478286494 4.8664732370525581 3.1291953409090638 3.3367699272930622
leaf_count=176 67 39 12 41 35 29
internal_value=0.002918 0.00647982 -0.000591 0.00437853 -0.00866063 0.00900372
internal_weight=28.1633 22.4702 15.8724 11.2384 4.63395 8.20324
internal_count=399 223 156 109 47 70
is_linear=0
shrinkage=0.03


Tree=161
num_leaves=7
num_cat=0
split_feature=13 22 2 4 19 0
split_gain=1.69284 1.92837 0.723147 0.498048 0.663946 0.202051
threshold=0.94901960784313755 18.512091503267978 15.450000000000001 -0.93301270189221908 -2.4999999999999996 62.500000000000007
decision_type=10 8 2 2 10 2
left_child=1 3 -3 -1 -5 -4
right_child=-2 2 5 4 -6 -7
leaf_value=0.0023071510810752831 0.011161830820993774 0.010197211297991638 -0.005973177001950181 -0.012714185531487216 0.0024326318986827547 0.0020639608072471794
leaf_weight=1.2047287896275563 3.7843476906418791 4.7348918877542063 1.4081676732748749 11.743057669140393 1.3935010926797975 1.637995336204767
leaf_count=24 26 30 14 249 20 20
internal_value=-0.000332111 -0.00399353 0.00584398 -0.00946194 -0.0108798 -0.00305444
internal_weight=25.9067 22.1223 7.78105 14.3413 13.1366 3.04616
internal_count=383 357 64 293 269 34
is_linear=0
shrinkage=0.03


Tree=162
num_leaves=7
num_cat=0
split_feature=0 16 11 5 22 1
split_gain=2.13288 1.69103 1.58201 1.07541 1.50424 1.30845
threshold=67.500000000000014 7.5000000000000009 5.5000000000000009 0.6830127018922193 -5.633333333333332 1.0000000180025095e-35
decision_type=2 8 10 2 8 10
left_child=1 -1 -2 5 -5 -3
right_child=2 3 -4 4 -6 -7
leaf_value=-0.0086075839970147124 -0.012848008051715461 -0.0037897641314935575 0.0072840322681709223 0.0094737110124644645 -0.011211787500947564 0.015094915574254028
leaf_weight=1.9039801731705681 8.1615474494174105 1.9664194537326753 1.1678621768951405 0.86131162103265524 2.2220272701233621 11.805990966968237
leaf_count=87 124 30 5 25 46 90
internal_value=0.000551272 0.00599392 -0.00866559 0.00923512 -0.00314764 0.0121073
internal_weight=28.0891 18.7597 9.32941 16.8557 3.08334 13.7724
internal_count=407 278 129 191 71 120
is_linear=0
shrinkage=0.03


Tree=163
num_leaves=7
num_cat=0
split_feature=20 17 22 13 17 15
split_gain=1.47615 1.35889 1.73873 0.866515 0.757871 0.639897
threshold=4.5000000000000009 -1.4999999999999998 46.500000000000007 4.6372549019607847 10.500000000000002 -3.4999999999999996
decision_type=10 8 8 10 10 8
left_child=1 -1 3 4 5 -3
right_child=-2 2 -4 -5 -6 -7
leaf_value=0.0069059484182642395 0.010446142658019566 0.001850103652705622 0.0062823125140425385 0.0031822965939166804 -0.0012654265934466421 -0.018211407547241012
leaf_weight=3.6256400374695659 2.9738399758934966 0.63638960942625999 3.2645286526531061 1.4586394205689437 4.719743823632597 8.5126845277845824
leaf_count=50 22 32 37 9 33 195
internal_value=-0.0010804 -0.00425882 -0.00743825 -0.011187 -0.0131411 -0.0166553
internal_weight=25.1915 22.2176 18.592 15.3275 13.8688 9.14907
internal_count=378 356 306 269 260 227
is_linear=0
shrinkage=0.03


Tree=164
num_leaves=7
num_cat=0
split_feature=5 22 2 16 2 2
split_gain=2.0207 1.81298 1.55654 1.39251 1.3749 1.17793
threshold=-0.9330127018922193 -15.789666666666664 14.350000000000003 15.500000000000002 11.250000000000002 17.650000000000002
decision_type=2 8 2 10 2 2
left_child=-1 -2 3 4 -3 -4
right_child=1 2 5 -5 -6 -7
leaf_value=-0.0088074549710800681 -0.0080943134152909532 0.0052395364111416992 0.020855674557187991 0.010893130837236729 -0.012164930183359155 0.00017950341182711223
leaf_weight=3.7833804236724999 1.769909009337425 3.5233229519799405 7.5795615436509234 2.7913230061531067 4.1475514899939299 3.1976304864510894
leaf_count=50 80 51 55 15 77 62
internal_value=0.00471557 0.00811444 0.0107502 0.00118035 -0.00525781 0.016722
internal_weight=26.7927 23.0093 21.2394 10.4622 7.67087 10.7772
internal_count=390 340 260 143 128 117
is_linear=0
shrinkage=0.03


Tree=165
num_leaves=7
num_cat=0
split_feature=0 0 12 20 16 22
split_gain=1.94431 2.10476 1.91657 1.30002 1.25052 1.06723
threshold=67.500000000000014 47.500000000000007 3.9499999999999997 1.0000000180025095e-35 5.5000000000000009 -5.633333333333332
decision_type=2 2 10 8 8 10
left_child=1 2 5 -3 -2 -1
right_child=4 3 -4 -5 -6 -7
leaf_value=0.003584452514782488 0.0049700080807830848 -0.0037807421982076336 0.0098876546632768701 0.017281533601285051 -0.01313992625490514 -0.014106779429371991
leaf_weight=1.9641705472022311 1.8362675318494419 1.4054031567648033 2.1798978112637997 6.7905546110123396 6.4909445978701115 5.4133963566273486
leaf_count=62 39 47 12 56 86 90
internal_value=0.00037269 0.00565178 -0.00349954 0.0136058 -0.00878007 -0.00985143
internal_weight=26.0806 17.7534 9.55746 8.19596 8.32721 7.37757
internal_count=392 267 164 103 125 152
is_linear=0
shrinkage=0.03


Tree=166
num_leaves=7
num_cat=0
split_feature=15 0 4 22 5 2
split_gain=1.34806 1.31843 1.07741 0.897917 0.825821 1.88946
threshold=49.000000000000007 67.500000000000014 0.25000000000000011 46.500000000000007 0.6830127018922193 8.3500000000000032
decision_type=8 2 2 8 2 2
left_child=-1 4 3 -3 5 -2
right_child=1 2 -4 -5 -6 -7
leaf_value=-0.0090640936036200416 -0.0068349724727711598 -0.01278475440989194 0.0056102956055378234 0.004426178107752211 -0.0020413446163066278 0.016270263844637686
leaf_weight=2.007803663611412 1.0343084186315596 3.8173867175355536 4.404550364241004 1.0330075826495884 2.6204363889992228 11.0582476882264
leaf_count=76 7 66 43 13 66 120
internal_value=0.00347658 0.00591029 -0.00233341 -0.00873315 0.0103724 0.0128727
internal_weight=25.9757 23.9679 9.25494 4.85039 14.713 12.0926
internal_count=391 315 122 79 193 127
is_linear=0
shrinkage=0.03


Tree=167
num_leaves=7
num_cat=0
split_feature=2 2 17 23 2 17
split_gain=1.79402 2.66459 1.31091 1.98165 1.04864 1.19342
threshold=17.550000000000004 14.450000000000001 37.000000000000007 18.000000000000004 15.450000000000001 -5.4999999999999991
decision_type=2 2 8 2 2 10
left_child=1 2 -1 -4 -3 -6
right_child=-2 4 3 -5 5 -7
leaf_value=0.0046555070864695881 -0.012965605297492511 0.018151536877861914 -0.015622698478062113 0.0073438301875144709 0.0079942385455784165 -0.0080247810692216613
leaf_weight=4.0417595412582159 4.6647653244435778 3.398953481577335 7.7071021553129011 1.2917180135846136 4.6228717816993594 2.4914682619273663
leaf_count=26 132 33 150 9 36 18
internal_value=-0.00199483 0.00206781 -0.00610956 -0.0108805 0.0109109 0.00138762
internal_weight=28.2186 23.5539 13.0406 8.99882 10.5133 7.11434
internal_count=404 272 185 159 87 54
is_linear=0
shrinkage=0.03


Tree=168
num_leaves=7
num_cat=0
split_feature=21 22 17 17 15 17
split_gain=1.51141 1.35991 1.5385 1.01281 0.417428 0.380015
threshold=3.2681372549019625 46.500000000000007 -1.4999999999999998 18.500000000000004 -3.4999999999999996 -6.4999999999999991
decision_type=10 8 8 10 8 8
left_child=1 2 5 4 -4 -1
right_child=-2 -3 3 -5 -6 -7
leaf_value=-0.0019467964887532399 0.0091356788994086426 0.0064858228915570205 0.0012158646918873585 0.0020886717505560429 -0.015276349495647098 0.0096520099851297707
leaf_weight=1.9928360031917689 5.5081539452075949 4.0900253970176044 0.74578883592039347 2.8812883719801894 10.89754041377455 1.1236201338469984
leaf_count=43 38 42 37 21 213 7
internal_value=-0.00058816 -0.00430064 -0.00768149 -0.0112375 -0.0141721 0.00560486
internal_weight=27.2393 21.7311 17.6411 14.5246 11.6433 3.11646
internal_count=401 363 321 271 250 50
is_linear=0
shrinkage=0.03


Tree=169
num_leaves=7
num_cat=0
split_feature=13 22 2 2 1 0
split_gain=1.8576 1.17232 0.708312 0.837676 0.495766 0.349383
threshold=0.94901960784313755 23.166666666666668 14.450000000000001 16.250000000000004 7.5000000000000009 67.500000000000014
decision_type=10 10 2 2 10 2
left_child=1 2 -1 4 -4 -5
right_child=-2 -3 3 5 -6 -7
leaf_value=-0.013519624373744739 0.0098439070906148011 0.0045940619821498675 -0.0029873598045486692 0.00043946848986864802 0.0099552556840868216 -0.010107222366420913
leaf_weight=8.0462535806000322 4.1710388828068963 4.3802467510104171 1.4129175003617986 3.7467459933832288 1.9170294590294359 3.0337814185768366
leaf_count=154 29 27 31 79 9 65
internal_value=-0.00222847 -0.00584448 -0.00881094 -0.00183 0.0059668 -0.00656637
internal_weight=26.708 22.537 18.1567 10.1105 3.32995 6.78053
internal_count=394 365 338 184 40 144
is_linear=0
shrinkage=0.03


Tree=170
num_leaves=7
num_cat=0
split_feature=0 23 20 20 17 1
split_gain=3.38694 1.6725 0.874244 0.510913 0.510504 0.476301
threshold=72.500000000000014 -3.7499999999999996 -6.4999999999999991 5.5000000000000009 18.500000000000004 1.0000000180025095e-35
decision_type=2 2 10 10 10 10
left_child=1 -1 5 -4 -2 -3
right_child=4 2 3 -5 -6 -7
leaf_value=-0.007141720492855606 -0.012170602382545356 0.0011605866785059102 -0.0063770578609704445 0.0051840723036479719 0.0016804007425020567 0.016700948312864311
leaf_weight=1.5197870843112529 6.2034262353554359 2.8760682009160581 1.5490216640755492 2.2699455954134464 1.6520987488329408 11.316133955493568
leaf_count=91 102 58 43 15 13 78
internal_value=0.00326752 0.00941658 0.012062 -0.000462136 -0.009737 0.0146745
internal_weight=27.3865 19.531 18.0112 3.81897 7.85552 14.1922
internal_count=400 285 194 58 115 136
is_linear=0
shrinkage=0.03


Tree=171
num_leaves=7
num_cat=0
split_feature=12 17 17 15 0 11
split_gain=1.27449 1.67812 1.0329 0.340904 0.324617 0.277772
threshold=4.5000000000000009 -1.4999999999999998 18.500000000000004 -5.4999999999999991 67.500000000000014 9.5000000000000018
decision_type=10 8 10 8 2 10
left_child=1 4 3 -3 -1 -2
right_child=5 2 -4 -5 -6 -7
leaf_value=0.010632758810153048 0.0001461732856860002 0.0015166950710639826 0.003261139191801979 -0.012073056290839056 -0.001286217230283839 0.011508508748077687
leaf_weight=2.2541001429781322 2.8128648642450562 0.69368920661509037 3.4435212165117255 12.492272509261973 1.5184229118749497 2.3004165440797806
leaf_count=19 24 36 23 237 31 12
internal_value=-0.000691725 -0.00418341 -0.00809146 -0.0111377 0.00783663 0.00842051
internal_weight=25.5153 20.402 16.6295 13.186 3.77252 5.11328
internal_count=382 346 296 273 50 36
is_linear=0
shrinkage=0.03


Tree=172
num_leaves=7
num_cat=0
split_feature=21 17 17 0 15 0
split_gain=1.23474 1.79369 0.93143 0.391096 0.335197 0.301364
threshold=3.2681372549019625 -1.4999999999999998 29.000000000000004 92.500000000000014 -3.4999999999999996 62.500000000000007
decision_type=10 8 10 2 8 2
left_child=1 -1 3 4 -3 -2
right_child=5 2 -4 -5 -6 -7
leaf_value=0.0085271695358999262 0.011595908291101117 0.0013156773182153403 0.0041514822501692288 0.00043944074260714584 -0.012670268894152762 -2.6706138968205912e-05
leaf_weight=3.7714647622779012 2.5643963143229476 0.72753482684493065 2.2150023169815531 2.348732301965355 11.827842899598188 2.7021273411810398
leaf_count=54 15 36 16 30 221 21
internal_value=-0.00032703 -0.00377356 -0.00779848 -0.0101712 -0.0117159 0.00852385
internal_weight=26.1571 20.8906 17.1191 14.9041 12.5554 5.26652
internal_count=393 357 303 287 257 36
is_linear=0
shrinkage=0.03


Tree=173
num_leaves=7
num_cat=0
split_feature=17 13 5 0 22 0
split_gain=1.44491 1.8284 1.35542 0.945231 0.771859 0.53644
threshold=-29.499999999999996 2.1382352941176426 -0.9330127018922193 47.500000000000007 32.500000000000007 87.500000000000014
decision_type=10 10 2 2 8 2
left_child=1 4 -2 -4 5 -1
right_child=2 -3 3 -5 -6 -7
leaf_value=-0.012560492476333805 -0.0047163958141839251 0.0090144165656006053 -0.0014285141965235853 0.017213282541035227 0.0026026159609482294 0.0020392998511061604
leaf_weight=8.4427149547263998 2.0975923631340256 4.1765203718096009 2.2015734594315273 6.4174998663365841 3.1345706302672651 1.2157101295888413
leaf_count=229 24 29 18 42 34 38
internal_value=0.00307441 -0.00237963 0.00972026 0.0136753 -0.00758727 -0.010654
internal_weight=27.6862 16.9695 10.7167 8.61907 12.793 9.65843
internal_count=414 330 84 60 301 267
is_linear=0
shrinkage=0.03


Tree=174
num_leaves=7
num_cat=0
split_feature=21 0 22 2 22 22
split_gain=1.46621 1.03101 0.941182 0.570553 0.484328 1.28121
threshold=-0.49615686274509518 67.500000000000014 18.512091503267978 15.450000000000001 -5.633333333333332 -7.1071895424836571
decision_type=10 2 8 2 10 10
left_child=2 -2 4 -4 5 -1
right_child=1 -3 3 -5 -6 -7
leaf_value=-0.0069705271620704072 0.016091835349537571 -0.002412208988166581 0.0076208271897380657 -0.003564619715803441 -0.0095799302185761454 0.011034737067759752
leaf_weight=3.4742144728079465 3.7566414698958388 2.2618546159937978 6.2971281930804288 2.7882167603820562 7.3524053785949919 1.1550674671307204
leaf_count=140 24 27 37 32 121 16
internal_value=0.00225146 0.0111987 -0.0019624 0.00414129 -0.00644726 0.000919052
internal_weight=27.0855 6.0185 21.067 9.08534 11.9817 4.62928
internal_count=397 51 346 69 277 156
is_linear=0
shrinkage=0.03


Tree=175
num_leaves=7
num_cat=0
split_feature=21 17 17 22 1 15
split_gain=1.47192 1.49388 0.598999 0.895416 0.345869 0.267342
threshold=4.5504901960784325 -6.4999999999999991 -1.4999999999999998 18.512091503267978 22.500000000000004 -5.4999999999999991
decision_type=10 10 10 10 8 8
left_child=1 4 -3 -4 5 -1
right_child=-2 2 3 -5 -6 -7
leaf_value=0.00070822558874010326 0.0081170552658935587 0.0096082984275478178 -0.0084444293722155325 0.005481746035439993 0.00087649907231237233 -0.013180064222526287
leaf_weight=0.82229712978005409 4.4199977964162818 1.6172717399895171 3.347365353256464 3.5608835220336914 1.3159400839358593 10.33597977925092
leaf_count=36 32 10 31 25 15 239
internal_value=-0.00249794 -0.00586349 0.00295889 -0.00197847 -0.0110145 -0.0122541
internal_weight=25.4197 20.9997 8.52552 6.90825 12.4742 11.1583
internal_count=388 356 66 56 290 275
is_linear=0
shrinkage=0.03


Tree=176
num_leaves=7
num_cat=0
split_feature=0 12 0 6 16 15
split_gain=1.02709 1.63986 1.41152 1.5385 1.28059 0.579445
threshold=72.500000000000014 3.9499999999999997 47.500000000000007 inf 5.5000000000000009 35.000000000000007
decision_type=2 10 2 8 8 8
left_child=1 2 5 -4 -2 -1
right_child=4 -3 3 -5 -6 -7
leaf_value=0.0033092132648463559 0.0064065679112946979 0.014648021478066769 -0.0075820782067364308 0.01117018219421939 -0.011146435037079148 -0.010503874073805614
leaf_weight=1.0055240299552677 1.7433664901182044 3.7381912302225819 1.7945440392941208 6.6549678193405279 6.1640389394015074 6.7351736165583231
leaf_count=40 35 22 61 56 81 118
internal_value=0.000671217 0.00414296 -0.00116657 0.00584938 -0.00629386 -0.00811504
internal_weight=27.8358 19.9284 16.1902 8.44951 7.90741 7.7407
internal_count=413 297 275 117 116 158
is_linear=0
shrinkage=0.03


Tree=177
num_leaves=7
num_cat=0
split_feature=2 2 4 11 22 17
split_gain=1.80727 2.61946 1.2897 1.19452 1.09741 0.422131
threshold=16.650000000000002 14.450000000000001 -0.93301270189221908 5.5000000000000009 18.512091503267978 17.500000000000004
decision_type=2 2 2 10 8 8
left_child=1 3 -2 4 -1 -3
right_child=2 5 -4 -5 -6 -7
leaf_value=-0.013241915892723019 0.0054925180152638831 0.00043733393478348324 -0.013703294060433064 0.0077280228731382763 0.0024683544792876789 0.017725341947280822
leaf_weight=5.3596246875822571 1.3350580297410486 1.755174873396754 5.6740689668804398 1.8986206762492646 4.3428095877170589 4.8869296899065366
leaf_count=139 22 13 132 15 25 40
internal_value=0.000195746 0.00505079 -0.00928248 -0.00366285 -0.00776197 0.0153068
internal_weight=25.2523 18.2432 7.00913 11.6011 9.70243 6.6421
internal_count=386 232 154 179 164 53
is_linear=0
shrinkage=0.03


Tree=178
num_leaves=7
num_cat=0
split_feature=21 17 0 17 17 1
split_gain=1.73237 2.09208 1.10122 0.838948 0.243392 0.158932
threshold=-0.49615686274509518 -1.4999999999999998 67.500000000000014 18.500000000000004 -8.4999999999999982 17.500000000000004
decision_type=10 8 2 10 10 8
left_child=1 4 -2 -3 5 -1
right_child=2 3 -4 -5 -6 -7
leaf_value=-0.0040075612339082268 0.013937677016742039 -0.013300176361068774 -0.0035560803084021667 0.0013486424584660637 0.0099655953298962621 0.0030117590875967533
leaf_weight=0.74148554634302855 3.281547248363494 12.705595371313402 2.6320863105356693 3.3200570084154597 2.1397267244756222 1.0014977566897871
leaf_count=30 20 266 25 23 13 9
internal_value=-0.00226346 -0.00634524 0.00808944 -0.0106663 0.00745463 -0.000731767
internal_weight=25.822 19.9084 5.91363 16.0257 3.88271 1.74298
internal_count=386 341 45 289 52 39
is_linear=0
shrinkage=0.03


Tree=179
num_leaves=7
num_cat=0
split_feature=4 1 23 0 20 4
split_gain=1.96195 1.25637 1.12258 0.736151 0.669587 0.347495
threshold=-0.5 1.0000000180025095e-35 14.215196078431378 67.500000000000014 -5.4999999999999991 -0.6830127018922193
decision_type=2 10 2 2 10 2
left_child=1 -1 -2 4 5 -3
right_child=2 3 -4 -5 -6 -7
leaf_value=-0.0048668962514722084 -0.0080959338247486214 0.020870936885224532 0.007062473228236125 -0.0015530622250679699 -0.0001028330180593218 0.0013626900926033314
leaf_weight=1.99350658990443 13.033620312809942 3.852887840010224 1.6151376739144314 1.8150401543825863 2.0624869251623741 1.7231777198612697
leaf_count=82 206 37 9 27 24 19
internal_value=0.00158551 0.00903397 -0.00505272 0.0126349 0.0152868 0.0183367
internal_weight=26.0959 11.4471 14.6488 9.45359 7.63855 5.57607
internal_count=404 189 215 107 80 56
is_linear=0
shrinkage=0.03


Tree=180
num_leaves=7
num_cat=0
split_feature=20 18 17 22 12 15
split_gain=1.38963 1.5807 1.18551 1.33167 1.10994 0.452433
threshold=-8.4999999999999982 -14.499999999999998 -1.4999999999999998 46.500000000000007 33.45000000000001 35.000000000000007
decision_type=10 10 8 8 8 8
left_child=2 4 -1 -4 -2 -6
right_child=1 -3 3 -5 5 -7
leaf_value=0.0051510724749481308 0.017895606985903537 -0.0073738964043666829 -0.01221133703044017 0.0042688398418550162 0.0047758296476554446 -0.0071683909126649716
leaf_weight=4.3200226221233606 3.5584326116368175 1.2470190962776539 11.390427636913955 3.1822550669312522 0.75089896842837334 1.1511541660875071
leaf_count=61 24 28 211 35 22 20
internal_value=-0.000874088 0.00772709 -0.00490577 -0.00844137 0.013052 -0.00240922
internal_weight=25.6002 6.7075 18.8927 14.5727 5.46049 1.90205
internal_count=401 94 307 246 66 42
is_linear=0
shrinkage=0.03


Tree=181
num_leaves=7
num_cat=0
split_feature=2 2 2 22 11 2
split_gain=2.7133 2.78766 1.25198 1.24253 0.606547 0.74282
threshold=16.650000000000002 14.450000000000001 12.350000000000003 13.053594771241832 -2.4999999999999996 20.150000000000002
decision_type=2 2 2 8 8 2
left_child=1 2 3 -1 -2 -6
right_child=4 -3 -4 -5 5 -7
leaf_value=-0.006558136706879626 0.0026065734196149591 0.017175528324456207 -0.010497603025697475 0.010206939214509615 -0.016297026790846832 0.0010395859229851861
leaf_weight=2.3215064173564333 1.1276532923802731 7.2887317426502696 4.044426335953176 4.9618527293205297 4.2100044582039109 2.1841843472793698
leaf_count=75 29 55 73 30 79 48
internal_value=0.00138512 0.00718926 -0.00252822 0.00436889 -0.0101147 -0.0125175
internal_weight=26.1384 18.6165 11.3278 7.28336 7.52184 6.39419
internal_count=389 233 178 105 156 127
is_linear=0
shrinkage=0.03


Tree=182
num_leaves=7
num_cat=0
split_feature=21 17 22 2 11 0
split_gain=1.6919 0.687091 1.11807 1.09252 0.466845 0.393911
threshold=-0.49615686274509518 -1.4999999999999998 18.512091503267978 15.450000000000001 5.5000000000000009 62.500000000000007
decision_type=10 8 8 2 10 2
left_child=1 -1 -3 -4 5 -2
right_child=4 2 3 -5 -6 -7
leaf_value=0.0045693918345102377 0.0055115935345979705 -0.011208265960524405 0.0075092989127116348 -0.0075366492461835391 0.014900685103398889 -0.0048683349636225422
leaf_weight=3.3853331692516804 1.5151383019983762 8.9145718906074762 5.7094728574156832 2.4610291719436646 2.2467015013098717 1.6687500225380061
leaf_count=53 11 246 33 34 13 20
internal_value=0.000581568 -0.00366908 -0.00596642 0.00183664 0.0106824 0.000420715
internal_weight=25.901 20.4704 17.0851 8.1705 5.43059 3.18389
internal_count=410 366 313 67 44 31
is_linear=0
shrinkage=0.03


Tree=183
num_leaves=7
num_cat=0
split_feature=22 17 16 22 1 0
split_gain=1.96308 0.930933 0.945106 0.696304 0.59672 0.55642
threshold=13.053594771241832 -1.4999999999999998 4.5000000000000009 24.118431372549022 12.500000000000002 47.500000000000007
decision_type=8 8 10 10 10 2
left_child=1 -1 -3 5 -4 -2
right_child=3 2 4 -5 -6 -7
leaf_value=0.0024923667677899061 -0.00076003289752161086 -0.017311943592084794 -0.0066245754255582975 -0.0035030595803868299 0.0056322085186668409 0.011597575450822248
leaf_weight=3.1328039364889264 3.8471099361777323 5.3669313173741084 1.8144059749320147 3.3799655474722377 2.5280433036386967 5.9822704587131739
leaf_count=48 30 207 37 23 14 42
internal_value=-0.00227547 -0.00907651 -0.0123877 0.00501326 -0.00029361 0.00813545
internal_weight=26.0515 12.8422 9.70938 13.2093 4.34245 9.82938
internal_count=401 306 258 95 51 72
is_linear=0
shrinkage=0.03


Tree=184
num_leaves=7
num_cat=0
split_feature=1 5 20 22 22 12
split_gain=2.69782 1.08498 1.16682 0.625033 0.704262 0.611119
threshold=1.0000000180025095e-35 -0.9330127018922193 1.0000000180025095e-35 -15.789666666666664 25.500000000000004 13.950000000000005
decision_type=10 2 8 10 8 8
left_child=-1 -2 5 -4 -5 -3
right_child=1 2 3 4 -6 -7
leaf_value=-0.010923893185334979 -0.0050840760175225441 0.0048348536175579077 0.00034010124886831597 0.017065695360520966 -0.00039475067897035821 -0.0086410498798338616
leaf_weight=4.9761338941752937 2.1585862822830739 1.2725340621545909 3.4746770458296004 10.196418595500283 2.1510151326656386 1.6422162204980764
leaf_count=165 22 28 43 77 11 49
internal_value=0.00281666 0.00756631 0.00978764 0.0124578 0.0147869 -0.00342006
internal_weight=25.8716 20.8954 18.7369 15.8221 12.3474 2.91475
internal_count=395 230 208 131 88 77
is_linear=0
shrinkage=0.03


Tree=185
num_leaves=7
num_cat=0
split_feature=22 18 5 2 17 22
split_gain=1.2153 0.96437 0.99041 1.18056 0.686936 0.632749
threshold=-15.789666666666664 inf -0.9330127018922193 10.65 -1.4999999999999998 17.297058823529415
decision_type=10 8 2 2 10 10
left_child=-1 -2 5 -4 -5 -3
right_child=1 2 3 4 -6 -7
leaf_value=-0.0083750832930484156 -0.0074701583207333498 -0.0087484566812192754 -0.003806841471414748 0.015192859924907915 0.000598856817209289 0.0045743228143417325
leaf_weight=4.5535842254757908 1.2881748350337145 2.4374462626874513 2.9071725048124817 9.2368665523827058 4.1790006011724463 1.554256100207567
leaf_count=122 38 35 45 123 31 15
internal_value=0.000950802 0.00412119 0.00618649 0.00899001 0.0120437 -0.00390192
internal_weight=26.1565 21.6029 20.3147 16.323 13.4159 3.9917
internal_count=409 287 249 199 154 50
is_linear=0
shrinkage=0.03


Tree=186
num_leaves=7
num_cat=0
split_feature=2 2 11 0 0 16
split_gain=1.58257 2.41359 1.30584 0.624493 0.516989 0.378092
threshold=14.450000000000001 17.550000000000004 -3.4999999999999996 57.500000000000007 47.500000000000007 15.500000000000002
decision_type=2 2 10 2 2 10
left_child=2 4 -1 -3 -2 -4
right_child=1 3 5 -5 -6 -7
leaf_value=-0.0088259023741224657 0.00095992849998079112 0.0032246113914423578 -0.0021234109787779984 -0.010590167134225063 0.017185952753157981 0.0099882433127570815
leaf_weight=9.499624581076203 2.7875948371365649 1.8725882899016131 1.3194562876597076 2.4663652572780848 7.3107125414535403 1.728173032402992
leaf_count=143 29 51 39 79 59 11
internal_value=0.00274976 0.00834162 -0.00422792 -0.00609368 0.014508 0.00668319
internal_weight=26.9845 14.4373 12.5473 4.33895 10.0983 3.04763
internal_count=411 218 193 130 88 50
is_linear=0
shrinkage=0.03


Tree=187
num_leaves=7
num_cat=0
split_feature=21 17 22 16 15 0
split_gain=1.9346 1.41187 1.70882 0.752295 0.441919 0.441692
threshold=-0.49615686274509518 -1.4999999999999998 46.500000000000007 22.500000000000004 -3.4999999999999996 67.500000000000014
decision_type=10 8 8 10 8 2
left_child=1 -1 3 4 -3 -2
right_child=5 2 -4 -5 -6 -7
leaf_value=0.0076885884997680114 0.014360184467378054 0.0015551998761867847 0.0059363644890383649 0.0026295069676750839 -0.014630605615147991 -0.00010660407365890563
leaf_weight=3.3193504521623254 4.0534884184598914 0.68670159950852394 3.5294545292854389 1.3833240186795599 10.68074036762118 2.3110644649714231
leaf_count=51 26 37 38 8 227 22
internal_value=0.00129306 -0.00362574 -0.0071971 -0.0114806 -0.0134764 0.0113714
internal_weight=25.9641 19.5996 16.2802 12.7508 11.3674 6.36455
internal_count=409 361 310 272 264 48
is_linear=0
shrinkage=0.03


Tree=188
num_leaves=7
num_cat=0
split_feature=4 20 17 1 16 0
split_gain=1.70269 1.22172 1.4179 1.06161 0.637047 0.519346
threshold=-0.5 5.5000000000000009 18.500000000000004 1.0000000180025095e-35 12.500000000000002 72.500000000000014
decision_type=2 10 10 10 8 2
left_child=3 2 4 -1 -2 -5
right_child=1 -3 -4 5 -6 -7
leaf_value=-0.0044728229003248195 -0.00013249309057813364 0.0079165144183115325 0.0053268400751482117 0.013936299346938996 -0.015245040340722145 -0.0010770993219365377
leaf_weight=1.8972387630492473 3.2944629895500839 1.4090162590146054 2.6131437607109538 7.6148584028705937 6.8866695612668973 1.6701370663940904
leaf_count=83 91 9 19 79 101 25
internal_value=0.00153854 -0.00473985 -0.00796648 0.00851365 -0.0120091 0.011804
internal_weight=25.3855 14.2033 12.7943 11.1822 10.1811 9.285
internal_count=407 220 211 187 192 104
is_linear=0
shrinkage=0.03


Tree=189
num_leaves=7
num_cat=0
split_feature=2 2 0 2 22 0
split_gain=1.44772 0.691527 1.10826 0.876296 0.935809 0.787141
threshold=17.550000000000004 13.850000000000003 72.500000000000014 8.3500000000000032 -5.8537581699346388 57.500000000000007
decision_type=2 2 2 2 10 2
left_child=1 2 3 -1 -5 -3
right_child=-2 5 -4 4 -6 -7
leaf_value=-0.0059678075309760577 -0.0070224060005714302 8.104933560083372e-05 -0.0088448099485627686 -0.0038576348712906811 0.012819333324404564 0.015526117950507743
leaf_weight=0.9547643829137139 4.4915238982066503 4.1870555412024242 2.2747499747201791 1.6010075556114332 5.6967013916000706 5.6769316885620356
leaf_count=19 129 53 23 48 66 54
internal_value=0.00373601 0.00702194 0.000758644 0.00574409 0.00907976 0.0112026
internal_weight=24.8827 20.3912 10.5272 8.25247 7.29771 9.86399
internal_count=392 263 156 133 114 107
is_linear=0
shrinkage=0.03


Tree=190
num_leaves=7
num_cat=0
split_feature=1 16 0 22 2 2
split_gain=1.36045 1.13562 1.04895 1.12685 0.629591 0.434279
threshold=12.500000000000002 20.500000000000004 67.500000000000014 -7.1071895424836571 10.750000000000002 16.750000000000004
decision_type=10 8 2 10 2 2
left_child=1 -1 3 -3 -5 -2
right_child=5 2 -4 4 -6 -7
leaf_value=-0.011156886997783277 0.012143994207694278 -0.0048836647124956461 -0.0074520928426758766 -0.0011600649795550934 0.014408193623240724 -0.00024339135909622118
leaf_weight=3.5414230967871863 6.6259041670709831 2.4998398618772599 2.335585204884409 2.1560031594708571 4.7833301229402423 3.014326136559248
leaf_count=136 47 56 48 27 49 34
internal_value=0.00284764 -0.00265449 0.002466 0.0066508 0.0111111 0.00951039
internal_weight=24.9564 15.3162 11.7748 9.43917 6.93933 9.64023
internal_count=397 316 180 132 76 81
is_linear=0
shrinkage=0.03


Tree=191
num_leaves=7
num_cat=0
split_feature=2 5 5 22 2 22
split_gain=1.34093 1.93489 1.54152 1.25965 0.687931 0.410327
threshold=15.450000000000001 -0.24999999999999994 -0.5 23.166666666666668 15.950000000000001 1.927777777777776
decision_type=2 2 2 8 2 10
left_child=2 4 -1 -4 -2 -3
right_child=1 5 3 -5 -6 -7
leaf_value=0.014212578787267546 0.0026042810301903272 0.0089925176119726828 -0.0090193096938482389 0.0074617152617026845 -0.015471511759758317 -0.0019092339863976066
leaf_weight=7.791673069819808 0.78497068770229805 3.7344389976933581 4.2011176906526106 2.8232287839055061 4.1973359761759639 2.5484740417450666
leaf_count=69 8 62 128 18 87 23
internal_value=0.00302727 -0.00387933 0.00793245 -0.00204693 -0.0127457 0.00568406
internal_weight=26.0812 11.2652 14.816 7.02435 4.98231 6.28291
internal_count=395 180 215 146 95 85
is_linear=0
shrinkage=0.03


Tree=192
num_leaves=7
num_cat=0
split_feature=2 5 2 0 0 22
split_gain=1.23357 1.39309 1.20109 1.16248 0.748186 1.15933
threshold=16.650000000000002 -0.24999999999999994 14.450000000000001 47.500000000000007 82.500000000000014 12.351960784313727
decision_type=2 2 2 2 2 10
left_child=2 -2 4 -4 5 -1
right_child=1 -3 3 -5 -6 -7
leaf_value=-0.0054135565689809716 -0.014087836291492465 0.0038129625395347073 -0.003474859867055027 0.016199478507295688 -0.0094626272758695385 0.0095712268376706641
leaf_weight=4.5440533021464997 3.4159355377778411 4.2199409287422887 1.6443567797541607 4.9346138555556536 1.6275729751214374 4.5692520439624786
leaf_count=132 85 74 23 38 17 26
internal_value=0.0010565 -0.00660081 0.00515484 0.011905 -0.00144795 0.00282869
internal_weight=24.9557 7.63588 17.3198 6.57897 10.7409 9.11331
internal_count=395 159 236 61 175 158
is_linear=0
shrinkage=0.03


Tree=193
num_leaves=7
num_cat=0
split_feature=1 20 17 0 16 5
split_gain=1.1385 1.10695 0.840338 0.786933 0.656564 0.444553
threshold=1.0000000180025095e-35 1.0000000180025095e-35 11.500000000000002 67.500000000000014 20.500000000000004 0.6830127018922193
decision_type=10 8 10 2 8 2
left_child=2 -2 -1 5 -5 -3
right_child=1 3 -4 4 -6 -7
leaf_value=-0.011900408161237854 -0.0064528057435657912 0.012474653775364693 0.0039827040624326685 0.0064520376114644345 -0.0056122491996916865 -0.00075601925258893038
leaf_weight=3.597670077346268 2.8454450545832488 9.6072261193767279 1.6066245920956133 1.9530235268175591 4.8684189403429627 2.0608805846422902
leaf_count=158 77 69 13 25 40 21
internal_value=0.00125971 0.00439468 -0.00744819 0.00708226 -0.00089015 0.010612
internal_weight=26.5393 21.335 5.20429 18.4895 6.82144 11.6681
internal_count=403 232 171 155 65 90
is_linear=0
shrinkage=0.03


Tree=194
num_leaves=7
num_cat=0
split_feature=4 23 17 22 17 20
split_gain=1.29049 1.49105 1.45239 0.880885 0.640047 0.422076
threshold=-0.5 6.2749999999999995 10.500000000000002 -7.2321895424836571 -1.4999999999999998 -5.4999999999999991
decision_type=2 2 10 8 10 10
left_child=3 2 -2 -1 5 -5
right_child=1 -3 -4 4 -6 -7
leaf_value=-0.0045407099171337825 -0.015186570419434156 0.0065775080656656658 0.0027762052541013562 0.014761564213323938 -0.0025595763048587004 -0.00010824387393311866
leaf_weight=1.6520948735997079 5.9666880229487997 4.0224372968077651 4.3238400723785162 6.1649380121380082 1.3024798892438401 1.9449026565998817
leaf_count=66 152 29 33 72 10 28
internal_value=0.00119849 -0.00421045 -0.00919926 0.0073282 0.010264 0.0125143
internal_weight=25.3774 14.313 10.2905 11.0644 9.41232 8.10984
internal_count=390 214 185 176 110 100
is_linear=0
shrinkage=0.03


Tree=195
num_leaves=7
num_cat=0
split_feature=22 17 16 22 15 1
split_gain=1.60288 0.974135 0.928914 0.836041 0.516702 0.245968
threshold=13.053594771241832 -1.4999999999999998 20.500000000000004 -7.1071895424836571 -5.4999999999999991 1.0000000180025095e-35
decision_type=8 8 10 10 8 10
left_child=1 3 4 -1 -3 -2
right_child=5 2 -4 -5 -6 -7
leaf_value=-0.0049956474347252339 -0.00020186210040517116 0.002317943636007686 0.0046503542244184784 0.010684912826793166 -0.013964529205194531 0.0090213819366813473
leaf_weight=1.7140974281355741 2.927475247532132 0.5563553087413311 0.89987608138471831 1.4945970140397546 7.3549967729486507 9.0992637351155263
leaf_count=40 31 32 8 10 208 57
internal_value=0.00100637 -0.00566177 -0.00957307 0.00436768 -0.0123653 0.00737631
internal_weight=24.0467 12.0199 8.81123 3.20869 7.91135 12.0267
internal_count=386 298 248 50 240 88
is_linear=0
shrinkage=0.03


Tree=196
num_leaves=7
num_cat=0
split_feature=1 17 4 17 2 20
split_gain=1.31882 1.42199 1.05953 0.692114 0.444322 0.540019
threshold=12.500000000000002 18.500000000000004 -0.6830127018922193 -8.4999999999999982 14.750000000000002 -64.499999999999986
decision_type=10 10 2 10 2 10
left_child=1 2 4 -2 -1 -6
right_child=3 -3 -4 -5 5 -7
leaf_value=-0.0044358339640526538 0.011647634181211843 0.0085823342923678873 -0.011459732468960891 -0.0018535248486302176 0.010730865984763052 -0.0030380951515856821
leaf_weight=1.0872525963932265 6.5599320568144304 2.2467324286699286 9.4313613241538423 3.1302541121840477 1.8424604944884775 1.3198880385607483
leaf_count=20 59 16 210 23 23 45
internal_value=0.00142445 -0.00362976 -0.00739558 0.00813987 0.00294316 0.00664332
internal_weight=25.6179 15.9277 13.681 9.69019 4.2496 3.16235
internal_count=396 314 298 82 88 68
is_linear=0
shrinkage=0.03


Tree=197
num_leaves=7
num_cat=0
split_feature=2 2 4 1 1 12
split_gain=1.21323 1.15714 0.861286 0.699094 0.580848 0.202993
threshold=17.550000000000004 9.6500000000000004 -0.93301270189221908 27.500000000000004 -1.0000000180025095e-35 18.500000000000004
decision_type=2 2 2 8 10 10
left_child=1 -1 -2 4 5 -3
right_child=2 3 -4 -5 -6 -7
leaf_value=-0.0065318330396826009 0.0044310397892364092 -0.0053582325142110957 -0.011713397831116225 -0.0035344906288135984 0.011181712003599183 0.0030090134694923621
leaf_weight=1.986945565789944 1.4603634634986518 0.97808301402256848 2.9319684742949894 1.573981374502188 16.655291175935407 0.44095585495233536
leaf_count=33 23 44 110 14 175 3
internal_value=0.00300783 0.00591734 -0.00684433 0.0082459 0.00981537 -0.00243963
internal_weight=26.0276 21.6353 4.39233 19.6483 18.0743 1.41904
internal_count=402 269 133 236 222 47
is_linear=0
shrinkage=0.03


Tree=198
num_leaves=7
num_cat=0
split_feature=0 18 2 16 16 17
split_gain=1.517 1.4314 1.38432 1.68669 0.846259 0.936504
threshold=67.500000000000014 inf 8.3500000000000032 7.5000000000000009 5.5000000000000009 11.500000000000002
decision_type=2 8 2 8 8 10
left_child=1 -1 -3 -4 -2 -6
right_child=4 2 3 -5 5 -7
leaf_value=-0.0078191961640911752 0.0048708379030786252 -0.0066193142606661261 -0.0062658530210931455 0.014832699811966261 -0.014352731108395965 0.002226245175856107
leaf_weight=1.3685908825136719 1.7008972009643892 1.0478371400386191 1.2499079559929591 14.04186589736492 4.208477646112442 2.8343581967055798
leaf_count=41 39 18 67 154 62 21
internal_value=0.00226901 0.00675754 0.00952448 0.0119892 -0.00597266 -0.00952646
internal_weight=26.4519 17.7082 16.3396 15.2918 8.74373 7.04284
internal_count=402 280 239 221 122 83
is_linear=0
shrinkage=0.03


Tree=199
num_leaves=7
num_cat=0
split_feature=4 2 2 17 12 11
split_gain=1.17795 1.59702 0.932602 0.920004 1.08129 0.633132
threshold=-0.6830127018922193 15.950000000000001 15.050000000000002 -29.499999999999996 20.400000000000006 -2.4999999999999996
decision_type=2 2 2 10 10 10
left_child=2 3 -1 4 -2 -4
right_child=1 -3 5 -5 -6 -7
leaf_value=-0.0042504602768487108 -0.0087313199640560776 -0.014504427333042766 0.013743006922310085 0.0085808934450591311 0.0074647970440664523 -0.0023991559295361729
leaf_weight=2.4510458977893022 6.0356493424624187 4.4315930153243235 4.2155692223459482 3.9851035233587027 1.1351617425680158 1.1601275959983466
leaf_count=31 145 93 63 27 7 24
internal_value=-0.00105783 -0.00535556 0.00625257 0.00164288 -0.00415404 0.010782
internal_weight=23.4143 15.5875 7.82674 11.1559 7.17081 5.3757
internal_count=390 272 118 179 152 87
is_linear=0
shrinkage=0.03


Tree=200
num_leaves=7
num_cat=0
split_feature=0 16 2 20 16 22
split_gain=3.0739 2.07455 1.57578 1.63843 1.19995 1.01631
threshold=67.500000000000014 7.5000000000000009 9.6500000000000004 -6.4999999999999991 5.5000000000000009 46.500000000000007
decision_type=2 8 2 10 8 8
left_child=1 -1 -3 -4 -2 -6
right_child=4 2 3 -5 5 -7
leaf_value=-0.0078042289862843787 0.0051835766408995319 -0.0047561988811707289 0.020660460409766875 -0.00085100686361824697 -0.015412550224745849 0.0037872049145384859
leaf_weight=1.6644260506145672 1.827393158338962 1.5388062261045004 10.107950005680323 3.5525837372988436 6.0725841922685504 1.0432669408619402
leaf_count=88 42 30 104 47 77 11
internal_value=0.00355013 0.0101423 0.0135529 0.0163371 -0.00805977 -0.0121964
internal_weight=25.807 16.8638 15.1993 13.6605 8.94324 7.11585
internal_count=399 269 181 151 130 88
is_linear=0
shrinkage=0.03


Tree=201
num_leaves=7
num_cat=0
split_feature=22 17 3 17 13 11
split_gain=1.11144 0.7037 1.50259 1.42111 1.05182 0.570149
threshold=-7.1071895424836571 -1.4999999999999998 1.0000000180025095e-35 14.500000000000002 4.6372549019607847 13.500000000000002
decision_type=8 8 2 10 10 10
left_child=-1 -2 5 4 -4 -3
right_child=1 2 3 -5 -6 -7
leaf_value=-0.0095384810625623265 0.011382384255352195 0.0098317223214825673 -0.014688285380442655 0.0064461119061482285 0.0038151470361799077 -0.0031299208881200927
leaf_weight=3.1611795825883746 1.8782262578606603 7.1772978748194944 6.3994460562244058 2.1988693885505199 1.3655038475990293 1.4489041734486816
leaf_count=141 11 79 113 17 11 13
internal_value=0.000113043 0.00318363 0.000118312 -0.00646548 -0.0112145 0.00730499
internal_weight=23.6294 20.4682 18.59 9.96382 7.76495 8.6262
internal_count=385 244 233 141 124 92
is_linear=0
shrinkage=0.03


Tree=202
num_leaves=7
num_cat=0
split_feature=4 22 1 0 0 13
split_gain=1.61671 2.25845 1.3191 0.913045 0.765141 0.582432
threshold=-0.6830127018922193 13.053594771241832 1.0000000180025095e-35 77.500000000000014 67.500000000000014 -2.193737494998
decision_type=2 8 10 2 2 8
left_child=2 5 -1 -3 -4 -2
right_child=1 3 4 -5 -6 -7
leaf_value=-0.0060049918203342583 0.0021089006073834898 0.0094273731210742923 0.01647258961424555 -0.0049487351459254168 -0.0020221900344544515 -0.014758975239101456
leaf_weight=1.1117478758096719 0.83649295335635543 6.1436009816825425 4.7975096069276333 2.3592707104980946 1.281157227233052 7.0130697530694279
leaf_count=43 31 46 50 18 17 184
internal_value=0.000547649 -0.00451266 0.00918653 0.00508305 0.0134212 -0.0128403
internal_weight=23.5428 16.3524 7.19041 8.50287 6.07867 7.84956
internal_count=389 279 110 64 67 215
is_linear=0
shrinkage=0.03


Tree=203
num_leaves=7
num_cat=0
split_feature=1 5 2 20 20 17
split_gain=0.960313 0.83001 0.965552 1.21468 1.00361 0.972777
threshold=-1.0000000180025095e-35 -0.9330127018922193 14.450000000000001 -6.4999999999999991 -11.499999999999998 -5.4999999999999991
decision_type=10 2 2 10 10 10
left_child=-1 -2 4 -4 5 -3
right_child=1 2 3 -5 -6 -7
leaf_value=-0.0081183634121780365 -0.0054330474447081296 -0.011238751280592294 0.015381486219662226 -0.0025023320444825521 0.0078653657450991586 0.0039780176369502984
leaf_weight=2.3094127164222327 2.7875178819522324 4.2065346091985756 7.3525836523622274 3.0144060431048256 2.9713676753453839 3.0679388735443354
leaf_count=104 27 77 88 33 51 20
internal_value=0.00194134 0.00418863 0.0062964 0.0110592 -0.000569193 -0.00581496
internal_weight=25.7098 23.4003 20.6128 10.367 10.2458 7.27447
internal_count=400 296 269 121 148 97
is_linear=0
shrinkage=0.03


Tree=204
num_leaves=7
num_cat=0
split_feature=11 2 2 0 22 21
split_gain=1.55241 1.09161 1.72183 1.50472 0.981628 1.13707
threshold=5.5000000000000009 16.650000000000002 14.350000000000003 47.500000000000007 23.166666666666668 3.7705882352941189
decision_type=8 2 2 2 8 10
left_child=-1 2 4 -4 5 -2
right_child=1 -3 3 -5 -6 -7
leaf_value=-0.011097423240693001 -0.012277558357235083 -0.0045153671521459687 -0.0025771430994509063 0.020196882032317426 0.0065907547385326325 0.0051196042433439204
leaf_weight=2.6283057387918234 4.0707538635469991 5.8342534815892568 2.1492185723036519 5.0200325241312385 3.7643792517483305 1.9156355336308477
leaf_count=119 64 106 18 35 23 12
internal_value=0.00105903 0.00420947 0.00756164 0.0151159 -0.00123367 -0.00691414
internal_weight=25.3826 22.7543 16.92 7.16925 9.75077 5.98639
internal_count=377 258 152 53 99 76
is_linear=0
shrinkage=0.03


Tree=205
num_leaves=7
num_cat=0
split_feature=2 2 13 17 2 5
split_gain=0.905062 1.21156 0.918721 1.26558 0.812091 1.43448
threshold=17.550000000000004 14.450000000000001 4.6372549019607847 18.500000000000004 15.450000000000001 0.25000000000000017
decision_type=2 2 10 10 2 2
left_child=1 2 3 -1 -3 -6
right_child=-2 4 -4 -5 5 -7
leaf_value=-0.010187485642687668 -0.0071071196057952354 0.016085954153522711 0.0076387374965219447 0.0063893829327011879 -0.0083999888687546903 0.0092310267469074697
leaf_weight=8.3973346846178227 4.2912961100228122 3.1013857927173358 1.601850515231489 2.0635160207748404 3.0295622814446688 3.6582617238163948
leaf_count=158 129 35 13 10 28 25
internal_value=0.00115071 0.00379381 -0.00239844 -0.00590871 0.00965535 0.00106747
internal_weight=26.1432 21.8519 12.0627 10.4609 9.78921 6.68782
internal_count=398 269 181 168 88 53
is_linear=0
shrinkage=0.03


Tree=206
num_leaves=7
num_cat=0
split_feature=4 22 16 23 15 1
split_gain=2.2629 1.20438 0.681485 0.379348 0.45448 0.209673
threshold=-0.6830127018922193 13.053594771241832 9.5000000000000018 10.691176470588234 -8.4999999999999982 7.5000000000000009
decision_type=2 10 8 2 10 10
left_child=2 3 -1 4 -2 -3
right_child=1 5 -4 -5 -6 -7
leaf_value=-0.0026640279318414614 -0.013251171210270264 0.0059303583045407964 0.013347840538263784 0.0016678878210212734 0.0020950958547827914 -0.0012286391101985837
leaf_weight=1.1834221612662101 7.7490873234346509 3.2275448516011229 6.6490615587681532 0.88043536245822984 0.58535467367619265 4.1200849451124668
leaf_count=40 200 22 72 10 29 26
internal_value=0.000992462 -0.00509419 0.0108332 -0.0103716 -0.0117919 0.00304407
internal_weight=24.395 16.5625 7.83248 9.21488 8.33444 7.34763
internal_count=399 287 112 239 229 48
is_linear=0
shrinkage=0.03


Tree=207
num_leaves=7
num_cat=0
split_feature=22 2 2 2 16 2
split_gain=1.07825 0.878131 1.06441 0.664569 0.626524 0.86476
threshold=13.053594771241832 15.450000000000001 13.850000000000003 11.250000000000002 -6.4999999999999991 12.550000000000002
decision_type=8 2 2 2 10 2
left_child=4 2 3 -2 -1 -6
right_child=1 -3 -4 -5 5 -7
leaf_value=-0.010827436652862897 0.0052875061188073441 -0.0046665309553752359 0.015184510389273657 -0.0070577096288487687 -0.0077993856794333783 0.0067049294885893115
leaf_weight=6.7288399743847549 3.1492910534143466 3.8872486166656008 2.7570731863379478 2.6561962738633156 1.4110703021287898 3.8182108965702355
leaf_count=206 20 41 17 15 22 62
internal_value=-0.00178528 0.00374611 0.00787768 -0.00101298 -0.00695066 0.000891859
internal_weight=24.4079 12.4498 8.56256 5.80549 11.9581 5.22928
internal_count=383 93 52 35 290 84
is_linear=0
shrinkage=0.03


Tree=208
num_leaves=7
num_cat=0
split_feature=4 22 0 20 22 17
split_gain=1.35499 1.66992 0.884479 0.800758 0.843907 0.454433
threshold=-0.5 13.053594771241832 77.500000000000014 -6.4999999999999991 -10.08333333333333 -18.499999999999996
decision_type=2 8 2 10 10 8
left_child=3 5 -3 4 -1 -2
right_child=1 2 -4 -5 -6 -7
leaf_value=-0.0015177221627612201 0.0018625255261990009 0.0089264914350659884 -0.0051214568728651976 -0.004157098534559321 0.014256775603241826 -0.01471434879613882
leaf_weight=3.0899005513638249 0.54166041221469641 4.6072440892457962 2.7368273995816708 1.7615715060383106 5.2843709071166804 5.1622982043772918
leaf_count=83 17 29 18 28 65 136
internal_value=0.000466943 -0.00515707 0.00373743 0.00701879 0.0100449 -0.0130055
internal_weight=23.1839 13.048 7.34407 10.1358 8.37427 5.70396
internal_count=376 200 47 176 148 153
is_linear=0
shrinkage=0.03


Tree=209
num_leaves=7
num_cat=0
split_feature=13 23 17 17 4 2
split_gain=1.00165 1.24661 0.906914 1.1326 1.12703 1.08594
threshold=-6.4147058823529433 6.2749999999999995 -1.4999999999999998 18.500000000000004 -0.6830127018922193 16.750000000000004
decision_type=10 2 8 10 2 2
left_child=2 -2 -1 4 5 -4
right_child=1 -3 3 -5 -6 -7
leaf_value=0.0067529986341789859 -0.0039506547486133185 0.015054107303240217 0.0097681509192608894 0.0053828511303757407 -0.013287154773236564 -0.007326040149891134
leaf_weight=3.7671999949961901 2.1885050777345887 3.8387562008574605 2.2533358326181809 3.461966771632432 7.4771818481385726 1.4805734464898703
leaf_count=50 32 25 26 25 180 49
internal_value=0.0022738 0.00949105 -0.00160651 -0.00492359 -0.00878482 0.00267632
internal_weight=24.4675 6.02726 18.4403 14.6731 11.2111 3.73391
internal_count=387 57 330 280 255 75
is_linear=0
shrinkage=0.03


Tree=210
num_leaves=7
num_cat=0
split_feature=22 2 2 5 2 2
split_gain=1.27384 1.02388 1.25039 1.30854 1.11414 1.24913
threshold=-6.0435294117647054 9.6500000000000004 15.450000000000001 -0.24999999999999994 14.350000000000003 11.850000000000003
decision_type=8 2 2 2 2 2
left_child=-1 -2 4 -4 5 -3
right_child=1 2 3 -5 -6 -7
leaf_value=-0.0097883989556793987 -0.0076249334024773791 0.0099838603853845739 -0.011202713894304897 0.0050973589037833552 0.018975102876125444 -0.0055444443050515777
leaf_weight=3.2516163466498256 1.7339617912657619 3.7601173641160148 2.6984040536917746 5.8547595730051381 3.0278498511761418 5.2986342017538846
leaf_count=148 29 32 43 66 26 65
internal_value=0.000641963 0.00366886 0.00591957 -0.00228083 0.0106919 0.00215948
internal_weight=25.6253 22.3737 20.6398 8.55316 12.0866 9.05875
internal_count=409 261 232 109 123 97
is_linear=0
shrinkage=0.03


Tree=211
num_leaves=7
num_cat=0
split_feature=2 2 2 16 16 0
split_gain=1.27913 1.1827 0.984589 0.567844 0.543157 0.373907
threshold=17.550000000000004 14.450000000000001 12.65 19.500000000000004 19.500000000000004 57.500000000000007
decision_type=2 2 2 8 10 2
left_child=1 2 3 -1 -3 -2
right_child=5 4 -4 -5 -6 -7
leaf_value=-0.0039590466336099179 0.0010080240348127475 0.013352057482102794 -0.0089365234371394792 0.0075305542195841556 -0.0011727055962728818 -0.011257245715099876
leaf_weight=2.1943426462821698 2.1016682130284599 6.7284252736717445 3.8648693021386853 5.863861786201598 1.9461280852556226 2.5689080827869475
leaf_count=43 53 71 69 75 9 87
internal_value=0.00147064 0.00478794 -0.00153004 0.00408388 0.0108561 -0.0080705
internal_weight=25.2682 20.5976 11.9231 8.0582 8.67455 4.67058
internal_count=407 267 187 118 80 140
is_linear=0
shrinkage=0.03


Tree=212
num_leaves=7
num_cat=0
split_feature=2 2 17 11 0 17
split_gain=1.03575 1.94207 1.30224 1.17047 1.12866 0.96567
threshold=14.450000000000001 16.750000000000004 25.500000000000004 5.5000000000000009 67.500000000000014 16.500000000000004
decision_type=2 2 10 10 2 8
left_child=2 -2 3 5 -3 -1
right_child=1 4 -4 -5 -6 -7
leaf_value=0.0031121170755064147 0.013249363641188446 0.0044961062337144208 0.0078106801845624109 0.0049918477752592793 -0.011982758917610411 -0.015864468203356307
leaf_weight=1.2411115914583204 6.4145238650962693 3.4553499654866755 1.4009920805692662 1.5125813838094471 2.7611999521031976 6.5091171911917645
leaf_count=12 60 75 7 16 74 140
internal_value=0.000551114 0.00545915 -0.00514926 -0.00916041 -0.00490208 -0.0127969
internal_weight=23.2949 12.6311 10.6638 9.26281 6.21655 7.75023
internal_count=384 209 175 168 149 152
is_linear=0
shrinkage=0.03


Tree=213
num_leaves=7
num_cat=0
split_feature=15 3 17 17 13 22
split_gain=1.11429 0.906005 1.88733 1.85534 1.34743 0.758705
threshold=inf 1.0000000180025095e-35 18.500000000000004 -1.4999999999999998 4.6372549019607847 29.000000000000004
decision_type=8 2 8 8 10 8
left_child=-1 2 -2 -3 5 -5
right_child=1 3 -4 4 -6 -7
leaf_value=-0.0094602405466365485 -0.0071806865540830125 0.010024153393248801 0.014011247330343856 -0.015600507569134076 0.0064028966379975861 0.00051066493001335992
leaf_weight=1.9998684786260126 1.7725058784708378 3.7161539923399687 8.1639543306082505 5.0467589092440877 1.6015866864472617 3.146700533106924
leaf_count=70 26 40 95 115 12 38
internal_value=0.00153243 0.00396796 0.00909266 -0.00123887 -0.00745554 -0.0115644
internal_weight=25.4475 23.4477 9.93646 13.5112 9.79505 8.19346
internal_count=396 326 121 205 165 153
is_linear=0
shrinkage=0.03


Tree=214
num_leaves=7
num_cat=0
split_feature=20 1 5 0 22 22
split_gain=1.36463 1.11796 1.0232 0.415698 0.308934 0.297287
threshold=1.0000000180025095e-35 1.0000000180025095e-35 -0.9330127018922193 47.500000000000007 7.0583333333333345 13.053594771241832
decision_type=8 10 2 2 10 10
left_child=-1 5 -3 4 -4 -2
right_child=1 2 3 -5 -6 -7
leaf_value=-0.0093930308556831009 -0.0085288695878053596 -0.0044127615355733021 0.0055216580537532627 0.012752638431137192 -0.0031695720339609606 0.0014238017441092217
leaf_weight=3.0888623506762087 1.8935874947346807 2.4067657859996041 2.0565740298479733 10.338947460055349 3.0460215993225574 2.4388781860470772
leaf_count=134 94 24 20 83 23 18
internal_value=0.00172474 0.00471606 0.00772002 0.0102279 0.00133248 -0.00516509
internal_weight=25.2696 22.1808 17.8483 15.4415 5.1026 4.33247
internal_count=396 262 150 126 43 112
is_linear=0
shrinkage=0.03


Tree=215
num_leaves=7
num_cat=0
split_feature=2 5 2 2 23 0
split_gain=1.38545 1.55654 1.12021 1.72213 0.551766 0.431413
threshold=15.950000000000001 -0.24999999999999994 14.450000000000001 11.550000000000002 9.0181372549019674 47.500000000000007
decision_type=2 2 2 2 2 2
left_child=2 -2 3 -1 -5 -4
right_child=1 -3 5 4 -6 -7
leaf_value=0.0079616873520258202 -0.015135816366159991 0.0032432431832048461 -0.00060989418473906165 -0.011882993488536362 0.0029483501592627677 0.015780060883920859
leaf_weight=5.5822352180257457 3.3714605667628348 5.4140799865126592 1.3207457028329361 4.4406192889437079 0.77285462431609619 3.1173798087984324
leaf_count=78 81 82 16 94 7 29
internal_value=0.000702782 -0.00674137 0.00560091 -0.000690692 -0.00931734 0.0131634
internal_weight=24.0194 8.78554 15.2338 10.7957 5.21347 4.43813
internal_count=387 163 224 179 101 45
is_linear=0
shrinkage=0.03


Tree=216
num_leaves=7
num_cat=0
split_feature=17 12 4 0 5 15
split_gain=1.24144 1.59137 0.97229 0.873666 0.309536 0.296304
threshold=-29.499999999999996 3.9499999999999997 0.68301270189221941 67.500000000000014 0.25000000000000017 -3.4999999999999996
decision_type=10 10 2 2 2 8
left_child=1 5 4 -3 -2 -1
right_child=2 3 -4 -5 -6 -7
leaf_value=0.0019381503819173196 0.014587506245958087 0.012236453373844923 -0.0037951992400068321 -0.0035966499406592293 0.00097690595109053025 -0.0095502059635368154
leaf_weight=0.62168272817507386 5.7552319662645424 3.1003837920725337 1.9416507147252566 2.2071998147293925 2.6339045576751232 9.0923219742253423
leaf_count=40 49 20 12 26 25 225
internal_value=0.00288327 -0.00252181 0.0090018 0.00710139 0.0122748 -0.0084062
internal_weight=25.3524 15.0216 10.3308 5.30758 8.38914 9.714
internal_count=397 311 86 46 74 265
is_linear=0
shrinkage=0.03


Tree=217
num_leaves=7
num_cat=0
split_feature=17 1 4 2 2 22
split_gain=1.02614 1.29313 0.832113 0.785846 0.826658 0.500908
threshold=-29.499999999999996 12.500000000000002 0.68301270189221941 15.950000000000001 17.100000000000005 13.053594771241832
decision_type=10 10 2 2 2 8
left_child=1 -1 3 -2 -5 -3
right_child=2 5 -4 4 -6 -7
leaf_value=-0.0078481739762793247 0.016715625028148048 -0.0016313228500004094 -0.0034254511083306781 -0.0073786062117946888 0.0070173677886369891 0.010953057719185181
leaf_weight=8.4257222660817224 3.9321369193494284 2.8773203706368795 1.9231917243450887 1.6604935862123964 2.813910529948771 2.1223564371466637
leaf_count=239 26 34 13 11 33 15
internal_value=0.00316719 -0.00218211 0.00856369 0.0115611 0.000600346 0.00651632
internal_weight=23.7551 13.4254 10.3297 8.40654 4.4744 4.99968
internal_count=371 288 83 70 44 49
is_linear=0
shrinkage=0.03


Tree=218
num_leaves=7
num_cat=0
split_feature=1 2 5 2 2 17
split_gain=0.870809 0.786029 0.9951 0.86531 0.967094 0.782828
threshold=-1.0000000180025095e-35 14.450000000000001 -0.9330127018922193 11.850000000000003 8.3500000000000032 1.0000000180025095e-35
decision_type=10 2 2 2 2 10
left_child=-1 3 -3 4 -2 -4
right_child=1 2 5 -5 -6 -7
leaf_value=-0.0078849635753350921 -0.0065970307149937754 -0.004491699709180794 0.013942671251838715 -0.0077348767456526567 0.0094202378664634736 -0.0019469804009856618
leaf_weight=2.1794917900115278 1.0319254300557092 1.8928767666220654 7.9638142487965506 4.9483779696747661 4.4711321792565286 2.1428605765104294
leaf_count=101 15 21 107 77 64 15
internal_value=0.00174653 0.00394742 0.0079933 -0.00178119 0.00470601 0.0110443
internal_weight=24.6305 22.451 11.9996 10.4514 5.50306 10.1067
internal_count=400 299 143 156 79 122
is_linear=0
shrinkage=0.03


Tree=219
num_leaves=7
num_cat=0
split_feature=1 20 0 13 2 17
split_gain=1.39559 1.30347 1.43903 0.478649 0.391921 0.378283
threshold=1.0000000180025095e-35 5.5000000000000009 77.500000000000014 3.3480392156862746 16.750000000000004 18.500000000000004
decision_type=10 8 2 8 2 10
left_child=5 3 -3 -2 -4 -1
right_child=1 2 4 -5 -6 -7
leaf_value=-0.011121681788129192 0.0031945320671191366 0.012207708799418255 0.0025219777419844321 -0.0097705901000897412 -0.0083292925151246412 0.0016820506184442854
leaf_weight=3.7725049406290081 0.97429392952471972 11.619553235359492 2.2445250339806093 2.536482752766458 1.6617178833112118 1.192572735249996
leaf_count=155 24 92 20 56 32 10
internal_value=0.000826512 0.00462291 0.0080713 -0.00640962 -0.00417874 -0.00874542
internal_weight=24.0017 19.0366 15.5258 3.51078 3.90624 4.96508
internal_count=389 224 144 80 52 165
is_linear=0
shrinkage=0.03


Tree=220
num_leaves=7
num_cat=0
split_feature=2 4 2 0 17 22
split_gain=1.34752 1.56561 1.04581 1.31812 0.889871 0.799234
threshold=15.450000000000001 -0.6830127018922193 14.450000000000001 72.500000000000014 -5.4999999999999991 13.642647058823529
decision_type=2 2 2 2 8 10
left_child=2 -2 3 5 -3 -1
right_child=1 4 -4 -5 -6 -7
leaf_value=-0.0021438660579526959 0.0044556767399939485 0.0022078368446878192 0.014603555564417652 -0.010481216021185768 -0.016537657000838056 0.011402440575448885
leaf_weight=4.8706402438692766 5.4786337921395898 1.6462147887796161 3.1850116150453678 1.9458874538540829 3.8603474288247508 3.4416452422738075
leaf_count=131 85 30 36 28 68 22
internal_value=0.00124563 -0.00532782 0.00660531 0.000150259 -0.0125498 0.00564096
internal_weight=24.4284 10.9852 13.4432 10.2582 5.50656 8.31229
internal_count=400 183 217 181 98 153
is_linear=0
shrinkage=0.03


Tree=221
num_leaves=7
num_cat=0
split_feature=4 2 1 2 2 17
split_gain=1.47914 1.59034 1.24377 0.615782 0.512607 0.372886
threshold=-0.6830127018922193 15.350000000000003 1.0000000180025095e-35 8.3500000000000032 14.750000000000002 34.000000000000007
decision_type=2 2 10 2 2 8
left_child=2 3 -1 -2 -4 -5
right_child=1 -3 4 5 -6 -7
leaf_value=-0.0060092647324202541 -0.0063522781616533889 -0.012706343741182992 -0.00074833429560867634 0.0099063264895025791 0.015067856725200683 0.00034512415482374875
leaf_weight=1.1076655946671978 0.97671172209084289 5.4109862847253671 1.6916268924251197 2.753510233014822 5.3283208599314094 7.6904293219558877
leaf_count=45 17 109 17 18 59 153
internal_value=0.000829553 -0.00407953 0.00867755 0.00263222 0.0125307 0.00525699
internal_weight=24.9593 16.8316 8.12761 11.4207 7.01995 10.4439
internal_count=418 297 121 188 76 171
is_linear=0
shrinkage=0.03


Tree=222
num_leaves=7
num_cat=0
split_feature=13 0 2 20 0 2
split_gain=1.19508 1.13254 1.08513 0.738158 0.684391 0.643122
threshold=6.5676470588235398 47.500000000000007 17.550000000000004 -11.499999999999998 77.500000000000014 14.750000000000002
decision_type=8 2 2 10 2 2
left_child=3 -2 4 -1 -3 -6
right_child=1 2 -4 -5 5 -7
leaf_value=-0.0025372506513098611 -0.010011975711747162 0.0099545500983708301 -0.0084565233297592777 0.013443717530780681 -0.0079614492149468752 0.0050489634636759588
leaf_weight=1.9012687266804276 7.5384473623707953 6.5074870060197991 1.780743846669792 2.6355850668624043 2.020622231066227 2.0409409319981933
leaf_count=50 142 80 59 25 21 19
internal_value=-0.000119924 -0.00356269 0.00212484 0.00892751 0.00605091 -0.00224518
internal_weight=24.4251 19.8882 12.3498 4.53685 10.5691 4.06156
internal_count=396 321 179 75 120 40
is_linear=0
shrinkage=0.03


Tree=223
num_leaves=7
num_cat=0
split_feature=22 17 3 22 17 22
split_gain=1.3196 1.28402 1.16579 0.923518 0.516461 0.190435
threshold=13.053594771241832 -1.4999999999999998 1.0000000180025095e-35 1.0995098039215689 10.500000000000002 -7.1071895424836571
decision_type=10 8 2 8 10 10
left_child=1 5 3 -3 -4 -1
right_child=-2 2 4 -5 -6 -7
leaf_value=-0.00020887439305081198 0.0097448027554340056 -0.0067970189171551159 -0.014004161095127424 0.0085503424078405849 0.0021585179260598651 0.0095159033056257374
leaf_weight=2.1536803646013141 8.5599801912903768 1.4082681024447135 6.2767192241735756 3.4769907826557755 0.6862458549439906 2.0769556015729904
leaf_count=44 56 84 159 33 6 13
internal_value=0.00274186 -0.00241349 -0.00692792 0.00292598 -0.0121748 0.00713379
internal_weight=24.6388 16.0789 11.8482 4.88526 6.96297 4.23064
internal_count=395 339 282 117 165 57
is_linear=0
shrinkage=0.03


Tree=224
num_leaves=7
num_cat=0
split_feature=17 21 23 0 5 15
split_gain=0.675214 1.26854 0.598762 0.594324 0.651302 0.404631
threshold=-29.499999999999996 -0.49615686274509518 6.2749999999999995 82.500000000000014 0.25000000000000017 -5.4999999999999991
decision_type=10 10 2 2 2 8
left_child=1 5 -3 4 -2 -1
right_child=3 2 -4 -5 -6 -7
leaf_value=0.0024306955492901729 0.010694519340121637 -0.003594554424339493 0.0092087850735167662 -0.004103207404523199 -0.003060669077759873 -0.010899648431861858
leaf_weight=0.53761236276477575 5.1809840044006688 2.0695941331796339 3.0207310039550066 2.3602931657806039 1.8500609342008827 8.9056014134548604
leaf_count=33 41 26 21 27 18 242
internal_value=-0.00110433 -0.00458989 0.00480154 0.00401034 0.00730734 -0.00956199
internal_weight=23.9249 14.5335 5.09033 9.39134 7.03104 9.44321
internal_count=408 322 47 86 59 275
is_linear=0
shrinkage=0.03


Tree=225
num_leaves=7
num_cat=0
split_feature=2 5 2 11 2 17
split_gain=1.03234 1.61114 1.49711 1.22349 0.645123 0.533944
threshold=15.450000000000001 -0.24999999999999994 14.450000000000001 -3.4999999999999996 15.950000000000001 -1.0000000180025095e-35
decision_type=2 2 2 10 2 10
left_child=2 4 3 -1 -2 -3
right_child=1 5 -4 -5 -6 -7
leaf_value=-0.0060103122270957626 0.0023841385224220644 0.0072343983382459377 0.01621360588186483 0.008904912257187661 -0.015597687285298803 -0.0044977017736824798
leaf_weight=8.476497025229035 0.77778904978185881 5.7180017586797458 2.6539679681882253 2.8431728752329972 3.6518435296602547 1.2139552310109136
leaf_count=146 8 87 29 45 86 9
internal_value=0.00136341 -0.00437512 0.00595264 -0.000683543 -0.0128503 0.00415605
internal_weight=25.3352 11.3616 13.9736 11.3197 4.42963 6.93196
internal_count=410 190 220 191 94 96
is_linear=0
shrinkage=0.03


Tree=226
num_leaves=7
num_cat=0
split_feature=2 2 11 17 4 2
split_gain=0.632669 0.947548 1.04927 0.820394 0.581719 0.419098
threshold=17.550000000000004 14.450000000000001 -3.4999999999999996 29.000000000000004 -0.93301270189221908 15.450000000000001
decision_type=2 2 10 10 2 2
left_child=1 2 3 -1 -2 -3
right_child=4 5 -4 -5 -6 -7
leaf_value=-0.0097428792629002097 0.0046424058229104625 0.014570466430888489 0.0077988542617887843 0.0047908371458451606 -0.0087135163886057892 0.0019794403242055949
leaf_weight=6.5543115716427582 0.79474316630512509 3.1006815154105407 2.6679192688316133 1.5029084533452985 2.973595325369387 6.0071610743179917
leaf_count=131 14 34 41 8 102 49
internal_value=0.00264412 0.00475987 -0.00137467 -0.00623547 -0.00485571 0.00991071
internal_weight=23.6013 19.833 10.7251 8.05722 3.76834 9.10784
internal_count=379 263 180 139 116 83
is_linear=0
shrinkage=0.03


Tree=227
num_leaves=7
num_cat=0
split_feature=12 0 6 0 22 20
split_gain=0.860535 1.23478 0.72431 0.711934 0.654222 0.440742
threshold=3.9499999999999997 47.500000000000007 inf 82.500000000000014 -12.964052287581696 -11.499999999999998
decision_type=10 2 8 2 10 10
left_child=1 -1 -3 4 -4 -2
right_child=5 2 3 -5 -6 -7
leaf_value=-0.011605929489385573 -0.0025501921120028165 -0.0071234124687440002 -0.0029735105098770598 -0.0036435745254051401 0.011519036542392789 0.009460948668114675
leaf_weight=6.5619173939339879 1.5719911968335507 1.6407719347625942 1.4758877959102417 3.2098931539803743 5.7055794475600097 3.0576181486248961
leaf_count=146 23 75 31 56 40 18
internal_value=-0.00169611 -0.00454959 0.00157605 0.00481754 0.00854264 0.00617604
internal_weight=23.2237 18.594 12.0321 10.3914 7.18147 4.62961
internal_count=389 348 202 127 71 41
is_linear=0
shrinkage=0.03


Tree=228
num_leaves=7
num_cat=0
split_feature=0 2 21 2 22 2
split_gain=1.28804 1.38878 1.37102 1.24919 1.14915 0.862117
threshold=47.500000000000007 16.650000000000002 5.3622549019607844 14.450000000000001 -0.24999999999999997 12.350000000000003
decision_type=2 2 10 2 8 2
left_child=2 3 4 5 -1 -2
right_child=1 -3 -4 -5 -6 -7
leaf_value=0.0043213355223552284 0.006464284655477711 -0.0053643990004616235 0.0071121627867824144 0.015896605823550715 -0.015576086719779827 -0.0074335663136957273
leaf_weight=1.0691760615445671 2.9907937343232351 5.2139885630458584 1.0022906213998792 4.7989952517673373 5.7536136880517033 3.1227369788102806
leaf_count=77 43 113 5 38 69 48
internal_value=-0.000218651 0.00436668 -0.00768674 0.00924081 -0.0119491 -0.000785181
internal_weight=23.9516 16.1265 7.82508 10.9125 6.82279 6.11353
internal_count=393 242 151 129 146 91
is_linear=0
shrinkage=0.03


Tree=229
num_leaves=7
num_cat=0
split_feature=22 2 2 2 2 16
split_gain=1.42481 1.74449 1.21586 0.407717 0.458568 0.256087
threshold=3.5416666666666674 16.650000000000002 13.350000000000003 15.350000000000003 16.050000000000004 22.500000000000004
decision_type=10 2 2 2 2 10
left_child=3 2 5 -1 -5 -2
right_child=1 -3 -4 4 -6 -7
leaf_value=-0.010918939114378677 -0.0032708133503329836 -0.0082163220309003551 0.016201230872218673 0.0066996905741987635 -0.004035930861859903 0.0042589792783465866
leaf_weight=3.5986718013882655 4.5469737732782942 2.3485954673960796 5.6642237408086658 0.59772102162241925 4.9533226382918656 2.0809586644172668
leaf_count=139 38 34 39 10 120 13
internal_value=0.000513021 0.00566813 0.00992964 -0.0068239 -0.000252859 -9.19091e-05
internal_weight=23.7905 14.6408 12.2922 9.14972 5.55104 6.62793
internal_count=393 124 90 269 130 51
is_linear=0
shrinkage=0.03


Tree=230
num_leaves=7
num_cat=0
split_feature=0 18 3 16 22 17
split_gain=1.32995 1.28031 0.975808 0.905307 0.756802 0.598698
threshold=67.500000000000014 inf 1.0000000180025095e-35 8.5000000000000018 46.500000000000007 -1.4999999999999998
decision_type=2 8 2 8 8 10
left_child=1 -1 -2 -3 -4 -5
right_child=2 3 4 5 -6 -7
leaf_value=-0.0075825589000826383 0.0035607738368947086 -0.0042079906554890086 -0.014448716474409689 0.013855643718807209 0.0032506030845448316 -0.00014070011578894322
leaf_weight=1.288976529613137 3.5047067580744606 1.4724001362919827 4.0349131603725255 9.5795353660359961 0.80961973033845414 3.267218191176652
leaf_count=41 37 70 80 131 12 25
internal_value=0.00153842 0.00611037 -0.00609584 0.00898641 -0.0113421 0.0112539
internal_weight=23.9574 15.6081 8.34924 14.3192 4.84453 12.8468
internal_count=396 267 129 226 92 156
is_linear=0
shrinkage=0.03


Tree=231
num_leaves=7
num_cat=0
split_feature=1 15 4 22 16 5
split_gain=0.621029 0.564771 0.663493 0.765225 0.820124 0.637866
threshold=-1.0000000180025095e-35 -5.4999999999999991 0.68301270189221941 -15.789666666666664 11.500000000000002 -0.9330127018922193
decision_type=10 10 2 10 10 2
left_child=-1 2 3 -2 5 -5
right_child=1 -3 -4 4 -6 -7
leaf_value=-0.0075994143159671679 -0.0034959241339186102 -0.0063644832421361963 -0.0052973795697416337 -0.0017434992305047383 -0.0010245599196478487 0.013902589548795447
leaf_weight=2.0689122886396971 3.524359938688586 1.1476523419842113 1.9286439158022393 1.5911363372579295 5.3592667384073129 8.8811786212026966
leaf_count=100 74 33 16 21 35 125
internal_value=0.000390785 0.00237852 0.00397095 0.00579236 0.00820288 0.0117302
internal_weight=24.5012 22.4322 21.2846 19.3559 15.8316 10.4723
internal_count=404 304 271 255 181 146
is_linear=0
shrinkage=0.03


Tree=232
num_leaves=7
num_cat=0
split_feature=2 2 20 17 16 23
split_gain=1.31926 1.49609 1.27038 0.967833 0.675262 0.495802
threshold=16.750000000000004 14.450000000000001 -11.499999999999998 25.500000000000004 19.500000000000004 -2.9142156862745092
decision_type=2 2 10 10 10 2
left_child=1 2 3 -1 -3 -2
right_child=5 4 -4 -5 -6 -7
leaf_value=-0.011167400531163213 0.0023393185706660356 0.014331477892872185 0.0073600540133159607 0.0048065507963351529 -0.001535037057333285 -0.011674443059583536
leaf_weight=7.6148288613185304 1.086483593098819 5.1497665029019108 3.0796234291046884 1.4949882403016088 2.0018220543861389 4.633611091412603
leaf_count=126 41 54 66 8 10 108
internal_value=-0.000455925 0.00347246 -0.00291981 -0.00777164 0.011086 -0.00916306
internal_weight=25.0611 19.341 12.1894 9.10982 7.15159 5.72009
internal_count=413 264 200 134 64 149
is_linear=0
shrinkage=0.03


Tree=233
num_leaves=7
num_cat=0
split_feature=2 4 2 2 2 16
split_gain=1.01341 1.29205 1.20679 0.297964 0.875623 0.981225
threshold=15.950000000000001 -0.6830127018922193 9.6500000000000004 14.450000000000001 11.15 8.5000000000000018
decision_type=2 2 2 2 2 10
left_child=2 -2 -1 4 -4 -6
right_child=1 -3 3 -5 5 -7
leaf_value=-0.0078610169006783342 0.003825302732063841 -0.012694862923733858 0.0096417016972414078 0.011517098959214555 -0.010367705399996501 0.0048620556850484144
leaf_weight=1.6828116583637918 4.3222223063930869 4.9177983333356661 2.2905224575661105 4.2614014539867631 2.9672330473549664 3.1523855207487941
leaf_count=34 76 92 36 48 80 27
internal_value=-0.000307246 -0.0063374 0.00420883 0.00758241 0.0020379 -0.00386385
internal_weight=23.5944 9.24002 14.3544 12.6715 8.41014 6.11962
internal_count=393 168 225 191 143 107
is_linear=0
shrinkage=0.03


Tree=234
num_leaves=7
num_cat=0
split_feature=22 2 4 4 22 2
split_gain=1.20825 0.919359 1.34902 1.13774 0.553985 0.528454
threshold=-7.1071895424836571 15.450000000000001 -0.5 0.68301270189221941 10.16666666666667 10.450000000000001
decision_type=10 2 2 2 8 2
left_child=5 3 4 -2 -3 -1
right_child=1 2 -4 -5 -6 -7
leaf_value=0.004269700223711064 0.014762377268581638 0.010426840503520531 -0.010389943484958105 -0.0034383778393402113 -0.0032524491470793263 -0.0080596407236290333
leaf_weight=0.89739629486575978 8.6808343986049312 2.9790244810283184 2.3700080267153671 1.8995409039780486 1.1839240547269581 5.0370138650760055
leaf_count=18 116 32 36 15 10 160
internal_value=0.00388741 0.00745015 -0.00116977 0.0114399 0.00688459 -0.00509535
internal_weight=23.0477 17.1133 6.53296 10.5804 4.16295 5.93441
internal_count=387 209 78 131 42 178
is_linear=0
shrinkage=0.03


Tree=235
num_leaves=7
num_cat=0
split_feature=22 0 22 5 0 0
split_gain=0.758755 0.993509 1.78905 0.939535 0.711933 0.797521
threshold=-15.789666666666664 47.500000000000007 5.0114379084967338 -0.9330127018922193 42.500000000000007 32.500000000000007
decision_type=8 2 10 2 2 2
left_child=-1 2 4 -3 5 -2
right_child=1 3 -4 -5 -6 -7
leaf_value=-0.0072870178918875974 -0.003448018690133036 -0.0033323420366645493 -0.011112662775154519 0.010873278152177996 -0.0041267448152423726 0.015985013934632277
leaf_weight=1.5454907161183653 0.57140664523468121 2.9741510413587138 4.666664500720799 12.149801265913986 0.66912043839693058 1.8243693909607825
leaf_count=88 21 43 45 118 14 68
internal_value=0.00242389 0.00427068 -0.00321564 0.00794585 0.00824342 0.0121525
internal_weight=24.401 22.8555 7.73156 15.124 3.0649 2.39578
internal_count=397 309 148 161 103 89
is_linear=0
shrinkage=0.03


Tree=236
num_leaves=7
num_cat=0
split_feature=0 0 22 20 2 2
split_gain=1.21004 1.94768 1.31289 0.788056 0.645909 1.24295
threshold=47.500000000000007 67.500000000000014 1.5833333333333337 6.5000000000000009 16.750000000000004 14.450000000000001
decision_type=2 2 8 8 2 2
left_child=2 3 -1 -2 5 -3
right_child=1 4 -4 -5 -6 -7
leaf_value=0.0064230994854794559 -0.0027491506982313865 -0.0073739518879376879 -0.01176251626073861 0.014668517975603788 -0.010958531451346214 0.009949045783059161
leaf_weight=1.4183242684230224 1.201381248421965 2.6841221963986754 7.0351415621116757 6.2855097102001309 2.4256692440249026 2.3545331694185734
leaf_count=83 54 35 83 56 80 18
internal_value=-0.00058832 0.00419157 -0.00745815 0.0118919 -0.00520415 0.00164447
internal_weight=23.4047 14.9512 8.45347 7.48689 7.46432 5.03866
internal_count=409 243 166 110 133 53
is_linear=0
shrinkage=0.03


Tree=237
num_leaves=7
num_cat=0
split_feature=16 22 4 1 2 1
split_gain=1.19348 0.992339 0.557813 0.682132 0.422854 0.352903
threshold=-6.4999999999999991 29.000000000000004 -0.93301270189221908 1.0000000180025095e-35 15.950000000000001 12.500000000000002
decision_type=10 8 2 10 2 10
left_child=1 2 -1 -4 -2 -6
right_child=4 -3 3 -5 5 -7
leaf_value=0.0031155441524233596 0.0095929031932682277 0.0046634308100767319 0.0015549437166497576 -0.013873691601293829 -0.006000844136733568 0.0042136223043992369
leaf_weight=0.9512487817555656 7.4308817051351053 4.0868611875921479 2.180316474754366 5.7243381510488689 1.2561433888040485 1.1919281370937822
leaf_count=17 85 45 98 114 22 8
internal_value=0.00111757 -0.00427492 -0.00859416 -0.0106645 0.0072449 -0.00153754
internal_weight=22.8217 12.9428 8.8559 7.90465 9.87895 2.44807
internal_count=389 274 229 212 115 30
is_linear=0
shrinkage=0.03


Tree=238
num_leaves=7
num_cat=0
split_feature=17 13 3 17 11 4
split_gain=0.94289 1.34208 1.25453 1.20745 0.840973 0.3591
threshold=-1.4999999999999998 0.94901960784313755 1.0000000180025095e-35 14.500000000000002 21.500000000000004 0.68301270189221941
decision_type=8 10 2 10 8 2
left_child=-1 2 4 -4 -2 -6
right_child=1 -3 3 -5 5 -7
leaf_value=0.0093643441653051846 -0.0065514321677007398 0.0079508920539670229 -0.015341083554862741 0.0036133319332185142 0.0094900221690827936 -0.0016059681684276914
leaf_weight=3.3252295413985848 2.0771244661882591 4.0164540931582442 7.0227955193258822 1.8760381340980528 4.1521360697224736 1.9089661035686729
leaf_count=53 82 31 158 17 44 12
internal_value=0.000661872 -0.00224597 -0.00590842 -0.0114828 0.00223722 0.00684908
internal_weight=24.3787 21.0535 17.0371 8.89883 8.13823 6.0611
internal_count=397 344 313 175 138 56
is_linear=0
shrinkage=0.03


Tree=239
num_leaves=7
num_cat=0
split_feature=2 4 2 16 22 5
split_gain=1.02606 1.78058 1.27232 0.655825 0.501741 0.351503
threshold=15.450000000000001 -0.6830127018922193 9.6500000000000004 4.5000000000000009 10.16666666666667 0.6830127018922193
decision_type=2 2 2 8 10 2
left_child=2 4 -1 -4 -2 -5
right_child=1 -3 3 5 -6 -7
leaf_value=-0.0066419698942219935 0.009132524908780186 -0.012296595420001645 -0.0031804660253419814 0.01304656353288699 -0.0033773081671835134 -0.00052298060194074262
leaf_weight=1.9392902296967829 3.7301707798615098 5.3035729024559242 1.0801332229748362 8.9465725561603886 1.2089552693068979 1.5323335486464191
leaf_count=36 69 105 63 71 10 45
internal_value=0.00157164 -0.00445721 0.00611462 0.00961414 0.00591188 0.0115343
internal_weight=23.741 10.2427 13.4983 11.559 4.93913 10.4789
internal_count=399 184 215 179 79 116
is_linear=0
shrinkage=0.03


Tree=240
num_leaves=7
num_cat=0
split_feature=21 17 17 15 0 22
split_gain=0.987736 1.12434 1.43538 0.419299 0.353236 0.19932
threshold=-0.49615686274509518 29.000000000000004 -1.4999999999999998 -1.0000000180025095e-35 67.500000000000014 -7.1071895424836571
decision_type=10 10 8 8 2 10
left_child=1 2 5 -4 -2 -1
right_child=4 -3 3 -5 -6 -7
leaf_value=-0.0018607501515319775 0.0078948926192997856 0.005220251213108258 0.0013576550313082966 -0.014786393181668302 -0.0023718597854825232 0.0061186590488993111
leaf_weight=1.7361829071305694 2.7268736883997908 2.2172179222106925 0.7170181660912931 11.601946959737692 1.9915070566348729 1.8687270358204839
leaf_count=39 20 17 41 237 25 11
internal_value=-0.00452745 -0.00737011 -0.0099517 -0.0137261 0.00457072 0.00342747
internal_weight=22.8595 18.1411 15.9239 12.319 4.71838 3.60491
internal_count=390 345 328 278 45 50
is_linear=0
shrinkage=0.03


Tree=241
num_leaves=7
num_cat=0
split_feature=1 5 2 2 17 16
split_gain=0.715036 0.895136 0.719386 1.02944 0.917007 0.689624
threshold=-1.0000000180025095e-35 -0.9330127018922193 13.350000000000003 11.850000000000003 1.0000000180025095e-35 25.500000000000004
decision_type=10 2 2 2 10 8
left_child=-1 -2 3 5 -4 -3
right_child=1 2 4 -5 -6 -7
leaf_value=-0.0059111510991634317 -0.005405805759368683 -0.0043304453198215595 0.013798305473314567 -0.0086828365581136935 -0.0024548530693803386 0.010043511711055279
leaf_weight=2.141475006472322 2.3725416981615188 1.1750476090237487 9.2814719527959806 2.3940493455156684 2.2862084191292515 3.6752842627465725
leaf_count=108 28 21 132 35 18 53
internal_value=0.00329354 0.00517508 0.00736441 -0.000311303 0.0108146 0.00613072
internal_weight=23.3261 21.1846 18.8121 7.24438 11.5677 4.85033
internal_count=395 287 259 109 150 74
is_linear=0
shrinkage=0.03


Tree=242
num_leaves=7
num_cat=0
split_feature=12 0 0 2 2 22
split_gain=0.892522 1.28956 0.969367 0.741313 1.19086 0.709538
threshold=3.9499999999999997 47.500000000000007 67.500000000000014 17.550000000000004 14.450000000000001 29.000000000000004
decision_type=10 2 2 2 2 10
left_child=1 5 -2 4 -3 -1
right_child=2 3 -4 -5 -6 -7
leaf_value=-0.012845655913661293 0.012802790322207862 -0.0034615683014596089 -0.0039315159585091375 -0.0057502470895042495 0.011984965982821316 0.0035544731991134226
leaf_weight=6.3287753532640698 2.9915050305426112 4.858571991324423 2.1101956758648157 2.6890705185942343 5.3121339296922088 0.70862142741680134
leaf_count=152 20 77 26 84 47 3
internal_value=-0.000187484 -0.00321257 0.00736111 0.00253365 0.00589718 -0.0104038
internal_weight=24.9989 19.8972 5.1017 12.8598 10.1707 7.0374
internal_count=409 363 46 208 124 155
is_linear=0
shrinkage=0.03


Tree=243
num_leaves=7
num_cat=0
split_feature=17 0 20 4 23 11
split_gain=1.1365 0.459933 0.368829 0.549286 0.605278 0.536556
threshold=-29.499999999999996 82.500000000000014 8.5000000000000018 -0.5 8.0563725490196081 -2.4999999999999996
decision_type=10 2 10 2 2 10
left_child=2 -2 3 5 -5 -1
right_child=1 -3 -4 4 -6 -7
leaf_value=0.0048740860973838724 0.008666237645012044 -0.0024846199163939351 0.0035083880775738231 -0.013660557706467553 0.0014991330743617281 -0.0061249145459072582
leaf_weight=4.4936454393900931 7.3124615615233761 2.0436948277056217 0.82332411408424455 4.3858918682672092 1.962186657823622 1.8981881709769357
leaf_count=118 59 25 8 141 15 31
internal_value=-0.000147745 0.00621349 -0.0050275 -0.0064125 -0.0103788 0.000353063
internal_weight=22.9194 9.35616 13.5632 12.7399 6.34808 6.39183
internal_count=397 84 313 305 156 149
is_linear=0
shrinkage=0.03


Tree=244
num_leaves=7
num_cat=0
split_feature=2 2 17 13 17 17
split_gain=1.54107 2.77118 0.955455 0.925075 0.902396 0.481651
threshold=14.450000000000001 16.850000000000005 -1.4999999999999998 4.6372549019607847 25.500000000000004 16.500000000000004
decision_type=2 2 8 10 10 8
left_child=3 -2 -3 4 5 -1
right_child=1 2 -4 -5 -6 -7
leaf_value=0.001345199016408724 0.01729586193092706 0.0047657885705827633 -0.010615368247026559 0.0060643877939701865 0.0044475123474625421 -0.013241064471014342
leaf_weight=1.4237512275576589 6.1246410021558386 2.5088206669315696 3.5248263864777982 1.6154084354639042 1.4364748820662487 6.9318266063928622
leaf_count=13 56 42 109 14 8 148
internal_value=0.00199881 0.00802537 -0.00495835 -0.00491265 -0.00816131 -0.0111825
internal_weight=23.5657 12.1583 6.03365 11.4075 9.79205 8.35558
internal_count=390 207 151 183 169 161
is_linear=0
shrinkage=0.03


Tree=245
num_leaves=7
num_cat=0
split_feature=17 2 2 23 2 4
split_gain=0.883865 0.915961 1.13541 0.909222 0.709105 1.07923
threshold=-1.4999999999999998 16.750000000000004 14.450000000000001 18.000000000000004 15.450000000000001 -0.6830127018922193
decision_type=8 2 2 2 2 2
left_child=-1 2 3 -2 -4 -6
right_child=1 -3 4 -5 5 -7
leaf_value=0.0083334855827025787 -0.0080615556468079906 -0.010820511276153549 0.01300499558720882 0.0065624426700367083 0.0076240200411327209 -0.0088752424985842522
leaf_weight=3.7979864436201751 8.7225532927550464 3.4268363593146196 2.9033677885308853 1.1000205650925625 2.1174853332340717 2.2069742847234011
leaf_count=52 174 110 32 9 11 22
internal_value=0.00015797 -0.00269626 0.00101991 -0.00476261 0.00761243 -0.00104025
internal_weight=24.2752 20.4772 17.0504 9.82257 7.22783 4.32446
internal_count=410 358 248 183 65 33
is_linear=0
shrinkage=0.03


Tree=246
num_leaves=7
num_cat=0
split_feature=17 3 20 20 12 1
split_gain=1.11049 1.04811 1.04526 0.771801 0.659949 0.543676
threshold=-29.499999999999996 1.0000000180025095e-35 8.5000000000000018 -8.4999999999999982 8.5500000000000025 17.500000000000004
decision_type=10 2 8 10 10 10
left_child=1 2 4 -3 -1 -2
right_child=5 3 -4 -5 -6 -7
leaf_value=-0.01010025410996996 0.0091835883323160891 -0.013249554448807103 0.010253961310108349 0.003579802170919578 0.004111372221056054 -0.0028585589492556899
leaf_weight=2.0493804486468457 7.1952990340068919 5.5992173487320542 2.734662382863462 0.88101529842242587 1.4577894546091554 1.9961000978946684
leaf_count=81 67 135 41 38 8 12
internal_value=0.000270369 -0.00478055 0.0030832 -0.0103989 -0.00524853 0.00648265
internal_weight=21.9135 12.7221 6.24183 6.48023 3.50717 9.1914
internal_count=382 303 130 173 89 79
is_linear=0
shrinkage=0.03


Tree=247
num_leaves=7
num_cat=0
split_feature=2 0 21 2 5 0
split_gain=1.08005 0.726566 1.00229 0.879784 0.851962 0.657775
threshold=17.550000000000004 57.500000000000007 5.3622549019607844 13.950000000000001 -0.9330127018922193 82.500000000000014
decision_type=2 2 10 2 2 2
left_child=1 2 -1 5 -5 -3
right_child=-2 3 -4 4 -6 -7
leaf_value=-0.0062660268904730686 -0.0099207866685609783 0.0047932936152365333 0.0084062611680612697 -0.0024788894318636288 0.015059757876476619 -0.0088558936233972436
leaf_weight=9.3309478992596322 3.2873946838080874 1.8285972815938278 1.137809894978999 1.6887451494112609 4.5725022093392909 1.4817296955734489
leaf_count=161 127 24 7 13 46 15
internal_value=-0.000618146 0.0025841 -0.00246963 0.0070623 0.011329 -0.0029686
internal_weight=23.3277 20.0403 10.4688 9.57157 6.26125 3.31033
internal_count=393 266 168 98 59 39
is_linear=0
shrinkage=0.03


Tree=248
num_leaves=7
num_cat=0
split_feature=0 16 15 22 16 22
split_gain=1.43049 1.15123 0.782267 0.418235 0.410487 0.328059
threshold=67.500000000000014 7.5000000000000009 -5.4999999999999991 46.500000000000007 5.5000000000000009 -12.964052287581696
decision_type=2 8 10 8 8 10
left_child=1 -1 5 4 -2 -3
right_child=3 2 -4 -5 -6 -7
leaf_value=-0.0064905128416529847 0.0019103948058069896 0.00096648350782481873 -0.003678279135613572 0.0030623711076725141 -0.01075750941622595 0.013463238715805063
leaf_weight=1.3163690329529352 1.2852509473450473 3.1083382661454371 1.2172071514651186 0.99905347079038609 4.732360475230962 9.7646881723776442
leaf_count=82 39 50 30 12 70 106
internal_value=0.0024955 0.00699538 0.00962526 -0.00618452 -0.00841277 0.0115603
internal_weight=22.4233 15.4066 14.0902 7.01666 6.01761 12.873
internal_count=389 268 186 121 109 156
is_linear=0
shrinkage=0.03


Tree=249
num_leaves=7
num_cat=0
split_feature=2 5 2 2 1 5
split_gain=1.1298 0.675306 0.68118 0.830282 0.616465 0.616104
threshold=16.650000000000002 0.6830127018922193 13.350000000000003 11.850000000000003 1.0000000180025095e-35 -0.24999999999999994
decision_type=2 2 2 2 10 2
left_child=1 2 3 -1 -4 -2
right_child=5 -3 4 -5 -6 -7
leaf_value=0.0058830773717834647 -0.011859113672983266 -0.0044326818092471536 -0.0016191950992099303 -0.0073593123720461333 0.013885400152426605 0.0013250285971790755
leaf_weight=4.3272740063257569 2.6354416692629457 2.3637608280405393 1.7102426122874019 2.8493911796249449 6.000691463239491 3.9412615369074038
leaf_count=40 86 97 30 32 44 77
internal_value=0.000959045 0.00477946 0.00698882 -0.000237589 0.0111623 -0.00679832
internal_weight=23.8281 17.2514 14.8876 7.17667 7.71093 6.5767
internal_count=406 243 146 72 74 163
is_linear=0
shrinkage=0.03


end of trees

feature_importances:
abs_lat=273
dv_all_mean=231
v0=221
dv_COTC=163
dv_past12=128
dv_CTCX=84
month_sin=70
dv_AEMN=61
month_cos=51
dv_ecmwf_mean=46
dv_GFS=39
dv_IFS-ENSM=33
dv_IFS=27
dv_HWRF=25
rule=16
arabian_sea=11
land_frac=8
dv_UKM=4
dv_CMC=4

parameters:
[boosting: gbdt]
[objective: binary]
[metric: binary_logloss]
[tree_learner: serial]
[device_type: cpu]
[data_sample_strategy: bagging]
[data: ]
[valid: ]
[num_iterations: 250]
[learning_rate: 0.03]
[num_leaves: 7]
[num_threads: 0]
[seed: 0]
[deterministic: 0]
[force_col_wise: 0]
[force_row_wise: 0]
[histogram_pool_size: -1]
[max_depth: -1]
[min_data_in_leaf: 15]
[min_sum_hessian_in_leaf: 0.001]
[bagging_fraction: 0.8]
[pos_bagging_fraction: 1]
[neg_bagging_fraction: 1]
[bagging_freq: 1]
[bagging_seed: 7719]
[bagging_by_query: 0]
[feature_fraction: 0.8]
[feature_fraction_bynode: 1]
[feature_fraction_seed: 2437]
[extra_trees: 0]
[extra_seed: 11797]
[early_stopping_round: 0]
[early_stopping_min_delta: 0]
[first_metric_only: 0]
[max_delta_step: 0]
[lambda_l1: 0]
[lambda_l2: 5]
[linear_lambda: 0]
[min_gain_to_split: 0]
[drop_rate: 0.1]
[max_drop: 50]
[skip_drop: 0.5]
[xgboost_dart_mode: 0]
[uniform_drop: 0]
[drop_seed: 21238]
[top_rate: 0.2]
[other_rate: 0.1]
[min_data_per_group: 100]
[max_cat_threshold: 32]
[cat_l2: 10]
[cat_smooth: 10]
[max_cat_to_onehot: 4]
[top_k: 20]
[monotone_constraints: ]
[monotone_constraints_method: basic]
[monotone_penalty: 0]
[feature_contri: ]
[forcedsplits_filename: ]
[refit_decay_rate: 0.9]
[cegb_tradeoff: 1]
[cegb_penalty_split: 0]
[cegb_penalty_feature_lazy: ]
[cegb_penalty_feature_coupled: ]
[path_smooth: 0]
[interaction_constraints: ]
[verbosity: -1]
[saved_feature_importance_type: 0]
[use_quantized_grad: 0]
[num_grad_quant_bins: 4]
[quant_train_renew_leaf: 0]
[stochastic_rounding: 1]
[linear_tree: 0]
[max_bin: 255]
[max_bin_by_feature: ]
[min_data_in_bin: 3]
[bin_construct_sample_cnt: 200000]
[data_random_seed: 38]
[is_enable_sparse: 1]
[enable_bundle: 1]
[use_missing: 1]
[zero_as_missing: 0]
[feature_pre_filter: 1]
[pre_partition: 0]
[two_round: 0]
[header: 0]
[label_column: ]
[weight_column: ]
[group_column: ]
[ignore_column: ]
[categorical_feature: ]
[forcedbins_filename: ]
[precise_float_parser: 0]
[parser_config_file: ]
[objective_seed: 8855]
[num_class: 1]
[is_unbalance: 0]
[scale_pos_weight: 1]
[sigmoid: 1]
[boost_from_average: 1]
[reg_sqrt: 0]
[alpha: 0.9]
[fair_c: 1]
[poisson_max_delta_step: 0.7]
[tweedie_variance_power: 1.5]
[lambdarank_truncation_level: 30]
[lambdarank_norm: 1]
[label_gain: ]
[lambdarank_position_bias_regularization: 0]
[eval_at: ]
[multi_error_top_k: 1]
[auc_mu_weights: ]
[num_machines: 1]
[local_listen_port: 12400]
[time_out: 120]
[machine_list_filename: ]
[machines: ]
[gpu_platform_id: -1]
[gpu_device_id: -1]
[gpu_device_id_list: ]
[gpu_use_dp: 0]
[num_gpu: 1]

end of parameters

pandas_categorical:[]
